[2026-07-26 02:52:31] [marian] Marian v1.12.0 65bf82ff 2023-02-21 09:56:29 -0800
[2026-07-26 02:52:31] [marian] Running on LAPTOP-9DLBHLIH as process 6350 with command line:
[2026-07-26 02:52:31] [marian] /mnt/d/Job_Requirements/PracticalProjectsFromDrYe/marian/build/marian --config /d/Job_Requirements/PracticalProjectsFromDrYe/AIE-F/assignment-submission/class-22/TheinGiKyaw_Assignment7/model.seq2seq.regularized_decode.phmy/config.yml
[2026-07-26 02:52:31] [config] after: 0e
[2026-07-26 02:52:31] [config] after-batches: 0
[2026-07-26 02:52:31] [config] after-epochs: 0
[2026-07-26 02:52:31] [config] all-caps-every: 0
[2026-07-26 02:52:31] [config] allow-unk: false
[2026-07-26 02:52:31] [config] authors: false
[2026-07-26 02:52:31] [config] beam-size: 6
[2026-07-26 02:52:31] [config] bert-class-symbol: "[CLS]"
[2026-07-26 02:52:31] [config] bert-mask-symbol: "[MASK]"
[2026-07-26 02:52:31] [config] bert-masking-fraction: 0.15
[2026-07-26 02:52:31] [config] bert-sep-symbol: "[SEP]"
[2026-07-26 02:52:31] [config] bert-train-type-embeddings: true
[2026-07-26 02:52:31] [config] bert-type-vocab-size: 2
[2026-07-26 02:52:31] [config] build-info: ""
[2026-07-26 02:52:31] [config] check-gradient-nan: false
[2026-07-26 02:52:31] [config] check-nan: false
[2026-07-26 02:52:31] [config] cite: false
[2026-07-26 02:52:31] [config] clip-norm: 5
[2026-07-26 02:52:31] [config] cost-scaling:
[2026-07-26 02:52:31] [config]   []
[2026-07-26 02:52:31] [config] cost-type: ce-sum
[2026-07-26 02:52:31] [config] cpu-threads: 0
[2026-07-26 02:52:31] [config] data-threads: 8
[2026-07-26 02:52:31] [config] data-weighting: ""
[2026-07-26 02:52:31] [config] data-weighting-type: sentence
[2026-07-26 02:52:31] [config] dec-cell: lstm
[2026-07-26 02:52:31] [config] dec-cell-base-depth: 2
[2026-07-26 02:52:31] [config] dec-cell-high-depth: 2
[2026-07-26 02:52:31] [config] dec-depth: 2
[2026-07-26 02:52:31] [config] devices:
[2026-07-26 02:52:31] [config]   - 0
[2026-07-26 02:52:31] [config] dim-emb: 512
[2026-07-26 02:52:31] [config] dim-rnn: 1024
[2026-07-26 02:52:31] [config] dim-vocabs:
[2026-07-26 02:52:31] [config]   - 0
[2026-07-26 02:52:31] [config]   - 0
[2026-07-26 02:52:31] [config] disp-first: 0
[2026-07-26 02:52:31] [config] disp-freq: 500
[2026-07-26 02:52:31] [config] disp-label-counts: true
[2026-07-26 02:52:31] [config] dropout-rnn: 0.3
[2026-07-26 02:52:31] [config] dropout-src: 0.3
[2026-07-26 02:52:31] [config] dropout-trg: 0
[2026-07-26 02:52:31] [config] dump-config: ""
[2026-07-26 02:52:31] [config] dynamic-gradient-scaling:
[2026-07-26 02:52:31] [config]   []
[2026-07-26 02:52:31] [config] early-stopping: 10
[2026-07-26 02:52:31] [config] early-stopping-on: first
[2026-07-26 02:52:31] [config] embedding-fix-src: false
[2026-07-26 02:52:31] [config] embedding-fix-trg: false
[2026-07-26 02:52:31] [config] embedding-normalization: false
[2026-07-26 02:52:31] [config] embedding-vectors:
[2026-07-26 02:52:31] [config]   []
[2026-07-26 02:52:31] [config] enc-cell: lstm
[2026-07-26 02:52:31] [config] enc-cell-depth: 2
[2026-07-26 02:52:31] [config] enc-depth: 2
[2026-07-26 02:52:31] [config] enc-type: alternating
[2026-07-26 02:52:31] [config] english-title-case-every: 0
[2026-07-26 02:52:31] [config] exponential-smoothing: 0
[2026-07-26 02:52:31] [config] factor-weight: 1
[2026-07-26 02:52:31] [config] factors-combine: sum
[2026-07-26 02:52:31] [config] factors-dim-emb: 0
[2026-07-26 02:52:31] [config] gradient-checkpointing: false
[2026-07-26 02:52:31] [config] gradient-norm-average-window: 100
[2026-07-26 02:52:31] [config] guided-alignment: none
[2026-07-26 02:52:31] [config] guided-alignment-cost: ce
[2026-07-26 02:52:31] [config] guided-alignment-weight: 0.1
[2026-07-26 02:52:31] [config] ignore-model-config: false
[2026-07-26 02:52:31] [config] input-types:
[2026-07-26 02:52:31] [config]   []
[2026-07-26 02:52:31] [config] interpolate-env-vars: false
[2026-07-26 02:52:31] [config] keep-best: true
[2026-07-26 02:52:31] [config] label-smoothing: 0.1
[2026-07-26 02:52:31] [config] layer-normalization: true
[2026-07-26 02:52:31] [config] learn-rate: 0.0003
[2026-07-26 02:52:31] [config] lemma-dependency: ""
[2026-07-26 02:52:31] [config] lemma-dim-emb: 0
[2026-07-26 02:52:31] [config] log: /d/Job_Requirements/PracticalProjectsFromDrYe/AIE-F/assignment-submission/class-22/TheinGiKyaw_Assignment7/model.seq2seq.regularized_decode.phmy/train.log
[2026-07-26 02:52:31] [config] log-level: info
[2026-07-26 02:52:31] [config] log-time-zone: ""
[2026-07-26 02:52:31] [config] logical-epoch:
[2026-07-26 02:52:31] [config]   - 1e
[2026-07-26 02:52:31] [config]   - 0
[2026-07-26 02:52:31] [config] lr-decay: 0
[2026-07-26 02:52:31] [config] lr-decay-freq: 50000
[2026-07-26 02:52:31] [config] lr-decay-inv-sqrt:
[2026-07-26 02:52:31] [config]   - 16000
[2026-07-26 02:52:31] [config] lr-decay-repeat-warmup: false
[2026-07-26 02:52:31] [config] lr-decay-reset-optimizer: false
[2026-07-26 02:52:31] [config] lr-decay-start:
[2026-07-26 02:52:31] [config]   - 10
[2026-07-26 02:52:31] [config]   - 1
[2026-07-26 02:52:31] [config] lr-decay-strategy: epoch+stalled
[2026-07-26 02:52:31] [config] lr-report: true
[2026-07-26 02:52:31] [config] lr-warmup: 0
[2026-07-26 02:52:31] [config] lr-warmup-at-reload: false
[2026-07-26 02:52:31] [config] lr-warmup-cycle: false
[2026-07-26 02:52:31] [config] lr-warmup-start-rate: 0
[2026-07-26 02:52:31] [config] max-length: 100
[2026-07-26 02:52:31] [config] max-length-crop: false
[2026-07-26 02:52:31] [config] max-length-factor: 3
[2026-07-26 02:52:31] [config] maxi-batch: 100
[2026-07-26 02:52:31] [config] maxi-batch-sort: trg
[2026-07-26 02:52:31] [config] mini-batch: 64
[2026-07-26 02:52:31] [config] mini-batch-fit: false
[2026-07-26 02:52:31] [config] mini-batch-fit-step: 10
[2026-07-26 02:52:31] [config] mini-batch-round-up: true
[2026-07-26 02:52:31] [config] mini-batch-track-lr: false
[2026-07-26 02:52:31] [config] mini-batch-warmup: 0
[2026-07-26 02:52:31] [config] mini-batch-words: 0
[2026-07-26 02:52:31] [config] mini-batch-words-ref: 0
[2026-07-26 02:52:31] [config] model: /d/Job_Requirements/PracticalProjectsFromDrYe/AIE-F/assignment-submission/class-22/TheinGiKyaw_Assignment7/model.seq2seq.regularized_decode.phmy/model.npz
[2026-07-26 02:52:31] [config] multi-loss-type: sum
[2026-07-26 02:52:31] [config] n-best: false
[2026-07-26 02:52:31] [config] no-reload: false
[2026-07-26 02:52:31] [config] no-restore-corpus: false
[2026-07-26 02:52:31] [config] normalize: 0.6
[2026-07-26 02:52:31] [config] normalize-gradient: false
[2026-07-26 02:52:31] [config] num-devices: 0
[2026-07-26 02:52:31] [config] optimizer: adam
[2026-07-26 02:52:31] [config] optimizer-delay: 1
[2026-07-26 02:52:31] [config] optimizer-params:
[2026-07-26 02:52:31] [config]   []
[2026-07-26 02:52:31] [config] output-omit-bias: false
[2026-07-26 02:52:31] [config] overwrite: true
[2026-07-26 02:52:31] [config] precision:
[2026-07-26 02:52:31] [config]   - float32
[2026-07-26 02:52:31] [config]   - float32
[2026-07-26 02:52:31] [config] pretrained-model: ""
[2026-07-26 02:52:31] [config] quantize-biases: false
[2026-07-26 02:52:31] [config] quantize-bits: 0
[2026-07-26 02:52:31] [config] quantize-log-based: false
[2026-07-26 02:52:31] [config] quantize-optimization-steps: 0
[2026-07-26 02:52:31] [config] quiet: false
[2026-07-26 02:52:31] [config] quiet-translation: true
[2026-07-26 02:52:31] [config] relative-paths: false
[2026-07-26 02:52:31] [config] right-left: false
[2026-07-26 02:52:31] [config] save-freq: 5000
[2026-07-26 02:52:31] [config] seed: 1111
[2026-07-26 02:52:31] [config] sentencepiece-alphas:
[2026-07-26 02:52:31] [config]   []
[2026-07-26 02:52:31] [config] sentencepiece-max-lines: 2000000
[2026-07-26 02:52:31] [config] sentencepiece-options: ""
[2026-07-26 02:52:31] [config] shuffle: data
[2026-07-26 02:52:31] [config] shuffle-in-ram: false
[2026-07-26 02:52:31] [config] sigterm: save-and-exit
[2026-07-26 02:52:31] [config] skip: true
[2026-07-26 02:52:31] [config] sqlite: ""
[2026-07-26 02:52:31] [config] sqlite-drop: false
[2026-07-26 02:52:31] [config] sync-sgd: false
[2026-07-26 02:52:31] [config] tempdir: /tmp
[2026-07-26 02:52:31] [config] tied-embeddings: true
[2026-07-26 02:52:31] [config] tied-embeddings-all: false
[2026-07-26 02:52:31] [config] tied-embeddings-src: false
[2026-07-26 02:52:31] [config] train-embedder-rank:
[2026-07-26 02:52:31] [config]   []
[2026-07-26 02:52:31] [config] train-sets:
[2026-07-26 02:52:31] [config]   - /d/Job_Requirements/PracticalProjectsFromDrYe/AIE-F/assignment-submission/class-22/TheinGiKyaw_Assignment7/g2p-par/train.ph
[2026-07-26 02:52:31] [config]   - /d/Job_Requirements/PracticalProjectsFromDrYe/AIE-F/assignment-submission/class-22/TheinGiKyaw_Assignment7/g2p-par/train.my
[2026-07-26 02:52:31] [config] transformer-aan-activation: swish
[2026-07-26 02:52:31] [config] transformer-aan-depth: 2
[2026-07-26 02:52:31] [config] transformer-aan-nogate: false
[2026-07-26 02:52:31] [config] transformer-decoder-autoreg: self-attention
[2026-07-26 02:52:31] [config] transformer-decoder-dim-ffn: 0
[2026-07-26 02:52:31] [config] transformer-decoder-ffn-depth: 0
[2026-07-26 02:52:31] [config] transformer-depth-scaling: false
[2026-07-26 02:52:31] [config] transformer-dim-aan: 2048
[2026-07-26 02:52:31] [config] transformer-dim-ffn: 2048
[2026-07-26 02:52:31] [config] transformer-dropout: 0
[2026-07-26 02:52:31] [config] transformer-dropout-attention: 0
[2026-07-26 02:52:31] [config] transformer-dropout-ffn: 0
[2026-07-26 02:52:31] [config] transformer-ffn-activation: swish
[2026-07-26 02:52:31] [config] transformer-ffn-depth: 2
[2026-07-26 02:52:31] [config] transformer-guided-alignment-layer: last
[2026-07-26 02:52:31] [config] transformer-heads: 8
[2026-07-26 02:52:31] [config] transformer-no-projection: false
[2026-07-26 02:52:31] [config] transformer-pool: false
[2026-07-26 02:52:31] [config] transformer-postprocess: dan
[2026-07-26 02:52:31] [config] transformer-postprocess-emb: d
[2026-07-26 02:52:31] [config] transformer-postprocess-top: ""
[2026-07-26 02:52:31] [config] transformer-preprocess: ""
[2026-07-26 02:52:31] [config] transformer-rnn-projection: false
[2026-07-26 02:52:31] [config] transformer-tied-layers:
[2026-07-26 02:52:31] [config]   []
[2026-07-26 02:52:31] [config] transformer-train-position-embeddings: false
[2026-07-26 02:52:31] [config] tsv: false
[2026-07-26 02:52:31] [config] tsv-fields: 0
[2026-07-26 02:52:31] [config] type: s2s
[2026-07-26 02:52:31] [config] ulr: false
[2026-07-26 02:52:31] [config] ulr-dim-emb: 0
[2026-07-26 02:52:31] [config] ulr-dropout: 0
[2026-07-26 02:52:31] [config] ulr-keys-vectors: ""
[2026-07-26 02:52:31] [config] ulr-query-vectors: ""
[2026-07-26 02:52:31] [config] ulr-softmax-temperature: 1
[2026-07-26 02:52:31] [config] ulr-trainable-transformation: false
[2026-07-26 02:52:31] [config] unlikelihood-loss: false
[2026-07-26 02:52:31] [config] valid-freq: 5000
[2026-07-26 02:52:31] [config] valid-log: /d/Job_Requirements/PracticalProjectsFromDrYe/AIE-F/assignment-submission/class-22/TheinGiKyaw_Assignment7/model.seq2seq.regularized_decode.phmy/valid.log
[2026-07-26 02:52:31] [config] valid-max-length: 1000
[2026-07-26 02:52:31] [config] valid-metrics:
[2026-07-26 02:52:31] [config]   - cross-entropy
[2026-07-26 02:52:31] [config]   - perplexity
[2026-07-26 02:52:31] [config]   - bleu
[2026-07-26 02:52:31] [config] valid-mini-batch: 32
[2026-07-26 02:52:31] [config] valid-reset-all: false
[2026-07-26 02:52:31] [config] valid-reset-stalled: false
[2026-07-26 02:52:31] [config] valid-script-args:
[2026-07-26 02:52:31] [config]   []
[2026-07-26 02:52:31] [config] valid-script-path: ""
[2026-07-26 02:52:31] [config] valid-sets:
[2026-07-26 02:52:31] [config]   - /d/Job_Requirements/PracticalProjectsFromDrYe/AIE-F/assignment-submission/class-22/TheinGiKyaw_Assignment7/g2p-par/dev.ph
[2026-07-26 02:52:31] [config]   - /d/Job_Requirements/PracticalProjectsFromDrYe/AIE-F/assignment-submission/class-22/TheinGiKyaw_Assignment7/g2p-par/dev.my
[2026-07-26 02:52:31] [config] valid-translation-output: ""
[2026-07-26 02:52:31] [config] vocabs:
[2026-07-26 02:52:31] [config]   - /d/Job_Requirements/PracticalProjectsFromDrYe/AIE-F/assignment-submission/class-22/TheinGiKyaw_Assignment7/g2p-par/vocab/vocab.ph.yml
[2026-07-26 02:52:31] [config]   - /d/Job_Requirements/PracticalProjectsFromDrYe/AIE-F/assignment-submission/class-22/TheinGiKyaw_Assignment7/g2p-par/vocab/vocab.my.yml
[2026-07-26 02:52:31] [config] word-penalty: 0
[2026-07-26 02:52:31] [config] word-scores: false
[2026-07-26 02:52:31] [config] workspace: 3000
[2026-07-26 02:52:31] [config] Model is being created with Marian v1.12.0 65bf82ff 2023-02-21 09:56:29 -0800
[2026-07-26 02:52:31] [training] Using single-device training
[2026-07-26 02:52:31] [comm] Compiled without MPI support. Running as a single process on LAPTOP-9DLBHLIH
[2026-07-26 02:52:31] Synced seed 1111
[2026-07-26 02:52:31] [data] Loading vocabulary from JSON/Yaml file /d/Job_Requirements/PracticalProjectsFromDrYe/AIE-F/assignment-submission/class-22/TheinGiKyaw_Assignment7/g2p-par/vocab/vocab.ph.yml
[2026-07-26 02:52:31] [data] Setting vocabulary size for input 0 to 1,851
[2026-07-26 02:52:31] [data] Loading vocabulary from JSON/Yaml file /d/Job_Requirements/PracticalProjectsFromDrYe/AIE-F/assignment-submission/class-22/TheinGiKyaw_Assignment7/g2p-par/vocab/vocab.my.yml
[2026-07-26 02:52:31] [data] Setting vocabulary size for input 1 to 2,300
[2026-07-26 02:52:32] [memory] Extending reserved space to 3072 MB (device gpu0)
[2026-07-26 02:52:32] [training] Using 1 GPUs
[2026-07-26 02:52:32] Training started
[2026-07-26 02:52:32] [data] Shuffling data
[2026-07-26 02:52:32] [data] Done reading 20,000 sentences
[2026-07-26 02:52:32] [data] Done shuffling 20,000 sentences to temp files
[2026-07-26 02:52:32] [training] Batches are processed as 1 process(es) x 1 devices/process
[2026-07-26 02:52:32] [logits] Applying loss function for 1 factor(s)
[2026-07-26 02:52:32] [memory] Reserving 343 MB, device gpu0
[2026-07-26 02:52:32] [gpu] 16-bit TensorCores enabled for float32 matrix operations
[2026-07-26 02:52:32] [memory] Reserving 343 MB, device gpu0
[2026-07-26 02:52:33] [memory] Reserving 343 MB, device gpu0
[2026-07-26 02:52:33] Parameter type float32, optimization type float32, casting types false
[2026-07-26 02:52:33] Allocating memory for Adam-specific shards
[2026-07-26 02:52:33] [memory] Reserving 687 MB, device gpu0
[2026-07-26 02:52:57] Seen 20,000 samples
[2026-07-26 02:52:57] Starting data epoch 2 in logical epoch 2
[2026-07-26 02:52:57] [data] Shuffling data
[2026-07-26 02:52:57] [data] Done reading 20,000 sentences
[2026-07-26 02:52:57] [data] Done shuffling 20,000 sentences to temp files
[2026-07-26 02:53:12] Ep. 2 : Up. 500 : Sen. 11,968 : Cost 5.01840925 * 124,003 @ 256 after 124,003 : Time 40.87s : 3033.93 words/s : gNorm 3.7549 : L.r. 3.0000e-04
[2026-07-26 02:53:21] Seen 20,000 samples
[2026-07-26 02:53:21] Starting data epoch 3 in logical epoch 3
[2026-07-26 02:53:21] [data] Shuffling data
[2026-07-26 02:53:21] [data] Done reading 20,000 sentences
[2026-07-26 02:53:21] [data] Done shuffling 20,000 sentences to temp files
[2026-07-26 02:54:50] Seen 20,000 samples
[2026-07-26 02:54:50] Starting data epoch 4 in logical epoch 4
[2026-07-26 02:54:50] [data] Shuffling data
[2026-07-26 02:54:50] [data] Done reading 20,000 sentences
[2026-07-26 02:54:50] [data] Done shuffling 20,000 sentences to temp files
[2026-07-26 02:55:33] Ep. 4 : Up. 1000 : Sen. 3,904 : Cost 3.41736150 * 123,100 @ 211 after 247,103 : Time 141.56s : 869.59 words/s : gNorm 2.0699 : L.r. 3.0000e-04
[2026-07-26 02:58:19] Seen 20,000 samples
[2026-07-26 02:58:19] Starting data epoch 5 in logical epoch 5
[2026-07-26 02:58:19] [data] Shuffling data
[2026-07-26 02:58:19] [data] Done reading 20,000 sentences
[2026-07-26 02:58:19] [data] Done shuffling 20,000 sentences to temp files
[2026-07-26 03:01:05] Ep. 5 : Up. 1500 : Sen. 15,872 : Cost 2.52836943 * 123,743 @ 192 after 370,846 : Time 332.38s : 372.29 words/s : gNorm 1.4739 : L.r. 3.0000e-04
[2026-07-26 03:01:48] Seen 20,000 samples
[2026-07-26 03:01:48] Starting data epoch 6 in logical epoch 6
[2026-07-26 03:01:48] [data] Shuffling data
[2026-07-26 03:01:49] [data] Done reading 20,000 sentences
[2026-07-26 03:01:49] [data] Done shuffling 20,000 sentences to temp files
[2026-07-26 03:05:31] Seen 20,000 samples
[2026-07-26 03:05:31] Starting data epoch 7 in logical epoch 7
[2026-07-26 03:05:31] [data] Shuffling data
[2026-07-26 03:05:31] [data] Done reading 20,000 sentences
[2026-07-26 03:05:31] [data] Done shuffling 20,000 sentences to temp files
[2026-07-26 03:06:58] Ep. 7 : Up. 2000 : Sen. 7,808 : Cost 2.30528402 * 123,289 @ 223 after 494,135 : Time 352.25s : 350.00 words/s : gNorm 1.0688 : L.r. 3.0000e-04
[2026-07-26 03:09:16] Seen 20,000 samples
[2026-07-26 03:09:16] Starting data epoch 8 in logical epoch 8
[2026-07-26 03:09:16] [data] Shuffling data
[2026-07-26 03:09:16] [data] Done reading 20,000 sentences
[2026-07-26 03:09:16] [data] Done shuffling 20,000 sentences to temp files
[2026-07-26 03:13:18] Ep. 8 : Up. 2500 : Sen. 19,744 : Cost 2.25274706 * 123,728 @ 192 after 617,863 : Time 380.30s : 325.34 words/s : gNorm 1.0776 : L.r. 3.0000e-04
[2026-07-26 03:13:18] Seen 20,000 samples
[2026-07-26 03:13:18] Starting data epoch 9 in logical epoch 9
[2026-07-26 03:13:18] [data] Shuffling data
[2026-07-26 03:13:19] [data] Done reading 20,000 sentences
[2026-07-26 03:13:19] [data] Done shuffling 20,000 sentences to temp files
[2026-07-26 03:17:35] Seen 20,000 samples
[2026-07-26 03:17:35] Starting data epoch 10 in logical epoch 10
[2026-07-26 03:17:35] [data] Shuffling data
[2026-07-26 03:17:35] [data] Done reading 20,000 sentences
[2026-07-26 03:17:35] [data] Done shuffling 20,000 sentences to temp files
[2026-07-26 03:19:57] Ep. 10 : Up. 3000 : Sen. 11,712 : Cost 2.09456968 * 123,729 @ 431 after 741,592 : Time 398.53s : 310.47 words/s : gNorm 1.0342 : L.r. 3.0000e-04
[2026-07-26 03:21:46] Seen 20,000 samples
[2026-07-26 03:21:46] Starting data epoch 11 in logical epoch 11
[2026-07-26 03:21:46] [data] Shuffling data
[2026-07-26 03:21:46] [data] Done reading 20,000 sentences
[2026-07-26 03:21:46] [data] Done shuffling 20,000 sentences to temp files
[2026-07-26 03:26:06] Seen 20,000 samples
[2026-07-26 03:26:06] Starting data epoch 12 in logical epoch 12
[2026-07-26 03:26:06] [data] Shuffling data
[2026-07-26 03:26:06] [data] Done reading 20,000 sentences
[2026-07-26 03:26:06] [data] Done shuffling 20,000 sentences to temp files
[2026-07-26 03:26:57] Ep. 12 : Up. 3500 : Sen. 3,648 : Cost 2.06039023 * 123,110 @ 256 after 864,702 : Time 420.78s : 292.57 words/s : gNorm 0.9247 : L.r. 3.0000e-04
[2026-07-26 03:30:28] Seen 20,000 samples
[2026-07-26 03:30:28] Starting data epoch 13 in logical epoch 13
[2026-07-26 03:30:28] [data] Shuffling data
[2026-07-26 03:30:28] [data] Done reading 20,000 sentences
[2026-07-26 03:30:28] [data] Done shuffling 20,000 sentences to temp files
[2026-07-26 03:34:11] Ep. 13 : Up. 4000 : Sen. 15,616 : Cost 2.06583548 * 124,294 @ 192 after 988,996 : Time 433.34s : 286.83 words/s : gNorm 1.0662 : L.r. 3.0000e-04
[2026-07-26 03:35:14] Seen 20,000 samples
[2026-07-26 03:35:14] Starting data epoch 14 in logical epoch 14
[2026-07-26 03:35:14] [data] Shuffling data
[2026-07-26 03:35:14] [data] Done reading 20,000 sentences
[2026-07-26 03:35:14] [data] Done shuffling 20,000 sentences to temp files
[2026-07-26 03:39:17] Seen 20,000 samples
[2026-07-26 03:39:17] Starting data epoch 15 in logical epoch 15
[2026-07-26 03:39:17] [data] Shuffling data
[2026-07-26 03:39:17] [data] Done reading 20,000 sentences
[2026-07-26 03:39:17] [data] Done shuffling 20,000 sentences to temp files
[2026-07-26 03:40:41] Ep. 15 : Up. 4500 : Sen. 7,552 : Cost 1.98623300 * 122,999 @ 320 after 1,111,995 : Time 390.28s : 315.15 words/s : gNorm 0.9312 : L.r. 3.0000e-04
[2026-07-26 03:42:54] Seen 20,000 samples
[2026-07-26 03:42:54] Starting data epoch 16 in logical epoch 16
[2026-07-26 03:42:54] [data] Shuffling data
[2026-07-26 03:42:54] [data] Done reading 20,000 sentences
[2026-07-26 03:42:54] [data] Done shuffling 20,000 sentences to temp files
[2026-07-26 03:46:20] Ep. 16 : Up. 5000 : Sen. 19,488 : Cost 2.03139758 * 123,318 @ 197 after 1,235,313 : Time 339.32s : 363.43 words/s : gNorm 0.9984 : L.r. 3.0000e-04
[2026-07-26 03:46:20] Saving model weights and runtime parameters to /d/Job_Requirements/PracticalProjectsFromDrYe/AIE-F/assignment-submission/class-22/TheinGiKyaw_Assignment7/model.seq2seq.regularized_decode.phmy/model.npz
[2026-07-26 03:46:31] Saving Adam parameters
[2026-07-26 03:46:42] [training] Saving training checkpoint to /d/Job_Requirements/PracticalProjectsFromDrYe/AIE-F/assignment-submission/class-22/TheinGiKyaw_Assignment7/model.seq2seq.regularized_decode.phmy/model.npz and /d/Job_Requirements/PracticalProjectsFromDrYe/AIE-F/assignment-submission/class-22/TheinGiKyaw_Assignment7/model.seq2seq.regularized_decode.phmy/model.npz.optimizer.npz
[2026-07-26 03:46:59] Saving model weights and runtime parameters to /d/Job_Requirements/PracticalProjectsFromDrYe/AIE-F/assignment-submission/class-22/TheinGiKyaw_Assignment7/model.seq2seq.regularized_decode.phmy/model.npz.best-cross-entropy.npz
[2026-07-26 03:47:08] [valid] Ep. 16 : Up. 5000 : cross-entropy : 2.25668 : new best
[2026-07-26 03:47:19] Saving model weights and runtime parameters to /d/Job_Requirements/PracticalProjectsFromDrYe/AIE-F/assignment-submission/class-22/TheinGiKyaw_Assignment7/model.seq2seq.regularized_decode.phmy/model.npz.best-perplexity.npz
[2026-07-26 03:47:21] [valid] Ep. 16 : Up. 5000 : perplexity : 1.79884 : new best
[2026-07-26 03:47:25] [valid] First sentence's tokens as scored:
[2026-07-26 03:47:25] [valid] DefaultVocab keeps original segments for scoring
[2026-07-26 03:47:25] [valid]   Hyp: ဥ ပ ရ ဖ လ ဂု နီ
[2026-07-26 03:47:25] [valid]   Ref: ဥတ် တ ရ ဖ လ ဂု နီ
[2026-07-26 03:47:32] Saving model weights and runtime parameters to /d/Job_Requirements/PracticalProjectsFromDrYe/AIE-F/assignment-submission/class-22/TheinGiKyaw_Assignment7/model.seq2seq.regularized_decode.phmy/model.npz.best-bleu.npz
[2026-07-26 03:47:40] [valid] Ep. 16 : Up. 5000 : bleu : 73.5516 : new best
[2026-07-26 03:47:45] Seen 20,000 samples
[2026-07-26 03:47:45] Starting data epoch 17 in logical epoch 17
[2026-07-26 03:47:45] [data] Shuffling data
[2026-07-26 03:47:45] [data] Done reading 20,000 sentences
[2026-07-26 03:47:45] [data] Done shuffling 20,000 sentences to temp files
[2026-07-26 03:50:43] Seen 20,000 samples
[2026-07-26 03:50:43] Starting data epoch 18 in logical epoch 18
[2026-07-26 03:50:43] [data] Shuffling data
[2026-07-26 03:50:43] [data] Done reading 20,000 sentences
[2026-07-26 03:50:43] [data] Done shuffling 20,000 sentences to temp files
[2026-07-26 03:52:28] Ep. 18 : Up. 5500 : Sen. 11,456 : Cost 1.86028337 * 123,453 @ 320 after 1,358,766 : Time 367.53s : 335.90 words/s : gNorm 0.7483 : L.r. 3.0000e-04
[2026-07-26 03:53:54] Seen 20,000 samples
[2026-07-26 03:53:54] Starting data epoch 19 in logical epoch 19
[2026-07-26 03:53:54] [data] Shuffling data
[2026-07-26 03:53:54] [data] Done reading 20,000 sentences
[2026-07-26 03:53:54] [data] Done shuffling 20,000 sentences to temp files
[2026-07-26 03:57:03] Seen 20,000 samples
[2026-07-26 03:57:03] Starting data epoch 20 in logical epoch 20
[2026-07-26 03:57:03] [data] Shuffling data
[2026-07-26 03:57:03] [data] Done reading 20,000 sentences
[2026-07-26 03:57:03] [data] Done shuffling 20,000 sentences to temp files
[2026-07-26 03:57:25] Ep. 20 : Up. 6000 : Sen. 3,392 : Cost 1.88394701 * 123,990 @ 192 after 1,482,756 : Time 297.56s : 416.69 words/s : gNorm 0.8141 : L.r. 3.0000e-04
[2026-07-26 03:57:50] Seen 20,000 samples
[2026-07-26 03:57:50] Starting data epoch 21 in logical epoch 21
[2026-07-26 03:57:50] [data] Shuffling data
[2026-07-26 03:57:50] [data] Done reading 20,000 sentences
[2026-07-26 03:57:50] [data] Done shuffling 20,000 sentences to temp files
[2026-07-26 03:58:13] Ep. 21 : Up. 6500 : Sen. 15,360 : Cost 1.89331603 * 123,592 @ 192 after 1,606,348 : Time 47.21s : 2617.97 words/s : gNorm 0.8594 : L.r. 3.0000e-04
[2026-07-26 03:58:20] Seen 20,000 samples
[2026-07-26 03:58:20] Starting data epoch 22 in logical epoch 22
[2026-07-26 03:58:20] [data] Shuffling data
[2026-07-26 03:58:20] [data] Done reading 20,000 sentences
[2026-07-26 03:58:20] [data] Done shuffling 20,000 sentences to temp files
[2026-07-26 03:58:50] Seen 20,000 samples
[2026-07-26 03:58:50] Starting data epoch 23 in logical epoch 23
[2026-07-26 03:58:50] [data] Shuffling data
[2026-07-26 03:58:50] [data] Done reading 20,000 sentences
[2026-07-26 03:58:50] [data] Done shuffling 20,000 sentences to temp files
[2026-07-26 03:59:02] Ep. 23 : Up. 7000 : Sen. 7,296 : Cost 1.84039986 * 123,628 @ 320 after 1,729,976 : Time 49.78s : 2483.72 words/s : gNorm 0.8251 : L.r. 3.0000e-04
[2026-07-26 03:59:24] Seen 20,000 samples
[2026-07-26 03:59:24] Starting data epoch 24 in logical epoch 24
[2026-07-26 03:59:24] [data] Shuffling data
[2026-07-26 03:59:24] [data] Done reading 20,000 sentences
[2026-07-26 03:59:24] [data] Done shuffling 20,000 sentences to temp files
[2026-07-26 03:59:57] Ep. 24 : Up. 7500 : Sen. 19,264 : Cost 1.78272092 * 123,596 @ 384 after 1,853,572 : Time 55.13s : 2241.99 words/s : gNorm 0.7915 : L.r. 3.0000e-04
[2026-07-26 03:59:59] Seen 20,000 samples
[2026-07-26 03:59:59] Starting data epoch 25 in logical epoch 25
[2026-07-26 03:59:59] [data] Shuffling data
[2026-07-26 03:59:59] [data] Done reading 20,000 sentences
[2026-07-26 03:59:59] [data] Done shuffling 20,000 sentences to temp files
[2026-07-26 04:00:34] Seen 20,000 samples
[2026-07-26 04:00:34] Starting data epoch 26 in logical epoch 26
[2026-07-26 04:00:34] [data] Shuffling data
[2026-07-26 04:00:34] [data] Done reading 20,000 sentences
[2026-07-26 04:00:34] [data] Done shuffling 20,000 sentences to temp files
[2026-07-26 04:00:53] Ep. 26 : Up. 8000 : Sen. 11,200 : Cost 1.78637588 * 123,236 @ 256 after 1,976,808 : Time 55.67s : 2213.66 words/s : gNorm 0.7705 : L.r. 3.0000e-04
[2026-07-26 09:30:21] Seen 20,000 samples
[2026-07-26 09:30:21] Starting data epoch 27 in logical epoch 27
[2026-07-26 09:30:21] [data] Shuffling data
[2026-07-26 09:30:22] [data] Done reading 20,000 sentences
[2026-07-26 09:30:22] [data] Done shuffling 20,000 sentences to temp files
[2026-07-26 09:31:46] Seen 20,000 samples
[2026-07-26 09:31:46] Starting data epoch 28 in logical epoch 28
[2026-07-26 09:31:46] [data] Shuffling data
[2026-07-26 09:31:47] [data] Done reading 20,000 sentences
[2026-07-26 09:31:47] [data] Done shuffling 20,000 sentences to temp files
[2026-07-26 09:31:57] Ep. 28 : Up. 8500 : Sen. 3,136 : Cost 1.74732912 * 123,732 @ 256 after 2,100,540 : Time 124.72s : 992.11 words/s : gNorm 0.7454 : L.r. 3.0000e-04
[2026-07-26 09:32:57] Seen 20,000 samples
[2026-07-26 09:32:57] Starting data epoch 29 in logical epoch 29
[2026-07-26 09:32:57] [data] Shuffling data
[2026-07-26 09:32:57] [data] Done reading 20,000 sentences
[2026-07-26 09:32:58] [data] Done shuffling 20,000 sentences to temp files
[2026-07-26 09:33:51] Ep. 29 : Up. 9000 : Sen. 15,104 : Cost 1.70818865 * 123,548 @ 192 after 2,224,088 : Time 113.51s : 1088.44 words/s : gNorm 0.7016 : L.r. 3.0000e-04
[2026-07-26 09:34:07] Seen 20,000 samples
[2026-07-26 09:34:07] Starting data epoch 30 in logical epoch 30
[2026-07-26 09:34:07] [data] Shuffling data
[2026-07-26 09:34:07] [data] Done reading 20,000 sentences
[2026-07-26 09:34:07] [data] Done shuffling 20,000 sentences to temp files
[2026-07-26 09:35:18] Seen 20,000 samples
[2026-07-26 09:35:18] Starting data epoch 31 in logical epoch 31
[2026-07-26 09:35:18] [data] Shuffling data
[2026-07-26 09:35:18] [data] Done reading 20,000 sentences
[2026-07-26 09:35:18] [data] Done shuffling 20,000 sentences to temp files
[2026-07-26 09:35:42] Ep. 31 : Up. 9500 : Sen. 7,040 : Cost 1.73192847 * 123,643 @ 486 after 2,347,731 : Time 111.55s : 1108.39 words/s : gNorm 0.7312 : L.r. 3.0000e-04
[2026-07-26 09:36:32] Seen 20,000 samples
[2026-07-26 09:36:32] Starting data epoch 32 in logical epoch 32
[2026-07-26 09:36:32] [data] Shuffling data
[2026-07-26 09:36:32] [data] Done reading 20,000 sentences
[2026-07-26 09:36:32] [data] Done shuffling 20,000 sentences to temp files
[2026-07-26 09:37:40] Ep. 32 : Up. 10000 : Sen. 19,008 : Cost 1.73402214 * 123,526 @ 320 after 2,471,257 : Time 118.00s : 1046.79 words/s : gNorm 0.8307 : L.r. 3.0000e-04
[2026-07-26 09:37:40] Saving model weights and runtime parameters to /d/Job_Requirements/PracticalProjectsFromDrYe/AIE-F/assignment-submission/class-22/TheinGiKyaw_Assignment7/model.seq2seq.regularized_decode.phmy/model.npz
[2026-07-26 09:37:50] Saving Adam parameters
[2026-07-26 09:38:03] [training] Saving training checkpoint to /d/Job_Requirements/PracticalProjectsFromDrYe/AIE-F/assignment-submission/class-22/TheinGiKyaw_Assignment7/model.seq2seq.regularized_decode.phmy/model.npz and /d/Job_Requirements/PracticalProjectsFromDrYe/AIE-F/assignment-submission/class-22/TheinGiKyaw_Assignment7/model.seq2seq.regularized_decode.phmy/model.npz.optimizer.npz
[2026-07-26 09:38:19] [valid] Ep. 32 : Up. 10000 : cross-entropy : 2.49559 : stalled 1 times (last best: 2.25668)
[2026-07-26 09:38:21] [valid] Ep. 32 : Up. 10000 : perplexity : 1.9142 : stalled 1 times (last best: 1.79884)
[2026-07-26 09:38:23] Saving model weights and runtime parameters to /d/Job_Requirements/PracticalProjectsFromDrYe/AIE-F/assignment-submission/class-22/TheinGiKyaw_Assignment7/model.seq2seq.regularized_decode.phmy/model.npz.best-bleu.npz
[2026-07-26 09:38:28] [valid] Ep. 32 : Up. 10000 : bleu : 74.0206 : new best
[2026-07-26 09:38:30] Seen 20,000 samples
[2026-07-26 09:38:30] Starting data epoch 33 in logical epoch 33
[2026-07-26 09:38:30] [data] Shuffling data
[2026-07-26 09:38:30] [data] Done reading 20,000 sentences
[2026-07-26 09:38:30] [data] Done shuffling 20,000 sentences to temp files
[2026-07-26 09:39:31] Seen 20,000 samples
[2026-07-26 09:39:31] Starting data epoch 34 in logical epoch 34
[2026-07-26 09:39:31] [data] Shuffling data
[2026-07-26 09:39:31] [data] Done reading 20,000 sentences
[2026-07-26 09:39:31] [data] Done shuffling 20,000 sentences to temp files
[2026-07-26 09:40:05] Ep. 34 : Up. 10500 : Sen. 10,944 : Cost 1.68747842 * 123,413 @ 192 after 2,594,670 : Time 145.18s : 850.06 words/s : gNorm 0.7435 : L.r. 3.0000e-04
[2026-07-26 09:40:34] Seen 20,000 samples
[2026-07-26 09:40:34] Starting data epoch 35 in logical epoch 35
[2026-07-26 09:40:34] [data] Shuffling data
[2026-07-26 09:40:34] [data] Done reading 20,000 sentences
[2026-07-26 09:40:34] [data] Done shuffling 20,000 sentences to temp files
[2026-07-26 09:41:36] Seen 20,000 samples
[2026-07-26 09:41:36] Starting data epoch 36 in logical epoch 36
[2026-07-26 09:41:36] [data] Shuffling data
[2026-07-26 09:41:36] [data] Done reading 20,000 sentences
[2026-07-26 09:41:36] [data] Done shuffling 20,000 sentences to temp files
[2026-07-26 09:41:46] Ep. 36 : Up. 11000 : Sen. 2,880 : Cost 1.68152225 * 122,965 @ 192 after 2,717,635 : Time 100.24s : 1226.73 words/s : gNorm 0.7333 : L.r. 3.0000e-04
[2026-07-26 09:42:40] Seen 20,000 samples
[2026-07-26 09:42:40] Starting data epoch 37 in logical epoch 37
[2026-07-26 09:42:40] [data] Shuffling data
[2026-07-26 09:42:41] [data] Done reading 20,000 sentences
[2026-07-26 09:42:41] [data] Done shuffling 20,000 sentences to temp files
[2026-07-26 09:43:25] Ep. 37 : Up. 11500 : Sen. 14,848 : Cost 1.67694926 * 123,996 @ 256 after 2,841,631 : Time 99.13s : 1250.87 words/s : gNorm 0.6986 : L.r. 3.0000e-04
[2026-07-26 09:43:40] Seen 20,000 samples
[2026-07-26 09:43:40] Starting data epoch 38 in logical epoch 38
[2026-07-26 09:43:40] [data] Shuffling data
[2026-07-26 09:43:40] [data] Done reading 20,000 sentences
[2026-07-26 09:43:40] [data] Done shuffling 20,000 sentences to temp files
[2026-07-26 09:44:43] Seen 20,000 samples
[2026-07-26 09:44:43] Starting data epoch 39 in logical epoch 39
[2026-07-26 09:44:43] [data] Shuffling data
[2026-07-26 09:44:43] [data] Done reading 20,000 sentences
[2026-07-26 09:44:43] [data] Done shuffling 20,000 sentences to temp files
[2026-07-26 09:45:04] Ep. 39 : Up. 12000 : Sen. 6,784 : Cost 1.64300084 * 123,805 @ 320 after 2,965,436 : Time 98.85s : 1252.50 words/s : gNorm 0.9188 : L.r. 3.0000e-04
[2026-07-26 09:45:27] Seen 20,000 samples
[2026-07-26 09:45:27] Starting data epoch 40 in logical epoch 40
[2026-07-26 09:45:27] [data] Shuffling data
[2026-07-26 09:45:27] [data] Done reading 20,000 sentences
[2026-07-26 09:45:27] [data] Done shuffling 20,000 sentences to temp files
[2026-07-26 09:45:52] Ep. 40 : Up. 12500 : Sen. 18,752 : Cost 1.67124200 * 123,626 @ 256 after 3,089,062 : Time 48.21s : 2564.59 words/s : gNorm 0.6777 : L.r. 3.0000e-04
[2026-07-26 09:45:54] Seen 20,000 samples
[2026-07-26 09:45:54] Starting data epoch 41 in logical epoch 41
[2026-07-26 09:45:54] [data] Shuffling data
[2026-07-26 09:45:54] [data] Done reading 20,000 sentences
[2026-07-26 09:45:54] [data] Done shuffling 20,000 sentences to temp files
[2026-07-26 09:46:22] Seen 20,000 samples
[2026-07-26 09:46:22] Starting data epoch 42 in logical epoch 42
[2026-07-26 09:46:22] [data] Shuffling data
[2026-07-26 09:46:22] [data] Done reading 20,000 sentences
[2026-07-26 09:46:22] [data] Done shuffling 20,000 sentences to temp files
[2026-07-26 09:46:39] Ep. 42 : Up. 13000 : Sen. 10,688 : Cost 1.64975309 * 123,732 @ 192 after 3,212,794 : Time 47.28s : 2617.18 words/s : gNorm 0.6072 : L.r. 3.0000e-04
[2026-07-26 09:46:53] Seen 20,000 samples
[2026-07-26 09:46:53] Starting data epoch 43 in logical epoch 43
[2026-07-26 09:46:53] [data] Shuffling data
[2026-07-26 09:46:53] [data] Done reading 20,000 sentences
[2026-07-26 09:46:53] [data] Done shuffling 20,000 sentences to temp files
[2026-07-26 09:47:23] Seen 20,000 samples
[2026-07-26 09:47:23] Starting data epoch 44 in logical epoch 44
[2026-07-26 09:47:23] [data] Shuffling data
[2026-07-26 09:47:24] [data] Done reading 20,000 sentences
[2026-07-26 09:47:24] [data] Done shuffling 20,000 sentences to temp files
[2026-07-26 09:47:28] Ep. 44 : Up. 13500 : Sen. 2,624 : Cost 1.63403594 * 123,153 @ 192 after 3,335,947 : Time 48.46s : 2541.53 words/s : gNorm 0.6577 : L.r. 3.0000e-04
[2026-07-26 09:47:54] Seen 20,000 samples
[2026-07-26 09:47:54] Starting data epoch 45 in logical epoch 45
[2026-07-26 09:47:54] [data] Shuffling data
[2026-07-26 09:47:54] [data] Done reading 20,000 sentences
[2026-07-26 09:47:54] [data] Done shuffling 20,000 sentences to temp files
[2026-07-26 09:48:16] Ep. 45 : Up. 14000 : Sen. 14,592 : Cost 1.65942645 * 123,702 @ 192 after 3,459,649 : Time 48.27s : 2562.69 words/s : gNorm 0.6941 : L.r. 3.0000e-04
[2026-07-26 09:48:24] Seen 20,000 samples
[2026-07-26 09:48:24] Starting data epoch 46 in logical epoch 46
[2026-07-26 09:48:24] [data] Shuffling data
[2026-07-26 09:48:24] [data] Done reading 20,000 sentences
[2026-07-26 09:48:24] [data] Done shuffling 20,000 sentences to temp files
[2026-07-26 09:48:54] Seen 20,000 samples
[2026-07-26 09:48:54] Starting data epoch 47 in logical epoch 47
[2026-07-26 09:48:54] [data] Shuffling data
[2026-07-26 09:48:54] [data] Done reading 20,000 sentences
[2026-07-26 09:48:54] [data] Done shuffling 20,000 sentences to temp files
[2026-07-26 09:49:05] Ep. 47 : Up. 14500 : Sen. 6,528 : Cost 1.62183583 * 123,332 @ 256 after 3,582,981 : Time 49.23s : 2505.01 words/s : gNorm 0.6395 : L.r. 3.0000e-04
[2026-07-26 09:49:27] Seen 20,000 samples
[2026-07-26 09:49:27] Starting data epoch 48 in logical epoch 48
[2026-07-26 09:49:27] [data] Shuffling data
[2026-07-26 09:49:27] [data] Done reading 20,000 sentences
[2026-07-26 09:49:27] [data] Done shuffling 20,000 sentences to temp files
[2026-07-26 09:49:59] Ep. 48 : Up. 15000 : Sen. 18,496 : Cost 1.60014510 * 123,906 @ 384 after 3,706,887 : Time 54.06s : 2291.82 words/s : gNorm 0.6273 : L.r. 3.0000e-04
[2026-07-26 09:49:59] Saving model weights and runtime parameters to /d/Job_Requirements/PracticalProjectsFromDrYe/AIE-F/assignment-submission/class-22/TheinGiKyaw_Assignment7/model.seq2seq.regularized_decode.phmy/model.npz
[2026-07-26 09:50:02] Saving Adam parameters
[2026-07-26 09:50:03] [training] Saving training checkpoint to /d/Job_Requirements/PracticalProjectsFromDrYe/AIE-F/assignment-submission/class-22/TheinGiKyaw_Assignment7/model.seq2seq.regularized_decode.phmy/model.npz and /d/Job_Requirements/PracticalProjectsFromDrYe/AIE-F/assignment-submission/class-22/TheinGiKyaw_Assignment7/model.seq2seq.regularized_decode.phmy/model.npz.optimizer.npz
[2026-07-26 09:50:10] [valid] Ep. 48 : Up. 15000 : cross-entropy : 2.54367 : stalled 2 times (last best: 2.25668)
[2026-07-26 09:50:11] [valid] Ep. 48 : Up. 15000 : perplexity : 1.9383 : stalled 2 times (last best: 1.79884)
[2026-07-26 09:50:13] Saving model weights and runtime parameters to /d/Job_Requirements/PracticalProjectsFromDrYe/AIE-F/assignment-submission/class-22/TheinGiKyaw_Assignment7/model.seq2seq.regularized_decode.phmy/model.npz.best-bleu.npz
[2026-07-26 09:50:16] [valid] Ep. 48 : Up. 15000 : bleu : 76.2983 : new best
[2026-07-26 09:50:18] Seen 20,000 samples
[2026-07-26 09:50:18] Starting data epoch 49 in logical epoch 49
[2026-07-26 09:50:18] [data] Shuffling data
[2026-07-26 09:50:18] [data] Done reading 20,000 sentences
[2026-07-26 09:50:18] [data] Done shuffling 20,000 sentences to temp files
[2026-07-26 09:50:50] Seen 20,000 samples
[2026-07-26 09:50:50] Starting data epoch 50 in logical epoch 50
[2026-07-26 09:50:50] [data] Shuffling data
[2026-07-26 09:50:50] [data] Done reading 20,000 sentences
[2026-07-26 09:50:50] [data] Done shuffling 20,000 sentences to temp files
[2026-07-26 09:51:08] Ep. 50 : Up. 15500 : Sen. 10,432 : Cost 1.57811046 * 123,592 @ 256 after 3,830,479 : Time 68.83s : 1795.52 words/s : gNorm 0.6138 : L.r. 3.0000e-04
[2026-07-26 09:51:25] Seen 20,000 samples
[2026-07-26 09:51:25] Starting data epoch 51 in logical epoch 51
[2026-07-26 09:51:25] [data] Shuffling data
[2026-07-26 09:51:25] [data] Done reading 20,000 sentences
[2026-07-26 09:51:25] [data] Done shuffling 20,000 sentences to temp files
[2026-07-26 09:52:02] Seen 20,000 samples
[2026-07-26 09:52:02] Starting data epoch 52 in logical epoch 52
[2026-07-26 09:52:02] [data] Shuffling data
[2026-07-26 09:52:02] [data] Done reading 20,000 sentences
[2026-07-26 09:52:02] [data] Done shuffling 20,000 sentences to temp files
[2026-07-26 09:52:07] Ep. 52 : Up. 16000 : Sen. 2,368 : Cost 1.59292865 * 123,749 @ 256 after 3,954,228 : Time 58.98s : 2098.25 words/s : gNorm 0.6282 : L.r. 3.0000e-04
[2026-07-26 09:52:39] Seen 20,000 samples
[2026-07-26 09:52:39] Starting data epoch 53 in logical epoch 53
[2026-07-26 09:52:39] [data] Shuffling data
[2026-07-26 09:52:39] [data] Done reading 20,000 sentences
[2026-07-26 09:52:39] [data] Done shuffling 20,000 sentences to temp files
[2026-07-26 09:53:06] Ep. 53 : Up. 16500 : Sen. 14,336 : Cost 1.60846996 * 123,040 @ 192 after 4,077,268 : Time 59.47s : 2068.86 words/s : gNorm 0.6096 : L.r. 2.9542e-04
[2026-07-26 09:53:17] Seen 20,000 samples
[2026-07-26 09:53:17] Starting data epoch 54 in logical epoch 54
[2026-07-26 09:53:17] [data] Shuffling data
[2026-07-26 09:53:17] [data] Done reading 20,000 sentences
[2026-07-26 09:53:17] [data] Done shuffling 20,000 sentences to temp files
[2026-07-26 09:53:53] Seen 20,000 samples
[2026-07-26 09:53:53] Starting data epoch 55 in logical epoch 55
[2026-07-26 09:53:53] [data] Shuffling data
[2026-07-26 09:53:53] [data] Done reading 20,000 sentences
[2026-07-26 09:53:53] [data] Done shuffling 20,000 sentences to temp files
[2026-07-26 09:54:06] Ep. 55 : Up. 17000 : Sen. 6,272 : Cost 1.61366498 * 123,669 @ 192 after 4,200,937 : Time 59.11s : 2092.36 words/s : gNorm 0.5872 : L.r. 2.9104e-04
[2026-07-26 09:54:32] Seen 20,000 samples
[2026-07-26 09:54:32] Starting data epoch 56 in logical epoch 56
[2026-07-26 09:54:32] [data] Shuffling data
[2026-07-26 09:54:32] [data] Done reading 20,000 sentences
[2026-07-26 09:54:32] [data] Done shuffling 20,000 sentences to temp files
[2026-07-26 09:55:08] Ep. 56 : Up. 17500 : Sen. 18,240 : Cost 1.56662536 * 123,789 @ 192 after 4,324,726 : Time 62.67s : 1975.11 words/s : gNorm 0.7351 : L.r. 2.8685e-04
[2026-07-26 09:55:12] Seen 20,000 samples
[2026-07-26 09:55:12] Starting data epoch 57 in logical epoch 57
[2026-07-26 09:55:12] [data] Shuffling data
[2026-07-26 09:55:12] [data] Done reading 20,000 sentences
[2026-07-26 09:55:12] [data] Done shuffling 20,000 sentences to temp files
[2026-07-26 09:55:53] Seen 20,000 samples
[2026-07-26 09:55:53] Starting data epoch 58 in logical epoch 58
[2026-07-26 09:55:53] [data] Shuffling data
[2026-07-26 09:55:53] [data] Done reading 20,000 sentences
[2026-07-26 09:55:53] [data] Done shuffling 20,000 sentences to temp files
[2026-07-26 09:56:16] Ep. 58 : Up. 18000 : Sen. 10,176 : Cost 1.59084189 * 123,255 @ 256 after 4,447,981 : Time 68.18s : 1807.79 words/s : gNorm 0.5798 : L.r. 2.8284e-04
[2026-07-26 09:56:38] Seen 20,000 samples
[2026-07-26 09:56:38] Starting data epoch 59 in logical epoch 59
[2026-07-26 09:56:38] [data] Shuffling data
[2026-07-26 09:56:38] [data] Done reading 20,000 sentences
[2026-07-26 09:56:38] [data] Done shuffling 20,000 sentences to temp files
[2026-07-26 09:57:20] Seen 20,000 samples
[2026-07-26 09:57:20] Starting data epoch 60 in logical epoch 60
[2026-07-26 09:57:20] [data] Shuffling data
[2026-07-26 09:57:20] [data] Done reading 20,000 sentences
[2026-07-26 09:57:20] [data] Done shuffling 20,000 sentences to temp files
[2026-07-26 09:57:25] Ep. 60 : Up. 18500 : Sen. 2,112 : Cost 1.53075218 * 123,822 @ 256 after 4,571,803 : Time 68.26s : 1813.95 words/s : gNorm 0.5254 : L.r. 2.7899e-04
[2026-07-26 09:58:03] Seen 20,000 samples
[2026-07-26 09:58:03] Starting data epoch 61 in logical epoch 61
[2026-07-26 09:58:03] [data] Shuffling data
[2026-07-26 09:58:03] [data] Done reading 20,000 sentences
[2026-07-26 09:58:03] [data] Done shuffling 20,000 sentences to temp files
[2026-07-26 09:58:37] Ep. 61 : Up. 19000 : Sen. 14,080 : Cost 1.61196291 * 123,130 @ 320 after 4,694,933 : Time 72.00s : 1710.08 words/s : gNorm 0.6345 : L.r. 2.7530e-04
[2026-07-26 09:58:49] Seen 20,000 samples
[2026-07-26 09:58:49] Starting data epoch 62 in logical epoch 62
[2026-07-26 09:58:49] [data] Shuffling data
[2026-07-26 09:58:49] [data] Done reading 20,000 sentences
[2026-07-26 09:58:50] [data] Done shuffling 20,000 sentences to temp files
[2026-07-26 09:59:36] Seen 20,000 samples
[2026-07-26 09:59:36] Starting data epoch 63 in logical epoch 63
[2026-07-26 09:59:36] [data] Shuffling data
[2026-07-26 09:59:36] [data] Done reading 20,000 sentences
[2026-07-26 09:59:36] [data] Done shuffling 20,000 sentences to temp files
[2026-07-26 09:59:48] Ep. 63 : Up. 19500 : Sen. 6,016 : Cost 1.56638157 * 123,565 @ 192 after 4,818,498 : Time 71.38s : 1731.17 words/s : gNorm 0.5581 : L.r. 2.7175e-04
[2026-07-26 10:00:19] Seen 20,000 samples
[2026-07-26 10:00:19] Starting data epoch 64 in logical epoch 64
[2026-07-26 10:00:19] [data] Shuffling data
[2026-07-26 10:00:19] [data] Done reading 20,000 sentences
[2026-07-26 10:00:19] [data] Done shuffling 20,000 sentences to temp files
[2026-07-26 10:01:00] Ep. 64 : Up. 20000 : Sen. 17,984 : Cost 1.58879888 * 123,599 @ 320 after 4,942,097 : Time 72.22s : 1711.43 words/s : gNorm 0.5419 : L.r. 2.6833e-04
[2026-07-26 10:01:00] Saving model weights and runtime parameters to /d/Job_Requirements/PracticalProjectsFromDrYe/AIE-F/assignment-submission/class-22/TheinGiKyaw_Assignment7/model.seq2seq.regularized_decode.phmy/model.npz
[2026-07-26 10:01:02] Saving Adam parameters
[2026-07-26 10:01:03] [training] Saving training checkpoint to /d/Job_Requirements/PracticalProjectsFromDrYe/AIE-F/assignment-submission/class-22/TheinGiKyaw_Assignment7/model.seq2seq.regularized_decode.phmy/model.npz and /d/Job_Requirements/PracticalProjectsFromDrYe/AIE-F/assignment-submission/class-22/TheinGiKyaw_Assignment7/model.seq2seq.regularized_decode.phmy/model.npz.optimizer.npz
[2026-07-26 10:01:11] [valid] Ep. 64 : Up. 20000 : cross-entropy : 2.56207 : stalled 3 times (last best: 2.25668)
[2026-07-26 10:01:12] [valid] Ep. 64 : Up. 20000 : perplexity : 1.9476 : stalled 3 times (last best: 1.79884)
[2026-07-26 10:01:14] Saving model weights and runtime parameters to /d/Job_Requirements/PracticalProjectsFromDrYe/AIE-F/assignment-submission/class-22/TheinGiKyaw_Assignment7/model.seq2seq.regularized_decode.phmy/model.npz.best-bleu.npz
[2026-07-26 10:01:16] [valid] Ep. 64 : Up. 20000 : bleu : 76.5526 : new best
[2026-07-26 10:01:19] Seen 20,000 samples
[2026-07-26 10:01:19] Starting data epoch 65 in logical epoch 65
[2026-07-26 10:01:19] [data] Shuffling data
[2026-07-26 10:01:19] [data] Done reading 20,000 sentences
[2026-07-26 10:01:19] [data] Done shuffling 20,000 sentences to temp files
[2026-07-26 10:01:59] Seen 20,000 samples
[2026-07-26 10:01:59] Starting data epoch 66 in logical epoch 66
[2026-07-26 10:01:59] [data] Shuffling data
[2026-07-26 10:01:59] [data] Done reading 20,000 sentences
[2026-07-26 10:01:59] [data] Done shuffling 20,000 sentences to temp files
[2026-07-26 10:02:22] Ep. 66 : Up. 20500 : Sen. 9,920 : Cost 1.57262135 * 123,470 @ 192 after 5,065,567 : Time 81.83s : 1508.86 words/s : gNorm 0.6167 : L.r. 2.6504e-04
[2026-07-26 10:02:48] Seen 20,000 samples
[2026-07-26 10:02:48] Starting data epoch 67 in logical epoch 67
[2026-07-26 10:02:48] [data] Shuffling data
[2026-07-26 10:02:48] [data] Done reading 20,000 sentences
[2026-07-26 10:02:48] [data] Done shuffling 20,000 sentences to temp files
[2026-07-26 10:03:37] Seen 20,000 samples
[2026-07-26 10:03:37] Starting data epoch 68 in logical epoch 68
[2026-07-26 10:03:37] [data] Shuffling data
[2026-07-26 10:03:37] [data] Done reading 20,000 sentences
[2026-07-26 10:03:37] [data] Done shuffling 20,000 sentences to temp files
[2026-07-26 10:03:41] Ep. 68 : Up. 21000 : Sen. 1,856 : Cost 1.55026805 * 123,888 @ 192 after 5,189,455 : Time 78.76s : 1572.96 words/s : gNorm 0.4861 : L.r. 2.6186e-04
[2026-07-26 10:04:29] Seen 20,000 samples
[2026-07-26 10:04:29] Starting data epoch 69 in logical epoch 69
[2026-07-26 10:04:29] [data] Shuffling data
[2026-07-26 10:04:29] [data] Done reading 20,000 sentences
[2026-07-26 10:04:29] [data] Done shuffling 20,000 sentences to temp files
[2026-07-26 10:05:05] Ep. 69 : Up. 21500 : Sen. 13,824 : Cost 1.53061783 * 123,309 @ 192 after 5,312,764 : Time 84.40s : 1461.08 words/s : gNorm 0.6995 : L.r. 2.5880e-04
[2026-07-26 10:05:19] Seen 20,000 samples
[2026-07-26 10:05:19] Starting data epoch 70 in logical epoch 70
[2026-07-26 10:05:19] [data] Shuffling data
[2026-07-26 10:05:19] [data] Done reading 20,000 sentences
[2026-07-26 10:05:19] [data] Done shuffling 20,000 sentences to temp files
[2026-07-26 10:06:14] Seen 20,000 samples
[2026-07-26 10:06:14] Starting data epoch 71 in logical epoch 71
[2026-07-26 10:06:14] [data] Shuffling data
[2026-07-26 10:06:14] [data] Done reading 20,000 sentences
[2026-07-26 10:06:14] [data] Done shuffling 20,000 sentences to temp files
[2026-07-26 10:06:28] Ep. 71 : Up. 22000 : Sen. 5,760 : Cost 1.54791784 * 123,685 @ 192 after 5,436,449 : Time 82.98s : 1490.56 words/s : gNorm 0.5572 : L.r. 2.5584e-04
[2026-07-26 10:07:05] Seen 20,000 samples
[2026-07-26 10:07:05] Starting data epoch 72 in logical epoch 72
[2026-07-26 10:07:05] [data] Shuffling data
[2026-07-26 10:07:05] [data] Done reading 20,000 sentences
[2026-07-26 10:07:05] [data] Done shuffling 20,000 sentences to temp files
[2026-07-26 10:07:52] Ep. 72 : Up. 22500 : Sen. 17,728 : Cost 1.53407598 * 123,585 @ 192 after 5,560,034 : Time 83.99s : 1471.44 words/s : gNorm 0.5238 : L.r. 2.5298e-04
[2026-07-26 10:07:58] Seen 20,000 samples
[2026-07-26 10:07:58] Starting data epoch 73 in logical epoch 73
[2026-07-26 10:07:58] [data] Shuffling data
[2026-07-26 10:07:58] [data] Done reading 20,000 sentences
[2026-07-26 10:07:59] [data] Done shuffling 20,000 sentences to temp files
[2026-07-26 10:08:56] Seen 20,000 samples
[2026-07-26 10:08:56] Starting data epoch 74 in logical epoch 74
[2026-07-26 10:08:56] [data] Shuffling data
[2026-07-26 10:08:56] [data] Done reading 20,000 sentences
[2026-07-26 10:08:56] [data] Done shuffling 20,000 sentences to temp files
[2026-07-26 10:09:21] Ep. 74 : Up. 23000 : Sen. 9,664 : Cost 1.49829507 * 123,036 @ 256 after 5,683,070 : Time 89.15s : 1380.05 words/s : gNorm 0.4543 : L.r. 2.5022e-04
[2026-07-26 10:09:48] Seen 20,000 samples
[2026-07-26 10:09:48] Starting data epoch 75 in logical epoch 75
[2026-07-26 10:09:48] [data] Shuffling data
[2026-07-26 10:09:48] [data] Done reading 20,000 sentences
[2026-07-26 10:09:48] [data] Done shuffling 20,000 sentences to temp files
[2026-07-26 10:10:41] Seen 20,000 samples
[2026-07-26 10:10:41] Starting data epoch 76 in logical epoch 76
[2026-07-26 10:10:41] [data] Shuffling data
[2026-07-26 10:10:41] [data] Done reading 20,000 sentences
[2026-07-26 10:10:41] [data] Done shuffling 20,000 sentences to temp files
[2026-07-26 10:10:45] Ep. 76 : Up. 23500 : Sen. 1,600 : Cost 1.48899484 * 123,969 @ 320 after 5,807,039 : Time 83.54s : 1483.88 words/s : gNorm 0.4411 : L.r. 2.4754e-04
[2026-07-26 10:11:36] Seen 20,000 samples
[2026-07-26 10:11:36] Starting data epoch 77 in logical epoch 77
[2026-07-26 10:11:36] [data] Shuffling data
[2026-07-26 10:11:36] [data] Done reading 20,000 sentences
[2026-07-26 10:11:36] [data] Done shuffling 20,000 sentences to temp files
[2026-07-26 10:12:19] Ep. 77 : Up. 24000 : Sen. 13,568 : Cost 1.55284333 * 123,469 @ 192 after 5,930,508 : Time 93.72s : 1317.37 words/s : gNorm 0.5074 : L.r. 2.4495e-04
[2026-07-26 10:12:37] Seen 20,000 samples
[2026-07-26 10:12:37] Starting data epoch 78 in logical epoch 78
[2026-07-26 10:12:37] [data] Shuffling data
[2026-07-26 10:12:37] [data] Done reading 20,000 sentences
[2026-07-26 10:12:37] [data] Done shuffling 20,000 sentences to temp files
[2026-07-26 10:13:32] Seen 20,000 samples
[2026-07-26 10:13:32] Starting data epoch 79 in logical epoch 79
[2026-07-26 10:13:32] [data] Shuffling data
[2026-07-26 10:13:32] [data] Done reading 20,000 sentences
[2026-07-26 10:13:32] [data] Done shuffling 20,000 sentences to temp files
[2026-07-26 10:13:48] Ep. 79 : Up. 24500 : Sen. 5,504 : Cost 1.50753021 * 123,605 @ 192 after 6,054,113 : Time 89.54s : 1380.49 words/s : gNorm 0.5431 : L.r. 2.4244e-04
[2026-07-26 10:14:24] Seen 20,000 samples
[2026-07-26 10:14:24] Starting data epoch 80 in logical epoch 80
[2026-07-26 10:14:24] [data] Shuffling data
[2026-07-26 10:14:24] [data] Done reading 20,000 sentences
[2026-07-26 10:14:24] [data] Done shuffling 20,000 sentences to temp files
[2026-07-26 10:15:11] Ep. 80 : Up. 25000 : Sen. 17,472 : Cost 1.51853788 * 123,561 @ 320 after 6,177,674 : Time 82.35s : 1500.48 words/s : gNorm 0.4844 : L.r. 2.4000e-04
[2026-07-26 10:15:11] Saving model weights and runtime parameters to /d/Job_Requirements/PracticalProjectsFromDrYe/AIE-F/assignment-submission/class-22/TheinGiKyaw_Assignment7/model.seq2seq.regularized_decode.phmy/model.npz
[2026-07-26 10:15:13] Saving Adam parameters
[2026-07-26 10:15:13] [training] Saving training checkpoint to /d/Job_Requirements/PracticalProjectsFromDrYe/AIE-F/assignment-submission/class-22/TheinGiKyaw_Assignment7/model.seq2seq.regularized_decode.phmy/model.npz and /d/Job_Requirements/PracticalProjectsFromDrYe/AIE-F/assignment-submission/class-22/TheinGiKyaw_Assignment7/model.seq2seq.regularized_decode.phmy/model.npz.optimizer.npz
[2026-07-26 10:15:21] [valid] Ep. 80 : Up. 25000 : cross-entropy : 2.51875 : stalled 4 times (last best: 2.25668)
[2026-07-26 10:15:22] [valid] Ep. 80 : Up. 25000 : perplexity : 1.92577 : stalled 4 times (last best: 1.79884)
[2026-07-26 10:15:24] Saving model weights and runtime parameters to /d/Job_Requirements/PracticalProjectsFromDrYe/AIE-F/assignment-submission/class-22/TheinGiKyaw_Assignment7/model.seq2seq.regularized_decode.phmy/model.npz.best-bleu.npz
[2026-07-26 10:15:26] [valid] Ep. 80 : Up. 25000 : bleu : 76.7492 : new best
[2026-07-26 10:15:30] Seen 20,000 samples
[2026-07-26 10:15:30] Starting data epoch 81 in logical epoch 81
[2026-07-26 10:15:30] [data] Shuffling data
[2026-07-26 10:15:30] [data] Done reading 20,000 sentences
[2026-07-26 10:15:30] [data] Done shuffling 20,000 sentences to temp files
[2026-07-26 10:16:20] Seen 20,000 samples
[2026-07-26 10:16:20] Starting data epoch 82 in logical epoch 82
[2026-07-26 10:16:20] [data] Shuffling data
[2026-07-26 10:16:20] [data] Done reading 20,000 sentences
[2026-07-26 10:16:20] [data] Done shuffling 20,000 sentences to temp files
[2026-07-26 10:16:49] Ep. 82 : Up. 25500 : Sen. 9,408 : Cost 1.51496816 * 123,685 @ 192 after 6,301,359 : Time 98.80s : 1251.90 words/s : gNorm 0.4300 : L.r. 2.3764e-04
[2026-07-26 10:17:18] Seen 20,000 samples
[2026-07-26 10:17:18] Starting data epoch 83 in logical epoch 83
[2026-07-26 10:17:18] [data] Shuffling data
[2026-07-26 10:17:18] [data] Done reading 20,000 sentences
[2026-07-26 10:17:18] [data] Done shuffling 20,000 sentences to temp files
[2026-07-26 10:18:18] Seen 20,000 samples
[2026-07-26 10:18:18] Starting data epoch 84 in logical epoch 84
[2026-07-26 10:18:18] [data] Shuffling data
[2026-07-26 10:18:18] [data] Done reading 20,000 sentences
[2026-07-26 10:18:18] [data] Done shuffling 20,000 sentences to temp files
[2026-07-26 10:18:20] Ep. 84 : Up. 26000 : Sen. 1,344 : Cost 1.51712120 * 123,758 @ 192 after 6,425,117 : Time 91.11s : 1358.35 words/s : gNorm 0.4895 : L.r. 2.3534e-04
[2026-07-26 10:19:14] Seen 20,000 samples
[2026-07-26 10:19:14] Starting data epoch 85 in logical epoch 85
[2026-07-26 10:19:14] [data] Shuffling data
[2026-07-26 10:19:14] [data] Done reading 20,000 sentences
[2026-07-26 10:19:14] [data] Done shuffling 20,000 sentences to temp files
[2026-07-26 10:19:50] Ep. 85 : Up. 26500 : Sen. 13,312 : Cost 1.48730600 * 123,452 @ 192 after 6,548,569 : Time 89.61s : 1377.72 words/s : gNorm 0.4452 : L.r. 2.3311e-04
[2026-07-26 10:20:06] Seen 20,000 samples
[2026-07-26 10:20:06] Starting data epoch 86 in logical epoch 86
[2026-07-26 10:20:06] [data] Shuffling data
[2026-07-26 10:20:06] [data] Done reading 20,000 sentences
[2026-07-26 10:20:06] [data] Done shuffling 20,000 sentences to temp files
[2026-07-26 10:20:57] Seen 20,000 samples
[2026-07-26 10:20:57] Starting data epoch 87 in logical epoch 87
[2026-07-26 10:20:57] [data] Shuffling data
[2026-07-26 10:20:57] [data] Done reading 20,000 sentences
[2026-07-26 10:20:57] [data] Done shuffling 20,000 sentences to temp files
[2026-07-26 10:21:12] Ep. 87 : Up. 27000 : Sen. 5,248 : Cost 1.53035748 * 123,226 @ 320 after 6,671,795 : Time 81.52s : 1511.56 words/s : gNorm 0.4199 : L.r. 2.3094e-04
[2026-07-26 10:21:50] Seen 20,000 samples
[2026-07-26 10:21:50] Starting data epoch 88 in logical epoch 88
[2026-07-26 10:21:50] [data] Shuffling data
[2026-07-26 10:21:50] [data] Done reading 20,000 sentences
[2026-07-26 10:21:50] [data] Done shuffling 20,000 sentences to temp files
[2026-07-26 10:22:31] Ep. 88 : Up. 27500 : Sen. 17,216 : Cost 1.56909204 * 123,671 @ 488 after 6,795,466 : Time 79.68s : 1552.05 words/s : gNorm 0.5974 : L.r. 2.2883e-04
[2026-07-26 10:22:39] Seen 20,000 samples
[2026-07-26 10:22:39] Starting data epoch 89 in logical epoch 89
[2026-07-26 10:22:39] [data] Shuffling data
[2026-07-26 10:22:39] [data] Done reading 20,000 sentences
[2026-07-26 10:22:39] [data] Done shuffling 20,000 sentences to temp files
[2026-07-26 10:23:22] Seen 20,000 samples
[2026-07-26 10:23:22] Starting data epoch 90 in logical epoch 90
[2026-07-26 10:23:22] [data] Shuffling data
[2026-07-26 10:23:22] [data] Done reading 20,000 sentences
[2026-07-26 10:23:22] [data] Done shuffling 20,000 sentences to temp files
[2026-07-26 10:23:46] Ep. 90 : Up. 28000 : Sen. 9,152 : Cost 1.49284029 * 124,080 @ 384 after 6,919,546 : Time 74.83s : 1658.10 words/s : gNorm 0.4443 : L.r. 2.2678e-04
[2026-07-26 10:24:11] Seen 20,000 samples
[2026-07-26 10:24:11] Starting data epoch 91 in logical epoch 91
[2026-07-26 10:24:11] [data] Shuffling data
[2026-07-26 10:24:11] [data] Done reading 20,000 sentences
[2026-07-26 10:24:11] [data] Done shuffling 20,000 sentences to temp files
[2026-07-26 10:24:59] Seen 20,000 samples
[2026-07-26 10:24:59] Starting data epoch 92 in logical epoch 92
[2026-07-26 10:24:59] [data] Shuffling data
[2026-07-26 10:24:59] [data] Done reading 20,000 sentences
[2026-07-26 10:24:59] [data] Done shuffling 20,000 sentences to temp files
[2026-07-26 10:25:01] Ep. 92 : Up. 28500 : Sen. 1,088 : Cost 1.52483225 * 122,742 @ 320 after 7,042,288 : Time 75.41s : 1627.70 words/s : gNorm 0.4255 : L.r. 2.2478e-04
[2026-07-26 10:25:47] Seen 20,000 samples
[2026-07-26 10:25:47] Starting data epoch 93 in logical epoch 93
[2026-07-26 10:25:47] [data] Shuffling data
[2026-07-26 10:25:48] [data] Done reading 20,000 sentences
[2026-07-26 10:25:48] [data] Done shuffling 20,000 sentences to temp files
[2026-07-26 10:26:16] Ep. 93 : Up. 29000 : Sen. 13,056 : Cost 1.52109945 * 123,885 @ 256 after 7,166,173 : Time 74.23s : 1668.87 words/s : gNorm 0.5119 : L.r. 2.2283e-04
[2026-07-26 10:26:31] Seen 20,000 samples
[2026-07-26 10:26:31] Starting data epoch 94 in logical epoch 94
[2026-07-26 10:26:31] [data] Shuffling data
[2026-07-26 10:26:31] [data] Done reading 20,000 sentences
[2026-07-26 10:26:31] [data] Done shuffling 20,000 sentences to temp files
[2026-07-26 10:27:17] Seen 20,000 samples
[2026-07-26 10:27:17] Starting data epoch 95 in logical epoch 95
[2026-07-26 10:27:17] [data] Shuffling data
[2026-07-26 10:27:17] [data] Done reading 20,000 sentences
[2026-07-26 10:27:17] [data] Done shuffling 20,000 sentences to temp files
[2026-07-26 10:27:28] Ep. 95 : Up. 29500 : Sen. 4,992 : Cost 1.50077832 * 123,774 @ 320 after 7,289,947 : Time 72.16s : 1715.25 words/s : gNorm 0.4579 : L.r. 2.2094e-04
[2026-07-26 10:28:00] Seen 20,000 samples
[2026-07-26 10:28:00] Starting data epoch 96 in logical epoch 96
[2026-07-26 10:28:00] [data] Shuffling data
[2026-07-26 10:28:00] [data] Done reading 20,000 sentences
[2026-07-26 10:28:00] [data] Done shuffling 20,000 sentences to temp files
[2026-07-26 10:28:39] Ep. 96 : Up. 30000 : Sen. 16,960 : Cost 1.54879653 * 123,639 @ 192 after 7,413,586 : Time 71.00s : 1741.44 words/s : gNorm 0.5366 : L.r. 2.1909e-04
[2026-07-26 10:28:39] Saving model weights and runtime parameters to /d/Job_Requirements/PracticalProjectsFromDrYe/AIE-F/assignment-submission/class-22/TheinGiKyaw_Assignment7/model.seq2seq.regularized_decode.phmy/model.npz
[2026-07-26 10:28:41] Saving Adam parameters
[2026-07-26 10:28:41] [training] Saving training checkpoint to /d/Job_Requirements/PracticalProjectsFromDrYe/AIE-F/assignment-submission/class-22/TheinGiKyaw_Assignment7/model.seq2seq.regularized_decode.phmy/model.npz and /d/Job_Requirements/PracticalProjectsFromDrYe/AIE-F/assignment-submission/class-22/TheinGiKyaw_Assignment7/model.seq2seq.regularized_decode.phmy/model.npz.optimizer.npz
[2026-07-26 10:28:48] [valid] Ep. 96 : Up. 30000 : cross-entropy : 2.50694 : stalled 5 times (last best: 2.25668)
[2026-07-26 10:28:50] [valid] Ep. 96 : Up. 30000 : perplexity : 1.91986 : stalled 5 times (last best: 1.79884)
[2026-07-26 10:28:51] [valid] Ep. 96 : Up. 30000 : bleu : 76.681 : stalled 1 times (last best: 76.7492)
[2026-07-26 10:28:56] Seen 20,000 samples
[2026-07-26 10:28:56] Starting data epoch 97 in logical epoch 97
[2026-07-26 10:28:56] [data] Shuffling data
[2026-07-26 10:28:56] [data] Done reading 20,000 sentences
[2026-07-26 10:28:56] [data] Done shuffling 20,000 sentences to temp files
[2026-07-26 10:29:35] Seen 20,000 samples
[2026-07-26 10:29:35] Starting data epoch 98 in logical epoch 98
[2026-07-26 10:29:35] [data] Shuffling data
[2026-07-26 10:29:35] [data] Done reading 20,000 sentences
[2026-07-26 10:29:35] [data] Done shuffling 20,000 sentences to temp files
[2026-07-26 10:29:54] Ep. 98 : Up. 30500 : Sen. 8,896 : Cost 1.50907528 * 123,493 @ 320 after 7,537,079 : Time 74.91s : 1648.46 words/s : gNorm 0.4625 : L.r. 2.1729e-04
[2026-07-26 10:30:18] Seen 20,000 samples
[2026-07-26 10:30:18] Starting data epoch 99 in logical epoch 99
[2026-07-26 10:30:18] [data] Shuffling data
[2026-07-26 10:30:18] [data] Done reading 20,000 sentences
[2026-07-26 10:30:18] [data] Done shuffling 20,000 sentences to temp files
[2026-07-26 10:31:01] Seen 20,000 samples
[2026-07-26 10:31:01] Starting data epoch 100 in logical epoch 100
[2026-07-26 10:31:01] [data] Shuffling data
[2026-07-26 10:31:01] [data] Done reading 20,000 sentences
[2026-07-26 10:31:01] [data] Done shuffling 20,000 sentences to temp files
[2026-07-26 10:31:02] Ep. 100 : Up. 31000 : Sen. 832 : Cost 1.53824544 * 123,148 @ 192 after 7,660,227 : Time 68.44s : 1799.29 words/s : gNorm 0.4596 : L.r. 2.1553e-04
[2026-07-26 10:31:43] Seen 20,000 samples
[2026-07-26 10:31:43] Starting data epoch 101 in logical epoch 101
[2026-07-26 10:31:43] [data] Shuffling data
[2026-07-26 10:31:43] [data] Done reading 20,000 sentences
[2026-07-26 10:31:43] [data] Done shuffling 20,000 sentences to temp files
[2026-07-26 10:32:12] Ep. 101 : Up. 31500 : Sen. 12,800 : Cost 1.52660525 * 123,871 @ 256 after 7,784,098 : Time 70.17s : 1765.34 words/s : gNorm 0.4499 : L.r. 2.1381e-04
[2026-07-26 10:32:27] Seen 20,000 samples
[2026-07-26 10:32:27] Starting data epoch 102 in logical epoch 102
[2026-07-26 10:32:27] [data] Shuffling data
[2026-07-26 10:32:27] [data] Done reading 20,000 sentences
[2026-07-26 10:32:27] [data] Done shuffling 20,000 sentences to temp files
[2026-07-26 10:33:09] Seen 20,000 samples
[2026-07-26 10:33:09] Starting data epoch 103 in logical epoch 103
[2026-07-26 10:33:09] [data] Shuffling data
[2026-07-26 10:33:09] [data] Done reading 20,000 sentences
[2026-07-26 10:33:09] [data] Done shuffling 20,000 sentences to temp files
[2026-07-26 10:33:19] Ep. 103 : Up. 32000 : Sen. 4,736 : Cost 1.45972526 * 123,549 @ 320 after 7,907,647 : Time 66.70s : 1852.44 words/s : gNorm 0.4183 : L.r. 2.1213e-04
[2026-07-26 10:33:53] Seen 20,000 samples
[2026-07-26 10:33:53] Starting data epoch 104 in logical epoch 104
[2026-07-26 10:33:53] [data] Shuffling data
[2026-07-26 10:33:53] [data] Done reading 20,000 sentences
[2026-07-26 10:33:53] [data] Done shuffling 20,000 sentences to temp files
[2026-07-26 10:34:30] Ep. 104 : Up. 32500 : Sen. 16,704 : Cost 1.45656264 * 123,498 @ 256 after 8,031,145 : Time 71.18s : 1735.01 words/s : gNorm 0.4380 : L.r. 2.1049e-04
[2026-07-26 10:34:37] Seen 20,000 samples
[2026-07-26 10:34:37] Starting data epoch 105 in logical epoch 105
[2026-07-26 10:34:37] [data] Shuffling data
[2026-07-26 10:34:37] [data] Done reading 20,000 sentences
[2026-07-26 10:34:37] [data] Done shuffling 20,000 sentences to temp files
[2026-07-26 10:35:19] Seen 20,000 samples
[2026-07-26 10:35:19] Starting data epoch 106 in logical epoch 106
[2026-07-26 10:35:19] [data] Shuffling data
[2026-07-26 10:35:19] [data] Done reading 20,000 sentences
[2026-07-26 10:35:19] [data] Done shuffling 20,000 sentences to temp files
[2026-07-26 10:35:38] Ep. 106 : Up. 33000 : Sen. 8,640 : Cost 1.46822047 * 123,307 @ 192 after 8,154,452 : Time 67.54s : 1825.71 words/s : gNorm 0.4545 : L.r. 2.0889e-04
[2026-07-26 10:36:02] Seen 20,000 samples
[2026-07-26 10:36:02] Starting data epoch 107 in logical epoch 107
[2026-07-26 10:36:02] [data] Shuffling data
[2026-07-26 10:36:02] [data] Done reading 20,000 sentences
[2026-07-26 10:36:02] [data] Done shuffling 20,000 sentences to temp files
[2026-07-26 10:36:43] Seen 20,000 samples
[2026-07-26 10:36:43] Starting data epoch 108 in logical epoch 108
[2026-07-26 10:36:43] [data] Shuffling data
[2026-07-26 10:36:43] [data] Done reading 20,000 sentences
[2026-07-26 10:36:43] [data] Done shuffling 20,000 sentences to temp files
[2026-07-26 10:36:44] Ep. 108 : Up. 33500 : Sen. 576 : Cost 1.49949110 * 123,608 @ 192 after 8,278,060 : Time 66.66s : 1854.32 words/s : gNorm 0.5141 : L.r. 2.0733e-04
[2026-07-26 10:37:26] Seen 20,000 samples
[2026-07-26 10:37:26] Starting data epoch 109 in logical epoch 109
[2026-07-26 10:37:26] [data] Shuffling data
[2026-07-26 10:37:26] [data] Done reading 20,000 sentences
[2026-07-26 10:37:26] [data] Done shuffling 20,000 sentences to temp files
[2026-07-26 10:37:52] Ep. 109 : Up. 34000 : Sen. 12,544 : Cost 1.46636951 * 123,811 @ 192 after 8,401,871 : Time 67.80s : 1826.22 words/s : gNorm 0.4286 : L.r. 2.0580e-04
[2026-07-26 10:38:08] Seen 20,000 samples
[2026-07-26 10:38:08] Starting data epoch 110 in logical epoch 110
[2026-07-26 10:38:08] [data] Shuffling data
[2026-07-26 10:38:08] [data] Done reading 20,000 sentences
[2026-07-26 10:38:08] [data] Done shuffling 20,000 sentences to temp files
[2026-07-26 10:38:52] Seen 20,000 samples
[2026-07-26 10:38:52] Starting data epoch 111 in logical epoch 111
[2026-07-26 10:38:52] [data] Shuffling data
[2026-07-26 10:38:52] [data] Done reading 20,000 sentences
[2026-07-26 10:38:52] [data] Done shuffling 20,000 sentences to temp files
[2026-07-26 10:39:02] Ep. 111 : Up. 34500 : Sen. 4,480 : Cost 1.51187706 * 123,194 @ 256 after 8,525,065 : Time 69.64s : 1769.07 words/s : gNorm 0.4791 : L.r. 2.0430e-04
[2026-07-26 10:39:34] Seen 20,000 samples
[2026-07-26 10:39:34] Starting data epoch 112 in logical epoch 112
[2026-07-26 10:39:34] [data] Shuffling data
[2026-07-26 10:39:34] [data] Done reading 20,000 sentences
[2026-07-26 10:39:34] [data] Done shuffling 20,000 sentences to temp files
[2026-07-26 10:40:09] Ep. 112 : Up. 35000 : Sen. 16,448 : Cost 1.51237881 * 123,689 @ 384 after 8,648,754 : Time 66.70s : 1854.33 words/s : gNorm 0.4101 : L.r. 2.0284e-04
[2026-07-26 10:40:09] Saving model weights and runtime parameters to /d/Job_Requirements/PracticalProjectsFromDrYe/AIE-F/assignment-submission/class-22/TheinGiKyaw_Assignment7/model.seq2seq.regularized_decode.phmy/model.npz
[2026-07-26 10:40:11] Saving Adam parameters
[2026-07-26 10:40:12] [training] Saving training checkpoint to /d/Job_Requirements/PracticalProjectsFromDrYe/AIE-F/assignment-submission/class-22/TheinGiKyaw_Assignment7/model.seq2seq.regularized_decode.phmy/model.npz and /d/Job_Requirements/PracticalProjectsFromDrYe/AIE-F/assignment-submission/class-22/TheinGiKyaw_Assignment7/model.seq2seq.regularized_decode.phmy/model.npz.optimizer.npz
[2026-07-26 10:40:18] [valid] Ep. 112 : Up. 35000 : cross-entropy : 2.50118 : stalled 6 times (last best: 2.25668)
[2026-07-26 10:40:20] [valid] Ep. 112 : Up. 35000 : perplexity : 1.91699 : stalled 6 times (last best: 1.79884)
[2026-07-26 10:40:22] [valid] Ep. 112 : Up. 35000 : bleu : 76.7155 : stalled 2 times (last best: 76.7492)
[2026-07-26 10:40:27] Seen 20,000 samples
[2026-07-26 10:40:27] Starting data epoch 113 in logical epoch 113
[2026-07-26 10:40:27] [data] Shuffling data
[2026-07-26 10:40:27] [data] Done reading 20,000 sentences
[2026-07-26 10:40:27] [data] Done shuffling 20,000 sentences to temp files
[2026-07-26 10:41:07] Seen 20,000 samples
[2026-07-26 10:41:07] Starting data epoch 114 in logical epoch 114
[2026-07-26 10:41:07] [data] Shuffling data
[2026-07-26 10:41:07] [data] Done reading 20,000 sentences
[2026-07-26 10:41:07] [data] Done shuffling 20,000 sentences to temp files
[2026-07-26 10:41:25] Ep. 114 : Up. 35500 : Sen. 8,384 : Cost 1.50589895 * 123,923 @ 256 after 8,772,677 : Time 75.99s : 1630.70 words/s : gNorm 0.4499 : L.r. 2.0140e-04
[2026-07-26 10:41:48] Seen 20,000 samples
[2026-07-26 10:41:48] Starting data epoch 115 in logical epoch 115
[2026-07-26 10:41:48] [data] Shuffling data
[2026-07-26 10:41:48] [data] Done reading 20,000 sentences
[2026-07-26 10:41:48] [data] Done shuffling 20,000 sentences to temp files
[2026-07-26 10:42:30] Seen 20,000 samples
[2026-07-26 10:42:30] Starting data epoch 116 in logical epoch 116
[2026-07-26 10:42:30] [data] Shuffling data
[2026-07-26 10:42:30] [data] Done reading 20,000 sentences
[2026-07-26 10:42:30] [data] Done shuffling 20,000 sentences to temp files
[2026-07-26 10:42:31] Ep. 116 : Up. 36000 : Sen. 320 : Cost 1.52560997 * 123,086 @ 256 after 8,895,763 : Time 66.23s : 1858.37 words/s : gNorm 0.4923 : L.r. 2.0000e-04
[2026-07-26 10:43:14] Seen 20,000 samples
[2026-07-26 10:43:14] Starting data epoch 117 in logical epoch 117
[2026-07-26 10:43:14] [data] Shuffling data
[2026-07-26 10:43:14] [data] Done reading 20,000 sentences
[2026-07-26 10:43:14] [data] Done shuffling 20,000 sentences to temp files
[2026-07-26 10:43:40] Ep. 117 : Up. 36500 : Sen. 12,288 : Cost 1.46773374 * 123,510 @ 256 after 9,019,273 : Time 69.02s : 1789.54 words/s : gNorm 0.4132 : L.r. 1.9863e-04
[2026-07-26 10:43:57] Seen 20,000 samples
[2026-07-26 10:43:57] Starting data epoch 118 in logical epoch 118
[2026-07-26 10:43:57] [data] Shuffling data
[2026-07-26 10:43:57] [data] Done reading 20,000 sentences
[2026-07-26 10:43:57] [data] Done shuffling 20,000 sentences to temp files
[2026-07-26 10:44:42] Seen 20,000 samples
[2026-07-26 10:44:42] Starting data epoch 119 in logical epoch 119
[2026-07-26 10:44:42] [data] Shuffling data
[2026-07-26 10:44:42] [data] Done reading 20,000 sentences
[2026-07-26 10:44:42] [data] Done shuffling 20,000 sentences to temp files
[2026-07-26 10:44:50] Ep. 119 : Up. 37000 : Sen. 4,224 : Cost 1.49491978 * 123,645 @ 192 after 9,142,918 : Time 70.12s : 1763.24 words/s : gNorm 0.4274 : L.r. 1.9728e-04
[2026-07-26 10:45:23] Seen 20,000 samples
[2026-07-26 10:45:23] Starting data epoch 120 in logical epoch 120
[2026-07-26 10:45:23] [data] Shuffling data
[2026-07-26 10:45:23] [data] Done reading 20,000 sentences
[2026-07-26 10:45:23] [data] Done shuffling 20,000 sentences to temp files
[2026-07-26 10:45:56] Ep. 120 : Up. 37500 : Sen. 16,192 : Cost 1.51745164 * 123,926 @ 423 after 9,266,844 : Time 65.84s : 1882.28 words/s : gNorm 0.4255 : L.r. 1.9596e-04
[2026-07-26 10:46:04] Seen 20,000 samples
[2026-07-26 10:46:04] Starting data epoch 121 in logical epoch 121
[2026-07-26 10:46:04] [data] Shuffling data
[2026-07-26 10:46:04] [data] Done reading 20,000 sentences
[2026-07-26 10:46:04] [data] Done shuffling 20,000 sentences to temp files
[2026-07-26 10:46:45] Seen 20,000 samples
[2026-07-26 10:46:45] Starting data epoch 122 in logical epoch 122
[2026-07-26 10:46:45] [data] Shuffling data
[2026-07-26 10:46:46] [data] Done reading 20,000 sentences
[2026-07-26 10:46:46] [data] Done shuffling 20,000 sentences to temp files
[2026-07-26 10:47:02] Ep. 122 : Up. 38000 : Sen. 8,128 : Cost 1.42405355 * 123,290 @ 256 after 9,390,134 : Time 66.50s : 1853.96 words/s : gNorm 0.4130 : L.r. 1.9467e-04
[2026-07-26 10:47:26] Seen 20,000 samples
[2026-07-26 10:47:26] Starting data epoch 123 in logical epoch 123
[2026-07-26 10:47:26] [data] Shuffling data
[2026-07-26 10:47:26] [data] Done reading 20,000 sentences
[2026-07-26 10:47:26] [data] Done shuffling 20,000 sentences to temp files
[2026-07-26 10:48:06] Seen 20,000 samples
[2026-07-26 10:48:06] Starting data epoch 124 in logical epoch 124
[2026-07-26 10:48:06] [data] Shuffling data
[2026-07-26 10:48:06] [data] Done reading 20,000 sentences
[2026-07-26 10:48:06] [data] Done shuffling 20,000 sentences to temp files
[2026-07-26 10:48:06] Ep. 124 : Up. 38500 : Sen. 64 : Cost 1.48848271 * 123,557 @ 256 after 9,513,691 : Time 63.68s : 1940.40 words/s : gNorm 0.5280 : L.r. 1.9340e-04
[2026-07-26 10:48:46] Seen 20,000 samples
[2026-07-26 10:48:46] Starting data epoch 125 in logical epoch 125
[2026-07-26 10:48:46] [data] Shuffling data
[2026-07-26 10:48:46] [data] Done reading 20,000 sentences
[2026-07-26 10:48:46] [data] Done shuffling 20,000 sentences to temp files
[2026-07-26 10:49:10] Ep. 125 : Up. 39000 : Sen. 12,032 : Cost 1.50348461 * 123,670 @ 192 after 9,637,361 : Time 63.58s : 1945.03 words/s : gNorm 0.4590 : L.r. 1.9215e-04
[2026-07-26 10:49:25] Seen 20,000 samples
[2026-07-26 10:49:25] Starting data epoch 126 in logical epoch 126
[2026-07-26 10:49:25] [data] Shuffling data
[2026-07-26 10:49:25] [data] Done reading 20,000 sentences
[2026-07-26 10:49:25] [data] Done shuffling 20,000 sentences to temp files
[2026-07-26 10:50:05] Seen 20,000 samples
[2026-07-26 10:50:05] Starting data epoch 127 in logical epoch 127
[2026-07-26 10:50:05] [data] Shuffling data
[2026-07-26 10:50:05] [data] Done reading 20,000 sentences
[2026-07-26 10:50:05] [data] Done shuffling 20,000 sentences to temp files
[2026-07-26 10:50:13] Ep. 127 : Up. 39500 : Sen. 3,968 : Cost 1.47489417 * 123,862 @ 192 after 9,761,223 : Time 63.31s : 1956.44 words/s : gNorm 0.4119 : L.r. 1.9093e-04
[2026-07-26 10:50:44] Seen 20,000 samples
[2026-07-26 10:50:44] Starting data epoch 128 in logical epoch 128
[2026-07-26 10:50:44] [data] Shuffling data
[2026-07-26 10:50:44] [data] Done reading 20,000 sentences
[2026-07-26 10:50:44] [data] Done shuffling 20,000 sentences to temp files
[2026-07-26 10:51:17] Ep. 128 : Up. 40000 : Sen. 15,936 : Cost 1.49529958 * 123,388 @ 192 after 9,884,611 : Time 63.90s : 1930.91 words/s : gNorm 0.4057 : L.r. 1.8974e-04
[2026-07-26 10:51:17] Saving model weights and runtime parameters to /d/Job_Requirements/PracticalProjectsFromDrYe/AIE-F/assignment-submission/class-22/TheinGiKyaw_Assignment7/model.seq2seq.regularized_decode.phmy/model.npz
[2026-07-26 10:51:19] Saving Adam parameters
[2026-07-26 10:51:20] [training] Saving training checkpoint to /d/Job_Requirements/PracticalProjectsFromDrYe/AIE-F/assignment-submission/class-22/TheinGiKyaw_Assignment7/model.seq2seq.regularized_decode.phmy/model.npz and /d/Job_Requirements/PracticalProjectsFromDrYe/AIE-F/assignment-submission/class-22/TheinGiKyaw_Assignment7/model.seq2seq.regularized_decode.phmy/model.npz.optimizer.npz
[2026-07-26 10:51:27] [valid] Ep. 128 : Up. 40000 : cross-entropy : 2.47272 : stalled 7 times (last best: 2.25668)
[2026-07-26 10:51:29] [valid] Ep. 128 : Up. 40000 : perplexity : 1.90285 : stalled 7 times (last best: 1.79884)
[2026-07-26 10:51:31] Saving model weights and runtime parameters to /d/Job_Requirements/PracticalProjectsFromDrYe/AIE-F/assignment-submission/class-22/TheinGiKyaw_Assignment7/model.seq2seq.regularized_decode.phmy/model.npz.best-bleu.npz
[2026-07-26 10:51:33] [valid] Ep. 128 : Up. 40000 : bleu : 77.2732 : new best
[2026-07-26 10:51:41] Seen 20,000 samples
[2026-07-26 10:51:41] Starting data epoch 129 in logical epoch 129
[2026-07-26 10:51:41] [data] Shuffling data
[2026-07-26 10:51:41] [data] Done reading 20,000 sentences
[2026-07-26 10:51:41] [data] Done shuffling 20,000 sentences to temp files
[2026-07-26 10:52:19] Seen 20,000 samples
[2026-07-26 10:52:19] Starting data epoch 130 in logical epoch 130
[2026-07-26 10:52:19] [data] Shuffling data
[2026-07-26 10:52:19] [data] Done reading 20,000 sentences
[2026-07-26 10:52:19] [data] Done shuffling 20,000 sentences to temp files
[2026-07-26 10:52:37] Ep. 130 : Up. 40500 : Sen. 7,872 : Cost 1.49891543 * 123,066 @ 192 after 10,007,677 : Time 80.69s : 1525.13 words/s : gNorm 0.4306 : L.r. 1.8856e-04
[2026-07-26 10:53:04] Seen 20,000 samples
[2026-07-26 10:53:04] Starting data epoch 131 in logical epoch 131
[2026-07-26 10:53:04] [data] Shuffling data
[2026-07-26 10:53:04] [data] Done reading 20,000 sentences
[2026-07-26 10:53:05] [data] Done shuffling 20,000 sentences to temp files
[2026-07-26 10:53:49] Ep. 131 : Up. 41000 : Sen. 19,808 : Cost 1.44282138 * 123,648 @ 192 after 10,131,325 : Time 71.02s : 1741.08 words/s : gNorm 0.4480 : L.r. 1.8741e-04
[2026-07-26 10:53:49] Seen 20,000 samples
[2026-07-26 10:53:49] Starting data epoch 132 in logical epoch 132
[2026-07-26 10:53:49] [data] Shuffling data
[2026-07-26 10:53:49] [data] Done reading 20,000 sentences
[2026-07-26 10:53:49] [data] Done shuffling 20,000 sentences to temp files
[2026-07-26 10:54:41] Seen 20,000 samples
[2026-07-26 10:54:41] Starting data epoch 133 in logical epoch 133
[2026-07-26 10:54:41] [data] Shuffling data
[2026-07-26 10:54:41] [data] Done reading 20,000 sentences
[2026-07-26 10:54:41] [data] Done shuffling 20,000 sentences to temp files
[2026-07-26 10:55:08] Ep. 133 : Up. 41500 : Sen. 11,776 : Cost 1.44633722 * 123,782 @ 384 after 10,255,107 : Time 79.01s : 1566.61 words/s : gNorm 0.4092 : L.r. 1.8628e-04
[2026-07-26 10:55:25] Seen 20,000 samples
[2026-07-26 10:55:25] Starting data epoch 134 in logical epoch 134
[2026-07-26 10:55:25] [data] Shuffling data
[2026-07-26 10:55:25] [data] Done reading 20,000 sentences
[2026-07-26 10:55:25] [data] Done shuffling 20,000 sentences to temp files
[2026-07-26 10:56:07] Seen 20,000 samples
[2026-07-26 10:56:07] Starting data epoch 135 in logical epoch 135
[2026-07-26 10:56:07] [data] Shuffling data
[2026-07-26 10:56:07] [data] Done reading 20,000 sentences
[2026-07-26 10:56:07] [data] Done shuffling 20,000 sentences to temp files
[2026-07-26 10:56:16] Ep. 135 : Up. 42000 : Sen. 3,712 : Cost 1.52021170 * 123,499 @ 320 after 10,378,606 : Time 68.56s : 1801.29 words/s : gNorm 0.4488 : L.r. 1.8516e-04
[2026-07-26 10:56:54] Seen 20,000 samples
[2026-07-26 10:56:54] Starting data epoch 136 in logical epoch 136
[2026-07-26 10:56:54] [data] Shuffling data
[2026-07-26 10:56:54] [data] Done reading 20,000 sentences
[2026-07-26 10:56:55] [data] Done shuffling 20,000 sentences to temp files
[2026-07-26 10:57:30] Ep. 136 : Up. 42500 : Sen. 15,680 : Cost 1.45455980 * 123,573 @ 192 after 10,502,179 : Time 74.09s : 1667.95 words/s : gNorm 0.4022 : L.r. 1.8407e-04
[2026-07-26 10:57:40] Seen 20,000 samples
[2026-07-26 10:57:40] Starting data epoch 137 in logical epoch 137
[2026-07-26 10:57:40] [data] Shuffling data
[2026-07-26 10:57:40] [data] Done reading 20,000 sentences
[2026-07-26 10:57:40] [data] Done shuffling 20,000 sentences to temp files
[2026-07-26 10:58:24] Seen 20,000 samples
[2026-07-26 10:58:24] Starting data epoch 138 in logical epoch 138
[2026-07-26 10:58:24] [data] Shuffling data
[2026-07-26 10:58:24] [data] Done reading 20,000 sentences
[2026-07-26 10:58:24] [data] Done shuffling 20,000 sentences to temp files
[2026-07-26 10:58:42] Ep. 138 : Up. 43000 : Sen. 7,616 : Cost 1.47652531 * 123,561 @ 192 after 10,625,740 : Time 71.84s : 1719.99 words/s : gNorm 0.4142 : L.r. 1.8300e-04
[2026-07-26 10:59:09] Seen 20,000 samples
[2026-07-26 10:59:09] Starting data epoch 139 in logical epoch 139
[2026-07-26 10:59:09] [data] Shuffling data
[2026-07-26 10:59:09] [data] Done reading 20,000 sentences
[2026-07-26 10:59:09] [data] Done shuffling 20,000 sentences to temp files
[2026-07-26 10:59:53] Ep. 139 : Up. 43500 : Sen. 19,584 : Cost 1.46225214 * 123,622 @ 192 after 10,749,362 : Time 71.36s : 1732.48 words/s : gNorm 0.4471 : L.r. 1.8194e-04
[2026-07-26 10:59:54] Seen 20,000 samples
[2026-07-26 10:59:54] Starting data epoch 140 in logical epoch 140
[2026-07-26 10:59:54] [data] Shuffling data
[2026-07-26 10:59:54] [data] Done reading 20,000 sentences
[2026-07-26 10:59:54] [data] Done shuffling 20,000 sentences to temp files
[2026-07-26 11:00:40] Seen 20,000 samples
[2026-07-26 11:00:40] Starting data epoch 141 in logical epoch 141
[2026-07-26 11:00:40] [data] Shuffling data
[2026-07-26 11:00:40] [data] Done reading 20,000 sentences
[2026-07-26 11:00:40] [data] Done shuffling 20,000 sentences to temp files
[2026-07-26 11:01:06] Ep. 141 : Up. 44000 : Sen. 11,520 : Cost 1.46659708 * 123,807 @ 192 after 10,873,169 : Time 72.22s : 1714.32 words/s : gNorm 0.3879 : L.r. 1.8091e-04
[2026-07-26 11:01:23] Seen 20,000 samples
[2026-07-26 11:01:23] Starting data epoch 142 in logical epoch 142
[2026-07-26 11:01:23] [data] Shuffling data
[2026-07-26 11:01:23] [data] Done reading 20,000 sentences
[2026-07-26 11:01:24] [data] Done shuffling 20,000 sentences to temp files
[2026-07-26 11:02:06] Seen 20,000 samples
[2026-07-26 11:02:06] Starting data epoch 143 in logical epoch 143
[2026-07-26 11:02:06] [data] Shuffling data
[2026-07-26 11:02:06] [data] Done reading 20,000 sentences
[2026-07-26 11:02:06] [data] Done shuffling 20,000 sentences to temp files
[2026-07-26 11:02:15] Ep. 143 : Up. 44500 : Sen. 3,456 : Cost 1.50567305 * 124,055 @ 320 after 10,997,224 : Time 69.67s : 1780.73 words/s : gNorm 0.4433 : L.r. 1.7989e-04
[2026-07-26 11:02:53] Seen 20,000 samples
[2026-07-26 11:02:53] Starting data epoch 144 in logical epoch 144
[2026-07-26 11:02:53] [data] Shuffling data
[2026-07-26 11:02:53] [data] Done reading 20,000 sentences
[2026-07-26 11:02:53] [data] Done shuffling 20,000 sentences to temp files
[2026-07-26 11:03:28] Ep. 144 : Up. 45000 : Sen. 15,424 : Cost 1.44275713 * 123,092 @ 351 after 11,120,316 : Time 73.21s : 1681.33 words/s : gNorm 0.3324 : L.r. 1.7889e-04
[2026-07-26 11:03:28] Saving model weights and runtime parameters to /d/Job_Requirements/PracticalProjectsFromDrYe/AIE-F/assignment-submission/class-22/TheinGiKyaw_Assignment7/model.seq2seq.regularized_decode.phmy/model.npz
[2026-07-26 11:03:33] Saving Adam parameters
[2026-07-26 11:03:34] [training] Saving training checkpoint to /d/Job_Requirements/PracticalProjectsFromDrYe/AIE-F/assignment-submission/class-22/TheinGiKyaw_Assignment7/model.seq2seq.regularized_decode.phmy/model.npz and /d/Job_Requirements/PracticalProjectsFromDrYe/AIE-F/assignment-submission/class-22/TheinGiKyaw_Assignment7/model.seq2seq.regularized_decode.phmy/model.npz.optimizer.npz
[2026-07-26 11:03:43] [valid] Ep. 144 : Up. 45000 : cross-entropy : 2.47457 : stalled 8 times (last best: 2.25668)
[2026-07-26 11:03:45] [valid] Ep. 144 : Up. 45000 : perplexity : 1.90377 : stalled 8 times (last best: 1.79884)
[2026-07-26 11:03:47] Saving model weights and runtime parameters to /d/Job_Requirements/PracticalProjectsFromDrYe/AIE-F/assignment-submission/class-22/TheinGiKyaw_Assignment7/model.seq2seq.regularized_decode.phmy/model.npz.best-bleu.npz
[2026-07-26 11:03:49] [valid] Ep. 144 : Up. 45000 : bleu : 77.763 : new best
[2026-07-26 11:03:57] Seen 20,000 samples
[2026-07-26 11:03:57] Starting data epoch 145 in logical epoch 145
[2026-07-26 11:03:57] [data] Shuffling data
[2026-07-26 11:03:57] [data] Done reading 20,000 sentences
[2026-07-26 11:03:57] [data] Done shuffling 20,000 sentences to temp files
[2026-07-26 11:04:42] Seen 20,000 samples
[2026-07-26 11:04:42] Starting data epoch 146 in logical epoch 146
[2026-07-26 11:04:42] [data] Shuffling data
[2026-07-26 11:04:42] [data] Done reading 20,000 sentences
[2026-07-26 11:04:42] [data] Done shuffling 20,000 sentences to temp files
[2026-07-26 11:04:59] Ep. 146 : Up. 45500 : Sen. 7,360 : Cost 1.46718371 * 123,709 @ 320 after 11,244,025 : Time 90.57s : 1365.96 words/s : gNorm 0.4267 : L.r. 1.7790e-04
[2026-07-26 11:05:27] Seen 20,000 samples
[2026-07-26 11:05:27] Starting data epoch 147 in logical epoch 147
[2026-07-26 11:05:27] [data] Shuffling data
[2026-07-26 11:05:27] [data] Done reading 20,000 sentences
[2026-07-26 11:05:27] [data] Done shuffling 20,000 sentences to temp files
[2026-07-26 11:06:12] Ep. 147 : Up. 46000 : Sen. 19,328 : Cost 1.46346366 * 123,173 @ 372 after 11,367,198 : Time 72.73s : 1693.58 words/s : gNorm 0.3753 : L.r. 1.7693e-04
[2026-07-26 11:06:13] Seen 20,000 samples
[2026-07-26 11:06:13] Starting data epoch 148 in logical epoch 148
[2026-07-26 11:06:13] [data] Shuffling data
[2026-07-26 11:06:13] [data] Done reading 20,000 sentences
[2026-07-26 11:06:14] [data] Done shuffling 20,000 sentences to temp files
[2026-07-26 11:06:58] Seen 20,000 samples
[2026-07-26 11:06:58] Starting data epoch 149 in logical epoch 149
[2026-07-26 11:06:58] [data] Shuffling data
[2026-07-26 11:06:58] [data] Done reading 20,000 sentences
[2026-07-26 11:06:58] [data] Done shuffling 20,000 sentences to temp files
[2026-07-26 11:07:24] Ep. 149 : Up. 46500 : Sen. 11,264 : Cost 1.48885310 * 123,532 @ 192 after 11,490,730 : Time 72.48s : 1704.45 words/s : gNorm 0.4632 : L.r. 1.7598e-04
[2026-07-26 11:07:44] Seen 20,000 samples
[2026-07-26 11:07:44] Starting data epoch 150 in logical epoch 150
[2026-07-26 11:07:44] [data] Shuffling data
[2026-07-26 11:07:44] [data] Done reading 20,000 sentences
[2026-07-26 11:07:44] [data] Done shuffling 20,000 sentences to temp files
[2026-07-26 11:08:29] Seen 20,000 samples
[2026-07-26 11:08:29] Starting data epoch 151 in logical epoch 151
[2026-07-26 11:08:29] [data] Shuffling data
[2026-07-26 11:08:29] [data] Done reading 20,000 sentences
[2026-07-26 11:08:29] [data] Done shuffling 20,000 sentences to temp files
[2026-07-26 11:08:36] Ep. 151 : Up. 47000 : Sen. 3,200 : Cost 1.45455015 * 123,332 @ 256 after 11,614,062 : Time 72.11s : 1710.40 words/s : gNorm 0.3986 : L.r. 1.7504e-04
[2026-07-26 11:09:12] Seen 20,000 samples
[2026-07-26 11:09:12] Starting data epoch 152 in logical epoch 152
[2026-07-26 11:09:12] [data] Shuffling data
[2026-07-26 11:09:12] [data] Done reading 20,000 sentences
[2026-07-26 11:09:12] [data] Done shuffling 20,000 sentences to temp files
[2026-07-26 11:09:46] Ep. 152 : Up. 47500 : Sen. 15,168 : Cost 1.48047054 * 123,522 @ 320 after 11,737,584 : Time 70.05s : 1763.29 words/s : gNorm 0.4140 : L.r. 1.7411e-04
[2026-07-26 11:09:57] Seen 20,000 samples
[2026-07-26 11:09:57] Starting data epoch 153 in logical epoch 153
[2026-07-26 11:09:57] [data] Shuffling data
[2026-07-26 11:09:57] [data] Done reading 20,000 sentences
[2026-07-26 11:09:58] [data] Done shuffling 20,000 sentences to temp files
[2026-07-26 11:10:43] Seen 20,000 samples
[2026-07-26 11:10:43] Starting data epoch 154 in logical epoch 154
[2026-07-26 11:10:43] [data] Shuffling data
[2026-07-26 11:10:43] [data] Done reading 20,000 sentences
[2026-07-26 11:10:43] [data] Done shuffling 20,000 sentences to temp files
[2026-07-26 11:10:59] Ep. 154 : Up. 48000 : Sen. 7,104 : Cost 1.43457532 * 123,513 @ 192 after 11,861,097 : Time 72.46s : 1704.63 words/s : gNorm 0.4249 : L.r. 1.7321e-04
[2026-07-26 11:11:28] Seen 20,000 samples
[2026-07-26 11:11:28] Starting data epoch 155 in logical epoch 155
[2026-07-26 11:11:28] [data] Shuffling data
[2026-07-26 11:11:28] [data] Done reading 20,000 sentences
[2026-07-26 11:11:28] [data] Done shuffling 20,000 sentences to temp files
[2026-07-26 11:12:10] Ep. 155 : Up. 48500 : Sen. 19,072 : Cost 1.47218359 * 123,586 @ 192 after 11,984,683 : Time 71.48s : 1728.94 words/s : gNorm 0.4572 : L.r. 1.7231e-04
[2026-07-26 11:12:12] Seen 20,000 samples
[2026-07-26 11:12:12] Starting data epoch 156 in logical epoch 156
[2026-07-26 11:12:12] [data] Shuffling data
[2026-07-26 11:12:12] [data] Done reading 20,000 sentences
[2026-07-26 11:12:13] [data] Done shuffling 20,000 sentences to temp files
[2026-07-26 11:12:59] Seen 20,000 samples
[2026-07-26 11:12:59] Starting data epoch 157 in logical epoch 157
[2026-07-26 11:12:59] [data] Shuffling data
[2026-07-26 11:12:59] [data] Done reading 20,000 sentences
[2026-07-26 11:12:59] [data] Done shuffling 20,000 sentences to temp files
[2026-07-26 11:13:27] Ep. 157 : Up. 49000 : Sen. 11,008 : Cost 1.45408130 * 123,607 @ 320 after 12,108,290 : Time 76.80s : 1609.54 words/s : gNorm 0.3265 : L.r. 1.7143e-04
[2026-07-26 11:13:46] Seen 20,000 samples
[2026-07-26 11:13:46] Starting data epoch 158 in logical epoch 158
[2026-07-26 11:13:46] [data] Shuffling data
[2026-07-26 11:13:46] [data] Done reading 20,000 sentences
[2026-07-26 11:13:46] [data] Done shuffling 20,000 sentences to temp files
[2026-07-26 11:14:31] Seen 20,000 samples
[2026-07-26 11:14:31] Starting data epoch 159 in logical epoch 159
[2026-07-26 11:14:31] [data] Shuffling data
[2026-07-26 11:14:31] [data] Done reading 20,000 sentences
[2026-07-26 11:14:31] [data] Done shuffling 20,000 sentences to temp files
[2026-07-26 11:14:40] Ep. 159 : Up. 49500 : Sen. 2,944 : Cost 1.45972073 * 122,965 @ 192 after 12,231,255 : Time 72.53s : 1695.31 words/s : gNorm 0.4274 : L.r. 1.7056e-04
[2026-07-26 11:15:21] Seen 20,000 samples
[2026-07-26 11:15:21] Starting data epoch 160 in logical epoch 160
[2026-07-26 11:15:21] [data] Shuffling data
[2026-07-26 11:15:21] [data] Done reading 20,000 sentences
[2026-07-26 11:15:21] [data] Done shuffling 20,000 sentences to temp files
[2026-07-26 11:15:54] Ep. 160 : Up. 50000 : Sen. 14,912 : Cost 1.43949080 * 124,309 @ 192 after 12,355,564 : Time 74.41s : 1670.62 words/s : gNorm 0.4360 : L.r. 1.6971e-04
[2026-07-26 11:15:54] Saving model weights and runtime parameters to /d/Job_Requirements/PracticalProjectsFromDrYe/AIE-F/assignment-submission/class-22/TheinGiKyaw_Assignment7/model.seq2seq.regularized_decode.phmy/model.npz
[2026-07-26 11:15:59] Saving Adam parameters
[2026-07-26 11:15:59] [training] Saving training checkpoint to /d/Job_Requirements/PracticalProjectsFromDrYe/AIE-F/assignment-submission/class-22/TheinGiKyaw_Assignment7/model.seq2seq.regularized_decode.phmy/model.npz and /d/Job_Requirements/PracticalProjectsFromDrYe/AIE-F/assignment-submission/class-22/TheinGiKyaw_Assignment7/model.seq2seq.regularized_decode.phmy/model.npz.optimizer.npz
[2026-07-26 11:16:08] [valid] Ep. 160 : Up. 50000 : cross-entropy : 2.48179 : stalled 9 times (last best: 2.25668)
[2026-07-26 11:16:10] [valid] Ep. 160 : Up. 50000 : perplexity : 1.90734 : stalled 9 times (last best: 1.79884)
[2026-07-26 11:16:12] [valid] Ep. 160 : Up. 50000 : bleu : 77.4988 : stalled 1 times (last best: 77.763)
[2026-07-26 11:16:22] Seen 20,000 samples
[2026-07-26 11:16:22] Starting data epoch 161 in logical epoch 161
[2026-07-26 11:16:22] [data] Shuffling data
[2026-07-26 11:16:23] [data] Done reading 20,000 sentences
[2026-07-26 11:16:23] [data] Done shuffling 20,000 sentences to temp files
[2026-07-26 11:17:08] Seen 20,000 samples
[2026-07-26 11:17:08] Starting data epoch 162 in logical epoch 162
[2026-07-26 11:17:08] [data] Shuffling data
[2026-07-26 11:17:09] [data] Done reading 20,000 sentences
[2026-07-26 11:17:09] [data] Done shuffling 20,000 sentences to temp files
[2026-07-26 11:17:25] Ep. 162 : Up. 50500 : Sen. 6,848 : Cost 1.42593837 * 123,415 @ 320 after 12,478,979 : Time 91.25s : 1352.47 words/s : gNorm 0.4047 : L.r. 1.6886e-04
[2026-07-26 11:17:55] Seen 20,000 samples
[2026-07-26 11:17:55] Starting data epoch 163 in logical epoch 163
[2026-07-26 11:17:55] [data] Shuffling data
[2026-07-26 11:17:55] [data] Done reading 20,000 sentences
[2026-07-26 11:17:55] [data] Done shuffling 20,000 sentences to temp files
[2026-07-26 11:18:40] Ep. 163 : Up. 51000 : Sen. 18,816 : Cost 1.44800186 * 123,493 @ 256 after 12,602,472 : Time 74.17s : 1665.00 words/s : gNorm 0.3949 : L.r. 1.6803e-04
[2026-07-26 11:18:42] Seen 20,000 samples
[2026-07-26 11:18:42] Starting data epoch 164 in logical epoch 164
[2026-07-26 11:18:42] [data] Shuffling data
[2026-07-26 11:18:42] [data] Done reading 20,000 sentences
[2026-07-26 11:18:42] [data] Done shuffling 20,000 sentences to temp files
[2026-07-26 11:19:29] Seen 20,000 samples
[2026-07-26 11:19:29] Starting data epoch 165 in logical epoch 165
[2026-07-26 11:19:29] [data] Shuffling data
[2026-07-26 11:19:30] [data] Done reading 20,000 sentences
[2026-07-26 11:19:30] [data] Done shuffling 20,000 sentences to temp files
[2026-07-26 11:19:54] Ep. 165 : Up. 51500 : Sen. 10,752 : Cost 1.44145119 * 124,150 @ 256 after 12,726,622 : Time 73.98s : 1678.05 words/s : gNorm 0.3750 : L.r. 1.6722e-04
[2026-07-26 11:20:14] Seen 20,000 samples
[2026-07-26 11:20:14] Starting data epoch 166 in logical epoch 166
[2026-07-26 11:20:14] [data] Shuffling data
[2026-07-26 11:20:14] [data] Done reading 20,000 sentences
[2026-07-26 11:20:14] [data] Done shuffling 20,000 sentences to temp files
[2026-07-26 11:20:57] Seen 20,000 samples
[2026-07-26 11:20:57] Starting data epoch 167 in logical epoch 167
[2026-07-26 11:20:57] [data] Shuffling data
[2026-07-26 11:20:57] [data] Done reading 20,000 sentences
[2026-07-26 11:20:57] [data] Done shuffling 20,000 sentences to temp files
[2026-07-26 11:21:04] Ep. 167 : Up. 52000 : Sen. 2,688 : Cost 1.43354774 * 122,604 @ 192 after 12,849,226 : Time 70.47s : 1739.85 words/s : gNorm 0.3662 : L.r. 1.6641e-04
[2026-07-26 11:21:44] Seen 20,000 samples
[2026-07-26 11:21:44] Starting data epoch 168 in logical epoch 168
[2026-07-26 11:21:44] [data] Shuffling data
[2026-07-26 11:21:44] [data] Done reading 20,000 sentences
[2026-07-26 11:21:44] [data] Done shuffling 20,000 sentences to temp files
[2026-07-26 11:22:18] Ep. 168 : Up. 52500 : Sen. 14,656 : Cost 1.45861232 * 124,283 @ 256 after 12,973,509 : Time 73.75s : 1685.21 words/s : gNorm 0.3727 : L.r. 1.6562e-04
[2026-07-26 11:22:29] Seen 20,000 samples
[2026-07-26 11:22:29] Starting data epoch 169 in logical epoch 169
[2026-07-26 11:22:29] [data] Shuffling data
[2026-07-26 11:22:29] [data] Done reading 20,000 sentences
[2026-07-26 11:22:30] [data] Done shuffling 20,000 sentences to temp files
[2026-07-26 11:23:17] Seen 20,000 samples
[2026-07-26 11:23:17] Starting data epoch 170 in logical epoch 170
[2026-07-26 11:23:17] [data] Shuffling data
[2026-07-26 11:23:17] [data] Done reading 20,000 sentences
[2026-07-26 11:23:17] [data] Done shuffling 20,000 sentences to temp files
[2026-07-26 11:23:33] Ep. 170 : Up. 53000 : Sen. 6,592 : Cost 1.44561851 * 123,162 @ 192 after 13,096,671 : Time 75.47s : 1632.03 words/s : gNorm 0.3673 : L.r. 1.6483e-04
[2026-07-26 11:24:02] Seen 20,000 samples
[2026-07-26 11:24:02] Starting data epoch 171 in logical epoch 171
[2026-07-26 11:24:02] [data] Shuffling data
[2026-07-26 11:24:02] [data] Done reading 20,000 sentences
[2026-07-26 11:24:02] [data] Done shuffling 20,000 sentences to temp files
[2026-07-26 11:24:42] Ep. 171 : Up. 53500 : Sen. 18,560 : Cost 1.44927073 * 123,751 @ 372 after 13,220,422 : Time 68.43s : 1808.32 words/s : gNorm 0.4586 : L.r. 1.6406e-04
[2026-07-26 11:24:45] Seen 20,000 samples
[2026-07-26 11:24:45] Starting data epoch 172 in logical epoch 172
[2026-07-26 11:24:45] [data] Shuffling data
[2026-07-26 11:24:45] [data] Done reading 20,000 sentences
[2026-07-26 11:24:45] [data] Done shuffling 20,000 sentences to temp files
[2026-07-26 11:25:39] Seen 20,000 samples
[2026-07-26 11:25:39] Starting data epoch 173 in logical epoch 173
[2026-07-26 11:25:39] [data] Shuffling data
[2026-07-26 11:25:39] [data] Done reading 20,000 sentences
[2026-07-26 11:25:39] [data] Done shuffling 20,000 sentences to temp files
[2026-07-26 11:26:09] Ep. 173 : Up. 54000 : Sen. 10,496 : Cost 1.43827391 * 123,809 @ 256 after 13,344,231 : Time 87.08s : 1421.85 words/s : gNorm 0.4245 : L.r. 1.6330e-04
[2026-07-26 11:26:33] Seen 20,000 samples
[2026-07-26 11:26:33] Starting data epoch 174 in logical epoch 174
[2026-07-26 11:26:33] [data] Shuffling data
[2026-07-26 11:26:33] [data] Done reading 20,000 sentences
[2026-07-26 11:26:33] [data] Done shuffling 20,000 sentences to temp files
[2026-07-26 11:27:29] Seen 20,000 samples
[2026-07-26 11:27:29] Starting data epoch 175 in logical epoch 175
[2026-07-26 11:27:29] [data] Shuffling data
[2026-07-26 11:27:29] [data] Done reading 20,000 sentences
[2026-07-26 11:27:29] [data] Done shuffling 20,000 sentences to temp files
[2026-07-26 11:27:35] Ep. 175 : Up. 54500 : Sen. 2,432 : Cost 1.45156097 * 123,271 @ 290 after 13,467,502 : Time 86.05s : 1432.52 words/s : gNorm 0.4024 : L.r. 1.6255e-04
[2026-07-26 11:28:22] Seen 20,000 samples
[2026-07-26 11:28:22] Starting data epoch 176 in logical epoch 176
[2026-07-26 11:28:22] [data] Shuffling data
[2026-07-26 11:28:22] [data] Done reading 20,000 sentences
[2026-07-26 11:28:22] [data] Done shuffling 20,000 sentences to temp files
[2026-07-26 11:29:02] Ep. 176 : Up. 55000 : Sen. 14,400 : Cost 1.43519580 * 123,427 @ 192 after 13,590,929 : Time 87.20s : 1415.50 words/s : gNorm 0.4202 : L.r. 1.6181e-04
[2026-07-26 11:29:02] Saving model weights and runtime parameters to /d/Job_Requirements/PracticalProjectsFromDrYe/AIE-F/assignment-submission/class-22/TheinGiKyaw_Assignment7/model.seq2seq.regularized_decode.phmy/model.npz
[2026-07-26 11:29:07] Saving Adam parameters
[2026-07-26 11:29:08] [training] Saving training checkpoint to /d/Job_Requirements/PracticalProjectsFromDrYe/AIE-F/assignment-submission/class-22/TheinGiKyaw_Assignment7/model.seq2seq.regularized_decode.phmy/model.npz and /d/Job_Requirements/PracticalProjectsFromDrYe/AIE-F/assignment-submission/class-22/TheinGiKyaw_Assignment7/model.seq2seq.regularized_decode.phmy/model.npz.optimizer.npz
[2026-07-26 11:29:16] [valid] Ep. 176 : Up. 55000 : cross-entropy : 2.49043 : stalled 10 times (last best: 2.25668)
[2026-07-26 11:29:18] [valid] Ep. 176 : Up. 55000 : perplexity : 1.91163 : stalled 10 times (last best: 1.79884)
[2026-07-26 11:29:20] [valid] Ep. 176 : Up. 55000 : bleu : 77.2384 : stalled 2 times (last best: 77.763)
[2026-07-26 11:29:20] Training finished
[2026-07-26 11:29:20] Saving model weights and runtime parameters to /d/Job_Requirements/PracticalProjectsFromDrYe/AIE-F/assignment-submission/class-22/TheinGiKyaw_Assignment7/model.seq2seq.regularized_decode.phmy/model.npz
[2026-07-26 11:29:24] Saving Adam parameters
[2026-07-26 11:29:24] [training] Saving training checkpoint to /d/Job_Requirements/PracticalProjectsFromDrYe/AIE-F/assignment-submission/class-22/TheinGiKyaw_Assignment7/model.seq2seq.regularized_decode.phmy/model.npz and /d/Job_Requirements/PracticalProjectsFromDrYe/AIE-F/assignment-submission/class-22/TheinGiKyaw_Assignment7/model.seq2seq.regularized_decode.phmy/model.npz.optimizer.npz
[2026-07-26 16:44:46] [marian] Marian v1.12.0 65bf82ff 2023-02-21 09:56:29 -0800
[2026-07-26 16:44:46] [marian] Running on LAPTOP-9DLBHLIH as process 7563 with command line:
[2026-07-26 16:44:46] [marian] /mnt/d/Job_Requirements/PracticalProjectsFromDrYe/marian/build/marian --config /d/Job_Requirements/PracticalProjectsFromDrYe/AIE-F/assignment-submission/class-22/TheinGiKyaw_Assignment7/model.seq2seq.regularized_decode.phmy/config.yml
[2026-07-26 16:44:46] [config] after: 0e
[2026-07-26 16:44:46] [config] after-batches: 0
[2026-07-26 16:44:46] [config] after-epochs: 0
[2026-07-26 16:44:46] [config] all-caps-every: 0
[2026-07-26 16:44:46] [config] allow-unk: false
[2026-07-26 16:44:46] [config] authors: false
[2026-07-26 16:44:46] [config] beam-size: 6
[2026-07-26 16:44:46] [config] bert-class-symbol: "[CLS]"
[2026-07-26 16:44:46] [config] bert-mask-symbol: "[MASK]"
[2026-07-26 16:44:46] [config] bert-masking-fraction: 0.15
[2026-07-26 16:44:46] [config] bert-sep-symbol: "[SEP]"
[2026-07-26 16:44:46] [config] bert-train-type-embeddings: true
[2026-07-26 16:44:46] [config] bert-type-vocab-size: 2
[2026-07-26 16:44:46] [config] build-info: ""
[2026-07-26 16:44:46] [config] check-gradient-nan: false
[2026-07-26 16:44:46] [config] check-nan: false
[2026-07-26 16:44:46] [config] cite: false
[2026-07-26 16:44:46] [config] clip-norm: 5
[2026-07-26 16:44:46] [config] cost-scaling:
[2026-07-26 16:44:46] [config]   []
[2026-07-26 16:44:46] [config] cost-type: ce-sum
[2026-07-26 16:44:46] [config] cpu-threads: 0
[2026-07-26 16:44:46] [config] data-threads: 8
[2026-07-26 16:44:46] [config] data-weighting: ""
[2026-07-26 16:44:46] [config] data-weighting-type: sentence
[2026-07-26 16:44:46] [config] dec-cell: lstm
[2026-07-26 16:44:46] [config] dec-cell-base-depth: 2
[2026-07-26 16:44:46] [config] dec-cell-high-depth: 2
[2026-07-26 16:44:46] [config] dec-depth: 2
[2026-07-26 16:44:46] [config] devices:
[2026-07-26 16:44:46] [config]   - 0
[2026-07-26 16:44:46] [config] dim-emb: 512
[2026-07-26 16:44:46] [config] dim-rnn: 1024
[2026-07-26 16:44:46] [config] dim-vocabs:
[2026-07-26 16:44:46] [config]   - 1851
[2026-07-26 16:44:46] [config]   - 2300
[2026-07-26 16:44:46] [config] disp-first: 0
[2026-07-26 16:44:46] [config] disp-freq: 500
[2026-07-26 16:44:46] [config] disp-label-counts: true
[2026-07-26 16:44:46] [config] dropout-rnn: 0.3
[2026-07-26 16:44:46] [config] dropout-src: 0.3
[2026-07-26 16:44:46] [config] dropout-trg: 0
[2026-07-26 16:44:46] [config] dump-config: ""
[2026-07-26 16:44:46] [config] dynamic-gradient-scaling:
[2026-07-26 16:44:46] [config]   []
[2026-07-26 16:44:46] [config] early-stopping: 10
[2026-07-26 16:44:46] [config] early-stopping-on: first
[2026-07-26 16:44:46] [config] embedding-fix-src: false
[2026-07-26 16:44:46] [config] embedding-fix-trg: false
[2026-07-26 16:44:46] [config] embedding-normalization: false
[2026-07-26 16:44:46] [config] embedding-vectors:
[2026-07-26 16:44:46] [config]   []
[2026-07-26 16:44:46] [config] enc-cell: lstm
[2026-07-26 16:44:46] [config] enc-cell-depth: 2
[2026-07-26 16:44:46] [config] enc-depth: 2
[2026-07-26 16:44:46] [config] enc-type: alternating
[2026-07-26 16:44:46] [config] english-title-case-every: 0
[2026-07-26 16:44:46] [config] exponential-smoothing: 0
[2026-07-26 16:44:46] [config] factor-weight: 1
[2026-07-26 16:44:46] [config] factors-combine: sum
[2026-07-26 16:44:46] [config] factors-dim-emb: 0
[2026-07-26 16:44:46] [config] gradient-checkpointing: false
[2026-07-26 16:44:46] [config] gradient-norm-average-window: 100
[2026-07-26 16:44:46] [config] guided-alignment: none
[2026-07-26 16:44:46] [config] guided-alignment-cost: ce
[2026-07-26 16:44:46] [config] guided-alignment-weight: 0.1
[2026-07-26 16:44:46] [config] ignore-model-config: false
[2026-07-26 16:44:46] [config] input-types:
[2026-07-26 16:44:46] [config]   []
[2026-07-26 16:44:46] [config] interpolate-env-vars: false
[2026-07-26 16:44:46] [config] keep-best: true
[2026-07-26 16:44:46] [config] label-smoothing: 0.1
[2026-07-26 16:44:46] [config] layer-normalization: true
[2026-07-26 16:44:46] [config] learn-rate: 0.0003
[2026-07-26 16:44:46] [config] lemma-dependency: ""
[2026-07-26 16:44:46] [config] lemma-dim-emb: 0
[2026-07-26 16:44:46] [config] log: /d/Job_Requirements/PracticalProjectsFromDrYe/AIE-F/assignment-submission/class-22/TheinGiKyaw_Assignment7/model.seq2seq.regularized_decode.phmy/train.log
[2026-07-26 16:44:46] [config] log-level: info
[2026-07-26 16:44:46] [config] log-time-zone: ""
[2026-07-26 16:44:46] [config] logical-epoch:
[2026-07-26 16:44:46] [config]   - 1e
[2026-07-26 16:44:46] [config]   - 0
[2026-07-26 16:44:46] [config] lr-decay: 0
[2026-07-26 16:44:46] [config] lr-decay-freq: 50000
[2026-07-26 16:44:46] [config] lr-decay-inv-sqrt:
[2026-07-26 16:44:46] [config]   - 16000
[2026-07-26 16:44:46] [config] lr-decay-repeat-warmup: false
[2026-07-26 16:44:46] [config] lr-decay-reset-optimizer: false
[2026-07-26 16:44:46] [config] lr-decay-start:
[2026-07-26 16:44:46] [config]   - 10
[2026-07-26 16:44:46] [config]   - 1
[2026-07-26 16:44:46] [config] lr-decay-strategy: epoch+stalled
[2026-07-26 16:44:46] [config] lr-report: true
[2026-07-26 16:44:46] [config] lr-warmup: 0
[2026-07-26 16:44:46] [config] lr-warmup-at-reload: false
[2026-07-26 16:44:46] [config] lr-warmup-cycle: false
[2026-07-26 16:44:46] [config] lr-warmup-start-rate: 0
[2026-07-26 16:44:46] [config] max-length: 100
[2026-07-26 16:44:46] [config] max-length-crop: false
[2026-07-26 16:44:46] [config] max-length-factor: 3
[2026-07-26 16:44:46] [config] maxi-batch: 100
[2026-07-26 16:44:46] [config] maxi-batch-sort: trg
[2026-07-26 16:44:46] [config] mini-batch: 64
[2026-07-26 16:44:46] [config] mini-batch-fit: false
[2026-07-26 16:44:46] [config] mini-batch-fit-step: 10
[2026-07-26 16:44:46] [config] mini-batch-round-up: true
[2026-07-26 16:44:46] [config] mini-batch-track-lr: false
[2026-07-26 16:44:46] [config] mini-batch-warmup: 0
[2026-07-26 16:44:46] [config] mini-batch-words: 0
[2026-07-26 16:44:46] [config] mini-batch-words-ref: 0
[2026-07-26 16:44:46] [config] model: /d/Job_Requirements/PracticalProjectsFromDrYe/AIE-F/assignment-submission/class-22/TheinGiKyaw_Assignment7/model.seq2seq.regularized_decode.phmy/model.npz
[2026-07-26 16:44:46] [config] multi-loss-type: sum
[2026-07-26 16:44:46] [config] n-best: false
[2026-07-26 16:44:46] [config] no-reload: false
[2026-07-26 16:44:46] [config] no-restore-corpus: false
[2026-07-26 16:44:46] [config] normalize: 0.6
[2026-07-26 16:44:46] [config] normalize-gradient: false
[2026-07-26 16:44:46] [config] num-devices: 0
[2026-07-26 16:44:46] [config] optimizer: adam
[2026-07-26 16:44:46] [config] optimizer-delay: 1
[2026-07-26 16:44:46] [config] optimizer-params:
[2026-07-26 16:44:46] [config]   []
[2026-07-26 16:44:46] [config] output-omit-bias: false
[2026-07-26 16:44:46] [config] overwrite: true
[2026-07-26 16:44:46] [config] precision:
[2026-07-26 16:44:46] [config]   - float32
[2026-07-26 16:44:46] [config]   - float32
[2026-07-26 16:44:46] [config] pretrained-model: ""
[2026-07-26 16:44:46] [config] quantize-biases: false
[2026-07-26 16:44:46] [config] quantize-bits: 0
[2026-07-26 16:44:46] [config] quantize-log-based: false
[2026-07-26 16:44:46] [config] quantize-optimization-steps: 0
[2026-07-26 16:44:46] [config] quiet: false
[2026-07-26 16:44:46] [config] quiet-translation: true
[2026-07-26 16:44:46] [config] relative-paths: false
[2026-07-26 16:44:46] [config] right-left: false
[2026-07-26 16:44:46] [config] save-freq: 5000
[2026-07-26 16:44:46] [config] seed: 1111
[2026-07-26 16:44:46] [config] sentencepiece-alphas:
[2026-07-26 16:44:46] [config]   []
[2026-07-26 16:44:46] [config] sentencepiece-max-lines: 2000000
[2026-07-26 16:44:46] [config] sentencepiece-options: ""
[2026-07-26 16:44:46] [config] shuffle: data
[2026-07-26 16:44:46] [config] shuffle-in-ram: false
[2026-07-26 16:44:46] [config] sigterm: save-and-exit
[2026-07-26 16:44:46] [config] skip: true
[2026-07-26 16:44:46] [config] sqlite: ""
[2026-07-26 16:44:46] [config] sqlite-drop: false
[2026-07-26 16:44:46] [config] sync-sgd: false
[2026-07-26 16:44:46] [config] tempdir: /tmp
[2026-07-26 16:44:46] [config] tied-embeddings: true
[2026-07-26 16:44:46] [config] tied-embeddings-all: false
[2026-07-26 16:44:46] [config] tied-embeddings-src: false
[2026-07-26 16:44:46] [config] train-embedder-rank:
[2026-07-26 16:44:46] [config]   []
[2026-07-26 16:44:46] [config] train-sets:
[2026-07-26 16:44:46] [config]   - /d/Job_Requirements/PracticalProjectsFromDrYe/AIE-F/assignment-submission/class-22/TheinGiKyaw_Assignment7/g2p-par/train.ph
[2026-07-26 16:44:46] [config]   - /d/Job_Requirements/PracticalProjectsFromDrYe/AIE-F/assignment-submission/class-22/TheinGiKyaw_Assignment7/g2p-par/train.my
[2026-07-26 16:44:46] [config] transformer-aan-activation: swish
[2026-07-26 16:44:46] [config] transformer-aan-depth: 2
[2026-07-26 16:44:46] [config] transformer-aan-nogate: false
[2026-07-26 16:44:46] [config] transformer-decoder-autoreg: self-attention
[2026-07-26 16:44:46] [config] transformer-decoder-dim-ffn: 0
[2026-07-26 16:44:46] [config] transformer-decoder-ffn-depth: 0
[2026-07-26 16:44:46] [config] transformer-depth-scaling: false
[2026-07-26 16:44:46] [config] transformer-dim-aan: 2048
[2026-07-26 16:44:46] [config] transformer-dim-ffn: 2048
[2026-07-26 16:44:46] [config] transformer-dropout: 0
[2026-07-26 16:44:46] [config] transformer-dropout-attention: 0
[2026-07-26 16:44:46] [config] transformer-dropout-ffn: 0
[2026-07-26 16:44:46] [config] transformer-ffn-activation: swish
[2026-07-26 16:44:46] [config] transformer-ffn-depth: 2
[2026-07-26 16:44:46] [config] transformer-guided-alignment-layer: last
[2026-07-26 16:44:46] [config] transformer-heads: 8
[2026-07-26 16:44:46] [config] transformer-no-projection: false
[2026-07-26 16:44:46] [config] transformer-pool: false
[2026-07-26 16:44:46] [config] transformer-postprocess: dan
[2026-07-26 16:44:46] [config] transformer-postprocess-emb: d
[2026-07-26 16:44:46] [config] transformer-postprocess-top: ""
[2026-07-26 16:44:46] [config] transformer-preprocess: ""
[2026-07-26 16:44:46] [config] transformer-rnn-projection: false
[2026-07-26 16:44:46] [config] transformer-tied-layers:
[2026-07-26 16:44:46] [config]   []
[2026-07-26 16:44:46] [config] transformer-train-position-embeddings: false
[2026-07-26 16:44:46] [config] tsv: false
[2026-07-26 16:44:46] [config] tsv-fields: 0
[2026-07-26 16:44:46] [config] type: s2s
[2026-07-26 16:44:46] [config] ulr: false
[2026-07-26 16:44:46] [config] ulr-dim-emb: 0
[2026-07-26 16:44:46] [config] ulr-dropout: 0
[2026-07-26 16:44:46] [config] ulr-keys-vectors: ""
[2026-07-26 16:44:46] [config] ulr-query-vectors: ""
[2026-07-26 16:44:46] [config] ulr-softmax-temperature: 1
[2026-07-26 16:44:46] [config] ulr-trainable-transformation: false
[2026-07-26 16:44:46] [config] unlikelihood-loss: false
[2026-07-26 16:44:46] [config] valid-freq: 5000
[2026-07-26 16:44:46] [config] valid-log: /d/Job_Requirements/PracticalProjectsFromDrYe/AIE-F/assignment-submission/class-22/TheinGiKyaw_Assignment7/model.seq2seq.regularized_decode.phmy/valid.log
[2026-07-26 16:44:46] [config] valid-max-length: 1000
[2026-07-26 16:44:46] [config] valid-metrics:
[2026-07-26 16:44:46] [config]   - cross-entropy
[2026-07-26 16:44:46] [config]   - perplexity
[2026-07-26 16:44:46] [config]   - bleu
[2026-07-26 16:44:46] [config] valid-mini-batch: 32
[2026-07-26 16:44:46] [config] valid-reset-all: false
[2026-07-26 16:44:46] [config] valid-reset-stalled: false
[2026-07-26 16:44:46] [config] valid-script-args:
[2026-07-26 16:44:46] [config]   []
[2026-07-26 16:44:46] [config] valid-script-path: ""
[2026-07-26 16:44:46] [config] valid-sets:
[2026-07-26 16:44:46] [config]   - /d/Job_Requirements/PracticalProjectsFromDrYe/AIE-F/assignment-submission/class-22/TheinGiKyaw_Assignment7/g2p-par/dev.ph
[2026-07-26 16:44:46] [config]   - /d/Job_Requirements/PracticalProjectsFromDrYe/AIE-F/assignment-submission/class-22/TheinGiKyaw_Assignment7/g2p-par/dev.my
[2026-07-26 16:44:46] [config] valid-translation-output: ""
[2026-07-26 16:44:46] [config] version: v1.12.0 65bf82ff 2023-02-21 09:56:29 -0800
[2026-07-26 16:44:46] [config] vocabs:
[2026-07-26 16:44:46] [config]   - /d/Job_Requirements/PracticalProjectsFromDrYe/AIE-F/assignment-submission/class-22/TheinGiKyaw_Assignment7/g2p-par/vocab/vocab.ph.yml
[2026-07-26 16:44:46] [config]   - /d/Job_Requirements/PracticalProjectsFromDrYe/AIE-F/assignment-submission/class-22/TheinGiKyaw_Assignment7/g2p-par/vocab/vocab.my.yml
[2026-07-26 16:44:46] [config] word-penalty: 0
[2026-07-26 16:44:46] [config] word-scores: false
[2026-07-26 16:44:46] [config] workspace: 3000
[2026-07-26 16:44:46] [config] Loaded model has been created with Marian v1.12.0 65bf82ff 2023-02-21 09:56:29 -0800
[2026-07-26 16:44:46] [training] Using single-device training
[2026-07-26 16:44:46] [comm] Compiled without MPI support. Running as a single process on LAPTOP-9DLBHLIH
[2026-07-26 16:44:46] Synced seed 1111
[2026-07-26 16:44:46] [data] Loading vocabulary from JSON/Yaml file /d/Job_Requirements/PracticalProjectsFromDrYe/AIE-F/assignment-submission/class-22/TheinGiKyaw_Assignment7/g2p-par/vocab/vocab.ph.yml
[2026-07-26 16:44:46] [data] Setting vocabulary size for input 0 to 1,851
[2026-07-26 16:44:46] [data] Loading vocabulary from JSON/Yaml file /d/Job_Requirements/PracticalProjectsFromDrYe/AIE-F/assignment-submission/class-22/TheinGiKyaw_Assignment7/g2p-par/vocab/vocab.my.yml
[2026-07-26 16:44:46] [data] Setting vocabulary size for input 1 to 2,300
[2026-07-26 16:44:48] [memory] Extending reserved space to 3072 MB (device gpu0)
[2026-07-26 16:44:48] [training] Using 1 GPUs
[2026-07-26 16:44:48] Loading model from /d/Job_Requirements/PracticalProjectsFromDrYe/AIE-F/assignment-submission/class-22/TheinGiKyaw_Assignment7/model.seq2seq.regularized_decode.phmy/model.npz
[2026-07-26 16:44:56] Loading Adam parameters
[2026-07-26 16:44:57] [memory] Reserving 687 MB, device gpu0
[2026-07-26 16:44:57] [memory] Reserving 343 MB, device gpu0
[2026-07-26 16:44:57] [training] Master parameters and optimizers restored from training checkpoint /d/Job_Requirements/PracticalProjectsFromDrYe/AIE-F/assignment-submission/class-22/TheinGiKyaw_Assignment7/model.seq2seq.regularized_decode.phmy/model.npz and /d/Job_Requirements/PracticalProjectsFromDrYe/AIE-F/assignment-submission/class-22/TheinGiKyaw_Assignment7/model.seq2seq.regularized_decode.phmy/model.npz.optimizer.npz
[2026-07-26 16:44:57] [data] Restoring the corpus state to epoch 176, batch 55000
[2026-07-26 16:44:57] [data] Shuffling data
[2026-07-26 16:44:58] [data] Done reading 20,000 sentences
[2026-07-26 16:44:58] [data] Done shuffling 20,000 sentences to temp files
[2026-07-26 16:44:58] Training started
[2026-07-26 16:44:58] Training finished
