[2026-07-26 01:48:25] [marian] Marian v1.12.0 65bf82ff 2023-02-21 09:56:29 -0800
[2026-07-26 01:48:25] [marian] Running on LAPTOP-9DLBHLIH as process 5764 with command line:
[2026-07-26 01:48:25] [marian] marian -c /d/Job_Requirements/PracticalProjectsFromDrYe/AIE-F/assignment-submission/class-22/TheinGiKyaw_Assignment7/model.transformer.phmy/ph-my.config.yml
[2026-07-26 01:48:25] [config] after: 0e
[2026-07-26 01:48:25] [config] after-batches: 0
[2026-07-26 01:48:25] [config] after-epochs: 0
[2026-07-26 01:48:25] [config] all-caps-every: 0
[2026-07-26 01:48:25] [config] allow-unk: false
[2026-07-26 01:48:25] [config] authors: false
[2026-07-26 01:48:25] [config] beam-size: 6
[2026-07-26 01:48:25] [config] bert-class-symbol: "[CLS]"
[2026-07-26 01:48:25] [config] bert-mask-symbol: "[MASK]"
[2026-07-26 01:48:25] [config] bert-masking-fraction: 0.15
[2026-07-26 01:48:25] [config] bert-sep-symbol: "[SEP]"
[2026-07-26 01:48:25] [config] bert-train-type-embeddings: true
[2026-07-26 01:48:25] [config] bert-type-vocab-size: 2
[2026-07-26 01:48:25] [config] build-info: ""
[2026-07-26 01:48:25] [config] check-gradient-nan: false
[2026-07-26 01:48:25] [config] check-nan: false
[2026-07-26 01:48:25] [config] cite: false
[2026-07-26 01:48:25] [config] clip-norm: 5
[2026-07-26 01:48:25] [config] cost-scaling:
[2026-07-26 01:48:25] [config]   []
[2026-07-26 01:48:25] [config] cost-type: ce-sum
[2026-07-26 01:48:25] [config] cpu-threads: 0
[2026-07-26 01:48:25] [config] data-threads: 8
[2026-07-26 01:48:25] [config] data-weighting: ""
[2026-07-26 01:48:25] [config] data-weighting-type: sentence
[2026-07-26 01:48:25] [config] dec-cell: gru
[2026-07-26 01:48:25] [config] dec-cell-base-depth: 2
[2026-07-26 01:48:25] [config] dec-cell-high-depth: 1
[2026-07-26 01:48:25] [config] dec-depth: 2
[2026-07-26 01:48:25] [config] devices:
[2026-07-26 01:48:25] [config]   - 0
[2026-07-26 01:48:25] [config] dim-emb: 512
[2026-07-26 01:48:25] [config] dim-rnn: 1024
[2026-07-26 01:48:25] [config] dim-vocabs:
[2026-07-26 01:48:25] [config]   - 0
[2026-07-26 01:48:25] [config]   - 0
[2026-07-26 01:48:25] [config] disp-first: 0
[2026-07-26 01:48:25] [config] disp-freq: 500
[2026-07-26 01:48:25] [config] disp-label-counts: true
[2026-07-26 01:48:25] [config] dropout-rnn: 0
[2026-07-26 01:48:25] [config] dropout-src: 0
[2026-07-26 01:48:25] [config] dropout-trg: 0
[2026-07-26 01:48:25] [config] dump-config: ""
[2026-07-26 01:48:25] [config] dynamic-gradient-scaling:
[2026-07-26 01:48:25] [config]   []
[2026-07-26 01:48:25] [config] early-stopping: 10
[2026-07-26 01:48:25] [config] early-stopping-on: first
[2026-07-26 01:48:25] [config] embedding-fix-src: false
[2026-07-26 01:48:25] [config] embedding-fix-trg: false
[2026-07-26 01:48:25] [config] embedding-normalization: false
[2026-07-26 01:48:25] [config] embedding-vectors:
[2026-07-26 01:48:25] [config]   []
[2026-07-26 01:48:25] [config] enc-cell: gru
[2026-07-26 01:48:25] [config] enc-cell-depth: 1
[2026-07-26 01:48:25] [config] enc-depth: 2
[2026-07-26 01:48:25] [config] enc-type: bidirectional
[2026-07-26 01:48:25] [config] english-title-case-every: 0
[2026-07-26 01:48:25] [config] exponential-smoothing: 0.0001
[2026-07-26 01:48:25] [config] factor-weight: 1
[2026-07-26 01:48:25] [config] factors-combine: sum
[2026-07-26 01:48:25] [config] factors-dim-emb: 0
[2026-07-26 01:48:25] [config] gradient-checkpointing: false
[2026-07-26 01:48:25] [config] gradient-norm-average-window: 100
[2026-07-26 01:48:25] [config] guided-alignment: none
[2026-07-26 01:48:25] [config] guided-alignment-cost: ce
[2026-07-26 01:48:25] [config] guided-alignment-weight: 0.1
[2026-07-26 01:48:25] [config] ignore-model-config: false
[2026-07-26 01:48:25] [config] input-types:
[2026-07-26 01:48:25] [config]   []
[2026-07-26 01:48:25] [config] interpolate-env-vars: false
[2026-07-26 01:48:25] [config] keep-best: false
[2026-07-26 01:48:25] [config] label-smoothing: 0.1
[2026-07-26 01:48:25] [config] layer-normalization: false
[2026-07-26 01:48:25] [config] learn-rate: 0.0003
[2026-07-26 01:48:25] [config] lemma-dependency: ""
[2026-07-26 01:48:25] [config] lemma-dim-emb: 0
[2026-07-26 01:48:25] [config] log: /d/Job_Requirements/PracticalProjectsFromDrYe/AIE-F/assignment-submission/class-22/TheinGiKyaw_Assignment7/model.transformer.phmy/train.log
[2026-07-26 01:48:25] [config] log-level: info
[2026-07-26 01:48:25] [config] log-time-zone: ""
[2026-07-26 01:48:25] [config] logical-epoch:
[2026-07-26 01:48:25] [config]   - 1e
[2026-07-26 01:48:25] [config]   - 0
[2026-07-26 01:48:25] [config] lr-decay: 0
[2026-07-26 01:48:25] [config] lr-decay-freq: 50000
[2026-07-26 01:48:25] [config] lr-decay-inv-sqrt:
[2026-07-26 01:48:25] [config]   - 16000
[2026-07-26 01:48:25] [config] lr-decay-repeat-warmup: false
[2026-07-26 01:48:25] [config] lr-decay-reset-optimizer: false
[2026-07-26 01:48:25] [config] lr-decay-start:
[2026-07-26 01:48:25] [config]   - 10
[2026-07-26 01:48:25] [config]   - 1
[2026-07-26 01:48:25] [config] lr-decay-strategy: epoch+stalled
[2026-07-26 01:48:25] [config] lr-report: true
[2026-07-26 01:48:25] [config] lr-warmup: 0
[2026-07-26 01:48:25] [config] lr-warmup-at-reload: false
[2026-07-26 01:48:25] [config] lr-warmup-cycle: false
[2026-07-26 01:48:25] [config] lr-warmup-start-rate: 0
[2026-07-26 01:48:25] [config] max-length: 200
[2026-07-26 01:48:25] [config] max-length-crop: false
[2026-07-26 01:48:25] [config] max-length-factor: 3
[2026-07-26 01:48:25] [config] maxi-batch: 100
[2026-07-26 01:48:25] [config] maxi-batch-sort: trg
[2026-07-26 01:48:25] [config] mini-batch: 64
[2026-07-26 01:48:25] [config] mini-batch-fit: true
[2026-07-26 01:48:25] [config] mini-batch-fit-step: 10
[2026-07-26 01:48:25] [config] mini-batch-round-up: true
[2026-07-26 01:48:25] [config] mini-batch-track-lr: false
[2026-07-26 01:48:25] [config] mini-batch-warmup: 0
[2026-07-26 01:48:25] [config] mini-batch-words: 0
[2026-07-26 01:48:25] [config] mini-batch-words-ref: 0
[2026-07-26 01:48:25] [config] model: /d/Job_Requirements/PracticalProjectsFromDrYe/AIE-F/assignment-submission/class-22/TheinGiKyaw_Assignment7/model.transformer.phmy/model.npz
[2026-07-26 01:48:25] [config] multi-loss-type: sum
[2026-07-26 01:48:25] [config] n-best: false
[2026-07-26 01:48:25] [config] no-reload: false
[2026-07-26 01:48:25] [config] no-restore-corpus: false
[2026-07-26 01:48:25] [config] normalize: 0.6
[2026-07-26 01:48:25] [config] normalize-gradient: false
[2026-07-26 01:48:25] [config] num-devices: 0
[2026-07-26 01:48:25] [config] optimizer: adam
[2026-07-26 01:48:25] [config] optimizer-delay: 1
[2026-07-26 01:48:25] [config] optimizer-params:
[2026-07-26 01:48:25] [config]   []
[2026-07-26 01:48:25] [config] output-omit-bias: false
[2026-07-26 01:48:25] [config] overwrite: false
[2026-07-26 01:48:25] [config] precision:
[2026-07-26 01:48:25] [config]   - float32
[2026-07-26 01:48:25] [config]   - float32
[2026-07-26 01:48:25] [config] pretrained-model: ""
[2026-07-26 01:48:25] [config] quantize-biases: false
[2026-07-26 01:48:25] [config] quantize-bits: 0
[2026-07-26 01:48:25] [config] quantize-log-based: false
[2026-07-26 01:48:25] [config] quantize-optimization-steps: 0
[2026-07-26 01:48:25] [config] quiet: false
[2026-07-26 01:48:25] [config] quiet-translation: true
[2026-07-26 01:48:25] [config] relative-paths: false
[2026-07-26 01:48:25] [config] right-left: false
[2026-07-26 01:48:25] [config] save-freq: 5000
[2026-07-26 01:48:25] [config] seed: 1111
[2026-07-26 01:48:25] [config] sentencepiece-alphas:
[2026-07-26 01:48:25] [config]   []
[2026-07-26 01:48:25] [config] sentencepiece-max-lines: 2000000
[2026-07-26 01:48:25] [config] sentencepiece-options: ""
[2026-07-26 01:48:25] [config] shuffle: data
[2026-07-26 01:48:25] [config] shuffle-in-ram: false
[2026-07-26 01:48:25] [config] sigterm: save-and-exit
[2026-07-26 01:48:25] [config] skip: false
[2026-07-26 01:48:25] [config] sqlite: ""
[2026-07-26 01:48:25] [config] sqlite-drop: false
[2026-07-26 01:48:25] [config] sync-sgd: false
[2026-07-26 01:48:25] [config] tempdir: /tmp
[2026-07-26 01:48:25] [config] tied-embeddings: true
[2026-07-26 01:48:25] [config] tied-embeddings-all: false
[2026-07-26 01:48:25] [config] tied-embeddings-src: false
[2026-07-26 01:48:25] [config] train-embedder-rank:
[2026-07-26 01:48:25] [config]   []
[2026-07-26 01:48:25] [config] train-sets:
[2026-07-26 01:48:25] [config]   - /d/Job_Requirements/PracticalProjectsFromDrYe/AIE-F/assignment-submission/class-22/TheinGiKyaw_Assignment7/g2p-par/train.ph
[2026-07-26 01:48:25] [config]   - /d/Job_Requirements/PracticalProjectsFromDrYe/AIE-F/assignment-submission/class-22/TheinGiKyaw_Assignment7/g2p-par/train.my
[2026-07-26 01:48:25] [config] transformer-aan-activation: swish
[2026-07-26 01:48:25] [config] transformer-aan-depth: 2
[2026-07-26 01:48:25] [config] transformer-aan-nogate: false
[2026-07-26 01:48:25] [config] transformer-decoder-autoreg: self-attention
[2026-07-26 01:48:25] [config] transformer-decoder-dim-ffn: 0
[2026-07-26 01:48:25] [config] transformer-decoder-ffn-depth: 0
[2026-07-26 01:48:25] [config] transformer-depth-scaling: false
[2026-07-26 01:48:25] [config] transformer-dim-aan: 2048
[2026-07-26 01:48:25] [config] transformer-dim-ffn: 2048
[2026-07-26 01:48:25] [config] transformer-dropout: 0.3
[2026-07-26 01:48:25] [config] transformer-dropout-attention: 0
[2026-07-26 01:48:25] [config] transformer-dropout-ffn: 0
[2026-07-26 01:48:25] [config] transformer-ffn-activation: swish
[2026-07-26 01:48:25] [config] transformer-ffn-depth: 2
[2026-07-26 01:48:25] [config] transformer-guided-alignment-layer: last
[2026-07-26 01:48:25] [config] transformer-heads: 8
[2026-07-26 01:48:25] [config] transformer-no-projection: false
[2026-07-26 01:48:25] [config] transformer-pool: false
[2026-07-26 01:48:25] [config] transformer-postprocess: dan
[2026-07-26 01:48:25] [config] transformer-postprocess-emb: d
[2026-07-26 01:48:25] [config] transformer-postprocess-top: ""
[2026-07-26 01:48:25] [config] transformer-preprocess: ""
[2026-07-26 01:48:25] [config] transformer-rnn-projection: false
[2026-07-26 01:48:25] [config] transformer-tied-layers:
[2026-07-26 01:48:25] [config]   []
[2026-07-26 01:48:25] [config] transformer-train-position-embeddings: false
[2026-07-26 01:48:25] [config] tsv: false
[2026-07-26 01:48:25] [config] tsv-fields: 0
[2026-07-26 01:48:25] [config] type: transformer
[2026-07-26 01:48:25] [config] ulr: false
[2026-07-26 01:48:25] [config] ulr-dim-emb: 0
[2026-07-26 01:48:25] [config] ulr-dropout: 0
[2026-07-26 01:48:25] [config] ulr-keys-vectors: ""
[2026-07-26 01:48:25] [config] ulr-query-vectors: ""
[2026-07-26 01:48:25] [config] ulr-softmax-temperature: 1
[2026-07-26 01:48:25] [config] ulr-trainable-transformation: false
[2026-07-26 01:48:25] [config] unlikelihood-loss: false
[2026-07-26 01:48:25] [config] valid-freq: 5000
[2026-07-26 01:48:25] [config] valid-log: /d/Job_Requirements/PracticalProjectsFromDrYe/AIE-F/assignment-submission/class-22/TheinGiKyaw_Assignment7/model.transformer.phmy/valid.log
[2026-07-26 01:48:25] [config] valid-max-length: 1000
[2026-07-26 01:48:25] [config] valid-metrics:
[2026-07-26 01:48:25] [config]   - cross-entropy
[2026-07-26 01:48:25] [config]   - perplexity
[2026-07-26 01:48:25] [config]   - bleu
[2026-07-26 01:48:25] [config] valid-mini-batch: 64
[2026-07-26 01:48:25] [config] valid-reset-all: false
[2026-07-26 01:48:25] [config] valid-reset-stalled: false
[2026-07-26 01:48:25] [config] valid-script-args:
[2026-07-26 01:48:25] [config]   []
[2026-07-26 01:48:25] [config] valid-script-path: ""
[2026-07-26 01:48:25] [config] valid-sets:
[2026-07-26 01:48:25] [config]   - /d/Job_Requirements/PracticalProjectsFromDrYe/AIE-F/assignment-submission/class-22/TheinGiKyaw_Assignment7/g2p-par/dev.ph
[2026-07-26 01:48:25] [config]   - /d/Job_Requirements/PracticalProjectsFromDrYe/AIE-F/assignment-submission/class-22/TheinGiKyaw_Assignment7/g2p-par/dev.my
[2026-07-26 01:48:25] [config] valid-translation-output: /d/Job_Requirements/PracticalProjectsFromDrYe/AIE-F/assignment-submission/class-22/TheinGiKyaw_Assignment7/model.transformer.phmy/valid.ph-my.output
[2026-07-26 01:48:25] [config] vocabs:
[2026-07-26 01:48:25] [config]   - /d/Job_Requirements/PracticalProjectsFromDrYe/AIE-F/assignment-submission/class-22/TheinGiKyaw_Assignment7/g2p-par/vocab/vocab.ph.yml
[2026-07-26 01:48:25] [config]   - /d/Job_Requirements/PracticalProjectsFromDrYe/AIE-F/assignment-submission/class-22/TheinGiKyaw_Assignment7/g2p-par/vocab/vocab.my.yml
[2026-07-26 01:48:25] [config] word-penalty: 0
[2026-07-26 01:48:25] [config] word-scores: false
[2026-07-26 01:48:25] [config] workspace: 1000
[2026-07-26 01:48:25] [config] Model is being created with Marian v1.12.0 65bf82ff 2023-02-21 09:56:29 -0800
[2026-07-26 01:48:25] [training] Using single-device training
[2026-07-26 01:48:25] [comm] Compiled without MPI support. Running as a single process on LAPTOP-9DLBHLIH
[2026-07-26 01:48:25] Synced seed 1111
[2026-07-26 01:48:25] [data] Loading vocabulary from JSON/Yaml file /d/Job_Requirements/PracticalProjectsFromDrYe/AIE-F/assignment-submission/class-22/TheinGiKyaw_Assignment7/g2p-par/vocab/vocab.ph.yml
[2026-07-26 01:48:25] [data] Setting vocabulary size for input 0 to 1,851
[2026-07-26 01:48:25] [data] Loading vocabulary from JSON/Yaml file /d/Job_Requirements/PracticalProjectsFromDrYe/AIE-F/assignment-submission/class-22/TheinGiKyaw_Assignment7/g2p-par/vocab/vocab.my.yml
[2026-07-26 01:48:25] [data] Setting vocabulary size for input 1 to 2,300
[2026-07-26 01:48:25] [batching] Collecting statistics for batch fitting with step size 10
[2026-07-26 01:48:26] [memory] Extending reserved space to 1024 MB (device gpu0)
[2026-07-26 01:48:26] [training] Using 1 GPUs
[2026-07-26 01:48:26] [logits] Applying loss function for 1 factor(s)
[2026-07-26 01:48:26] [memory] Reserving 64 MB, device gpu0
[2026-07-26 01:48:26] [gpu] 16-bit TensorCores enabled for float32 matrix operations
[2026-07-26 01:48:27] [memory] Reserving 64 MB, device gpu0
[2026-07-26 01:48:31] [batching] Done. Typical MB size is 2,825 target words
[2026-07-26 01:48:31] [memory] Extending reserved space to 1024 MB (device gpu0)
[2026-07-26 01:48:31] [training] Using 1 GPUs
[2026-07-26 01:48:31] Training started
[2026-07-26 01:48:31] [data] Shuffling data
[2026-07-26 01:48:31] [data] Done reading 20,000 sentences
[2026-07-26 01:48:31] [data] Done shuffling 20,000 sentences to temp files
[2026-07-26 01:48:32] [training] Batches are processed as 1 process(es) x 1 devices/process
[2026-07-26 01:48:32] [memory] Reserving 64 MB, device gpu0
[2026-07-26 01:48:32] [memory] Reserving 64 MB, device gpu0
[2026-07-26 01:48:32] [memory] Reserving 64 MB, device gpu0
[2026-07-26 01:48:32] Parameter type float32, optimization type float32, casting types false
[2026-07-26 01:48:32] Allocating memory for general optimizer shards
[2026-07-26 01:48:32] [memory] Reserving 64 MB, device gpu0
[2026-07-26 01:48:32] Allocating memory for Adam-specific shards
[2026-07-26 01:48:32] [memory] Reserving 128 MB, device gpu0
[2026-07-26 01:48:34] Seen 20,000 samples
[2026-07-26 01:48:34] Starting data epoch 2 in logical epoch 2
[2026-07-26 01:48:34] [data] Shuffling data
[2026-07-26 01:48:34] [data] Done reading 20,000 sentences
[2026-07-26 01:48:34] [data] Done shuffling 20,000 sentences to temp files
[2026-07-26 01:48:37] Seen 20,000 samples
[2026-07-26 01:48:37] Starting data epoch 3 in logical epoch 3
[2026-07-26 01:48:37] [data] Shuffling data
[2026-07-26 01:48:37] [data] Done reading 20,000 sentences
[2026-07-26 01:48:37] [data] Done shuffling 20,000 sentences to temp files
[2026-07-26 01:48:40] Seen 20,000 samples
[2026-07-26 01:48:40] Starting data epoch 4 in logical epoch 4
[2026-07-26 01:48:40] [data] Shuffling data
[2026-07-26 01:48:40] [data] Done reading 20,000 sentences
[2026-07-26 01:48:40] [data] Done shuffling 20,000 sentences to temp files
[2026-07-26 01:48:42] Seen 20,000 samples
[2026-07-26 01:48:42] Starting data epoch 5 in logical epoch 5
[2026-07-26 01:48:42] [data] Shuffling data
[2026-07-26 01:48:43] [data] Done reading 20,000 sentences
[2026-07-26 01:48:43] [data] Done shuffling 20,000 sentences to temp files
[2026-07-26 01:48:45] Seen 20,000 samples
[2026-07-26 01:48:45] Starting data epoch 6 in logical epoch 6
[2026-07-26 01:48:45] [data] Shuffling data
[2026-07-26 01:48:45] [data] Done reading 20,000 sentences
[2026-07-26 01:48:45] [data] Done shuffling 20,000 sentences to temp files
[2026-07-26 01:48:48] Seen 20,000 samples
[2026-07-26 01:48:48] Starting data epoch 7 in logical epoch 7
[2026-07-26 01:48:48] [data] Shuffling data
[2026-07-26 01:48:48] [data] Done reading 20,000 sentences
[2026-07-26 01:48:48] [data] Done shuffling 20,000 sentences to temp files
[2026-07-26 01:48:51] Seen 20,000 samples
[2026-07-26 01:48:51] Starting data epoch 8 in logical epoch 8
[2026-07-26 01:48:51] [data] Shuffling data
[2026-07-26 01:48:51] [data] Done reading 20,000 sentences
[2026-07-26 01:48:51] [data] Done shuffling 20,000 sentences to temp files
[2026-07-26 01:48:53] Ep. 8 : Up. 500 : Sen. 18,867 : Cost 3.40307260 * 614,671 @ 729 after 614,671 : Time 21.80s : 28198.30 words/s : gNorm 2.7025 : L.r. 3.0000e-04
[2026-07-26 01:48:53] Seen 20,000 samples
[2026-07-26 01:48:53] Starting data epoch 9 in logical epoch 9
[2026-07-26 01:48:53] [data] Shuffling data
[2026-07-26 01:48:53] [data] Done reading 20,000 sentences
[2026-07-26 01:48:53] [data] Done shuffling 20,000 sentences to temp files
[2026-07-26 01:48:56] Seen 20,000 samples
[2026-07-26 01:48:56] Starting data epoch 10 in logical epoch 10
[2026-07-26 01:48:56] [data] Shuffling data
[2026-07-26 01:48:56] [data] Done reading 20,000 sentences
[2026-07-26 01:48:56] [data] Done shuffling 20,000 sentences to temp files
[2026-07-26 01:48:59] Seen 20,000 samples
[2026-07-26 01:48:59] Starting data epoch 11 in logical epoch 11
[2026-07-26 01:48:59] [data] Shuffling data
[2026-07-26 01:48:59] [data] Done reading 20,000 sentences
[2026-07-26 01:48:59] [data] Done shuffling 20,000 sentences to temp files
[2026-07-26 01:49:02] Seen 20,000 samples
[2026-07-26 01:49:02] Starting data epoch 12 in logical epoch 12
[2026-07-26 01:49:02] [data] Shuffling data
[2026-07-26 01:49:02] [data] Done reading 20,000 sentences
[2026-07-26 01:49:02] [data] Done shuffling 20,000 sentences to temp files
[2026-07-26 01:49:05] Seen 20,000 samples
[2026-07-26 01:49:05] Starting data epoch 13 in logical epoch 13
[2026-07-26 01:49:05] [data] Shuffling data
[2026-07-26 01:49:05] [data] Done reading 20,000 sentences
[2026-07-26 01:49:05] [data] Done shuffling 20,000 sentences to temp files
[2026-07-26 01:49:08] Seen 20,000 samples
[2026-07-26 01:49:08] Starting data epoch 14 in logical epoch 14
[2026-07-26 01:49:08] [data] Shuffling data
[2026-07-26 01:49:08] [data] Done reading 20,000 sentences
[2026-07-26 01:49:08] [data] Done shuffling 20,000 sentences to temp files
[2026-07-26 01:49:11] Seen 20,000 samples
[2026-07-26 01:49:11] Starting data epoch 15 in logical epoch 15
[2026-07-26 01:49:11] [data] Shuffling data
[2026-07-26 01:49:11] [data] Done reading 20,000 sentences
[2026-07-26 01:49:11] [data] Done shuffling 20,000 sentences to temp files
[2026-07-26 01:49:14] Seen 20,000 samples
[2026-07-26 01:49:14] Starting data epoch 16 in logical epoch 16
[2026-07-26 01:49:14] [data] Shuffling data
[2026-07-26 01:49:14] [data] Done reading 20,000 sentences
[2026-07-26 01:49:14] [data] Done shuffling 20,000 sentences to temp files
[2026-07-26 01:49:16] Ep. 16 : Up. 1000 : Sen. 17,705 : Cost 1.84610915 * 613,897 @ 999 after 1,228,568 : Time 23.27s : 26383.21 words/s : gNorm 1.7142 : L.r. 3.0000e-04
[2026-07-26 01:49:17] Seen 20,000 samples
[2026-07-26 01:49:17] Starting data epoch 17 in logical epoch 17
[2026-07-26 01:49:17] [data] Shuffling data
[2026-07-26 01:49:17] [data] Done reading 20,000 sentences
[2026-07-26 01:49:17] [data] Done shuffling 20,000 sentences to temp files
[2026-07-26 01:49:20] Seen 20,000 samples
[2026-07-26 01:49:20] Starting data epoch 18 in logical epoch 18
[2026-07-26 01:49:20] [data] Shuffling data
[2026-07-26 01:49:20] [data] Done reading 20,000 sentences
[2026-07-26 01:49:20] [data] Done shuffling 20,000 sentences to temp files
[2026-07-26 01:49:23] Seen 20,000 samples
[2026-07-26 01:49:23] Starting data epoch 19 in logical epoch 19
[2026-07-26 01:49:23] [data] Shuffling data
[2026-07-26 01:49:23] [data] Done reading 20,000 sentences
[2026-07-26 01:49:23] [data] Done shuffling 20,000 sentences to temp files
[2026-07-26 01:49:26] Seen 20,000 samples
[2026-07-26 01:49:26] Starting data epoch 20 in logical epoch 20
[2026-07-26 01:49:26] [data] Shuffling data
[2026-07-26 01:49:26] [data] Done reading 20,000 sentences
[2026-07-26 01:49:26] [data] Done shuffling 20,000 sentences to temp files
[2026-07-26 01:49:29] Seen 20,000 samples
[2026-07-26 01:49:29] Starting data epoch 21 in logical epoch 21
[2026-07-26 01:49:29] [data] Shuffling data
[2026-07-26 01:49:29] [data] Done reading 20,000 sentences
[2026-07-26 01:49:29] [data] Done shuffling 20,000 sentences to temp files
[2026-07-26 01:49:32] Seen 20,000 samples
[2026-07-26 01:49:32] Starting data epoch 22 in logical epoch 22
[2026-07-26 01:49:32] [data] Shuffling data
[2026-07-26 01:49:32] [data] Done reading 20,000 sentences
[2026-07-26 01:49:32] [data] Done shuffling 20,000 sentences to temp files
[2026-07-26 01:49:35] Seen 20,000 samples
[2026-07-26 01:49:35] Starting data epoch 23 in logical epoch 23
[2026-07-26 01:49:35] [data] Shuffling data
[2026-07-26 01:49:35] [data] Done reading 20,000 sentences
[2026-07-26 01:49:35] [data] Done shuffling 20,000 sentences to temp files
[2026-07-26 01:49:38] Seen 20,000 samples
[2026-07-26 01:49:38] Starting data epoch 24 in logical epoch 24
[2026-07-26 01:49:38] [data] Shuffling data
[2026-07-26 01:49:38] [data] Done reading 20,000 sentences
[2026-07-26 01:49:38] [data] Done shuffling 20,000 sentences to temp files
[2026-07-26 01:49:41] Ep. 24 : Up. 1500 : Sen. 16,373 : Cost 1.58589005 * 612,854 @ 1,332 after 1,841,422 : Time 24.66s : 24853.67 words/s : gNorm 1.5783 : L.r. 3.0000e-04
[2026-07-26 01:49:42] Seen 20,000 samples
[2026-07-26 01:49:42] Starting data epoch 25 in logical epoch 25
[2026-07-26 01:49:42] [data] Shuffling data
[2026-07-26 01:49:42] [data] Done reading 20,000 sentences
[2026-07-26 01:49:42] [data] Done shuffling 20,000 sentences to temp files
[2026-07-26 01:49:45] Seen 20,000 samples
[2026-07-26 01:49:45] Starting data epoch 26 in logical epoch 26
[2026-07-26 01:49:45] [data] Shuffling data
[2026-07-26 01:49:45] [data] Done reading 20,000 sentences
[2026-07-26 01:49:45] [data] Done shuffling 20,000 sentences to temp files
[2026-07-26 01:49:48] Seen 20,000 samples
[2026-07-26 01:49:48] Starting data epoch 27 in logical epoch 27
[2026-07-26 01:49:48] [data] Shuffling data
[2026-07-26 01:49:48] [data] Done reading 20,000 sentences
[2026-07-26 01:49:48] [data] Done shuffling 20,000 sentences to temp files
[2026-07-26 01:49:51] Seen 20,000 samples
[2026-07-26 01:49:51] Starting data epoch 28 in logical epoch 28
[2026-07-26 01:49:51] [data] Shuffling data
[2026-07-26 01:49:51] [data] Done reading 20,000 sentences
[2026-07-26 01:49:51] [data] Done shuffling 20,000 sentences to temp files
[2026-07-26 01:49:55] Seen 20,000 samples
[2026-07-26 01:49:55] Starting data epoch 29 in logical epoch 29
[2026-07-26 01:49:55] [data] Shuffling data
[2026-07-26 01:49:55] [data] Done reading 20,000 sentences
[2026-07-26 01:49:55] [data] Done shuffling 20,000 sentences to temp files
[2026-07-26 01:49:58] Seen 20,000 samples
[2026-07-26 01:49:58] Starting data epoch 30 in logical epoch 30
[2026-07-26 01:49:58] [data] Shuffling data
[2026-07-26 01:49:58] [data] Done reading 20,000 sentences
[2026-07-26 01:49:58] [data] Done shuffling 20,000 sentences to temp files
[2026-07-26 01:50:01] Seen 20,000 samples
[2026-07-26 01:50:01] Starting data epoch 31 in logical epoch 31
[2026-07-26 01:50:01] [data] Shuffling data
[2026-07-26 01:50:01] [data] Done reading 20,000 sentences
[2026-07-26 01:50:01] [data] Done shuffling 20,000 sentences to temp files
[2026-07-26 01:50:05] Seen 20,000 samples
[2026-07-26 01:50:05] Starting data epoch 32 in logical epoch 32
[2026-07-26 01:50:05] [data] Shuffling data
[2026-07-26 01:50:05] [data] Done reading 20,000 sentences
[2026-07-26 01:50:05] [data] Done shuffling 20,000 sentences to temp files
[2026-07-26 01:50:07] Ep. 32 : Up. 2000 : Sen. 14,871 : Cost 1.47412944 * 614,133 @ 999 after 2,455,555 : Time 26.37s : 23292.57 words/s : gNorm 1.2260 : L.r. 3.0000e-04
[2026-07-26 01:50:08] Seen 20,000 samples
[2026-07-26 01:50:08] Starting data epoch 33 in logical epoch 33
[2026-07-26 01:50:08] [data] Shuffling data
[2026-07-26 01:50:08] [data] Done reading 20,000 sentences
[2026-07-26 01:50:08] [data] Done shuffling 20,000 sentences to temp files
[2026-07-26 01:50:12] Seen 20,000 samples
[2026-07-26 01:50:12] Starting data epoch 34 in logical epoch 34
[2026-07-26 01:50:12] [data] Shuffling data
[2026-07-26 01:50:12] [data] Done reading 20,000 sentences
[2026-07-26 01:50:12] [data] Done shuffling 20,000 sentences to temp files
[2026-07-26 01:50:15] Seen 20,000 samples
[2026-07-26 01:50:15] Starting data epoch 35 in logical epoch 35
[2026-07-26 01:50:15] [data] Shuffling data
[2026-07-26 01:50:15] [data] Done reading 20,000 sentences
[2026-07-26 01:50:15] [data] Done shuffling 20,000 sentences to temp files
[2026-07-26 01:50:18] Seen 20,000 samples
[2026-07-26 01:50:18] Starting data epoch 36 in logical epoch 36
[2026-07-26 01:50:18] [data] Shuffling data
[2026-07-26 01:50:18] [data] Done reading 20,000 sentences
[2026-07-26 01:50:19] [data] Done shuffling 20,000 sentences to temp files
[2026-07-26 01:50:22] Seen 20,000 samples
[2026-07-26 01:50:22] Starting data epoch 37 in logical epoch 37
[2026-07-26 01:50:22] [data] Shuffling data
[2026-07-26 01:50:22] [data] Done reading 20,000 sentences
[2026-07-26 01:50:22] [data] Done shuffling 20,000 sentences to temp files
[2026-07-26 01:50:25] Seen 20,000 samples
[2026-07-26 01:50:25] Starting data epoch 38 in logical epoch 38
[2026-07-26 01:50:25] [data] Shuffling data
[2026-07-26 01:50:25] [data] Done reading 20,000 sentences
[2026-07-26 01:50:25] [data] Done shuffling 20,000 sentences to temp files
[2026-07-26 01:50:29] Seen 20,000 samples
[2026-07-26 01:50:29] Starting data epoch 39 in logical epoch 39
[2026-07-26 01:50:29] [data] Shuffling data
[2026-07-26 01:50:29] [data] Done reading 20,000 sentences
[2026-07-26 01:50:29] [data] Done shuffling 20,000 sentences to temp files
[2026-07-26 01:50:32] Seen 20,000 samples
[2026-07-26 01:50:32] Starting data epoch 40 in logical epoch 40
[2026-07-26 01:50:32] [data] Shuffling data
[2026-07-26 01:50:32] [data] Done reading 20,000 sentences
[2026-07-26 01:50:32] [data] Done shuffling 20,000 sentences to temp files
[2026-07-26 01:50:35] Ep. 40 : Up. 2500 : Sen. 13,799 : Cost 1.40671515 * 614,460 @ 999 after 3,070,015 : Time 27.31s : 22495.83 words/s : gNorm 1.3656 : L.r. 3.0000e-04
[2026-07-26 01:50:36] Seen 20,000 samples
[2026-07-26 01:50:36] Starting data epoch 41 in logical epoch 41
[2026-07-26 01:50:36] [data] Shuffling data
[2026-07-26 01:50:36] [data] Done reading 20,000 sentences
[2026-07-26 01:50:36] [data] Done shuffling 20,000 sentences to temp files
[2026-07-26 01:50:39] Seen 20,000 samples
[2026-07-26 01:50:39] Starting data epoch 42 in logical epoch 42
[2026-07-26 01:50:39] [data] Shuffling data
[2026-07-26 01:50:39] [data] Done reading 20,000 sentences
[2026-07-26 01:50:39] [data] Done shuffling 20,000 sentences to temp files
[2026-07-26 01:50:43] Seen 20,000 samples
[2026-07-26 01:50:43] Starting data epoch 43 in logical epoch 43
[2026-07-26 01:50:43] [data] Shuffling data
[2026-07-26 01:50:43] [data] Done reading 20,000 sentences
[2026-07-26 01:50:43] [data] Done shuffling 20,000 sentences to temp files
[2026-07-26 01:50:46] Seen 20,000 samples
[2026-07-26 01:50:46] Starting data epoch 44 in logical epoch 44
[2026-07-26 01:50:46] [data] Shuffling data
[2026-07-26 01:50:46] [data] Done reading 20,000 sentences
[2026-07-26 01:50:46] [data] Done shuffling 20,000 sentences to temp files
[2026-07-26 01:50:50] Seen 20,000 samples
[2026-07-26 01:50:50] Starting data epoch 45 in logical epoch 45
[2026-07-26 01:50:50] [data] Shuffling data
[2026-07-26 01:50:50] [data] Done reading 20,000 sentences
[2026-07-26 01:50:50] [data] Done shuffling 20,000 sentences to temp files
[2026-07-26 01:50:53] Seen 20,000 samples
[2026-07-26 01:50:53] Starting data epoch 46 in logical epoch 46
[2026-07-26 01:50:53] [data] Shuffling data
[2026-07-26 01:50:53] [data] Done reading 20,000 sentences
[2026-07-26 01:50:53] [data] Done shuffling 20,000 sentences to temp files
[2026-07-26 01:50:57] Seen 20,000 samples
[2026-07-26 01:50:57] Starting data epoch 47 in logical epoch 47
[2026-07-26 01:50:57] [data] Shuffling data
[2026-07-26 01:50:57] [data] Done reading 20,000 sentences
[2026-07-26 01:50:57] [data] Done shuffling 20,000 sentences to temp files
[2026-07-26 01:51:01] Seen 20,000 samples
[2026-07-26 01:51:01] Starting data epoch 48 in logical epoch 48
[2026-07-26 01:51:01] [data] Shuffling data
[2026-07-26 01:51:01] [data] Done reading 20,000 sentences
[2026-07-26 01:51:01] [data] Done shuffling 20,000 sentences to temp files
[2026-07-26 01:51:03] Ep. 48 : Up. 3000 : Sen. 12,467 : Cost 1.34673905 * 613,387 @ 729 after 3,683,402 : Time 28.35s : 21634.37 words/s : gNorm 0.9461 : L.r. 3.0000e-04
[2026-07-26 01:51:04] Seen 20,000 samples
[2026-07-26 01:51:04] Starting data epoch 49 in logical epoch 49
[2026-07-26 01:51:04] [data] Shuffling data
[2026-07-26 01:51:04] [data] Done reading 20,000 sentences
[2026-07-26 01:51:04] [data] Done shuffling 20,000 sentences to temp files
[2026-07-26 01:51:08] Seen 20,000 samples
[2026-07-26 01:51:08] Starting data epoch 50 in logical epoch 50
[2026-07-26 01:51:08] [data] Shuffling data
[2026-07-26 01:51:08] [data] Done reading 20,000 sentences
[2026-07-26 01:51:08] [data] Done shuffling 20,000 sentences to temp files
[2026-07-26 01:51:12] Seen 20,000 samples
[2026-07-26 01:51:12] Starting data epoch 51 in logical epoch 51
[2026-07-26 01:51:12] [data] Shuffling data
[2026-07-26 01:51:12] [data] Done reading 20,000 sentences
[2026-07-26 01:51:12] [data] Done shuffling 20,000 sentences to temp files
[2026-07-26 01:51:16] Seen 20,000 samples
[2026-07-26 01:51:16] Starting data epoch 52 in logical epoch 52
[2026-07-26 01:51:16] [data] Shuffling data
[2026-07-26 01:51:16] [data] Done reading 20,000 sentences
[2026-07-26 01:51:16] [data] Done shuffling 20,000 sentences to temp files
[2026-07-26 01:51:19] Seen 20,000 samples
[2026-07-26 01:51:19] Starting data epoch 53 in logical epoch 53
[2026-07-26 01:51:19] [data] Shuffling data
[2026-07-26 01:51:19] [data] Done reading 20,000 sentences
[2026-07-26 01:51:19] [data] Done shuffling 20,000 sentences to temp files
[2026-07-26 01:51:23] Seen 20,000 samples
[2026-07-26 01:51:23] Starting data epoch 54 in logical epoch 54
[2026-07-26 01:51:23] [data] Shuffling data
[2026-07-26 01:51:23] [data] Done reading 20,000 sentences
[2026-07-26 01:51:23] [data] Done shuffling 20,000 sentences to temp files
[2026-07-26 01:51:27] Seen 20,000 samples
[2026-07-26 01:51:27] Starting data epoch 55 in logical epoch 55
[2026-07-26 01:51:27] [data] Shuffling data
[2026-07-26 01:51:27] [data] Done reading 20,000 sentences
[2026-07-26 01:51:27] [data] Done shuffling 20,000 sentences to temp files
[2026-07-26 01:51:31] Seen 20,000 samples
[2026-07-26 01:51:31] Starting data epoch 56 in logical epoch 56
[2026-07-26 01:51:31] [data] Shuffling data
[2026-07-26 01:51:31] [data] Done reading 20,000 sentences
[2026-07-26 01:51:31] [data] Done shuffling 20,000 sentences to temp files
[2026-07-26 01:51:33] Ep. 56 : Up. 3500 : Sen. 11,135 : Cost 1.31666756 * 613,154 @ 999 after 4,296,556 : Time 29.80s : 20578.37 words/s : gNorm 0.9081 : L.r. 3.0000e-04
[2026-07-26 01:51:34] Seen 20,000 samples
[2026-07-26 01:51:34] Starting data epoch 57 in logical epoch 57
[2026-07-26 01:51:34] [data] Shuffling data
[2026-07-26 01:51:35] [data] Done reading 20,000 sentences
[2026-07-26 01:51:35] [data] Done shuffling 20,000 sentences to temp files
[2026-07-26 01:51:38] Seen 20,000 samples
[2026-07-26 01:51:38] Starting data epoch 58 in logical epoch 58
[2026-07-26 01:51:38] [data] Shuffling data
[2026-07-26 01:51:38] [data] Done reading 20,000 sentences
[2026-07-26 01:51:38] [data] Done shuffling 20,000 sentences to temp files
[2026-07-26 01:51:42] Seen 20,000 samples
[2026-07-26 01:51:42] Starting data epoch 59 in logical epoch 59
[2026-07-26 01:51:42] [data] Shuffling data
[2026-07-26 01:51:42] [data] Done reading 20,000 sentences
[2026-07-26 01:51:42] [data] Done shuffling 20,000 sentences to temp files
[2026-07-26 01:51:46] Seen 20,000 samples
[2026-07-26 01:51:46] Starting data epoch 60 in logical epoch 60
[2026-07-26 01:51:46] [data] Shuffling data
[2026-07-26 01:51:46] [data] Done reading 20,000 sentences
[2026-07-26 01:51:46] [data] Done shuffling 20,000 sentences to temp files
[2026-07-26 01:51:49] Seen 20,000 samples
[2026-07-26 01:51:49] Starting data epoch 61 in logical epoch 61
[2026-07-26 01:51:49] [data] Shuffling data
[2026-07-26 01:51:50] [data] Done reading 20,000 sentences
[2026-07-26 01:51:50] [data] Done shuffling 20,000 sentences to temp files
[2026-07-26 01:51:53] Seen 20,000 samples
[2026-07-26 01:51:53] Starting data epoch 62 in logical epoch 62
[2026-07-26 01:51:53] [data] Shuffling data
[2026-07-26 01:51:53] [data] Done reading 20,000 sentences
[2026-07-26 01:51:53] [data] Done shuffling 20,000 sentences to temp files
[2026-07-26 01:51:57] Seen 20,000 samples
[2026-07-26 01:51:57] Starting data epoch 63 in logical epoch 63
[2026-07-26 01:51:57] [data] Shuffling data
[2026-07-26 01:51:57] [data] Done reading 20,000 sentences
[2026-07-26 01:51:57] [data] Done shuffling 20,000 sentences to temp files
[2026-07-26 01:52:01] Seen 20,000 samples
[2026-07-26 01:52:01] Starting data epoch 64 in logical epoch 64
[2026-07-26 01:52:01] [data] Shuffling data
[2026-07-26 01:52:01] [data] Done reading 20,000 sentences
[2026-07-26 01:52:01] [data] Done shuffling 20,000 sentences to temp files
[2026-07-26 01:52:03] Ep. 64 : Up. 4000 : Sen. 9,973 : Cost 1.27694881 * 614,788 @ 999 after 4,911,344 : Time 29.81s : 20624.99 words/s : gNorm 0.7491 : L.r. 3.0000e-04
[2026-07-26 01:52:04] Seen 20,000 samples
[2026-07-26 01:52:04] Starting data epoch 65 in logical epoch 65
[2026-07-26 01:52:04] [data] Shuffling data
[2026-07-26 01:52:05] [data] Done reading 20,000 sentences
[2026-07-26 01:52:05] [data] Done shuffling 20,000 sentences to temp files
[2026-07-26 01:52:08] Seen 20,000 samples
[2026-07-26 01:52:08] Starting data epoch 66 in logical epoch 66
[2026-07-26 01:52:08] [data] Shuffling data
[2026-07-26 01:52:08] [data] Done reading 20,000 sentences
[2026-07-26 01:52:08] [data] Done shuffling 20,000 sentences to temp files
[2026-07-26 01:52:12] Seen 20,000 samples
[2026-07-26 01:52:12] Starting data epoch 67 in logical epoch 67
[2026-07-26 01:52:12] [data] Shuffling data
[2026-07-26 01:52:12] [data] Done reading 20,000 sentences
[2026-07-26 01:52:12] [data] Done shuffling 20,000 sentences to temp files
[2026-07-26 01:52:15] Seen 20,000 samples
[2026-07-26 01:52:15] Starting data epoch 68 in logical epoch 68
[2026-07-26 01:52:15] [data] Shuffling data
[2026-07-26 01:52:15] [data] Done reading 20,000 sentences
[2026-07-26 01:52:15] [data] Done shuffling 20,000 sentences to temp files
[2026-07-26 01:52:19] Seen 20,000 samples
[2026-07-26 01:52:19] Starting data epoch 69 in logical epoch 69
[2026-07-26 01:52:19] [data] Shuffling data
[2026-07-26 01:52:19] [data] Done reading 20,000 sentences
[2026-07-26 01:52:19] [data] Done shuffling 20,000 sentences to temp files
[2026-07-26 01:52:23] Seen 20,000 samples
[2026-07-26 01:52:23] Starting data epoch 70 in logical epoch 70
[2026-07-26 01:52:23] [data] Shuffling data
[2026-07-26 01:52:23] [data] Done reading 20,000 sentences
[2026-07-26 01:52:23] [data] Done shuffling 20,000 sentences to temp files
[2026-07-26 01:52:26] Seen 20,000 samples
[2026-07-26 01:52:26] Starting data epoch 71 in logical epoch 71
[2026-07-26 01:52:26] [data] Shuffling data
[2026-07-26 01:52:26] [data] Done reading 20,000 sentences
[2026-07-26 01:52:26] [data] Done shuffling 20,000 sentences to temp files
[2026-07-26 01:52:30] Seen 20,000 samples
[2026-07-26 01:52:30] Starting data epoch 72 in logical epoch 72
[2026-07-26 01:52:30] [data] Shuffling data
[2026-07-26 01:52:30] [data] Done reading 20,000 sentences
[2026-07-26 01:52:30] [data] Done shuffling 20,000 sentences to temp files
[2026-07-26 01:52:31] Ep. 72 : Up. 4500 : Sen. 8,731 : Cost 1.25367868 * 614,327 @ 999 after 5,525,671 : Time 28.81s : 21324.72 words/s : gNorm 1.0141 : L.r. 3.0000e-04
[2026-07-26 01:52:33] Seen 20,000 samples
[2026-07-26 01:52:33] Starting data epoch 73 in logical epoch 73
[2026-07-26 01:52:33] [data] Shuffling data
[2026-07-26 01:52:33] [data] Done reading 20,000 sentences
[2026-07-26 01:52:34] [data] Done shuffling 20,000 sentences to temp files
[2026-07-26 01:52:37] Seen 20,000 samples
[2026-07-26 01:52:37] Starting data epoch 74 in logical epoch 74
[2026-07-26 01:52:37] [data] Shuffling data
[2026-07-26 01:52:37] [data] Done reading 20,000 sentences
[2026-07-26 01:52:37] [data] Done shuffling 20,000 sentences to temp files
[2026-07-26 01:52:41] Seen 20,000 samples
[2026-07-26 01:52:41] Starting data epoch 75 in logical epoch 75
[2026-07-26 01:52:41] [data] Shuffling data
[2026-07-26 01:52:41] [data] Done reading 20,000 sentences
[2026-07-26 01:52:41] [data] Done shuffling 20,000 sentences to temp files
[2026-07-26 01:52:44] Seen 20,000 samples
[2026-07-26 01:52:44] Starting data epoch 76 in logical epoch 76
[2026-07-26 01:52:44] [data] Shuffling data
[2026-07-26 01:52:44] [data] Done reading 20,000 sentences
[2026-07-26 01:52:44] [data] Done shuffling 20,000 sentences to temp files
[2026-07-26 01:52:48] Seen 20,000 samples
[2026-07-26 01:52:48] Starting data epoch 77 in logical epoch 77
[2026-07-26 01:52:48] [data] Shuffling data
[2026-07-26 01:52:48] [data] Done reading 20,000 sentences
[2026-07-26 01:52:48] [data] Done shuffling 20,000 sentences to temp files
[2026-07-26 01:52:51] Seen 20,000 samples
[2026-07-26 01:52:51] Starting data epoch 78 in logical epoch 78
[2026-07-26 01:52:51] [data] Shuffling data
[2026-07-26 01:52:51] [data] Done reading 20,000 sentences
[2026-07-26 01:52:51] [data] Done shuffling 20,000 sentences to temp files
[2026-07-26 01:52:54] Seen 20,000 samples
[2026-07-26 01:52:54] Starting data epoch 79 in logical epoch 79
[2026-07-26 01:52:54] [data] Shuffling data
[2026-07-26 01:52:54] [data] Done reading 20,000 sentences
[2026-07-26 01:52:54] [data] Done shuffling 20,000 sentences to temp files
[2026-07-26 01:52:58] Seen 20,000 samples
[2026-07-26 01:52:58] Starting data epoch 80 in logical epoch 80
[2026-07-26 01:52:58] [data] Shuffling data
[2026-07-26 01:52:58] [data] Done reading 20,000 sentences
[2026-07-26 01:52:58] [data] Done shuffling 20,000 sentences to temp files
[2026-07-26 01:52:59] Ep. 80 : Up. 5000 : Sen. 7,399 : Cost 1.23272622 * 613,388 @ 1,332 after 6,139,059 : Time 27.79s : 22068.36 words/s : gNorm 0.6055 : L.r. 3.0000e-04
[2026-07-26 01:52:59] Saving model weights and runtime parameters to /d/Job_Requirements/PracticalProjectsFromDrYe/AIE-F/assignment-submission/class-22/TheinGiKyaw_Assignment7/model.transformer.phmy/model.iter5000.npz
[2026-07-26 01:53:00] Saving model weights and runtime parameters to /d/Job_Requirements/PracticalProjectsFromDrYe/AIE-F/assignment-submission/class-22/TheinGiKyaw_Assignment7/model.transformer.phmy/model.npz
[2026-07-26 01:53:00] Saving Adam parameters
[2026-07-26 01:53:01] [training] Saving training checkpoint to /d/Job_Requirements/PracticalProjectsFromDrYe/AIE-F/assignment-submission/class-22/TheinGiKyaw_Assignment7/model.transformer.phmy/model.npz and /d/Job_Requirements/PracticalProjectsFromDrYe/AIE-F/assignment-submission/class-22/TheinGiKyaw_Assignment7/model.transformer.phmy/model.npz.optimizer.npz
[2026-07-26 01:53:02] [valid] Ep. 80 : Up. 5000 : cross-entropy : 1.85265 : new best
[2026-07-26 01:53:03] [valid] Ep. 80 : Up. 5000 : perplexity : 1.61935 : new best
[2026-07-26 01:53:03] [valid] First sentence's tokens as scored:
[2026-07-26 01:53:03] [valid] DefaultVocab keeps original segments for scoring
[2026-07-26 01:53:03] [valid]   Hyp: ဥတ် တ ရ ဖ လ ဂု နီ
[2026-07-26 01:53:03] [valid]   Ref: ဥတ် တ ရ ဖ လ ဂု နီ
[2026-07-26 01:53:04] [valid] Ep. 80 : Up. 5000 : bleu : 75.4254 : new best
[2026-07-26 01:53:06] Seen 20,000 samples
[2026-07-26 01:53:06] Starting data epoch 81 in logical epoch 81
[2026-07-26 01:53:06] [data] Shuffling data
[2026-07-26 01:53:06] [data] Done reading 20,000 sentences
[2026-07-26 01:53:06] [data] Done shuffling 20,000 sentences to temp files
[2026-07-26 01:53:10] Seen 20,000 samples
[2026-07-26 01:53:10] Starting data epoch 82 in logical epoch 82
[2026-07-26 01:53:10] [data] Shuffling data
[2026-07-26 01:53:10] [data] Done reading 20,000 sentences
[2026-07-26 01:53:10] [data] Done shuffling 20,000 sentences to temp files
[2026-07-26 01:53:13] Seen 20,000 samples
[2026-07-26 01:53:13] Starting data epoch 83 in logical epoch 83
[2026-07-26 01:53:13] [data] Shuffling data
[2026-07-26 01:53:13] [data] Done reading 20,000 sentences
[2026-07-26 01:53:13] [data] Done shuffling 20,000 sentences to temp files
[2026-07-26 01:53:17] Seen 20,000 samples
[2026-07-26 01:53:17] Starting data epoch 84 in logical epoch 84
[2026-07-26 01:53:17] [data] Shuffling data
[2026-07-26 01:53:17] [data] Done reading 20,000 sentences
[2026-07-26 01:53:17] [data] Done shuffling 20,000 sentences to temp files
[2026-07-26 01:53:20] Seen 20,000 samples
[2026-07-26 01:53:20] Starting data epoch 85 in logical epoch 85
[2026-07-26 01:53:20] [data] Shuffling data
[2026-07-26 01:53:20] [data] Done reading 20,000 sentences
[2026-07-26 01:53:20] [data] Done shuffling 20,000 sentences to temp files
[2026-07-26 01:53:23] Seen 20,000 samples
[2026-07-26 01:53:23] Starting data epoch 86 in logical epoch 86
[2026-07-26 01:53:23] [data] Shuffling data
[2026-07-26 01:53:23] [data] Done reading 20,000 sentences
[2026-07-26 01:53:23] [data] Done shuffling 20,000 sentences to temp files
[2026-07-26 01:53:27] Seen 20,000 samples
[2026-07-26 01:53:27] Starting data epoch 87 in logical epoch 87
[2026-07-26 01:53:27] [data] Shuffling data
[2026-07-26 01:53:27] [data] Done reading 20,000 sentences
[2026-07-26 01:53:27] [data] Done shuffling 20,000 sentences to temp files
[2026-07-26 01:53:30] Seen 20,000 samples
[2026-07-26 01:53:30] Starting data epoch 88 in logical epoch 88
[2026-07-26 01:53:30] [data] Shuffling data
[2026-07-26 01:53:30] [data] Done reading 20,000 sentences
[2026-07-26 01:53:30] [data] Done shuffling 20,000 sentences to temp files
[2026-07-26 01:53:32] Ep. 88 : Up. 5500 : Sen. 6,067 : Cost 1.22400296 * 613,655 @ 1,332 after 6,752,714 : Time 32.28s : 19013.16 words/s : gNorm 0.7744 : L.r. 3.0000e-04
[2026-07-26 01:53:34] Seen 20,000 samples
[2026-07-26 01:53:34] Starting data epoch 89 in logical epoch 89
[2026-07-26 01:53:34] [data] Shuffling data
[2026-07-26 01:53:34] [data] Done reading 20,000 sentences
[2026-07-26 01:53:34] [data] Done shuffling 20,000 sentences to temp files
[2026-07-26 01:53:38] Seen 20,000 samples
[2026-07-26 01:53:38] Starting data epoch 90 in logical epoch 90
[2026-07-26 01:53:38] [data] Shuffling data
[2026-07-26 01:53:38] [data] Done reading 20,000 sentences
[2026-07-26 01:53:38] [data] Done shuffling 20,000 sentences to temp files
[2026-07-26 01:53:41] Seen 20,000 samples
[2026-07-26 01:53:41] Starting data epoch 91 in logical epoch 91
[2026-07-26 01:53:41] [data] Shuffling data
[2026-07-26 01:53:41] [data] Done reading 20,000 sentences
[2026-07-26 01:53:41] [data] Done shuffling 20,000 sentences to temp files
[2026-07-26 01:53:45] Seen 20,000 samples
[2026-07-26 01:53:45] Starting data epoch 92 in logical epoch 92
[2026-07-26 01:53:45] [data] Shuffling data
[2026-07-26 01:53:45] [data] Done reading 20,000 sentences
[2026-07-26 01:53:45] [data] Done shuffling 20,000 sentences to temp files
[2026-07-26 01:53:49] Seen 20,000 samples
[2026-07-26 01:53:49] Starting data epoch 93 in logical epoch 93
[2026-07-26 01:53:49] [data] Shuffling data
[2026-07-26 01:53:49] [data] Done reading 20,000 sentences
[2026-07-26 01:53:49] [data] Done shuffling 20,000 sentences to temp files
[2026-07-26 01:53:52] Seen 20,000 samples
[2026-07-26 01:53:52] Starting data epoch 94 in logical epoch 94
[2026-07-26 01:53:52] [data] Shuffling data
[2026-07-26 01:53:52] [data] Done reading 20,000 sentences
[2026-07-26 01:53:52] [data] Done shuffling 20,000 sentences to temp files
[2026-07-26 01:53:56] Seen 20,000 samples
[2026-07-26 01:53:56] Starting data epoch 95 in logical epoch 95
[2026-07-26 01:53:56] [data] Shuffling data
[2026-07-26 01:53:56] [data] Done reading 20,000 sentences
[2026-07-26 01:53:56] [data] Done shuffling 20,000 sentences to temp files
[2026-07-26 01:53:59] Seen 20,000 samples
[2026-07-26 01:53:59] Starting data epoch 96 in logical epoch 96
[2026-07-26 01:53:59] [data] Shuffling data
[2026-07-26 01:53:59] [data] Done reading 20,000 sentences
[2026-07-26 01:53:59] [data] Done shuffling 20,000 sentences to temp files
[2026-07-26 01:54:00] Ep. 96 : Up. 6000 : Sen. 4,735 : Cost 1.20739555 * 613,559 @ 1,353 after 7,366,273 : Time 28.60s : 21454.88 words/s : gNorm 0.5256 : L.r. 3.0000e-04
[2026-07-26 01:54:03] Seen 20,000 samples
[2026-07-26 01:54:03] Starting data epoch 97 in logical epoch 97
[2026-07-26 01:54:03] [data] Shuffling data
[2026-07-26 01:54:03] [data] Done reading 20,000 sentences
[2026-07-26 01:54:03] [data] Done shuffling 20,000 sentences to temp files
[2026-07-26 01:54:06] Seen 20,000 samples
[2026-07-26 01:54:07] Starting data epoch 98 in logical epoch 98
[2026-07-26 01:54:07] [data] Shuffling data
[2026-07-26 01:54:07] [data] Done reading 20,000 sentences
[2026-07-26 01:54:07] [data] Done shuffling 20,000 sentences to temp files
[2026-07-26 01:54:10] Seen 20,000 samples
[2026-07-26 01:54:10] Starting data epoch 99 in logical epoch 99
[2026-07-26 01:54:10] [data] Shuffling data
[2026-07-26 01:54:10] [data] Done reading 20,000 sentences
[2026-07-26 01:54:10] [data] Done shuffling 20,000 sentences to temp files
[2026-07-26 01:54:14] Seen 20,000 samples
[2026-07-26 01:54:14] Starting data epoch 100 in logical epoch 100
[2026-07-26 01:54:14] [data] Shuffling data
[2026-07-26 01:54:14] [data] Done reading 20,000 sentences
[2026-07-26 01:54:14] [data] Done shuffling 20,000 sentences to temp files
[2026-07-26 01:54:17] Seen 20,000 samples
[2026-07-26 01:54:17] Starting data epoch 101 in logical epoch 101
[2026-07-26 01:54:17] [data] Shuffling data
[2026-07-26 01:54:17] [data] Done reading 20,000 sentences
[2026-07-26 01:54:17] [data] Done shuffling 20,000 sentences to temp files
[2026-07-26 01:54:21] Seen 20,000 samples
[2026-07-26 01:54:21] Starting data epoch 102 in logical epoch 102
[2026-07-26 01:54:21] [data] Shuffling data
[2026-07-26 01:54:21] [data] Done reading 20,000 sentences
[2026-07-26 01:54:21] [data] Done shuffling 20,000 sentences to temp files
[2026-07-26 01:54:24] Seen 20,000 samples
[2026-07-26 01:54:24] Starting data epoch 103 in logical epoch 103
[2026-07-26 01:54:24] [data] Shuffling data
[2026-07-26 01:54:24] [data] Done reading 20,000 sentences
[2026-07-26 01:54:24] [data] Done shuffling 20,000 sentences to temp files
[2026-07-26 01:54:28] Seen 20,000 samples
[2026-07-26 01:54:28] Starting data epoch 104 in logical epoch 104
[2026-07-26 01:54:28] [data] Shuffling data
[2026-07-26 01:54:28] [data] Done reading 20,000 sentences
[2026-07-26 01:54:28] [data] Done shuffling 20,000 sentences to temp files
[2026-07-26 01:54:28] Ep. 104 : Up. 6500 : Sen. 3,493 : Cost 1.19917488 * 613,689 @ 999 after 7,979,962 : Time 28.22s : 21746.45 words/s : gNorm 0.5277 : L.r. 3.0000e-04
[2026-07-26 01:54:31] Seen 20,000 samples
[2026-07-26 01:54:31] Starting data epoch 105 in logical epoch 105
[2026-07-26 01:54:31] [data] Shuffling data
[2026-07-26 01:54:31] [data] Done reading 20,000 sentences
[2026-07-26 01:54:31] [data] Done shuffling 20,000 sentences to temp files
[2026-07-26 01:54:35] Seen 20,000 samples
[2026-07-26 01:54:35] Starting data epoch 106 in logical epoch 106
[2026-07-26 01:54:35] [data] Shuffling data
[2026-07-26 01:54:35] [data] Done reading 20,000 sentences
[2026-07-26 01:54:35] [data] Done shuffling 20,000 sentences to temp files
[2026-07-26 01:54:39] Seen 20,000 samples
[2026-07-26 01:54:39] Starting data epoch 107 in logical epoch 107
[2026-07-26 01:54:39] [data] Shuffling data
[2026-07-26 01:54:39] [data] Done reading 20,000 sentences
[2026-07-26 01:54:39] [data] Done shuffling 20,000 sentences to temp files
[2026-07-26 01:54:42] Seen 20,000 samples
[2026-07-26 01:54:42] Starting data epoch 108 in logical epoch 108
[2026-07-26 01:54:42] [data] Shuffling data
[2026-07-26 01:54:42] [data] Done reading 20,000 sentences
[2026-07-26 01:54:42] [data] Done shuffling 20,000 sentences to temp files
[2026-07-26 01:54:46] Seen 20,000 samples
[2026-07-26 01:54:46] Starting data epoch 109 in logical epoch 109
[2026-07-26 01:54:46] [data] Shuffling data
[2026-07-26 01:54:46] [data] Done reading 20,000 sentences
[2026-07-26 01:54:46] [data] Done shuffling 20,000 sentences to temp files
[2026-07-26 01:54:50] Seen 20,000 samples
[2026-07-26 01:54:50] Starting data epoch 110 in logical epoch 110
[2026-07-26 01:54:50] [data] Shuffling data
[2026-07-26 01:54:50] [data] Done reading 20,000 sentences
[2026-07-26 01:54:50] [data] Done shuffling 20,000 sentences to temp files
[2026-07-26 01:54:53] Seen 20,000 samples
[2026-07-26 01:54:53] Starting data epoch 111 in logical epoch 111
[2026-07-26 01:54:53] [data] Shuffling data
[2026-07-26 01:54:53] [data] Done reading 20,000 sentences
[2026-07-26 01:54:53] [data] Done shuffling 20,000 sentences to temp files
[2026-07-26 01:54:57] Seen 20,000 samples
[2026-07-26 01:54:57] Starting data epoch 112 in logical epoch 112
[2026-07-26 01:54:57] [data] Shuffling data
[2026-07-26 01:54:57] [data] Done reading 20,000 sentences
[2026-07-26 01:54:57] [data] Done shuffling 20,000 sentences to temp files
[2026-07-26 01:54:57] Ep. 112 : Up. 7000 : Sen. 2,331 : Cost 1.18988764 * 614,348 @ 1,332 after 8,594,310 : Time 29.14s : 21081.11 words/s : gNorm 0.8016 : L.r. 3.0000e-04
[2026-07-26 01:55:01] Seen 20,000 samples
[2026-07-26 01:55:01] Starting data epoch 113 in logical epoch 113
[2026-07-26 01:55:01] [data] Shuffling data
[2026-07-26 01:55:01] [data] Done reading 20,000 sentences
[2026-07-26 01:55:01] [data] Done shuffling 20,000 sentences to temp files
[2026-07-26 01:55:04] Seen 20,000 samples
[2026-07-26 01:55:04] Starting data epoch 114 in logical epoch 114
[2026-07-26 01:55:04] [data] Shuffling data
[2026-07-26 01:55:04] [data] Done reading 20,000 sentences
[2026-07-26 01:55:04] [data] Done shuffling 20,000 sentences to temp files
[2026-07-26 01:55:08] Seen 20,000 samples
[2026-07-26 01:55:08] Starting data epoch 115 in logical epoch 115
[2026-07-26 01:55:08] [data] Shuffling data
[2026-07-26 01:55:08] [data] Done reading 20,000 sentences
[2026-07-26 01:55:08] [data] Done shuffling 20,000 sentences to temp files
[2026-07-26 01:55:11] Seen 20,000 samples
[2026-07-26 01:55:11] Starting data epoch 116 in logical epoch 116
[2026-07-26 01:55:11] [data] Shuffling data
[2026-07-26 01:55:11] [data] Done reading 20,000 sentences
[2026-07-26 01:55:11] [data] Done shuffling 20,000 sentences to temp files
[2026-07-26 01:55:14] Seen 20,000 samples
[2026-07-26 01:55:14] Starting data epoch 117 in logical epoch 117
[2026-07-26 01:55:14] [data] Shuffling data
[2026-07-26 01:55:14] [data] Done reading 20,000 sentences
[2026-07-26 01:55:14] [data] Done shuffling 20,000 sentences to temp files
[2026-07-26 01:55:18] Seen 20,000 samples
[2026-07-26 01:55:18] Starting data epoch 118 in logical epoch 118
[2026-07-26 01:55:18] [data] Shuffling data
[2026-07-26 01:55:18] [data] Done reading 20,000 sentences
[2026-07-26 01:55:18] [data] Done shuffling 20,000 sentences to temp files
[2026-07-26 01:55:22] Seen 20,000 samples
[2026-07-26 01:55:22] Starting data epoch 119 in logical epoch 119
[2026-07-26 01:55:22] [data] Shuffling data
[2026-07-26 01:55:22] [data] Done reading 20,000 sentences
[2026-07-26 01:55:22] [data] Done shuffling 20,000 sentences to temp files
[2026-07-26 01:55:25] Seen 20,000 samples
[2026-07-26 01:55:25] Starting data epoch 120 in logical epoch 120
[2026-07-26 01:55:25] [data] Shuffling data
[2026-07-26 01:55:25] [data] Done reading 20,000 sentences
[2026-07-26 01:55:25] [data] Done shuffling 20,000 sentences to temp files
[2026-07-26 01:55:26] Ep. 120 : Up. 7500 : Sen. 999 : Cost 1.18318713 * 613,075 @ 999 after 9,207,385 : Time 28.17s : 21762.84 words/s : gNorm 0.5689 : L.r. 3.0000e-04
[2026-07-26 01:55:29] Seen 20,000 samples
[2026-07-26 01:55:29] Starting data epoch 121 in logical epoch 121
[2026-07-26 01:55:29] [data] Shuffling data
[2026-07-26 01:55:29] [data] Done reading 20,000 sentences
[2026-07-26 01:55:29] [data] Done shuffling 20,000 sentences to temp files
[2026-07-26 01:55:33] Seen 20,000 samples
[2026-07-26 01:55:33] Starting data epoch 122 in logical epoch 122
[2026-07-26 01:55:33] [data] Shuffling data
[2026-07-26 01:55:33] [data] Done reading 20,000 sentences
[2026-07-26 01:55:33] [data] Done shuffling 20,000 sentences to temp files
[2026-07-26 01:55:36] Seen 20,000 samples
[2026-07-26 01:55:36] Starting data epoch 123 in logical epoch 123
[2026-07-26 01:55:36] [data] Shuffling data
[2026-07-26 01:55:36] [data] Done reading 20,000 sentences
[2026-07-26 01:55:36] [data] Done shuffling 20,000 sentences to temp files
[2026-07-26 01:55:40] Seen 20,000 samples
[2026-07-26 01:55:40] Starting data epoch 124 in logical epoch 124
[2026-07-26 01:55:40] [data] Shuffling data
[2026-07-26 01:55:40] [data] Done reading 20,000 sentences
[2026-07-26 01:55:40] [data] Done shuffling 20,000 sentences to temp files
[2026-07-26 01:55:43] Seen 20,000 samples
[2026-07-26 01:55:43] Starting data epoch 125 in logical epoch 125
[2026-07-26 01:55:43] [data] Shuffling data
[2026-07-26 01:55:43] [data] Done reading 20,000 sentences
[2026-07-26 01:55:44] [data] Done shuffling 20,000 sentences to temp files
[2026-07-26 01:55:47] Seen 20,000 samples
[2026-07-26 01:55:47] Starting data epoch 126 in logical epoch 126
[2026-07-26 01:55:47] [data] Shuffling data
[2026-07-26 01:55:47] [data] Done reading 20,000 sentences
[2026-07-26 01:55:47] [data] Done shuffling 20,000 sentences to temp files
[2026-07-26 01:55:51] Seen 20,000 samples
[2026-07-26 01:55:51] Starting data epoch 127 in logical epoch 127
[2026-07-26 01:55:51] [data] Shuffling data
[2026-07-26 01:55:51] [data] Done reading 20,000 sentences
[2026-07-26 01:55:51] [data] Done shuffling 20,000 sentences to temp files
[2026-07-26 01:55:54] Ep. 127 : Up. 8000 : Sen. 19,866 : Cost 1.17763233 * 615,028 @ 1,581 after 9,822,413 : Time 28.39s : 21665.52 words/s : gNorm 0.6970 : L.r. 3.0000e-04
[2026-07-26 01:55:54] Seen 20,000 samples
[2026-07-26 01:55:54] Starting data epoch 128 in logical epoch 128
[2026-07-26 01:55:54] [data] Shuffling data
[2026-07-26 01:55:54] [data] Done reading 20,000 sentences
[2026-07-26 01:55:54] [data] Done shuffling 20,000 sentences to temp files
[2026-07-26 01:55:58] Seen 20,000 samples
[2026-07-26 01:55:58] Starting data epoch 129 in logical epoch 129
[2026-07-26 01:55:58] [data] Shuffling data
[2026-07-26 01:55:58] [data] Done reading 20,000 sentences
[2026-07-26 01:55:58] [data] Done shuffling 20,000 sentences to temp files
[2026-07-26 01:56:01] Seen 20,000 samples
[2026-07-26 01:56:01] Starting data epoch 130 in logical epoch 130
[2026-07-26 01:56:01] [data] Shuffling data
[2026-07-26 01:56:01] [data] Done reading 20,000 sentences
[2026-07-26 01:56:01] [data] Done shuffling 20,000 sentences to temp files
[2026-07-26 01:56:05] Seen 20,000 samples
[2026-07-26 01:56:05] Starting data epoch 131 in logical epoch 131
[2026-07-26 01:56:05] [data] Shuffling data
[2026-07-26 01:56:05] [data] Done reading 20,000 sentences
[2026-07-26 01:56:05] [data] Done shuffling 20,000 sentences to temp files
[2026-07-26 01:56:09] Seen 20,000 samples
[2026-07-26 01:56:09] Starting data epoch 132 in logical epoch 132
[2026-07-26 01:56:09] [data] Shuffling data
[2026-07-26 01:56:09] [data] Done reading 20,000 sentences
[2026-07-26 01:56:09] [data] Done shuffling 20,000 sentences to temp files
[2026-07-26 01:56:12] Seen 20,000 samples
[2026-07-26 01:56:12] Starting data epoch 133 in logical epoch 133
[2026-07-26 01:56:12] [data] Shuffling data
[2026-07-26 01:56:12] [data] Done reading 20,000 sentences
[2026-07-26 01:56:12] [data] Done shuffling 20,000 sentences to temp files
[2026-07-26 01:56:16] Seen 20,000 samples
[2026-07-26 01:56:16] Starting data epoch 134 in logical epoch 134
[2026-07-26 01:56:16] [data] Shuffling data
[2026-07-26 01:56:16] [data] Done reading 20,000 sentences
[2026-07-26 01:56:16] [data] Done shuffling 20,000 sentences to temp files
[2026-07-26 01:56:19] Seen 20,000 samples
[2026-07-26 01:56:19] Starting data epoch 135 in logical epoch 135
[2026-07-26 01:56:19] [data] Shuffling data
[2026-07-26 01:56:19] [data] Done reading 20,000 sentences
[2026-07-26 01:56:19] [data] Done shuffling 20,000 sentences to temp files
[2026-07-26 01:56:23] Ep. 135 : Up. 8500 : Sen. 18,534 : Cost 1.17345130 * 613,722 @ 999 after 10,436,135 : Time 28.66s : 21411.55 words/s : gNorm 0.4276 : L.r. 3.0000e-04
[2026-07-26 01:56:23] Seen 20,000 samples
[2026-07-26 01:56:23] Starting data epoch 136 in logical epoch 136
[2026-07-26 01:56:23] [data] Shuffling data
[2026-07-26 01:56:23] [data] Done reading 20,000 sentences
[2026-07-26 01:56:23] [data] Done shuffling 20,000 sentences to temp files
[2026-07-26 01:56:27] Seen 20,000 samples
[2026-07-26 01:56:27] Starting data epoch 137 in logical epoch 137
[2026-07-26 01:56:27] [data] Shuffling data
[2026-07-26 01:56:27] [data] Done reading 20,000 sentences
[2026-07-26 01:56:27] [data] Done shuffling 20,000 sentences to temp files
[2026-07-26 01:56:30] Seen 20,000 samples
[2026-07-26 01:56:30] Starting data epoch 138 in logical epoch 138
[2026-07-26 01:56:30] [data] Shuffling data
[2026-07-26 01:56:30] [data] Done reading 20,000 sentences
[2026-07-26 01:56:30] [data] Done shuffling 20,000 sentences to temp files
[2026-07-26 01:56:34] Seen 20,000 samples
[2026-07-26 01:56:34] Starting data epoch 139 in logical epoch 139
[2026-07-26 01:56:34] [data] Shuffling data
[2026-07-26 01:56:34] [data] Done reading 20,000 sentences
[2026-07-26 01:56:34] [data] Done shuffling 20,000 sentences to temp files
[2026-07-26 01:56:37] Seen 20,000 samples
[2026-07-26 01:56:37] Starting data epoch 140 in logical epoch 140
[2026-07-26 01:56:37] [data] Shuffling data
[2026-07-26 01:56:37] [data] Done reading 20,000 sentences
[2026-07-26 01:56:37] [data] Done shuffling 20,000 sentences to temp files
[2026-07-26 01:56:41] Seen 20,000 samples
[2026-07-26 01:56:41] Starting data epoch 141 in logical epoch 141
[2026-07-26 01:56:41] [data] Shuffling data
[2026-07-26 01:56:41] [data] Done reading 20,000 sentences
[2026-07-26 01:56:41] [data] Done shuffling 20,000 sentences to temp files
[2026-07-26 01:56:45] Seen 20,000 samples
[2026-07-26 01:56:45] Starting data epoch 142 in logical epoch 142
[2026-07-26 01:56:45] [data] Shuffling data
[2026-07-26 01:56:45] [data] Done reading 20,000 sentences
[2026-07-26 01:56:45] [data] Done shuffling 20,000 sentences to temp files
[2026-07-26 01:56:48] Seen 20,000 samples
[2026-07-26 01:56:48] Starting data epoch 143 in logical epoch 143
[2026-07-26 01:56:48] [data] Shuffling data
[2026-07-26 01:56:48] [data] Done reading 20,000 sentences
[2026-07-26 01:56:48] [data] Done shuffling 20,000 sentences to temp files
[2026-07-26 01:56:51] Ep. 143 : Up. 9000 : Sen. 17,372 : Cost 1.16741192 * 613,461 @ 1,665 after 11,049,596 : Time 28.66s : 21403.51 words/s : gNorm 0.4947 : L.r. 3.0000e-04
[2026-07-26 01:56:52] Seen 20,000 samples
[2026-07-26 01:56:52] Starting data epoch 144 in logical epoch 144
[2026-07-26 01:56:52] [data] Shuffling data
[2026-07-26 01:56:52] [data] Done reading 20,000 sentences
[2026-07-26 01:56:52] [data] Done shuffling 20,000 sentences to temp files
[2026-07-26 01:56:56] Seen 20,000 samples
[2026-07-26 01:56:56] Starting data epoch 145 in logical epoch 145
[2026-07-26 01:56:56] [data] Shuffling data
[2026-07-26 01:56:56] [data] Done reading 20,000 sentences
[2026-07-26 01:56:56] [data] Done shuffling 20,000 sentences to temp files
[2026-07-26 01:56:59] Seen 20,000 samples
[2026-07-26 01:56:59] Starting data epoch 146 in logical epoch 146
[2026-07-26 01:56:59] [data] Shuffling data
[2026-07-26 01:56:59] [data] Done reading 20,000 sentences
[2026-07-26 01:56:59] [data] Done shuffling 20,000 sentences to temp files
[2026-07-26 01:57:03] Seen 20,000 samples
[2026-07-26 01:57:03] Starting data epoch 147 in logical epoch 147
[2026-07-26 01:57:03] [data] Shuffling data
[2026-07-26 01:57:03] [data] Done reading 20,000 sentences
[2026-07-26 01:57:03] [data] Done shuffling 20,000 sentences to temp files
[2026-07-26 01:57:06] Seen 20,000 samples
[2026-07-26 01:57:06] Starting data epoch 148 in logical epoch 148
[2026-07-26 01:57:06] [data] Shuffling data
[2026-07-26 01:57:06] [data] Done reading 20,000 sentences
[2026-07-26 01:57:06] [data] Done shuffling 20,000 sentences to temp files
[2026-07-26 01:57:10] Seen 20,000 samples
[2026-07-26 01:57:10] Starting data epoch 149 in logical epoch 149
[2026-07-26 01:57:10] [data] Shuffling data
[2026-07-26 01:57:10] [data] Done reading 20,000 sentences
[2026-07-26 01:57:10] [data] Done shuffling 20,000 sentences to temp files
[2026-07-26 01:57:14] Seen 20,000 samples
[2026-07-26 01:57:14] Starting data epoch 150 in logical epoch 150
[2026-07-26 01:57:14] [data] Shuffling data
[2026-07-26 01:57:14] [data] Done reading 20,000 sentences
[2026-07-26 01:57:14] [data] Done shuffling 20,000 sentences to temp files
[2026-07-26 01:57:18] Seen 20,000 samples
[2026-07-26 01:57:18] Starting data epoch 151 in logical epoch 151
[2026-07-26 01:57:18] [data] Shuffling data
[2026-07-26 01:57:18] [data] Done reading 20,000 sentences
[2026-07-26 01:57:18] [data] Done shuffling 20,000 sentences to temp files
[2026-07-26 01:57:20] Ep. 151 : Up. 9500 : Sen. 16,040 : Cost 1.16462684 * 614,063 @ 1,665 after 11,663,659 : Time 29.03s : 21153.12 words/s : gNorm 0.4772 : L.r. 3.0000e-04
[2026-07-26 01:57:21] Seen 20,000 samples
[2026-07-26 01:57:21] Starting data epoch 152 in logical epoch 152
[2026-07-26 01:57:21] [data] Shuffling data
[2026-07-26 01:57:21] [data] Done reading 20,000 sentences
[2026-07-26 01:57:21] [data] Done shuffling 20,000 sentences to temp files
[2026-07-26 01:57:25] Seen 20,000 samples
[2026-07-26 01:57:25] Starting data epoch 153 in logical epoch 153
[2026-07-26 01:57:25] [data] Shuffling data
[2026-07-26 01:57:25] [data] Done reading 20,000 sentences
[2026-07-26 01:57:25] [data] Done shuffling 20,000 sentences to temp files
[2026-07-26 01:57:28] Seen 20,000 samples
[2026-07-26 01:57:28] Starting data epoch 154 in logical epoch 154
[2026-07-26 01:57:28] [data] Shuffling data
[2026-07-26 01:57:28] [data] Done reading 20,000 sentences
[2026-07-26 01:57:28] [data] Done shuffling 20,000 sentences to temp files
[2026-07-26 01:57:32] Seen 20,000 samples
[2026-07-26 01:57:32] Starting data epoch 155 in logical epoch 155
[2026-07-26 01:57:32] [data] Shuffling data
[2026-07-26 01:57:32] [data] Done reading 20,000 sentences
[2026-07-26 01:57:32] [data] Done shuffling 20,000 sentences to temp files
[2026-07-26 01:57:36] Seen 20,000 samples
[2026-07-26 01:57:36] Starting data epoch 156 in logical epoch 156
[2026-07-26 01:57:36] [data] Shuffling data
[2026-07-26 01:57:36] [data] Done reading 20,000 sentences
[2026-07-26 01:57:36] [data] Done shuffling 20,000 sentences to temp files
[2026-07-26 01:57:39] Seen 20,000 samples
[2026-07-26 01:57:39] Starting data epoch 157 in logical epoch 157
[2026-07-26 01:57:39] [data] Shuffling data
[2026-07-26 01:57:39] [data] Done reading 20,000 sentences
[2026-07-26 01:57:39] [data] Done shuffling 20,000 sentences to temp files
[2026-07-26 01:57:43] Seen 20,000 samples
[2026-07-26 01:57:43] Starting data epoch 158 in logical epoch 158
[2026-07-26 01:57:43] [data] Shuffling data
[2026-07-26 01:57:43] [data] Done reading 20,000 sentences
[2026-07-26 01:57:43] [data] Done shuffling 20,000 sentences to temp files
[2026-07-26 01:57:46] Seen 20,000 samples
[2026-07-26 01:57:46] Starting data epoch 159 in logical epoch 159
[2026-07-26 01:57:46] [data] Shuffling data
[2026-07-26 01:57:46] [data] Done reading 20,000 sentences
[2026-07-26 01:57:46] [data] Done shuffling 20,000 sentences to temp files
[2026-07-26 01:57:49] Ep. 159 : Up. 10000 : Sen. 14,798 : Cost 1.16319156 * 614,231 @ 1,332 after 12,277,890 : Time 28.58s : 21488.90 words/s : gNorm 0.5352 : L.r. 3.0000e-04
[2026-07-26 01:57:49] Saving model weights and runtime parameters to /d/Job_Requirements/PracticalProjectsFromDrYe/AIE-F/assignment-submission/class-22/TheinGiKyaw_Assignment7/model.transformer.phmy/model.iter10000.npz
[2026-07-26 01:57:49] Saving model weights and runtime parameters to /d/Job_Requirements/PracticalProjectsFromDrYe/AIE-F/assignment-submission/class-22/TheinGiKyaw_Assignment7/model.transformer.phmy/model.npz
[2026-07-26 01:57:50] Saving Adam parameters
[2026-07-26 01:57:50] [training] Saving training checkpoint to /d/Job_Requirements/PracticalProjectsFromDrYe/AIE-F/assignment-submission/class-22/TheinGiKyaw_Assignment7/model.transformer.phmy/model.npz and /d/Job_Requirements/PracticalProjectsFromDrYe/AIE-F/assignment-submission/class-22/TheinGiKyaw_Assignment7/model.transformer.phmy/model.npz.optimizer.npz
[2026-07-26 01:57:52] [valid] Ep. 159 : Up. 10000 : cross-entropy : 2.08689 : stalled 1 times (last best: 1.85265)
[2026-07-26 01:57:52] [valid] Ep. 159 : Up. 10000 : perplexity : 1.7211 : stalled 1 times (last best: 1.61935)
[2026-07-26 01:57:53] [valid] Ep. 159 : Up. 10000 : bleu : 75.7331 : new best
[2026-07-26 01:57:54] Seen 20,000 samples
[2026-07-26 01:57:54] Starting data epoch 160 in logical epoch 160
[2026-07-26 01:57:54] [data] Shuffling data
[2026-07-26 01:57:54] [data] Done reading 20,000 sentences
[2026-07-26 01:57:54] [data] Done shuffling 20,000 sentences to temp files
[2026-07-26 01:57:58] Seen 20,000 samples
[2026-07-26 01:57:58] Starting data epoch 161 in logical epoch 161
[2026-07-26 01:57:58] [data] Shuffling data
[2026-07-26 01:57:58] [data] Done reading 20,000 sentences
[2026-07-26 01:57:58] [data] Done shuffling 20,000 sentences to temp files
[2026-07-26 01:58:02] Seen 20,000 samples
[2026-07-26 01:58:02] Starting data epoch 162 in logical epoch 162
[2026-07-26 01:58:02] [data] Shuffling data
[2026-07-26 01:58:02] [data] Done reading 20,000 sentences
[2026-07-26 01:58:02] [data] Done shuffling 20,000 sentences to temp files
[2026-07-26 01:58:05] Seen 20,000 samples
[2026-07-26 01:58:05] Starting data epoch 163 in logical epoch 163
[2026-07-26 01:58:05] [data] Shuffling data
[2026-07-26 01:58:05] [data] Done reading 20,000 sentences
[2026-07-26 01:58:05] [data] Done shuffling 20,000 sentences to temp files
[2026-07-26 01:58:09] Seen 20,000 samples
[2026-07-26 01:58:09] Starting data epoch 164 in logical epoch 164
[2026-07-26 01:58:09] [data] Shuffling data
[2026-07-26 01:58:09] [data] Done reading 20,000 sentences
[2026-07-26 01:58:09] [data] Done shuffling 20,000 sentences to temp files
[2026-07-26 01:58:12] Seen 20,000 samples
[2026-07-26 01:58:12] Starting data epoch 165 in logical epoch 165
[2026-07-26 01:58:12] [data] Shuffling data
[2026-07-26 01:58:12] [data] Done reading 20,000 sentences
[2026-07-26 01:58:12] [data] Done shuffling 20,000 sentences to temp files
[2026-07-26 01:58:16] Seen 20,000 samples
[2026-07-26 01:58:16] Starting data epoch 166 in logical epoch 166
[2026-07-26 01:58:16] [data] Shuffling data
[2026-07-26 01:58:16] [data] Done reading 20,000 sentences
[2026-07-26 01:58:16] [data] Done shuffling 20,000 sentences to temp files
[2026-07-26 01:58:20] Seen 20,000 samples
[2026-07-26 01:58:20] Starting data epoch 167 in logical epoch 167
[2026-07-26 01:58:20] [data] Shuffling data
[2026-07-26 01:58:20] [data] Done reading 20,000 sentences
[2026-07-26 01:58:20] [data] Done shuffling 20,000 sentences to temp files
[2026-07-26 01:58:22] Ep. 167 : Up. 10500 : Sen. 13,466 : Cost 1.15982831 * 612,833 @ 999 after 12,890,723 : Time 33.01s : 18562.92 words/s : gNorm 0.5365 : L.r. 3.0000e-04
[2026-07-26 01:58:23] Seen 20,000 samples
[2026-07-26 01:58:23] Starting data epoch 168 in logical epoch 168
[2026-07-26 01:58:23] [data] Shuffling data
[2026-07-26 01:58:23] [data] Done reading 20,000 sentences
[2026-07-26 01:58:23] [data] Done shuffling 20,000 sentences to temp files
[2026-07-26 01:58:27] Seen 20,000 samples
[2026-07-26 01:58:27] Starting data epoch 169 in logical epoch 169
[2026-07-26 01:58:27] [data] Shuffling data
[2026-07-26 01:58:27] [data] Done reading 20,000 sentences
[2026-07-26 01:58:27] [data] Done shuffling 20,000 sentences to temp files
[2026-07-26 01:58:31] Seen 20,000 samples
[2026-07-26 01:58:31] Starting data epoch 170 in logical epoch 170
[2026-07-26 01:58:31] [data] Shuffling data
[2026-07-26 01:58:31] [data] Done reading 20,000 sentences
[2026-07-26 01:58:31] [data] Done shuffling 20,000 sentences to temp files
[2026-07-26 01:58:34] Seen 20,000 samples
[2026-07-26 01:58:34] Starting data epoch 171 in logical epoch 171
[2026-07-26 01:58:34] [data] Shuffling data
[2026-07-26 01:58:34] [data] Done reading 20,000 sentences
[2026-07-26 01:58:34] [data] Done shuffling 20,000 sentences to temp files
[2026-07-26 01:58:38] Seen 20,000 samples
[2026-07-26 01:58:38] Starting data epoch 172 in logical epoch 172
[2026-07-26 01:58:38] [data] Shuffling data
[2026-07-26 01:58:38] [data] Done reading 20,000 sentences
[2026-07-26 01:58:38] [data] Done shuffling 20,000 sentences to temp files
[2026-07-26 01:58:41] Seen 20,000 samples
[2026-07-26 01:58:41] Starting data epoch 173 in logical epoch 173
[2026-07-26 01:58:41] [data] Shuffling data
[2026-07-26 01:58:42] [data] Done reading 20,000 sentences
[2026-07-26 01:58:42] [data] Done shuffling 20,000 sentences to temp files
[2026-07-26 01:58:45] Seen 20,000 samples
[2026-07-26 01:58:45] Starting data epoch 174 in logical epoch 174
[2026-07-26 01:58:45] [data] Shuffling data
[2026-07-26 01:58:45] [data] Done reading 20,000 sentences
[2026-07-26 01:58:45] [data] Done shuffling 20,000 sentences to temp files
[2026-07-26 01:58:49] Seen 20,000 samples
[2026-07-26 01:58:49] Starting data epoch 175 in logical epoch 175
[2026-07-26 01:58:49] [data] Shuffling data
[2026-07-26 01:58:49] [data] Done reading 20,000 sentences
[2026-07-26 01:58:49] [data] Done shuffling 20,000 sentences to temp files
[2026-07-26 01:58:51] Ep. 175 : Up. 11000 : Sen. 12,134 : Cost 1.15738881 * 614,456 @ 999 after 13,505,179 : Time 29.02s : 21171.41 words/s : gNorm 0.4382 : L.r. 3.0000e-04
[2026-07-26 01:58:52] Seen 20,000 samples
[2026-07-26 01:58:52] Starting data epoch 176 in logical epoch 176
[2026-07-26 01:58:52] [data] Shuffling data
[2026-07-26 01:58:53] [data] Done reading 20,000 sentences
[2026-07-26 01:58:53] [data] Done shuffling 20,000 sentences to temp files
[2026-07-26 01:58:56] Seen 20,000 samples
[2026-07-26 01:58:56] Starting data epoch 177 in logical epoch 177
[2026-07-26 01:58:56] [data] Shuffling data
[2026-07-26 01:58:56] [data] Done reading 20,000 sentences
[2026-07-26 01:58:56] [data] Done shuffling 20,000 sentences to temp files
[2026-07-26 01:59:00] Seen 20,000 samples
[2026-07-26 01:59:00] Starting data epoch 178 in logical epoch 178
[2026-07-26 01:59:00] [data] Shuffling data
[2026-07-26 01:59:00] [data] Done reading 20,000 sentences
[2026-07-26 01:59:00] [data] Done shuffling 20,000 sentences to temp files
[2026-07-26 01:59:04] Seen 20,000 samples
[2026-07-26 01:59:04] Starting data epoch 179 in logical epoch 179
[2026-07-26 01:59:04] [data] Shuffling data
[2026-07-26 01:59:04] [data] Done reading 20,000 sentences
[2026-07-26 01:59:04] [data] Done shuffling 20,000 sentences to temp files
[2026-07-26 01:59:07] Seen 20,000 samples
[2026-07-26 01:59:07] Starting data epoch 180 in logical epoch 180
[2026-07-26 01:59:07] [data] Shuffling data
[2026-07-26 01:59:07] [data] Done reading 20,000 sentences
[2026-07-26 01:59:07] [data] Done shuffling 20,000 sentences to temp files
[2026-07-26 01:59:11] Seen 20,000 samples
[2026-07-26 01:59:11] Starting data epoch 181 in logical epoch 181
[2026-07-26 01:59:11] [data] Shuffling data
[2026-07-26 01:59:11] [data] Done reading 20,000 sentences
[2026-07-26 01:59:11] [data] Done shuffling 20,000 sentences to temp files
[2026-07-26 01:59:14] Seen 20,000 samples
[2026-07-26 01:59:14] Starting data epoch 182 in logical epoch 182
[2026-07-26 01:59:14] [data] Shuffling data
[2026-07-26 01:59:15] [data] Done reading 20,000 sentences
[2026-07-26 01:59:15] [data] Done shuffling 20,000 sentences to temp files
[2026-07-26 01:59:18] Seen 20,000 samples
[2026-07-26 01:59:18] Starting data epoch 183 in logical epoch 183
[2026-07-26 01:59:18] [data] Shuffling data
[2026-07-26 01:59:18] [data] Done reading 20,000 sentences
[2026-07-26 01:59:18] [data] Done shuffling 20,000 sentences to temp files
[2026-07-26 01:59:20] Ep. 183 : Up. 11500 : Sen. 10,802 : Cost 1.15440047 * 612,706 @ 1,332 after 14,117,885 : Time 29.15s : 21017.93 words/s : gNorm 0.5107 : L.r. 3.0000e-04
[2026-07-26 01:59:22] Seen 20,000 samples
[2026-07-26 01:59:22] Starting data epoch 184 in logical epoch 184
[2026-07-26 01:59:22] [data] Shuffling data
[2026-07-26 01:59:22] [data] Done reading 20,000 sentences
[2026-07-26 01:59:22] [data] Done shuffling 20,000 sentences to temp files
[2026-07-26 01:59:26] Seen 20,000 samples
[2026-07-26 01:59:26] Starting data epoch 185 in logical epoch 185
[2026-07-26 01:59:26] [data] Shuffling data
[2026-07-26 01:59:26] [data] Done reading 20,000 sentences
[2026-07-26 01:59:26] [data] Done shuffling 20,000 sentences to temp files
[2026-07-26 01:59:29] Seen 20,000 samples
[2026-07-26 01:59:29] Starting data epoch 186 in logical epoch 186
[2026-07-26 01:59:29] [data] Shuffling data
[2026-07-26 01:59:29] [data] Done reading 20,000 sentences
[2026-07-26 01:59:29] [data] Done shuffling 20,000 sentences to temp files
[2026-07-26 01:59:33] Seen 20,000 samples
[2026-07-26 01:59:33] Starting data epoch 187 in logical epoch 187
[2026-07-26 01:59:33] [data] Shuffling data
[2026-07-26 01:59:33] [data] Done reading 20,000 sentences
[2026-07-26 01:59:33] [data] Done shuffling 20,000 sentences to temp files
[2026-07-26 01:59:37] Seen 20,000 samples
[2026-07-26 01:59:37] Starting data epoch 188 in logical epoch 188
[2026-07-26 01:59:37] [data] Shuffling data
[2026-07-26 01:59:37] [data] Done reading 20,000 sentences
[2026-07-26 01:59:37] [data] Done shuffling 20,000 sentences to temp files
[2026-07-26 01:59:41] Seen 20,000 samples
[2026-07-26 01:59:41] Starting data epoch 189 in logical epoch 189
[2026-07-26 01:59:41] [data] Shuffling data
[2026-07-26 01:59:41] [data] Done reading 20,000 sentences
[2026-07-26 01:59:41] [data] Done shuffling 20,000 sentences to temp files
[2026-07-26 01:59:44] Seen 20,000 samples
[2026-07-26 01:59:44] Starting data epoch 190 in logical epoch 190
[2026-07-26 01:59:44] [data] Shuffling data
[2026-07-26 01:59:44] [data] Done reading 20,000 sentences
[2026-07-26 01:59:44] [data] Done shuffling 20,000 sentences to temp files
[2026-07-26 01:59:48] Seen 20,000 samples
[2026-07-26 01:59:48] Starting data epoch 191 in logical epoch 191
[2026-07-26 01:59:48] [data] Shuffling data
[2026-07-26 01:59:48] [data] Done reading 20,000 sentences
[2026-07-26 01:59:48] [data] Done shuffling 20,000 sentences to temp files
[2026-07-26 01:59:50] Ep. 191 : Up. 12000 : Sen. 9,730 : Cost 1.15683293 * 615,912 @ 1,332 after 14,733,797 : Time 29.67s : 20759.68 words/s : gNorm 0.4586 : L.r. 3.0000e-04
[2026-07-26 01:59:52] Seen 20,000 samples
[2026-07-26 01:59:52] Starting data epoch 192 in logical epoch 192
[2026-07-26 01:59:52] [data] Shuffling data
[2026-07-26 01:59:52] [data] Done reading 20,000 sentences
[2026-07-26 01:59:52] [data] Done shuffling 20,000 sentences to temp files
[2026-07-26 01:59:56] Seen 20,000 samples
[2026-07-26 01:59:56] Starting data epoch 193 in logical epoch 193
[2026-07-26 01:59:56] [data] Shuffling data
[2026-07-26 01:59:56] [data] Done reading 20,000 sentences
[2026-07-26 01:59:56] [data] Done shuffling 20,000 sentences to temp files
[2026-07-26 01:59:59] Seen 20,000 samples
[2026-07-26 01:59:59] Starting data epoch 194 in logical epoch 194
[2026-07-26 01:59:59] [data] Shuffling data
[2026-07-26 02:00:00] [data] Done reading 20,000 sentences
[2026-07-26 02:00:00] [data] Done shuffling 20,000 sentences to temp files
[2026-07-26 02:00:03] Seen 20,000 samples
[2026-07-26 02:00:03] Starting data epoch 195 in logical epoch 195
[2026-07-26 02:00:03] [data] Shuffling data
[2026-07-26 02:00:03] [data] Done reading 20,000 sentences
[2026-07-26 02:00:03] [data] Done shuffling 20,000 sentences to temp files
[2026-07-26 02:00:07] Seen 20,000 samples
[2026-07-26 02:00:07] Starting data epoch 196 in logical epoch 196
[2026-07-26 02:00:07] [data] Shuffling data
[2026-07-26 02:00:07] [data] Done reading 20,000 sentences
[2026-07-26 02:00:07] [data] Done shuffling 20,000 sentences to temp files
[2026-07-26 02:00:11] Seen 20,000 samples
[2026-07-26 02:00:11] Starting data epoch 197 in logical epoch 197
[2026-07-26 02:00:11] [data] Shuffling data
[2026-07-26 02:00:11] [data] Done reading 20,000 sentences
[2026-07-26 02:00:11] [data] Done shuffling 20,000 sentences to temp files
[2026-07-26 02:00:14] Seen 20,000 samples
[2026-07-26 02:00:14] Starting data epoch 198 in logical epoch 198
[2026-07-26 02:00:14] [data] Shuffling data
[2026-07-26 02:00:14] [data] Done reading 20,000 sentences
[2026-07-26 02:00:14] [data] Done shuffling 20,000 sentences to temp files
[2026-07-26 02:00:18] Seen 20,000 samples
[2026-07-26 02:00:18] Starting data epoch 199 in logical epoch 199
[2026-07-26 02:00:18] [data] Shuffling data
[2026-07-26 02:00:18] [data] Done reading 20,000 sentences
[2026-07-26 02:00:18] [data] Done shuffling 20,000 sentences to temp files
[2026-07-26 02:00:20] Ep. 199 : Up. 12500 : Sen. 8,308 : Cost 1.15204632 * 612,372 @ 729 after 15,346,169 : Time 29.73s : 20596.81 words/s : gNorm 0.3554 : L.r. 3.0000e-04
[2026-07-26 02:00:22] Seen 20,000 samples
[2026-07-26 02:00:22] Starting data epoch 200 in logical epoch 200
[2026-07-26 02:00:22] [data] Shuffling data
[2026-07-26 02:00:22] [data] Done reading 20,000 sentences
[2026-07-26 02:00:22] [data] Done shuffling 20,000 sentences to temp files
[2026-07-26 02:00:25] Seen 20,000 samples
[2026-07-26 02:00:25] Starting data epoch 201 in logical epoch 201
[2026-07-26 02:00:25] [data] Shuffling data
[2026-07-26 02:00:25] [data] Done reading 20,000 sentences
[2026-07-26 02:00:25] [data] Done shuffling 20,000 sentences to temp files
[2026-07-26 02:00:29] Seen 20,000 samples
[2026-07-26 02:00:29] Starting data epoch 202 in logical epoch 202
[2026-07-26 02:00:29] [data] Shuffling data
[2026-07-26 02:00:29] [data] Done reading 20,000 sentences
[2026-07-26 02:00:29] [data] Done shuffling 20,000 sentences to temp files
[2026-07-26 02:00:33] Seen 20,000 samples
[2026-07-26 02:00:33] Starting data epoch 203 in logical epoch 203
[2026-07-26 02:00:33] [data] Shuffling data
[2026-07-26 02:00:33] [data] Done reading 20,000 sentences
[2026-07-26 02:00:33] [data] Done shuffling 20,000 sentences to temp files
[2026-07-26 02:00:36] Seen 20,000 samples
[2026-07-26 02:00:36] Starting data epoch 204 in logical epoch 204
[2026-07-26 02:00:36] [data] Shuffling data
[2026-07-26 02:00:36] [data] Done reading 20,000 sentences
[2026-07-26 02:00:36] [data] Done shuffling 20,000 sentences to temp files
[2026-07-26 02:00:40] Seen 20,000 samples
[2026-07-26 02:00:40] Starting data epoch 205 in logical epoch 205
[2026-07-26 02:00:40] [data] Shuffling data
[2026-07-26 02:00:40] [data] Done reading 20,000 sentences
[2026-07-26 02:00:40] [data] Done shuffling 20,000 sentences to temp files
[2026-07-26 02:00:44] Seen 20,000 samples
[2026-07-26 02:00:44] Starting data epoch 206 in logical epoch 206
[2026-07-26 02:00:44] [data] Shuffling data
[2026-07-26 02:00:44] [data] Done reading 20,000 sentences
[2026-07-26 02:00:44] [data] Done shuffling 20,000 sentences to temp files
[2026-07-26 02:00:47] Seen 20,000 samples
[2026-07-26 02:00:47] Starting data epoch 207 in logical epoch 207
[2026-07-26 02:00:47] [data] Shuffling data
[2026-07-26 02:00:48] [data] Done reading 20,000 sentences
[2026-07-26 02:00:48] [data] Done shuffling 20,000 sentences to temp files
[2026-07-26 02:00:49] Ep. 207 : Up. 13000 : Sen. 7,066 : Cost 1.14895570 * 613,665 @ 999 after 15,959,834 : Time 29.26s : 20973.19 words/s : gNorm 0.4229 : L.r. 3.0000e-04
[2026-07-26 02:00:51] Seen 20,000 samples
[2026-07-26 02:00:51] Starting data epoch 208 in logical epoch 208
[2026-07-26 02:00:51] [data] Shuffling data
[2026-07-26 02:00:51] [data] Done reading 20,000 sentences
[2026-07-26 02:00:51] [data] Done shuffling 20,000 sentences to temp files
[2026-07-26 02:00:55] Seen 20,000 samples
[2026-07-26 02:00:55] Starting data epoch 209 in logical epoch 209
[2026-07-26 02:00:55] [data] Shuffling data
[2026-07-26 02:00:55] [data] Done reading 20,000 sentences
[2026-07-26 02:00:55] [data] Done shuffling 20,000 sentences to temp files
[2026-07-26 02:00:59] Seen 20,000 samples
[2026-07-26 02:00:59] Starting data epoch 210 in logical epoch 210
[2026-07-26 02:00:59] [data] Shuffling data
[2026-07-26 02:00:59] [data] Done reading 20,000 sentences
[2026-07-26 02:00:59] [data] Done shuffling 20,000 sentences to temp files
[2026-07-26 02:01:02] Seen 20,000 samples
[2026-07-26 02:01:02] Starting data epoch 211 in logical epoch 211
[2026-07-26 02:01:02] [data] Shuffling data
[2026-07-26 02:01:02] [data] Done reading 20,000 sentences
[2026-07-26 02:01:02] [data] Done shuffling 20,000 sentences to temp files
[2026-07-26 02:01:06] Seen 20,000 samples
[2026-07-26 02:01:06] Starting data epoch 212 in logical epoch 212
[2026-07-26 02:01:06] [data] Shuffling data
[2026-07-26 02:01:06] [data] Done reading 20,000 sentences
[2026-07-26 02:01:06] [data] Done shuffling 20,000 sentences to temp files
[2026-07-26 02:01:10] Seen 20,000 samples
[2026-07-26 02:01:10] Starting data epoch 213 in logical epoch 213
[2026-07-26 02:01:10] [data] Shuffling data
[2026-07-26 02:01:10] [data] Done reading 20,000 sentences
[2026-07-26 02:01:10] [data] Done shuffling 20,000 sentences to temp files
[2026-07-26 02:01:14] Seen 20,000 samples
[2026-07-26 02:01:14] Starting data epoch 214 in logical epoch 214
[2026-07-26 02:01:14] [data] Shuffling data
[2026-07-26 02:01:14] [data] Done reading 20,000 sentences
[2026-07-26 02:01:14] [data] Done shuffling 20,000 sentences to temp files
[2026-07-26 02:01:17] Seen 20,000 samples
[2026-07-26 02:01:17] Starting data epoch 215 in logical epoch 215
[2026-07-26 02:01:17] [data] Shuffling data
[2026-07-26 02:01:17] [data] Done reading 20,000 sentences
[2026-07-26 02:01:17] [data] Done shuffling 20,000 sentences to temp files
[2026-07-26 02:01:18] Ep. 215 : Up. 13500 : Sen. 5,904 : Cost 1.14876771 * 614,210 @ 1,659 after 16,574,044 : Time 29.54s : 20791.79 words/s : gNorm 0.6186 : L.r. 3.0000e-04
[2026-07-26 02:01:21] Seen 20,000 samples
[2026-07-26 02:01:21] Starting data epoch 216 in logical epoch 216
[2026-07-26 02:01:21] [data] Shuffling data
[2026-07-26 02:01:21] [data] Done reading 20,000 sentences
[2026-07-26 02:01:21] [data] Done shuffling 20,000 sentences to temp files
[2026-07-26 02:01:25] Seen 20,000 samples
[2026-07-26 02:01:25] Starting data epoch 217 in logical epoch 217
[2026-07-26 02:01:25] [data] Shuffling data
[2026-07-26 02:01:25] [data] Done reading 20,000 sentences
[2026-07-26 02:01:25] [data] Done shuffling 20,000 sentences to temp files
[2026-07-26 02:01:28] Seen 20,000 samples
[2026-07-26 02:01:28] Starting data epoch 218 in logical epoch 218
[2026-07-26 02:01:28] [data] Shuffling data
[2026-07-26 02:01:28] [data] Done reading 20,000 sentences
[2026-07-26 02:01:29] [data] Done shuffling 20,000 sentences to temp files
[2026-07-26 02:01:32] Seen 20,000 samples
[2026-07-26 02:01:32] Starting data epoch 219 in logical epoch 219
[2026-07-26 02:01:32] [data] Shuffling data
[2026-07-26 02:01:32] [data] Done reading 20,000 sentences
[2026-07-26 02:01:32] [data] Done shuffling 20,000 sentences to temp files
[2026-07-26 02:01:36] Seen 20,000 samples
[2026-07-26 02:01:36] Starting data epoch 220 in logical epoch 220
[2026-07-26 02:01:36] [data] Shuffling data
[2026-07-26 02:01:36] [data] Done reading 20,000 sentences
[2026-07-26 02:01:36] [data] Done shuffling 20,000 sentences to temp files
[2026-07-26 02:01:40] Seen 20,000 samples
[2026-07-26 02:01:40] Starting data epoch 221 in logical epoch 221
[2026-07-26 02:01:40] [data] Shuffling data
[2026-07-26 02:01:40] [data] Done reading 20,000 sentences
[2026-07-26 02:01:40] [data] Done shuffling 20,000 sentences to temp files
[2026-07-26 02:01:43] Seen 20,000 samples
[2026-07-26 02:01:43] Starting data epoch 222 in logical epoch 222
[2026-07-26 02:01:43] [data] Shuffling data
[2026-07-26 02:01:43] [data] Done reading 20,000 sentences
[2026-07-26 02:01:43] [data] Done shuffling 20,000 sentences to temp files
[2026-07-26 02:01:47] Seen 20,000 samples
[2026-07-26 02:01:47] Starting data epoch 223 in logical epoch 223
[2026-07-26 02:01:47] [data] Shuffling data
[2026-07-26 02:01:47] [data] Done reading 20,000 sentences
[2026-07-26 02:01:47] [data] Done shuffling 20,000 sentences to temp files
[2026-07-26 02:01:48] Ep. 223 : Up. 14000 : Sen. 4,492 : Cost 1.14615571 * 614,393 @ 1,332 after 17,188,437 : Time 29.67s : 20707.55 words/s : gNorm 0.3905 : L.r. 3.0000e-04
[2026-07-26 02:01:51] Seen 20,000 samples
[2026-07-26 02:01:51] Starting data epoch 224 in logical epoch 224
[2026-07-26 02:01:51] [data] Shuffling data
[2026-07-26 02:01:51] [data] Done reading 20,000 sentences
[2026-07-26 02:01:51] [data] Done shuffling 20,000 sentences to temp files
[2026-07-26 02:01:55] Seen 20,000 samples
[2026-07-26 02:01:55] Starting data epoch 225 in logical epoch 225
[2026-07-26 02:01:55] [data] Shuffling data
[2026-07-26 02:01:55] [data] Done reading 20,000 sentences
[2026-07-26 02:01:55] [data] Done shuffling 20,000 sentences to temp files
[2026-07-26 02:01:58] Seen 20,000 samples
[2026-07-26 02:01:58] Starting data epoch 226 in logical epoch 226
[2026-07-26 02:01:58] [data] Shuffling data
[2026-07-26 02:01:58] [data] Done reading 20,000 sentences
[2026-07-26 02:01:58] [data] Done shuffling 20,000 sentences to temp files
[2026-07-26 02:02:02] Seen 20,000 samples
[2026-07-26 02:02:02] Starting data epoch 227 in logical epoch 227
[2026-07-26 02:02:02] [data] Shuffling data
[2026-07-26 02:02:02] [data] Done reading 20,000 sentences
[2026-07-26 02:02:02] [data] Done shuffling 20,000 sentences to temp files
[2026-07-26 02:02:06] Seen 20,000 samples
[2026-07-26 02:02:06] Starting data epoch 228 in logical epoch 228
[2026-07-26 02:02:06] [data] Shuffling data
[2026-07-26 02:02:06] [data] Done reading 20,000 sentences
[2026-07-26 02:02:06] [data] Done shuffling 20,000 sentences to temp files
[2026-07-26 02:02:09] Seen 20,000 samples
[2026-07-26 02:02:09] Starting data epoch 229 in logical epoch 229
[2026-07-26 02:02:09] [data] Shuffling data
[2026-07-26 02:02:09] [data] Done reading 20,000 sentences
[2026-07-26 02:02:09] [data] Done shuffling 20,000 sentences to temp files
[2026-07-26 02:02:13] Seen 20,000 samples
[2026-07-26 02:02:13] Starting data epoch 230 in logical epoch 230
[2026-07-26 02:02:13] [data] Shuffling data
[2026-07-26 02:02:13] [data] Done reading 20,000 sentences
[2026-07-26 02:02:13] [data] Done shuffling 20,000 sentences to temp files
[2026-07-26 02:02:17] Seen 20,000 samples
[2026-07-26 02:02:17] Starting data epoch 231 in logical epoch 231
[2026-07-26 02:02:17] [data] Shuffling data
[2026-07-26 02:02:17] [data] Done reading 20,000 sentences
[2026-07-26 02:02:17] [data] Done shuffling 20,000 sentences to temp files
[2026-07-26 02:02:17] Ep. 231 : Up. 14500 : Sen. 3,240 : Cost 1.14521885 * 613,353 @ 999 after 17,801,790 : Time 29.25s : 20969.86 words/s : gNorm 0.9249 : L.r. 3.0000e-04
[2026-07-26 02:02:20] Seen 20,000 samples
[2026-07-26 02:02:20] Starting data epoch 232 in logical epoch 232
[2026-07-26 02:02:20] [data] Shuffling data
[2026-07-26 02:02:20] [data] Done reading 20,000 sentences
[2026-07-26 02:02:20] [data] Done shuffling 20,000 sentences to temp files
[2026-07-26 02:02:24] Seen 20,000 samples
[2026-07-26 02:02:24] Starting data epoch 233 in logical epoch 233
[2026-07-26 02:02:24] [data] Shuffling data
[2026-07-26 02:02:24] [data] Done reading 20,000 sentences
[2026-07-26 02:02:24] [data] Done shuffling 20,000 sentences to temp files
[2026-07-26 02:02:28] Seen 20,000 samples
[2026-07-26 02:02:28] Starting data epoch 234 in logical epoch 234
[2026-07-26 02:02:28] [data] Shuffling data
[2026-07-26 02:02:28] [data] Done reading 20,000 sentences
[2026-07-26 02:02:28] [data] Done shuffling 20,000 sentences to temp files
[2026-07-26 02:02:32] Seen 20,000 samples
[2026-07-26 02:02:32] Starting data epoch 235 in logical epoch 235
[2026-07-26 02:02:32] [data] Shuffling data
[2026-07-26 02:02:32] [data] Done reading 20,000 sentences
[2026-07-26 02:02:32] [data] Done shuffling 20,000 sentences to temp files
[2026-07-26 02:02:35] Seen 20,000 samples
[2026-07-26 02:02:35] Starting data epoch 236 in logical epoch 236
[2026-07-26 02:02:35] [data] Shuffling data
[2026-07-26 02:02:35] [data] Done reading 20,000 sentences
[2026-07-26 02:02:35] [data] Done shuffling 20,000 sentences to temp files
[2026-07-26 02:02:39] Seen 20,000 samples
[2026-07-26 02:02:39] Starting data epoch 237 in logical epoch 237
[2026-07-26 02:02:39] [data] Shuffling data
[2026-07-26 02:02:39] [data] Done reading 20,000 sentences
[2026-07-26 02:02:39] [data] Done shuffling 20,000 sentences to temp files
[2026-07-26 02:02:43] Seen 20,000 samples
[2026-07-26 02:02:43] Starting data epoch 238 in logical epoch 238
[2026-07-26 02:02:43] [data] Shuffling data
[2026-07-26 02:02:43] [data] Done reading 20,000 sentences
[2026-07-26 02:02:43] [data] Done shuffling 20,000 sentences to temp files
[2026-07-26 02:02:46] Seen 20,000 samples
[2026-07-26 02:02:46] Starting data epoch 239 in logical epoch 239
[2026-07-26 02:02:46] [data] Shuffling data
[2026-07-26 02:02:46] [data] Done reading 20,000 sentences
[2026-07-26 02:02:46] [data] Done shuffling 20,000 sentences to temp files
[2026-07-26 02:02:47] Ep. 239 : Up. 15000 : Sen. 1,998 : Cost 1.14450681 * 613,646 @ 1,665 after 18,415,436 : Time 29.54s : 20773.57 words/s : gNorm 0.4871 : L.r. 3.0000e-04
[2026-07-26 02:02:47] Saving model weights and runtime parameters to /d/Job_Requirements/PracticalProjectsFromDrYe/AIE-F/assignment-submission/class-22/TheinGiKyaw_Assignment7/model.transformer.phmy/model.iter15000.npz
[2026-07-26 02:02:47] Saving model weights and runtime parameters to /d/Job_Requirements/PracticalProjectsFromDrYe/AIE-F/assignment-submission/class-22/TheinGiKyaw_Assignment7/model.transformer.phmy/model.npz
[2026-07-26 02:02:48] Saving Adam parameters
[2026-07-26 02:02:48] [training] Saving training checkpoint to /d/Job_Requirements/PracticalProjectsFromDrYe/AIE-F/assignment-submission/class-22/TheinGiKyaw_Assignment7/model.transformer.phmy/model.npz and /d/Job_Requirements/PracticalProjectsFromDrYe/AIE-F/assignment-submission/class-22/TheinGiKyaw_Assignment7/model.transformer.phmy/model.npz.optimizer.npz
[2026-07-26 02:02:49] [valid] Ep. 239 : Up. 15000 : cross-entropy : 2.25777 : stalled 2 times (last best: 1.85265)
[2026-07-26 02:02:50] [valid] Ep. 239 : Up. 15000 : perplexity : 1.79935 : stalled 2 times (last best: 1.61935)
[2026-07-26 02:02:51] [valid] Ep. 239 : Up. 15000 : bleu : 75.5063 : stalled 1 times (last best: 75.7331)
[2026-07-26 02:02:54] Seen 20,000 samples
[2026-07-26 02:02:54] Starting data epoch 240 in logical epoch 240
[2026-07-26 02:02:54] [data] Shuffling data
[2026-07-26 02:02:54] [data] Done reading 20,000 sentences
[2026-07-26 02:02:54] [data] Done shuffling 20,000 sentences to temp files
[2026-07-26 02:02:58] Seen 20,000 samples
[2026-07-26 02:02:58] Starting data epoch 241 in logical epoch 241
[2026-07-26 02:02:58] [data] Shuffling data
[2026-07-26 02:02:58] [data] Done reading 20,000 sentences
[2026-07-26 02:02:58] [data] Done shuffling 20,000 sentences to temp files
[2026-07-26 02:03:01] Seen 20,000 samples
[2026-07-26 02:03:01] Starting data epoch 242 in logical epoch 242
[2026-07-26 02:03:01] [data] Shuffling data
[2026-07-26 02:03:01] [data] Done reading 20,000 sentences
[2026-07-26 02:03:01] [data] Done shuffling 20,000 sentences to temp files
[2026-07-26 02:03:05] Seen 20,000 samples
[2026-07-26 02:03:05] Starting data epoch 243 in logical epoch 243
[2026-07-26 02:03:05] [data] Shuffling data
[2026-07-26 02:03:05] [data] Done reading 20,000 sentences
[2026-07-26 02:03:05] [data] Done shuffling 20,000 sentences to temp files
[2026-07-26 02:03:09] Seen 20,000 samples
[2026-07-26 02:03:09] Starting data epoch 244 in logical epoch 244
[2026-07-26 02:03:09] [data] Shuffling data
[2026-07-26 02:03:09] [data] Done reading 20,000 sentences
[2026-07-26 02:03:09] [data] Done shuffling 20,000 sentences to temp files
[2026-07-26 02:03:12] Seen 20,000 samples
[2026-07-26 02:03:12] Starting data epoch 245 in logical epoch 245
[2026-07-26 02:03:12] [data] Shuffling data
[2026-07-26 02:03:12] [data] Done reading 20,000 sentences
[2026-07-26 02:03:12] [data] Done shuffling 20,000 sentences to temp files
[2026-07-26 02:03:16] Seen 20,000 samples
[2026-07-26 02:03:16] Starting data epoch 246 in logical epoch 246
[2026-07-26 02:03:16] [data] Shuffling data
[2026-07-26 02:03:16] [data] Done reading 20,000 sentences
[2026-07-26 02:03:16] [data] Done shuffling 20,000 sentences to temp files
[2026-07-26 02:03:20] Seen 20,000 samples
[2026-07-26 02:03:20] Starting data epoch 247 in logical epoch 247
[2026-07-26 02:03:20] [data] Shuffling data
[2026-07-26 02:03:20] [data] Done reading 20,000 sentences
[2026-07-26 02:03:20] [data] Done shuffling 20,000 sentences to temp files
[2026-07-26 02:03:20] Ep. 247 : Up. 15500 : Sen. 666 : Cost 1.14254415 * 613,765 @ 999 after 19,029,201 : Time 32.92s : 18642.33 words/s : gNorm 1.0204 : L.r. 3.0000e-04
[2026-07-26 02:03:23] Seen 20,000 samples
[2026-07-26 02:03:23] Starting data epoch 248 in logical epoch 248
[2026-07-26 02:03:23] [data] Shuffling data
[2026-07-26 02:03:23] [data] Done reading 20,000 sentences
[2026-07-26 02:03:23] [data] Done shuffling 20,000 sentences to temp files
[2026-07-26 02:03:27] Seen 20,000 samples
[2026-07-26 02:03:27] Starting data epoch 249 in logical epoch 249
[2026-07-26 02:03:27] [data] Shuffling data
[2026-07-26 02:03:27] [data] Done reading 20,000 sentences
[2026-07-26 02:03:27] [data] Done shuffling 20,000 sentences to temp files
[2026-07-26 02:03:30] Seen 20,000 samples
[2026-07-26 02:03:30] Starting data epoch 250 in logical epoch 250
[2026-07-26 02:03:30] [data] Shuffling data
[2026-07-26 02:03:31] [data] Done reading 20,000 sentences
[2026-07-26 02:03:31] [data] Done shuffling 20,000 sentences to temp files
[2026-07-26 02:03:34] Seen 20,000 samples
[2026-07-26 02:03:34] Starting data epoch 251 in logical epoch 251
[2026-07-26 02:03:34] [data] Shuffling data
[2026-07-26 02:03:34] [data] Done reading 20,000 sentences
[2026-07-26 02:03:34] [data] Done shuffling 20,000 sentences to temp files
[2026-07-26 02:03:38] Seen 20,000 samples
[2026-07-26 02:03:38] Starting data epoch 252 in logical epoch 252
[2026-07-26 02:03:38] [data] Shuffling data
[2026-07-26 02:03:38] [data] Done reading 20,000 sentences
[2026-07-26 02:03:38] [data] Done shuffling 20,000 sentences to temp files
[2026-07-26 02:03:42] Seen 20,000 samples
[2026-07-26 02:03:42] Starting data epoch 253 in logical epoch 253
[2026-07-26 02:03:42] [data] Shuffling data
[2026-07-26 02:03:42] [data] Done reading 20,000 sentences
[2026-07-26 02:03:42] [data] Done shuffling 20,000 sentences to temp files
[2026-07-26 02:03:45] Seen 20,000 samples
[2026-07-26 02:03:45] Starting data epoch 254 in logical epoch 254
[2026-07-26 02:03:45] [data] Shuffling data
[2026-07-26 02:03:45] [data] Done reading 20,000 sentences
[2026-07-26 02:03:45] [data] Done shuffling 20,000 sentences to temp files
[2026-07-26 02:03:49] Ep. 254 : Up. 16000 : Sen. 19,533 : Cost 1.14220762 * 614,626 @ 1,295 after 19,643,827 : Time 29.14s : 21094.59 words/s : gNorm 0.5032 : L.r. 3.0000e-04
[2026-07-26 02:03:49] Seen 20,000 samples
[2026-07-26 02:03:49] Starting data epoch 255 in logical epoch 255
[2026-07-26 02:03:49] [data] Shuffling data
[2026-07-26 02:03:49] [data] Done reading 20,000 sentences
[2026-07-26 02:03:49] [data] Done shuffling 20,000 sentences to temp files
[2026-07-26 02:03:53] Seen 20,000 samples
[2026-07-26 02:03:53] Starting data epoch 256 in logical epoch 256
[2026-07-26 02:03:53] [data] Shuffling data
[2026-07-26 02:03:53] [data] Done reading 20,000 sentences
[2026-07-26 02:03:53] [data] Done shuffling 20,000 sentences to temp files
[2026-07-26 02:03:56] Seen 20,000 samples
[2026-07-26 02:03:56] Starting data epoch 257 in logical epoch 257
[2026-07-26 02:03:56] [data] Shuffling data
[2026-07-26 02:03:56] [data] Done reading 20,000 sentences
[2026-07-26 02:03:56] [data] Done shuffling 20,000 sentences to temp files
[2026-07-26 02:04:00] Seen 20,000 samples
[2026-07-26 02:04:00] Starting data epoch 258 in logical epoch 258
[2026-07-26 02:04:00] [data] Shuffling data
[2026-07-26 02:04:00] [data] Done reading 20,000 sentences
[2026-07-26 02:04:00] [data] Done shuffling 20,000 sentences to temp files
[2026-07-26 02:04:04] Seen 20,000 samples
[2026-07-26 02:04:04] Starting data epoch 259 in logical epoch 259
[2026-07-26 02:04:04] [data] Shuffling data
[2026-07-26 02:04:04] [data] Done reading 20,000 sentences
[2026-07-26 02:04:04] [data] Done shuffling 20,000 sentences to temp files
[2026-07-26 02:04:07] Seen 20,000 samples
[2026-07-26 02:04:07] Starting data epoch 260 in logical epoch 260
[2026-07-26 02:04:07] [data] Shuffling data
[2026-07-26 02:04:07] [data] Done reading 20,000 sentences
[2026-07-26 02:04:07] [data] Done shuffling 20,000 sentences to temp files
[2026-07-26 02:04:11] Seen 20,000 samples
[2026-07-26 02:04:11] Starting data epoch 261 in logical epoch 261
[2026-07-26 02:04:11] [data] Shuffling data
[2026-07-26 02:04:11] [data] Done reading 20,000 sentences
[2026-07-26 02:04:11] [data] Done shuffling 20,000 sentences to temp files
[2026-07-26 02:04:14] Seen 20,000 samples
[2026-07-26 02:04:14] Starting data epoch 262 in logical epoch 262
[2026-07-26 02:04:14] [data] Shuffling data
[2026-07-26 02:04:14] [data] Done reading 20,000 sentences
[2026-07-26 02:04:14] [data] Done shuffling 20,000 sentences to temp files
[2026-07-26 02:04:18] Ep. 262 : Up. 16500 : Sen. 18,371 : Cost 1.14074075 * 613,693 @ 999 after 20,257,520 : Time 28.86s : 21261.17 words/s : gNorm 0.4499 : L.r. 2.9542e-04
[2026-07-26 02:04:18] Seen 20,000 samples
[2026-07-26 02:04:18] Starting data epoch 263 in logical epoch 263
[2026-07-26 02:04:18] [data] Shuffling data
[2026-07-26 02:04:18] [data] Done reading 20,000 sentences
[2026-07-26 02:04:18] [data] Done shuffling 20,000 sentences to temp files
[2026-07-26 02:04:22] Seen 20,000 samples
[2026-07-26 02:04:22] Starting data epoch 264 in logical epoch 264
[2026-07-26 02:04:22] [data] Shuffling data
[2026-07-26 02:04:22] [data] Done reading 20,000 sentences
[2026-07-26 02:04:22] [data] Done shuffling 20,000 sentences to temp files
[2026-07-26 02:04:26] Seen 20,000 samples
[2026-07-26 02:04:26] Starting data epoch 265 in logical epoch 265
[2026-07-26 02:04:26] [data] Shuffling data
[2026-07-26 02:04:26] [data] Done reading 20,000 sentences
[2026-07-26 02:04:26] [data] Done shuffling 20,000 sentences to temp files
[2026-07-26 02:04:29] Seen 20,000 samples
[2026-07-26 02:04:29] Starting data epoch 266 in logical epoch 266
[2026-07-26 02:04:29] [data] Shuffling data
[2026-07-26 02:04:29] [data] Done reading 20,000 sentences
[2026-07-26 02:04:29] [data] Done shuffling 20,000 sentences to temp files
[2026-07-26 02:04:33] Seen 20,000 samples
[2026-07-26 02:04:33] Starting data epoch 267 in logical epoch 267
[2026-07-26 02:04:33] [data] Shuffling data
[2026-07-26 02:04:33] [data] Done reading 20,000 sentences
[2026-07-26 02:04:33] [data] Done shuffling 20,000 sentences to temp files
[2026-07-26 02:04:37] Seen 20,000 samples
[2026-07-26 02:04:37] Starting data epoch 268 in logical epoch 268
[2026-07-26 02:04:37] [data] Shuffling data
[2026-07-26 02:04:37] [data] Done reading 20,000 sentences
[2026-07-26 02:04:37] [data] Done shuffling 20,000 sentences to temp files
[2026-07-26 02:04:40] Seen 20,000 samples
[2026-07-26 02:04:40] Starting data epoch 269 in logical epoch 269
[2026-07-26 02:04:40] [data] Shuffling data
[2026-07-26 02:04:40] [data] Done reading 20,000 sentences
[2026-07-26 02:04:40] [data] Done shuffling 20,000 sentences to temp files
[2026-07-26 02:04:44] Seen 20,000 samples
[2026-07-26 02:04:44] Starting data epoch 270 in logical epoch 270
[2026-07-26 02:04:44] [data] Shuffling data
[2026-07-26 02:04:44] [data] Done reading 20,000 sentences
[2026-07-26 02:04:44] [data] Done shuffling 20,000 sentences to temp files
[2026-07-26 02:04:47] Ep. 270 : Up. 17000 : Sen. 17,039 : Cost 1.13978326 * 614,772 @ 999 after 20,872,292 : Time 29.48s : 20855.41 words/s : gNorm 0.3957 : L.r. 2.9104e-04
[2026-07-26 02:04:48] Seen 20,000 samples
[2026-07-26 02:04:48] Starting data epoch 271 in logical epoch 271
[2026-07-26 02:04:48] [data] Shuffling data
[2026-07-26 02:04:48] [data] Done reading 20,000 sentences
[2026-07-26 02:04:48] [data] Done shuffling 20,000 sentences to temp files
[2026-07-26 02:04:52] Seen 20,000 samples
[2026-07-26 02:04:52] Starting data epoch 272 in logical epoch 272
[2026-07-26 02:04:52] [data] Shuffling data
[2026-07-26 02:04:52] [data] Done reading 20,000 sentences
[2026-07-26 02:04:52] [data] Done shuffling 20,000 sentences to temp files
[2026-07-26 02:04:55] Seen 20,000 samples
[2026-07-26 02:04:55] Starting data epoch 273 in logical epoch 273
[2026-07-26 02:04:55] [data] Shuffling data
[2026-07-26 02:04:55] [data] Done reading 20,000 sentences
[2026-07-26 02:04:55] [data] Done shuffling 20,000 sentences to temp files
[2026-07-26 02:04:59] Seen 20,000 samples
[2026-07-26 02:04:59] Starting data epoch 274 in logical epoch 274
[2026-07-26 02:04:59] [data] Shuffling data
[2026-07-26 02:04:59] [data] Done reading 20,000 sentences
[2026-07-26 02:04:59] [data] Done shuffling 20,000 sentences to temp files
[2026-07-26 02:05:03] Seen 20,000 samples
[2026-07-26 02:05:03] Starting data epoch 275 in logical epoch 275
[2026-07-26 02:05:03] [data] Shuffling data
[2026-07-26 02:05:03] [data] Done reading 20,000 sentences
[2026-07-26 02:05:03] [data] Done shuffling 20,000 sentences to temp files
[2026-07-26 02:05:06] Seen 20,000 samples
[2026-07-26 02:05:06] Starting data epoch 276 in logical epoch 276
[2026-07-26 02:05:06] [data] Shuffling data
[2026-07-26 02:05:06] [data] Done reading 20,000 sentences
[2026-07-26 02:05:06] [data] Done shuffling 20,000 sentences to temp files
[2026-07-26 02:05:10] Seen 20,000 samples
[2026-07-26 02:05:10] Starting data epoch 277 in logical epoch 277
[2026-07-26 02:05:10] [data] Shuffling data
[2026-07-26 02:05:10] [data] Done reading 20,000 sentences
[2026-07-26 02:05:10] [data] Done shuffling 20,000 sentences to temp files
[2026-07-26 02:05:14] Seen 20,000 samples
[2026-07-26 02:05:14] Starting data epoch 278 in logical epoch 278
[2026-07-26 02:05:14] [data] Shuffling data
[2026-07-26 02:05:14] [data] Done reading 20,000 sentences
[2026-07-26 02:05:14] [data] Done shuffling 20,000 sentences to temp files
[2026-07-26 02:05:17] Ep. 278 : Up. 17500 : Sen. 15,627 : Cost 1.13799477 * 613,121 @ 1,879 after 21,485,413 : Time 29.36s : 20882.97 words/s : gNorm 0.5805 : L.r. 2.8685e-04
[2026-07-26 02:05:17] Seen 20,000 samples
[2026-07-26 02:05:17] Starting data epoch 279 in logical epoch 279
[2026-07-26 02:05:17] [data] Shuffling data
[2026-07-26 02:05:17] [data] Done reading 20,000 sentences
[2026-07-26 02:05:17] [data] Done shuffling 20,000 sentences to temp files
[2026-07-26 02:05:21] Seen 20,000 samples
[2026-07-26 02:05:21] Starting data epoch 280 in logical epoch 280
[2026-07-26 02:05:21] [data] Shuffling data
[2026-07-26 02:05:21] [data] Done reading 20,000 sentences
[2026-07-26 02:05:21] [data] Done shuffling 20,000 sentences to temp files
[2026-07-26 02:05:25] Seen 20,000 samples
[2026-07-26 02:05:25] Starting data epoch 281 in logical epoch 281
[2026-07-26 02:05:25] [data] Shuffling data
[2026-07-26 02:05:25] [data] Done reading 20,000 sentences
[2026-07-26 02:05:25] [data] Done shuffling 20,000 sentences to temp files
[2026-07-26 02:05:28] Seen 20,000 samples
[2026-07-26 02:05:28] Starting data epoch 282 in logical epoch 282
[2026-07-26 02:05:28] [data] Shuffling data
[2026-07-26 02:05:28] [data] Done reading 20,000 sentences
[2026-07-26 02:05:28] [data] Done shuffling 20,000 sentences to temp files
[2026-07-26 02:05:32] Seen 20,000 samples
[2026-07-26 02:05:32] Starting data epoch 283 in logical epoch 283
[2026-07-26 02:05:32] [data] Shuffling data
[2026-07-26 02:05:32] [data] Done reading 20,000 sentences
[2026-07-26 02:05:32] [data] Done shuffling 20,000 sentences to temp files
[2026-07-26 02:05:36] Seen 20,000 samples
[2026-07-26 02:05:36] Starting data epoch 284 in logical epoch 284
[2026-07-26 02:05:36] [data] Shuffling data
[2026-07-26 02:05:36] [data] Done reading 20,000 sentences
[2026-07-26 02:05:36] [data] Done shuffling 20,000 sentences to temp files
[2026-07-26 02:05:40] Seen 20,000 samples
[2026-07-26 02:05:40] Starting data epoch 285 in logical epoch 285
[2026-07-26 02:05:40] [data] Shuffling data
[2026-07-26 02:05:40] [data] Done reading 20,000 sentences
[2026-07-26 02:05:40] [data] Done shuffling 20,000 sentences to temp files
[2026-07-26 02:05:43] Seen 20,000 samples
[2026-07-26 02:05:43] Starting data epoch 286 in logical epoch 286
[2026-07-26 02:05:43] [data] Shuffling data
[2026-07-26 02:05:43] [data] Done reading 20,000 sentences
[2026-07-26 02:05:43] [data] Done shuffling 20,000 sentences to temp files
[2026-07-26 02:05:46] Ep. 286 : Up. 18000 : Sen. 14,465 : Cost 1.13704276 * 613,750 @ 1,665 after 22,099,163 : Time 29.23s : 20995.46 words/s : gNorm 0.4401 : L.r. 2.8284e-04
[2026-07-26 02:05:47] Seen 20,000 samples
[2026-07-26 02:05:47] Starting data epoch 287 in logical epoch 287
[2026-07-26 02:05:47] [data] Shuffling data
[2026-07-26 02:05:47] [data] Done reading 20,000 sentences
[2026-07-26 02:05:47] [data] Done shuffling 20,000 sentences to temp files
[2026-07-26 02:05:50] Seen 20,000 samples
[2026-07-26 02:05:50] Starting data epoch 288 in logical epoch 288
[2026-07-26 02:05:50] [data] Shuffling data
[2026-07-26 02:05:50] [data] Done reading 20,000 sentences
[2026-07-26 02:05:51] [data] Done shuffling 20,000 sentences to temp files
[2026-07-26 02:05:54] Seen 20,000 samples
[2026-07-26 02:05:54] Starting data epoch 289 in logical epoch 289
[2026-07-26 02:05:54] [data] Shuffling data
[2026-07-26 02:05:54] [data] Done reading 20,000 sentences
[2026-07-26 02:05:54] [data] Done shuffling 20,000 sentences to temp files
[2026-07-26 02:05:58] Seen 20,000 samples
[2026-07-26 02:05:58] Starting data epoch 290 in logical epoch 290
[2026-07-26 02:05:58] [data] Shuffling data
[2026-07-26 02:05:58] [data] Done reading 20,000 sentences
[2026-07-26 02:05:58] [data] Done shuffling 20,000 sentences to temp files
[2026-07-26 02:06:01] Seen 20,000 samples
[2026-07-26 02:06:01] Starting data epoch 291 in logical epoch 291
[2026-07-26 02:06:01] [data] Shuffling data
[2026-07-26 02:06:02] [data] Done reading 20,000 sentences
[2026-07-26 02:06:02] [data] Done shuffling 20,000 sentences to temp files
[2026-07-26 02:06:05] Seen 20,000 samples
[2026-07-26 02:06:05] Starting data epoch 292 in logical epoch 292
[2026-07-26 02:06:05] [data] Shuffling data
[2026-07-26 02:06:05] [data] Done reading 20,000 sentences
[2026-07-26 02:06:05] [data] Done shuffling 20,000 sentences to temp files
[2026-07-26 02:06:09] Seen 20,000 samples
[2026-07-26 02:06:09] Starting data epoch 293 in logical epoch 293
[2026-07-26 02:06:09] [data] Shuffling data
[2026-07-26 02:06:09] [data] Done reading 20,000 sentences
[2026-07-26 02:06:09] [data] Done shuffling 20,000 sentences to temp files
[2026-07-26 02:06:12] Seen 20,000 samples
[2026-07-26 02:06:12] Starting data epoch 294 in logical epoch 294
[2026-07-26 02:06:12] [data] Shuffling data
[2026-07-26 02:06:12] [data] Done reading 20,000 sentences
[2026-07-26 02:06:12] [data] Done shuffling 20,000 sentences to temp files
[2026-07-26 02:06:15] Ep. 294 : Up. 18500 : Sen. 13,133 : Cost 1.13683915 * 613,394 @ 999 after 22,712,557 : Time 29.03s : 21126.92 words/s : gNorm 0.4542 : L.r. 2.7899e-04
[2026-07-26 02:06:16] Seen 20,000 samples
[2026-07-26 02:06:16] Starting data epoch 295 in logical epoch 295
[2026-07-26 02:06:16] [data] Shuffling data
[2026-07-26 02:06:16] [data] Done reading 20,000 sentences
[2026-07-26 02:06:16] [data] Done shuffling 20,000 sentences to temp files
[2026-07-26 02:06:20] Seen 20,000 samples
[2026-07-26 02:06:20] Starting data epoch 296 in logical epoch 296
[2026-07-26 02:06:20] [data] Shuffling data
[2026-07-26 02:06:20] [data] Done reading 20,000 sentences
[2026-07-26 02:06:20] [data] Done shuffling 20,000 sentences to temp files
[2026-07-26 02:06:23] Seen 20,000 samples
[2026-07-26 02:06:23] Starting data epoch 297 in logical epoch 297
[2026-07-26 02:06:23] [data] Shuffling data
[2026-07-26 02:06:23] [data] Done reading 20,000 sentences
[2026-07-26 02:06:23] [data] Done shuffling 20,000 sentences to temp files
[2026-07-26 02:06:27] Seen 20,000 samples
[2026-07-26 02:06:27] Starting data epoch 298 in logical epoch 298
[2026-07-26 02:06:27] [data] Shuffling data
[2026-07-26 02:06:27] [data] Done reading 20,000 sentences
[2026-07-26 02:06:27] [data] Done shuffling 20,000 sentences to temp files
[2026-07-26 02:06:31] Seen 20,000 samples
[2026-07-26 02:06:31] Starting data epoch 299 in logical epoch 299
[2026-07-26 02:06:31] [data] Shuffling data
[2026-07-26 02:06:31] [data] Done reading 20,000 sentences
[2026-07-26 02:06:31] [data] Done shuffling 20,000 sentences to temp files
[2026-07-26 02:06:35] Seen 20,000 samples
[2026-07-26 02:06:35] Starting data epoch 300 in logical epoch 300
[2026-07-26 02:06:35] [data] Shuffling data
[2026-07-26 02:06:35] [data] Done reading 20,000 sentences
[2026-07-26 02:06:35] [data] Done shuffling 20,000 sentences to temp files
[2026-07-26 02:06:38] Seen 20,000 samples
[2026-07-26 02:06:38] Starting data epoch 301 in logical epoch 301
[2026-07-26 02:06:38] [data] Shuffling data
[2026-07-26 02:06:38] [data] Done reading 20,000 sentences
[2026-07-26 02:06:38] [data] Done shuffling 20,000 sentences to temp files
[2026-07-26 02:06:42] Seen 20,000 samples
[2026-07-26 02:06:42] Starting data epoch 302 in logical epoch 302
[2026-07-26 02:06:42] [data] Shuffling data
[2026-07-26 02:06:42] [data] Done reading 20,000 sentences
[2026-07-26 02:06:42] [data] Done shuffling 20,000 sentences to temp files
[2026-07-26 02:06:44] Ep. 302 : Up. 19000 : Sen. 11,801 : Cost 1.13503122 * 613,684 @ 1,332 after 23,326,241 : Time 29.36s : 20900.97 words/s : gNorm 0.4262 : L.r. 2.7530e-04
[2026-07-26 02:06:46] Seen 20,000 samples
[2026-07-26 02:06:46] Starting data epoch 303 in logical epoch 303
[2026-07-26 02:06:46] [data] Shuffling data
[2026-07-26 02:06:46] [data] Done reading 20,000 sentences
[2026-07-26 02:06:46] [data] Done shuffling 20,000 sentences to temp files
[2026-07-26 02:06:49] Seen 20,000 samples
[2026-07-26 02:06:49] Starting data epoch 304 in logical epoch 304
[2026-07-26 02:06:49] [data] Shuffling data
[2026-07-26 02:06:49] [data] Done reading 20,000 sentences
[2026-07-26 02:06:49] [data] Done shuffling 20,000 sentences to temp files
[2026-07-26 02:06:53] Seen 20,000 samples
[2026-07-26 02:06:53] Starting data epoch 305 in logical epoch 305
[2026-07-26 02:06:53] [data] Shuffling data
[2026-07-26 02:06:53] [data] Done reading 20,000 sentences
[2026-07-26 02:06:53] [data] Done shuffling 20,000 sentences to temp files
[2026-07-26 02:06:57] Seen 20,000 samples
[2026-07-26 02:06:57] Starting data epoch 306 in logical epoch 306
[2026-07-26 02:06:57] [data] Shuffling data
[2026-07-26 02:06:57] [data] Done reading 20,000 sentences
[2026-07-26 02:06:57] [data] Done shuffling 20,000 sentences to temp files
[2026-07-26 02:07:00] Seen 20,000 samples
[2026-07-26 02:07:00] Starting data epoch 307 in logical epoch 307
[2026-07-26 02:07:00] [data] Shuffling data
[2026-07-26 02:07:00] [data] Done reading 20,000 sentences
[2026-07-26 02:07:00] [data] Done shuffling 20,000 sentences to temp files
[2026-07-26 02:07:04] Seen 20,000 samples
[2026-07-26 02:07:04] Starting data epoch 308 in logical epoch 308
[2026-07-26 02:07:04] [data] Shuffling data
[2026-07-26 02:07:04] [data] Done reading 20,000 sentences
[2026-07-26 02:07:04] [data] Done shuffling 20,000 sentences to temp files
[2026-07-26 02:07:08] Seen 20,000 samples
[2026-07-26 02:07:08] Starting data epoch 309 in logical epoch 309
[2026-07-26 02:07:08] [data] Shuffling data
[2026-07-26 02:07:08] [data] Done reading 20,000 sentences
[2026-07-26 02:07:08] [data] Done shuffling 20,000 sentences to temp files
[2026-07-26 02:07:11] Seen 20,000 samples
[2026-07-26 02:07:11] Starting data epoch 310 in logical epoch 310
[2026-07-26 02:07:11] [data] Shuffling data
[2026-07-26 02:07:11] [data] Done reading 20,000 sentences
[2026-07-26 02:07:11] [data] Done shuffling 20,000 sentences to temp files
[2026-07-26 02:07:13] Ep. 310 : Up. 19500 : Sen. 10,729 : Cost 1.13365650 * 614,829 @ 999 after 23,941,070 : Time 29.18s : 21066.85 words/s : gNorm 0.3663 : L.r. 2.7175e-04
[2026-07-26 02:07:15] Seen 20,000 samples
[2026-07-26 02:07:15] Starting data epoch 311 in logical epoch 311
[2026-07-26 02:07:15] [data] Shuffling data
[2026-07-26 02:07:15] [data] Done reading 20,000 sentences
[2026-07-26 02:07:15] [data] Done shuffling 20,000 sentences to temp files
[2026-07-26 02:07:19] Seen 20,000 samples
[2026-07-26 02:07:19] Starting data epoch 312 in logical epoch 312
[2026-07-26 02:07:19] [data] Shuffling data
[2026-07-26 02:07:19] [data] Done reading 20,000 sentences
[2026-07-26 02:07:19] [data] Done shuffling 20,000 sentences to temp files
[2026-07-26 02:07:23] Seen 20,000 samples
[2026-07-26 02:07:23] Starting data epoch 313 in logical epoch 313
[2026-07-26 02:07:23] [data] Shuffling data
[2026-07-26 02:07:23] [data] Done reading 20,000 sentences
[2026-07-26 02:07:23] [data] Done shuffling 20,000 sentences to temp files
[2026-07-26 02:07:26] Seen 20,000 samples
[2026-07-26 02:07:26] Starting data epoch 314 in logical epoch 314
[2026-07-26 02:07:26] [data] Shuffling data
[2026-07-26 02:07:26] [data] Done reading 20,000 sentences
[2026-07-26 02:07:26] [data] Done shuffling 20,000 sentences to temp files
[2026-07-26 02:07:30] Seen 20,000 samples
[2026-07-26 02:07:30] Starting data epoch 315 in logical epoch 315
[2026-07-26 02:07:30] [data] Shuffling data
[2026-07-26 02:07:30] [data] Done reading 20,000 sentences
[2026-07-26 02:07:30] [data] Done shuffling 20,000 sentences to temp files
[2026-07-26 02:07:34] Seen 20,000 samples
[2026-07-26 02:07:34] Starting data epoch 316 in logical epoch 316
[2026-07-26 02:07:34] [data] Shuffling data
[2026-07-26 02:07:34] [data] Done reading 20,000 sentences
[2026-07-26 02:07:34] [data] Done shuffling 20,000 sentences to temp files
[2026-07-26 02:07:37] Seen 20,000 samples
[2026-07-26 02:07:37] Starting data epoch 317 in logical epoch 317
[2026-07-26 02:07:37] [data] Shuffling data
[2026-07-26 02:07:37] [data] Done reading 20,000 sentences
[2026-07-26 02:07:37] [data] Done shuffling 20,000 sentences to temp files
[2026-07-26 02:07:41] Seen 20,000 samples
[2026-07-26 02:07:41] Starting data epoch 318 in logical epoch 318
[2026-07-26 02:07:41] [data] Shuffling data
[2026-07-26 02:07:41] [data] Done reading 20,000 sentences
[2026-07-26 02:07:41] [data] Done shuffling 20,000 sentences to temp files
[2026-07-26 02:07:43] Ep. 318 : Up. 20000 : Sen. 9,227 : Cost 1.13246524 * 613,941 @ 999 after 24,555,011 : Time 29.33s : 20931.19 words/s : gNorm 0.4152 : L.r. 2.6833e-04
[2026-07-26 02:07:43] Saving model weights and runtime parameters to /d/Job_Requirements/PracticalProjectsFromDrYe/AIE-F/assignment-submission/class-22/TheinGiKyaw_Assignment7/model.transformer.phmy/model.iter20000.npz
[2026-07-26 02:07:43] Saving model weights and runtime parameters to /d/Job_Requirements/PracticalProjectsFromDrYe/AIE-F/assignment-submission/class-22/TheinGiKyaw_Assignment7/model.transformer.phmy/model.npz
[2026-07-26 02:07:44] Saving Adam parameters
[2026-07-26 02:07:44] [training] Saving training checkpoint to /d/Job_Requirements/PracticalProjectsFromDrYe/AIE-F/assignment-submission/class-22/TheinGiKyaw_Assignment7/model.transformer.phmy/model.npz and /d/Job_Requirements/PracticalProjectsFromDrYe/AIE-F/assignment-submission/class-22/TheinGiKyaw_Assignment7/model.transformer.phmy/model.npz.optimizer.npz
[2026-07-26 02:07:45] [valid] Ep. 318 : Up. 20000 : cross-entropy : 2.36333 : stalled 3 times (last best: 1.85265)
[2026-07-26 02:07:46] [valid] Ep. 318 : Up. 20000 : perplexity : 1.84945 : stalled 3 times (last best: 1.61935)
[2026-07-26 02:07:47] [valid] Ep. 318 : Up. 20000 : bleu : 76.1433 : new best
[2026-07-26 02:07:49] Seen 20,000 samples
[2026-07-26 02:07:49] Starting data epoch 319 in logical epoch 319
[2026-07-26 02:07:49] [data] Shuffling data
[2026-07-26 02:07:49] [data] Done reading 20,000 sentences
[2026-07-26 02:07:49] [data] Done shuffling 20,000 sentences to temp files
[2026-07-26 02:07:52] Seen 20,000 samples
[2026-07-26 02:07:52] Starting data epoch 320 in logical epoch 320
[2026-07-26 02:07:52] [data] Shuffling data
[2026-07-26 02:07:52] [data] Done reading 20,000 sentences
[2026-07-26 02:07:52] [data] Done shuffling 20,000 sentences to temp files
[2026-07-26 02:07:56] Seen 20,000 samples
[2026-07-26 02:07:56] Starting data epoch 321 in logical epoch 321
[2026-07-26 02:07:56] [data] Shuffling data
[2026-07-26 02:07:56] [data] Done reading 20,000 sentences
[2026-07-26 02:07:56] [data] Done shuffling 20,000 sentences to temp files
[2026-07-26 02:07:59] Seen 20,000 samples
[2026-07-26 02:07:59] Starting data epoch 322 in logical epoch 322
[2026-07-26 02:07:59] [data] Shuffling data
[2026-07-26 02:07:59] [data] Done reading 20,000 sentences
[2026-07-26 02:08:00] [data] Done shuffling 20,000 sentences to temp files
[2026-07-26 02:08:03] Seen 20,000 samples
[2026-07-26 02:08:03] Starting data epoch 323 in logical epoch 323
[2026-07-26 02:08:03] [data] Shuffling data
[2026-07-26 02:08:03] [data] Done reading 20,000 sentences
[2026-07-26 02:08:03] [data] Done shuffling 20,000 sentences to temp files
[2026-07-26 02:08:07] Seen 20,000 samples
[2026-07-26 02:08:07] Starting data epoch 324 in logical epoch 324
[2026-07-26 02:08:07] [data] Shuffling data
[2026-07-26 02:08:07] [data] Done reading 20,000 sentences
[2026-07-26 02:08:07] [data] Done shuffling 20,000 sentences to temp files
[2026-07-26 02:08:11] Seen 20,000 samples
[2026-07-26 02:08:11] Starting data epoch 325 in logical epoch 325
[2026-07-26 02:08:11] [data] Shuffling data
[2026-07-26 02:08:11] [data] Done reading 20,000 sentences
[2026-07-26 02:08:11] [data] Done shuffling 20,000 sentences to temp files
[2026-07-26 02:08:14] Seen 20,000 samples
[2026-07-26 02:08:14] Starting data epoch 326 in logical epoch 326
[2026-07-26 02:08:14] [data] Shuffling data
[2026-07-26 02:08:14] [data] Done reading 20,000 sentences
[2026-07-26 02:08:14] [data] Done shuffling 20,000 sentences to temp files
[2026-07-26 02:08:16] Ep. 326 : Up. 20500 : Sen. 8,065 : Cost 1.13205886 * 613,510 @ 1,665 after 25,168,521 : Time 32.90s : 18645.30 words/s : gNorm 0.3657 : L.r. 2.6504e-04
[2026-07-26 02:08:18] Seen 20,000 samples
[2026-07-26 02:08:18] Starting data epoch 327 in logical epoch 327
[2026-07-26 02:08:18] [data] Shuffling data
[2026-07-26 02:08:18] [data] Done reading 20,000 sentences
[2026-07-26 02:08:18] [data] Done shuffling 20,000 sentences to temp files
[2026-07-26 02:08:21] Seen 20,000 samples
[2026-07-26 02:08:21] Starting data epoch 328 in logical epoch 328
[2026-07-26 02:08:21] [data] Shuffling data
[2026-07-26 02:08:21] [data] Done reading 20,000 sentences
[2026-07-26 02:08:21] [data] Done shuffling 20,000 sentences to temp files
[2026-07-26 02:08:25] Seen 20,000 samples
[2026-07-26 02:08:25] Starting data epoch 329 in logical epoch 329
[2026-07-26 02:08:25] [data] Shuffling data
[2026-07-26 02:08:25] [data] Done reading 20,000 sentences
[2026-07-26 02:08:25] [data] Done shuffling 20,000 sentences to temp files
[2026-07-26 02:08:29] Seen 20,000 samples
[2026-07-26 02:08:29] Starting data epoch 330 in logical epoch 330
[2026-07-26 02:08:29] [data] Shuffling data
[2026-07-26 02:08:29] [data] Done reading 20,000 sentences
[2026-07-26 02:08:29] [data] Done shuffling 20,000 sentences to temp files
[2026-07-26 02:08:32] Seen 20,000 samples
[2026-07-26 02:08:32] Starting data epoch 331 in logical epoch 331
[2026-07-26 02:08:32] [data] Shuffling data
[2026-07-26 02:08:32] [data] Done reading 20,000 sentences
[2026-07-26 02:08:32] [data] Done shuffling 20,000 sentences to temp files
[2026-07-26 02:08:36] Seen 20,000 samples
[2026-07-26 02:08:36] Starting data epoch 332 in logical epoch 332
[2026-07-26 02:08:36] [data] Shuffling data
[2026-07-26 02:08:36] [data] Done reading 20,000 sentences
[2026-07-26 02:08:36] [data] Done shuffling 20,000 sentences to temp files
[2026-07-26 02:08:40] Seen 20,000 samples
[2026-07-26 02:08:40] Starting data epoch 333 in logical epoch 333
[2026-07-26 02:08:40] [data] Shuffling data
[2026-07-26 02:08:40] [data] Done reading 20,000 sentences
[2026-07-26 02:08:40] [data] Done shuffling 20,000 sentences to temp files
[2026-07-26 02:08:43] Seen 20,000 samples
[2026-07-26 02:08:43] Starting data epoch 334 in logical epoch 334
[2026-07-26 02:08:43] [data] Shuffling data
[2026-07-26 02:08:43] [data] Done reading 20,000 sentences
[2026-07-26 02:08:43] [data] Done shuffling 20,000 sentences to temp files
[2026-07-26 02:08:45] Ep. 334 : Up. 21000 : Sen. 6,733 : Cost 1.13164914 * 613,155 @ 999 after 25,781,676 : Time 29.03s : 21122.26 words/s : gNorm 0.4242 : L.r. 2.6186e-04
[2026-07-26 02:08:47] Seen 20,000 samples
[2026-07-26 02:08:47] Starting data epoch 335 in logical epoch 335
[2026-07-26 02:08:47] [data] Shuffling data
[2026-07-26 02:08:47] [data] Done reading 20,000 sentences
[2026-07-26 02:08:47] [data] Done shuffling 20,000 sentences to temp files
[2026-07-26 02:08:51] Seen 20,000 samples
[2026-07-26 02:08:51] Starting data epoch 336 in logical epoch 336
[2026-07-26 02:08:51] [data] Shuffling data
[2026-07-26 02:08:51] [data] Done reading 20,000 sentences
[2026-07-26 02:08:51] [data] Done shuffling 20,000 sentences to temp files
[2026-07-26 02:08:55] Seen 20,000 samples
[2026-07-26 02:08:55] Starting data epoch 337 in logical epoch 337
[2026-07-26 02:08:55] [data] Shuffling data
[2026-07-26 02:08:55] [data] Done reading 20,000 sentences
[2026-07-26 02:08:55] [data] Done shuffling 20,000 sentences to temp files
[2026-07-26 02:08:59] Seen 20,000 samples
[2026-07-26 02:08:59] Starting data epoch 338 in logical epoch 338
[2026-07-26 02:08:59] [data] Shuffling data
[2026-07-26 02:08:59] [data] Done reading 20,000 sentences
[2026-07-26 02:08:59] [data] Done shuffling 20,000 sentences to temp files
[2026-07-26 02:09:02] Seen 20,000 samples
[2026-07-26 02:09:02] Starting data epoch 339 in logical epoch 339
[2026-07-26 02:09:02] [data] Shuffling data
[2026-07-26 02:09:02] [data] Done reading 20,000 sentences
[2026-07-26 02:09:02] [data] Done shuffling 20,000 sentences to temp files
[2026-07-26 02:09:06] Seen 20,000 samples
[2026-07-26 02:09:06] Starting data epoch 340 in logical epoch 340
[2026-07-26 02:09:06] [data] Shuffling data
[2026-07-26 02:09:06] [data] Done reading 20,000 sentences
[2026-07-26 02:09:06] [data] Done shuffling 20,000 sentences to temp files
[2026-07-26 02:09:10] Seen 20,000 samples
[2026-07-26 02:09:10] Starting data epoch 341 in logical epoch 341
[2026-07-26 02:09:10] [data] Shuffling data
[2026-07-26 02:09:10] [data] Done reading 20,000 sentences
[2026-07-26 02:09:10] [data] Done shuffling 20,000 sentences to temp files
[2026-07-26 02:09:14] Seen 20,000 samples
[2026-07-26 02:09:14] Starting data epoch 342 in logical epoch 342
[2026-07-26 02:09:14] [data] Shuffling data
[2026-07-26 02:09:14] [data] Done reading 20,000 sentences
[2026-07-26 02:09:14] [data] Done shuffling 20,000 sentences to temp files
[2026-07-26 02:09:15] Ep. 342 : Up. 21500 : Sen. 5,401 : Cost 1.12983966 * 613,510 @ 1,665 after 26,395,186 : Time 29.87s : 20538.48 words/s : gNorm 0.2844 : L.r. 2.5880e-04
[2026-07-26 02:09:17] Seen 20,000 samples
[2026-07-26 02:09:17] Starting data epoch 343 in logical epoch 343
[2026-07-26 02:09:17] [data] Shuffling data
[2026-07-26 02:09:17] [data] Done reading 20,000 sentences
[2026-07-26 02:09:17] [data] Done shuffling 20,000 sentences to temp files
[2026-07-26 02:09:21] Seen 20,000 samples
[2026-07-26 02:09:21] Starting data epoch 344 in logical epoch 344
[2026-07-26 02:09:21] [data] Shuffling data
[2026-07-26 02:09:21] [data] Done reading 20,000 sentences
[2026-07-26 02:09:21] [data] Done shuffling 20,000 sentences to temp files
[2026-07-26 02:09:24] Seen 20,000 samples
[2026-07-26 02:09:24] Starting data epoch 345 in logical epoch 345
[2026-07-26 02:09:24] [data] Shuffling data
[2026-07-26 02:09:24] [data] Done reading 20,000 sentences
[2026-07-26 02:09:25] [data] Done shuffling 20,000 sentences to temp files
[2026-07-26 02:09:28] Seen 20,000 samples
[2026-07-26 02:09:28] Starting data epoch 346 in logical epoch 346
[2026-07-26 02:09:28] [data] Shuffling data
[2026-07-26 02:09:28] [data] Done reading 20,000 sentences
[2026-07-26 02:09:28] [data] Done shuffling 20,000 sentences to temp files
[2026-07-26 02:09:32] Seen 20,000 samples
[2026-07-26 02:09:32] Starting data epoch 347 in logical epoch 347
[2026-07-26 02:09:32] [data] Shuffling data
[2026-07-26 02:09:32] [data] Done reading 20,000 sentences
[2026-07-26 02:09:32] [data] Done shuffling 20,000 sentences to temp files
[2026-07-26 02:09:35] Seen 20,000 samples
[2026-07-26 02:09:35] Starting data epoch 348 in logical epoch 348
[2026-07-26 02:09:35] [data] Shuffling data
[2026-07-26 02:09:35] [data] Done reading 20,000 sentences
[2026-07-26 02:09:35] [data] Done shuffling 20,000 sentences to temp files
[2026-07-26 02:09:39] Seen 20,000 samples
[2026-07-26 02:09:39] Starting data epoch 349 in logical epoch 349
[2026-07-26 02:09:39] [data] Shuffling data
[2026-07-26 02:09:39] [data] Done reading 20,000 sentences
[2026-07-26 02:09:39] [data] Done shuffling 20,000 sentences to temp files
[2026-07-26 02:09:43] Seen 20,000 samples
[2026-07-26 02:09:43] Starting data epoch 350 in logical epoch 350
[2026-07-26 02:09:43] [data] Shuffling data
[2026-07-26 02:09:43] [data] Done reading 20,000 sentences
[2026-07-26 02:09:43] [data] Done shuffling 20,000 sentences to temp files
[2026-07-26 02:09:44] Ep. 350 : Up. 22000 : Sen. 4,159 : Cost 1.12967348 * 615,475 @ 1,094 after 27,010,661 : Time 29.06s : 21178.22 words/s : gNorm 0.3913 : L.r. 2.5584e-04
[2026-07-26 02:09:46] Seen 20,000 samples
[2026-07-26 02:09:46] Starting data epoch 351 in logical epoch 351
[2026-07-26 02:09:46] [data] Shuffling data
[2026-07-26 02:09:46] [data] Done reading 20,000 sentences
[2026-07-26 02:09:46] [data] Done shuffling 20,000 sentences to temp files
[2026-07-26 02:09:50] Seen 20,000 samples
[2026-07-26 02:09:50] Starting data epoch 352 in logical epoch 352
[2026-07-26 02:09:50] [data] Shuffling data
[2026-07-26 02:09:50] [data] Done reading 20,000 sentences
[2026-07-26 02:09:50] [data] Done shuffling 20,000 sentences to temp files
[2026-07-26 02:09:54] Seen 20,000 samples
[2026-07-26 02:09:54] Starting data epoch 353 in logical epoch 353
[2026-07-26 02:09:54] [data] Shuffling data
[2026-07-26 02:09:54] [data] Done reading 20,000 sentences
[2026-07-26 02:09:54] [data] Done shuffling 20,000 sentences to temp files
[2026-07-26 02:09:57] Seen 20,000 samples
[2026-07-26 02:09:57] Starting data epoch 354 in logical epoch 354
[2026-07-26 02:09:57] [data] Shuffling data
[2026-07-26 02:09:57] [data] Done reading 20,000 sentences
[2026-07-26 02:09:57] [data] Done shuffling 20,000 sentences to temp files
[2026-07-26 02:10:01] Seen 20,000 samples
[2026-07-26 02:10:01] Starting data epoch 355 in logical epoch 355
[2026-07-26 02:10:01] [data] Shuffling data
[2026-07-26 02:10:01] [data] Done reading 20,000 sentences
[2026-07-26 02:10:01] [data] Done shuffling 20,000 sentences to temp files
[2026-07-26 02:10:05] Seen 20,000 samples
[2026-07-26 02:10:05] Starting data epoch 356 in logical epoch 356
[2026-07-26 02:10:05] [data] Shuffling data
[2026-07-26 02:10:05] [data] Done reading 20,000 sentences
[2026-07-26 02:10:05] [data] Done shuffling 20,000 sentences to temp files
[2026-07-26 02:10:08] Seen 20,000 samples
[2026-07-26 02:10:08] Starting data epoch 357 in logical epoch 357
[2026-07-26 02:10:08] [data] Shuffling data
[2026-07-26 02:10:08] [data] Done reading 20,000 sentences
[2026-07-26 02:10:08] [data] Done shuffling 20,000 sentences to temp files
[2026-07-26 02:10:12] Seen 20,000 samples
[2026-07-26 02:10:12] Starting data epoch 358 in logical epoch 358
[2026-07-26 02:10:12] [data] Shuffling data
[2026-07-26 02:10:12] [data] Done reading 20,000 sentences
[2026-07-26 02:10:12] [data] Done shuffling 20,000 sentences to temp files
[2026-07-26 02:10:13] Ep. 358 : Up. 22500 : Sen. 2,907 : Cost 1.12844026 * 612,161 @ 1,332 after 27,622,822 : Time 29.07s : 21055.35 words/s : gNorm 0.4048 : L.r. 2.5298e-04
[2026-07-26 02:10:16] Seen 20,000 samples
[2026-07-26 02:10:16] Starting data epoch 359 in logical epoch 359
[2026-07-26 02:10:16] [data] Shuffling data
[2026-07-26 02:10:16] [data] Done reading 20,000 sentences
[2026-07-26 02:10:16] [data] Done shuffling 20,000 sentences to temp files
[2026-07-26 02:10:19] Seen 20,000 samples
[2026-07-26 02:10:19] Starting data epoch 360 in logical epoch 360
[2026-07-26 02:10:19] [data] Shuffling data
[2026-07-26 02:10:20] [data] Done reading 20,000 sentences
[2026-07-26 02:10:20] [data] Done shuffling 20,000 sentences to temp files
[2026-07-26 02:10:23] Seen 20,000 samples
[2026-07-26 02:10:23] Starting data epoch 361 in logical epoch 361
[2026-07-26 02:10:23] [data] Shuffling data
[2026-07-26 02:10:23] [data] Done reading 20,000 sentences
[2026-07-26 02:10:23] [data] Done shuffling 20,000 sentences to temp files
[2026-07-26 02:10:27] Seen 20,000 samples
[2026-07-26 02:10:27] Starting data epoch 362 in logical epoch 362
[2026-07-26 02:10:27] [data] Shuffling data
[2026-07-26 02:10:27] [data] Done reading 20,000 sentences
[2026-07-26 02:10:27] [data] Done shuffling 20,000 sentences to temp files
[2026-07-26 02:10:30] Seen 20,000 samples
[2026-07-26 02:10:30] Starting data epoch 363 in logical epoch 363
[2026-07-26 02:10:30] [data] Shuffling data
[2026-07-26 02:10:30] [data] Done reading 20,000 sentences
[2026-07-26 02:10:30] [data] Done shuffling 20,000 sentences to temp files
[2026-07-26 02:10:34] Seen 20,000 samples
[2026-07-26 02:10:34] Starting data epoch 364 in logical epoch 364
[2026-07-26 02:10:34] [data] Shuffling data
[2026-07-26 02:10:34] [data] Done reading 20,000 sentences
[2026-07-26 02:10:34] [data] Done shuffling 20,000 sentences to temp files
[2026-07-26 02:10:38] Seen 20,000 samples
[2026-07-26 02:10:38] Starting data epoch 365 in logical epoch 365
[2026-07-26 02:10:38] [data] Shuffling data
[2026-07-26 02:10:38] [data] Done reading 20,000 sentences
[2026-07-26 02:10:38] [data] Done shuffling 20,000 sentences to temp files
[2026-07-26 02:10:42] Seen 20,000 samples
[2026-07-26 02:10:42] Starting data epoch 366 in logical epoch 366
[2026-07-26 02:10:42] [data] Shuffling data
[2026-07-26 02:10:42] [data] Done reading 20,000 sentences
[2026-07-26 02:10:42] [data] Done shuffling 20,000 sentences to temp files
[2026-07-26 02:10:42] Ep. 366 : Up. 23000 : Sen. 1,495 : Cost 1.12838221 * 614,222 @ 1,121 after 28,237,044 : Time 29.30s : 20964.68 words/s : gNorm 0.5319 : L.r. 2.5022e-04
[2026-07-26 02:10:45] Seen 20,000 samples
[2026-07-26 02:10:45] Starting data epoch 367 in logical epoch 367
[2026-07-26 02:10:45] [data] Shuffling data
[2026-07-26 02:10:45] [data] Done reading 20,000 sentences
[2026-07-26 02:10:45] [data] Done shuffling 20,000 sentences to temp files
[2026-07-26 02:10:49] Seen 20,000 samples
[2026-07-26 02:10:49] Starting data epoch 368 in logical epoch 368
[2026-07-26 02:10:49] [data] Shuffling data
[2026-07-26 02:10:49] [data] Done reading 20,000 sentences
[2026-07-26 02:10:49] [data] Done shuffling 20,000 sentences to temp files
[2026-07-26 02:10:52] Seen 20,000 samples
[2026-07-26 02:10:52] Starting data epoch 369 in logical epoch 369
[2026-07-26 02:10:52] [data] Shuffling data
[2026-07-26 02:10:52] [data] Done reading 20,000 sentences
[2026-07-26 02:10:52] [data] Done shuffling 20,000 sentences to temp files
[2026-07-26 02:10:56] Seen 20,000 samples
[2026-07-26 02:10:56] Starting data epoch 370 in logical epoch 370
[2026-07-26 02:10:56] [data] Shuffling data
[2026-07-26 02:10:56] [data] Done reading 20,000 sentences
[2026-07-26 02:10:56] [data] Done shuffling 20,000 sentences to temp files
[2026-07-26 02:11:00] Seen 20,000 samples
[2026-07-26 02:11:00] Starting data epoch 371 in logical epoch 371
[2026-07-26 02:11:00] [data] Shuffling data
[2026-07-26 02:11:00] [data] Done reading 20,000 sentences
[2026-07-26 02:11:00] [data] Done shuffling 20,000 sentences to temp files
[2026-07-26 02:11:03] Seen 20,000 samples
[2026-07-26 02:11:03] Starting data epoch 372 in logical epoch 372
[2026-07-26 02:11:03] [data] Shuffling data
[2026-07-26 02:11:03] [data] Done reading 20,000 sentences
[2026-07-26 02:11:04] [data] Done shuffling 20,000 sentences to temp files
[2026-07-26 02:11:07] Seen 20,000 samples
[2026-07-26 02:11:07] Starting data epoch 373 in logical epoch 373
[2026-07-26 02:11:07] [data] Shuffling data
[2026-07-26 02:11:07] [data] Done reading 20,000 sentences
[2026-07-26 02:11:07] [data] Done shuffling 20,000 sentences to temp files
[2026-07-26 02:11:11] Seen 20,000 samples
[2026-07-26 02:11:11] Starting data epoch 374 in logical epoch 374
[2026-07-26 02:11:11] [data] Shuffling data
[2026-07-26 02:11:11] [data] Done reading 20,000 sentences
[2026-07-26 02:11:11] [data] Done shuffling 20,000 sentences to temp files
[2026-07-26 02:11:11] Ep. 374 : Up. 23500 : Sen. 163 : Cost 1.12748063 * 613,793 @ 1,152 after 28,850,837 : Time 29.12s : 21079.59 words/s : gNorm 0.3950 : L.r. 2.4754e-04
[2026-07-26 02:11:15] Seen 20,000 samples
[2026-07-26 02:11:15] Starting data epoch 375 in logical epoch 375
[2026-07-26 02:11:15] [data] Shuffling data
[2026-07-26 02:11:15] [data] Done reading 20,000 sentences
[2026-07-26 02:11:15] [data] Done shuffling 20,000 sentences to temp files
[2026-07-26 02:11:18] Seen 20,000 samples
[2026-07-26 02:11:18] Starting data epoch 376 in logical epoch 376
[2026-07-26 02:11:18] [data] Shuffling data
[2026-07-26 02:11:18] [data] Done reading 20,000 sentences
[2026-07-26 02:11:18] [data] Done shuffling 20,000 sentences to temp files
[2026-07-26 02:11:22] Seen 20,000 samples
[2026-07-26 02:11:22] Starting data epoch 377 in logical epoch 377
[2026-07-26 02:11:22] [data] Shuffling data
[2026-07-26 02:11:22] [data] Done reading 20,000 sentences
[2026-07-26 02:11:22] [data] Done shuffling 20,000 sentences to temp files
[2026-07-26 02:11:26] Seen 20,000 samples
[2026-07-26 02:11:26] Starting data epoch 378 in logical epoch 378
[2026-07-26 02:11:26] [data] Shuffling data
[2026-07-26 02:11:26] [data] Done reading 20,000 sentences
[2026-07-26 02:11:26] [data] Done shuffling 20,000 sentences to temp files
[2026-07-26 02:11:29] Seen 20,000 samples
[2026-07-26 02:11:29] Starting data epoch 379 in logical epoch 379
[2026-07-26 02:11:29] [data] Shuffling data
[2026-07-26 02:11:29] [data] Done reading 20,000 sentences
[2026-07-26 02:11:29] [data] Done shuffling 20,000 sentences to temp files
[2026-07-26 02:11:33] Seen 20,000 samples
[2026-07-26 02:11:33] Starting data epoch 380 in logical epoch 380
[2026-07-26 02:11:33] [data] Shuffling data
[2026-07-26 02:11:33] [data] Done reading 20,000 sentences
[2026-07-26 02:11:33] [data] Done shuffling 20,000 sentences to temp files
[2026-07-26 02:11:37] Seen 20,000 samples
[2026-07-26 02:11:37] Starting data epoch 381 in logical epoch 381
[2026-07-26 02:11:37] [data] Shuffling data
[2026-07-26 02:11:37] [data] Done reading 20,000 sentences
[2026-07-26 02:11:37] [data] Done shuffling 20,000 sentences to temp files
[2026-07-26 02:11:40] Ep. 381 : Up. 24000 : Sen. 19,200 : Cost 1.12691617 * 614,519 @ 1,332 after 29,465,356 : Time 29.05s : 21156.54 words/s : gNorm 0.3536 : L.r. 2.4495e-04
[2026-07-26 02:11:40] Seen 20,000 samples
[2026-07-26 02:11:40] Starting data epoch 382 in logical epoch 382
[2026-07-26 02:11:40] [data] Shuffling data
[2026-07-26 02:11:40] [data] Done reading 20,000 sentences
[2026-07-26 02:11:40] [data] Done shuffling 20,000 sentences to temp files
[2026-07-26 02:11:44] Seen 20,000 samples
[2026-07-26 02:11:44] Starting data epoch 383 in logical epoch 383
[2026-07-26 02:11:44] [data] Shuffling data
[2026-07-26 02:11:44] [data] Done reading 20,000 sentences
[2026-07-26 02:11:44] [data] Done shuffling 20,000 sentences to temp files
[2026-07-26 02:11:47] Seen 20,000 samples
[2026-07-26 02:11:47] Starting data epoch 384 in logical epoch 384
[2026-07-26 02:11:47] [data] Shuffling data
[2026-07-26 02:11:47] [data] Done reading 20,000 sentences
[2026-07-26 02:11:48] [data] Done shuffling 20,000 sentences to temp files
[2026-07-26 02:11:51] Seen 20,000 samples
[2026-07-26 02:11:51] Starting data epoch 385 in logical epoch 385
[2026-07-26 02:11:51] [data] Shuffling data
[2026-07-26 02:11:51] [data] Done reading 20,000 sentences
[2026-07-26 02:11:51] [data] Done shuffling 20,000 sentences to temp files
[2026-07-26 02:11:55] Seen 20,000 samples
[2026-07-26 02:11:55] Starting data epoch 386 in logical epoch 386
[2026-07-26 02:11:55] [data] Shuffling data
[2026-07-26 02:11:55] [data] Done reading 20,000 sentences
[2026-07-26 02:11:55] [data] Done shuffling 20,000 sentences to temp files
[2026-07-26 02:11:59] Seen 20,000 samples
[2026-07-26 02:11:59] Starting data epoch 387 in logical epoch 387
[2026-07-26 02:11:59] [data] Shuffling data
[2026-07-26 02:11:59] [data] Done reading 20,000 sentences
[2026-07-26 02:11:59] [data] Done shuffling 20,000 sentences to temp files
[2026-07-26 02:12:02] Seen 20,000 samples
[2026-07-26 02:12:02] Starting data epoch 388 in logical epoch 388
[2026-07-26 02:12:02] [data] Shuffling data
[2026-07-26 02:12:02] [data] Done reading 20,000 sentences
[2026-07-26 02:12:02] [data] Done shuffling 20,000 sentences to temp files
[2026-07-26 02:12:06] Seen 20,000 samples
[2026-07-26 02:12:06] Starting data epoch 389 in logical epoch 389
[2026-07-26 02:12:06] [data] Shuffling data
[2026-07-26 02:12:06] [data] Done reading 20,000 sentences
[2026-07-26 02:12:06] [data] Done shuffling 20,000 sentences to temp files
[2026-07-26 02:12:09] Ep. 389 : Up. 24500 : Sen. 18,038 : Cost 1.12564349 * 613,991 @ 1,822 after 30,079,347 : Time 29.03s : 21146.58 words/s : gNorm 0.4361 : L.r. 2.4244e-04
[2026-07-26 02:12:10] Seen 20,000 samples
[2026-07-26 02:12:10] Starting data epoch 390 in logical epoch 390
[2026-07-26 02:12:10] [data] Shuffling data
[2026-07-26 02:12:10] [data] Done reading 20,000 sentences
[2026-07-26 02:12:10] [data] Done shuffling 20,000 sentences to temp files
[2026-07-26 02:12:13] Seen 20,000 samples
[2026-07-26 02:12:13] Starting data epoch 391 in logical epoch 391
[2026-07-26 02:12:13] [data] Shuffling data
[2026-07-26 02:12:13] [data] Done reading 20,000 sentences
[2026-07-26 02:12:13] [data] Done shuffling 20,000 sentences to temp files
[2026-07-26 02:12:17] Seen 20,000 samples
[2026-07-26 02:12:17] Starting data epoch 392 in logical epoch 392
[2026-07-26 02:12:17] [data] Shuffling data
[2026-07-26 02:12:17] [data] Done reading 20,000 sentences
[2026-07-26 02:12:17] [data] Done shuffling 20,000 sentences to temp files
[2026-07-26 02:12:21] Seen 20,000 samples
[2026-07-26 02:12:21] Starting data epoch 393 in logical epoch 393
[2026-07-26 02:12:21] [data] Shuffling data
[2026-07-26 02:12:21] [data] Done reading 20,000 sentences
[2026-07-26 02:12:21] [data] Done shuffling 20,000 sentences to temp files
[2026-07-26 02:12:24] Seen 20,000 samples
[2026-07-26 02:12:24] Starting data epoch 394 in logical epoch 394
[2026-07-26 02:12:24] [data] Shuffling data
[2026-07-26 02:12:24] [data] Done reading 20,000 sentences
[2026-07-26 02:12:24] [data] Done shuffling 20,000 sentences to temp files
[2026-07-26 02:12:28] Seen 20,000 samples
[2026-07-26 02:12:28] Starting data epoch 395 in logical epoch 395
[2026-07-26 02:12:28] [data] Shuffling data
[2026-07-26 02:12:28] [data] Done reading 20,000 sentences
[2026-07-26 02:12:28] [data] Done shuffling 20,000 sentences to temp files
[2026-07-26 02:12:31] Seen 20,000 samples
[2026-07-26 02:12:31] Starting data epoch 396 in logical epoch 396
[2026-07-26 02:12:31] [data] Shuffling data
[2026-07-26 02:12:31] [data] Done reading 20,000 sentences
[2026-07-26 02:12:32] [data] Done shuffling 20,000 sentences to temp files
[2026-07-26 02:12:35] Seen 20,000 samples
[2026-07-26 02:12:35] Starting data epoch 397 in logical epoch 397
[2026-07-26 02:12:35] [data] Shuffling data
[2026-07-26 02:12:35] [data] Done reading 20,000 sentences
[2026-07-26 02:12:35] [data] Done shuffling 20,000 sentences to temp files
[2026-07-26 02:12:38] Ep. 397 : Up. 25000 : Sen. 16,536 : Cost 1.12540793 * 613,958 @ 1,122 after 30,693,305 : Time 28.95s : 21208.70 words/s : gNorm 0.3868 : L.r. 2.4000e-04
[2026-07-26 02:12:38] Saving model weights and runtime parameters to /d/Job_Requirements/PracticalProjectsFromDrYe/AIE-F/assignment-submission/class-22/TheinGiKyaw_Assignment7/model.transformer.phmy/model.iter25000.npz
[2026-07-26 02:12:39] Saving model weights and runtime parameters to /d/Job_Requirements/PracticalProjectsFromDrYe/AIE-F/assignment-submission/class-22/TheinGiKyaw_Assignment7/model.transformer.phmy/model.npz
[2026-07-26 02:12:39] Saving Adam parameters
[2026-07-26 02:12:39] [training] Saving training checkpoint to /d/Job_Requirements/PracticalProjectsFromDrYe/AIE-F/assignment-submission/class-22/TheinGiKyaw_Assignment7/model.transformer.phmy/model.npz and /d/Job_Requirements/PracticalProjectsFromDrYe/AIE-F/assignment-submission/class-22/TheinGiKyaw_Assignment7/model.transformer.phmy/model.npz.optimizer.npz
[2026-07-26 02:12:41] [valid] Ep. 397 : Up. 25000 : cross-entropy : 2.46729 : stalled 4 times (last best: 1.85265)
[2026-07-26 02:12:41] [valid] Ep. 397 : Up. 25000 : perplexity : 1.90016 : stalled 4 times (last best: 1.61935)
[2026-07-26 02:12:42] [valid] Ep. 397 : Up. 25000 : bleu : 75.7765 : stalled 1 times (last best: 76.1433)
[2026-07-26 02:12:43] Seen 20,000 samples
[2026-07-26 02:12:43] Starting data epoch 398 in logical epoch 398
[2026-07-26 02:12:43] [data] Shuffling data
[2026-07-26 02:12:43] [data] Done reading 20,000 sentences
[2026-07-26 02:12:43] [data] Done shuffling 20,000 sentences to temp files
[2026-07-26 02:12:47] Seen 20,000 samples
[2026-07-26 02:12:47] Starting data epoch 399 in logical epoch 399
[2026-07-26 02:12:47] [data] Shuffling data
[2026-07-26 02:12:47] [data] Done reading 20,000 sentences
[2026-07-26 02:12:47] [data] Done shuffling 20,000 sentences to temp files
[2026-07-26 02:12:50] Seen 20,000 samples
[2026-07-26 02:12:50] Starting data epoch 400 in logical epoch 400
[2026-07-26 02:12:50] [data] Shuffling data
[2026-07-26 02:12:50] [data] Done reading 20,000 sentences
[2026-07-26 02:12:50] [data] Done shuffling 20,000 sentences to temp files
[2026-07-26 02:12:53] Seen 20,000 samples
[2026-07-26 02:12:53] Starting data epoch 401 in logical epoch 401
[2026-07-26 02:12:53] [data] Shuffling data
[2026-07-26 02:12:53] [data] Done reading 20,000 sentences
[2026-07-26 02:12:54] [data] Done shuffling 20,000 sentences to temp files
[2026-07-26 02:12:57] Seen 20,000 samples
[2026-07-26 02:12:57] Starting data epoch 402 in logical epoch 402
[2026-07-26 02:12:57] [data] Shuffling data
[2026-07-26 02:12:57] [data] Done reading 20,000 sentences
[2026-07-26 02:12:57] [data] Done shuffling 20,000 sentences to temp files
[2026-07-26 02:13:01] Seen 20,000 samples
[2026-07-26 02:13:01] Starting data epoch 403 in logical epoch 403
[2026-07-26 02:13:01] [data] Shuffling data
[2026-07-26 02:13:01] [data] Done reading 20,000 sentences
[2026-07-26 02:13:01] [data] Done shuffling 20,000 sentences to temp files
[2026-07-26 02:13:05] Seen 20,000 samples
[2026-07-26 02:13:05] Starting data epoch 404 in logical epoch 404
[2026-07-26 02:13:05] [data] Shuffling data
[2026-07-26 02:13:05] [data] Done reading 20,000 sentences
[2026-07-26 02:13:05] [data] Done shuffling 20,000 sentences to temp files
[2026-07-26 02:13:08] Seen 20,000 samples
[2026-07-26 02:13:08] Starting data epoch 405 in logical epoch 405
[2026-07-26 02:13:08] [data] Shuffling data
[2026-07-26 02:13:08] [data] Done reading 20,000 sentences
[2026-07-26 02:13:08] [data] Done shuffling 20,000 sentences to temp files
[2026-07-26 02:13:11] Ep. 405 : Up. 25500 : Sen. 15,204 : Cost 1.12481320 * 612,781 @ 999 after 31,306,086 : Time 32.88s : 18639.50 words/s : gNorm 0.4665 : L.r. 2.3764e-04
[2026-07-26 02:13:12] Seen 20,000 samples
[2026-07-26 02:13:12] Starting data epoch 406 in logical epoch 406
[2026-07-26 02:13:12] [data] Shuffling data
[2026-07-26 02:13:12] [data] Done reading 20,000 sentences
[2026-07-26 02:13:12] [data] Done shuffling 20,000 sentences to temp files
[2026-07-26 02:13:16] Seen 20,000 samples
[2026-07-26 02:13:16] Starting data epoch 407 in logical epoch 407
[2026-07-26 02:13:16] [data] Shuffling data
[2026-07-26 02:13:16] [data] Done reading 20,000 sentences
[2026-07-26 02:13:16] [data] Done shuffling 20,000 sentences to temp files
[2026-07-26 02:13:19] Seen 20,000 samples
[2026-07-26 02:13:19] Starting data epoch 408 in logical epoch 408
[2026-07-26 02:13:19] [data] Shuffling data
[2026-07-26 02:13:19] [data] Done reading 20,000 sentences
[2026-07-26 02:13:19] [data] Done shuffling 20,000 sentences to temp files
[2026-07-26 02:13:23] Seen 20,000 samples
[2026-07-26 02:13:23] Starting data epoch 409 in logical epoch 409
[2026-07-26 02:13:23] [data] Shuffling data
[2026-07-26 02:13:23] [data] Done reading 20,000 sentences
[2026-07-26 02:13:23] [data] Done shuffling 20,000 sentences to temp files
[2026-07-26 02:13:27] Seen 20,000 samples
[2026-07-26 02:13:27] Starting data epoch 410 in logical epoch 410
[2026-07-26 02:13:27] [data] Shuffling data
[2026-07-26 02:13:27] [data] Done reading 20,000 sentences
[2026-07-26 02:13:27] [data] Done shuffling 20,000 sentences to temp files
[2026-07-26 02:13:31] Seen 20,000 samples
[2026-07-26 02:13:31] Starting data epoch 411 in logical epoch 411
[2026-07-26 02:13:31] [data] Shuffling data
[2026-07-26 02:13:31] [data] Done reading 20,000 sentences
[2026-07-26 02:13:31] [data] Done shuffling 20,000 sentences to temp files
[2026-07-26 02:13:34] Seen 20,000 samples
[2026-07-26 02:13:34] Starting data epoch 412 in logical epoch 412
[2026-07-26 02:13:34] [data] Shuffling data
[2026-07-26 02:13:34] [data] Done reading 20,000 sentences
[2026-07-26 02:13:34] [data] Done shuffling 20,000 sentences to temp files
[2026-07-26 02:13:38] Seen 20,000 samples
[2026-07-26 02:13:38] Starting data epoch 413 in logical epoch 413
[2026-07-26 02:13:38] [data] Shuffling data
[2026-07-26 02:13:38] [data] Done reading 20,000 sentences
[2026-07-26 02:13:38] [data] Done shuffling 20,000 sentences to temp files
[2026-07-26 02:13:41] Ep. 413 : Up. 26000 : Sen. 14,042 : Cost 1.12549675 * 614,683 @ 999 after 31,920,769 : Time 29.79s : 20632.52 words/s : gNorm 0.3692 : L.r. 2.3534e-04
[2026-07-26 02:13:42] Seen 20,000 samples
[2026-07-26 02:13:42] Starting data epoch 414 in logical epoch 414
[2026-07-26 02:13:42] [data] Shuffling data
[2026-07-26 02:13:42] [data] Done reading 20,000 sentences
[2026-07-26 02:13:42] [data] Done shuffling 20,000 sentences to temp files
[2026-07-26 02:13:45] Seen 20,000 samples
[2026-07-26 02:13:45] Starting data epoch 415 in logical epoch 415
[2026-07-26 02:13:45] [data] Shuffling data
[2026-07-26 02:13:46] [data] Done reading 20,000 sentences
[2026-07-26 02:13:46] [data] Done shuffling 20,000 sentences to temp files
[2026-07-26 02:13:49] Seen 20,000 samples
[2026-07-26 02:13:49] Starting data epoch 416 in logical epoch 416
[2026-07-26 02:13:49] [data] Shuffling data
[2026-07-26 02:13:49] [data] Done reading 20,000 sentences
[2026-07-26 02:13:49] [data] Done shuffling 20,000 sentences to temp files
[2026-07-26 02:13:53] Seen 20,000 samples
[2026-07-26 02:13:53] Starting data epoch 417 in logical epoch 417
[2026-07-26 02:13:53] [data] Shuffling data
[2026-07-26 02:13:53] [data] Done reading 20,000 sentences
[2026-07-26 02:13:53] [data] Done shuffling 20,000 sentences to temp files
[2026-07-26 02:13:57] Seen 20,000 samples
[2026-07-26 02:13:57] Starting data epoch 418 in logical epoch 418
[2026-07-26 02:13:57] [data] Shuffling data
[2026-07-26 02:13:57] [data] Done reading 20,000 sentences
[2026-07-26 02:13:57] [data] Done shuffling 20,000 sentences to temp files
[2026-07-26 02:14:00] Seen 20,000 samples
[2026-07-26 02:14:00] Starting data epoch 419 in logical epoch 419
[2026-07-26 02:14:00] [data] Shuffling data
[2026-07-26 02:14:00] [data] Done reading 20,000 sentences
[2026-07-26 02:14:00] [data] Done shuffling 20,000 sentences to temp files
[2026-07-26 02:14:04] Seen 20,000 samples
[2026-07-26 02:14:04] Starting data epoch 420 in logical epoch 420
[2026-07-26 02:14:04] [data] Shuffling data
[2026-07-26 02:14:04] [data] Done reading 20,000 sentences
[2026-07-26 02:14:04] [data] Done shuffling 20,000 sentences to temp files
[2026-07-26 02:14:08] Seen 20,000 samples
[2026-07-26 02:14:08] Starting data epoch 421 in logical epoch 421
[2026-07-26 02:14:08] [data] Shuffling data
[2026-07-26 02:14:08] [data] Done reading 20,000 sentences
[2026-07-26 02:14:08] [data] Done shuffling 20,000 sentences to temp files
[2026-07-26 02:14:10] Ep. 421 : Up. 26500 : Sen. 12,800 : Cost 1.12385917 * 613,536 @ 999 after 32,534,305 : Time 29.30s : 20942.93 words/s : gNorm 0.5119 : L.r. 2.3311e-04
[2026-07-26 02:14:11] Seen 20,000 samples
[2026-07-26 02:14:11] Starting data epoch 422 in logical epoch 422
[2026-07-26 02:14:11] [data] Shuffling data
[2026-07-26 02:14:11] [data] Done reading 20,000 sentences
[2026-07-26 02:14:11] [data] Done shuffling 20,000 sentences to temp files
[2026-07-26 02:14:15] Seen 20,000 samples
[2026-07-26 02:14:15] Starting data epoch 423 in logical epoch 423
[2026-07-26 02:14:15] [data] Shuffling data
[2026-07-26 02:14:15] [data] Done reading 20,000 sentences
[2026-07-26 02:14:15] [data] Done shuffling 20,000 sentences to temp files
[2026-07-26 02:14:19] Seen 20,000 samples
[2026-07-26 02:14:19] Starting data epoch 424 in logical epoch 424
[2026-07-26 02:14:19] [data] Shuffling data
[2026-07-26 02:14:19] [data] Done reading 20,000 sentences
[2026-07-26 02:14:19] [data] Done shuffling 20,000 sentences to temp files
[2026-07-26 02:14:23] Seen 20,000 samples
[2026-07-26 02:14:23] Starting data epoch 425 in logical epoch 425
[2026-07-26 02:14:23] [data] Shuffling data
[2026-07-26 02:14:23] [data] Done reading 20,000 sentences
[2026-07-26 02:14:23] [data] Done shuffling 20,000 sentences to temp files
[2026-07-26 02:14:26] Seen 20,000 samples
[2026-07-26 02:14:26] Starting data epoch 426 in logical epoch 426
[2026-07-26 02:14:26] [data] Shuffling data
[2026-07-26 02:14:26] [data] Done reading 20,000 sentences
[2026-07-26 02:14:27] [data] Done shuffling 20,000 sentences to temp files
[2026-07-26 02:14:30] Seen 20,000 samples
[2026-07-26 02:14:30] Starting data epoch 427 in logical epoch 427
[2026-07-26 02:14:30] [data] Shuffling data
[2026-07-26 02:14:30] [data] Done reading 20,000 sentences
[2026-07-26 02:14:30] [data] Done shuffling 20,000 sentences to temp files
[2026-07-26 02:14:34] Seen 20,000 samples
[2026-07-26 02:14:34] Starting data epoch 428 in logical epoch 428
[2026-07-26 02:14:34] [data] Shuffling data
[2026-07-26 02:14:34] [data] Done reading 20,000 sentences
[2026-07-26 02:14:34] [data] Done shuffling 20,000 sentences to temp files
[2026-07-26 02:14:38] Seen 20,000 samples
[2026-07-26 02:14:38] Starting data epoch 429 in logical epoch 429
[2026-07-26 02:14:38] [data] Shuffling data
[2026-07-26 02:14:38] [data] Done reading 20,000 sentences
[2026-07-26 02:14:38] [data] Done shuffling 20,000 sentences to temp files
[2026-07-26 02:14:40] Ep. 429 : Up. 27000 : Sen. 11,468 : Cost 1.12374723 * 613,475 @ 999 after 33,147,780 : Time 29.63s : 20707.57 words/s : gNorm 0.2944 : L.r. 2.3094e-04
[2026-07-26 02:14:41] Seen 20,000 samples
[2026-07-26 02:14:41] Starting data epoch 430 in logical epoch 430
[2026-07-26 02:14:41] [data] Shuffling data
[2026-07-26 02:14:41] [data] Done reading 20,000 sentences
[2026-07-26 02:14:41] [data] Done shuffling 20,000 sentences to temp files
[2026-07-26 02:14:45] Seen 20,000 samples
[2026-07-26 02:14:45] Starting data epoch 431 in logical epoch 431
[2026-07-26 02:14:45] [data] Shuffling data
[2026-07-26 02:14:45] [data] Done reading 20,000 sentences
[2026-07-26 02:14:45] [data] Done shuffling 20,000 sentences to temp files
[2026-07-26 02:14:49] Seen 20,000 samples
[2026-07-26 02:14:49] Starting data epoch 432 in logical epoch 432
[2026-07-26 02:14:49] [data] Shuffling data
[2026-07-26 02:14:49] [data] Done reading 20,000 sentences
[2026-07-26 02:14:49] [data] Done shuffling 20,000 sentences to temp files
[2026-07-26 02:14:52] Seen 20,000 samples
[2026-07-26 02:14:52] Starting data epoch 433 in logical epoch 433
[2026-07-26 02:14:52] [data] Shuffling data
[2026-07-26 02:14:52] [data] Done reading 20,000 sentences
[2026-07-26 02:14:52] [data] Done shuffling 20,000 sentences to temp files
[2026-07-26 02:14:56] Seen 20,000 samples
[2026-07-26 02:14:56] Starting data epoch 434 in logical epoch 434
[2026-07-26 02:14:56] [data] Shuffling data
[2026-07-26 02:14:56] [data] Done reading 20,000 sentences
[2026-07-26 02:14:56] [data] Done shuffling 20,000 sentences to temp files
[2026-07-26 02:15:00] Seen 20,000 samples
[2026-07-26 02:15:00] Starting data epoch 435 in logical epoch 435
[2026-07-26 02:15:00] [data] Shuffling data
[2026-07-26 02:15:00] [data] Done reading 20,000 sentences
[2026-07-26 02:15:00] [data] Done shuffling 20,000 sentences to temp files
[2026-07-26 02:15:04] Seen 20,000 samples
[2026-07-26 02:15:04] Starting data epoch 436 in logical epoch 436
[2026-07-26 02:15:04] [data] Shuffling data
[2026-07-26 02:15:04] [data] Done reading 20,000 sentences
[2026-07-26 02:15:04] [data] Done shuffling 20,000 sentences to temp files
[2026-07-26 02:15:07] Seen 20,000 samples
[2026-07-26 02:15:07] Starting data epoch 437 in logical epoch 437
[2026-07-26 02:15:07] [data] Shuffling data
[2026-07-26 02:15:07] [data] Done reading 20,000 sentences
[2026-07-26 02:15:07] [data] Done shuffling 20,000 sentences to temp files
[2026-07-26 02:15:09] Ep. 437 : Up. 27500 : Sen. 10,396 : Cost 1.12362671 * 614,647 @ 999 after 33,762,427 : Time 29.72s : 20677.90 words/s : gNorm 0.4098 : L.r. 2.2883e-04
[2026-07-26 02:15:11] Seen 20,000 samples
[2026-07-26 02:15:11] Starting data epoch 438 in logical epoch 438
[2026-07-26 02:15:11] [data] Shuffling data
[2026-07-26 02:15:11] [data] Done reading 20,000 sentences
[2026-07-26 02:15:11] [data] Done shuffling 20,000 sentences to temp files
[2026-07-26 02:15:15] Seen 20,000 samples
[2026-07-26 02:15:15] Starting data epoch 439 in logical epoch 439
[2026-07-26 02:15:15] [data] Shuffling data
[2026-07-26 02:15:15] [data] Done reading 20,000 sentences
[2026-07-26 02:15:15] [data] Done shuffling 20,000 sentences to temp files
[2026-07-26 02:15:19] Seen 20,000 samples
[2026-07-26 02:15:19] Starting data epoch 440 in logical epoch 440
[2026-07-26 02:15:19] [data] Shuffling data
[2026-07-26 02:15:19] [data] Done reading 20,000 sentences
[2026-07-26 02:15:19] [data] Done shuffling 20,000 sentences to temp files
[2026-07-26 02:15:23] Seen 20,000 samples
[2026-07-26 02:15:23] Starting data epoch 441 in logical epoch 441
[2026-07-26 02:15:23] [data] Shuffling data
[2026-07-26 02:15:23] [data] Done reading 20,000 sentences
[2026-07-26 02:15:23] [data] Done shuffling 20,000 sentences to temp files
[2026-07-26 02:15:26] Seen 20,000 samples
[2026-07-26 02:15:26] Starting data epoch 442 in logical epoch 442
[2026-07-26 02:15:26] [data] Shuffling data
[2026-07-26 02:15:26] [data] Done reading 20,000 sentences
[2026-07-26 02:15:26] [data] Done shuffling 20,000 sentences to temp files
[2026-07-26 02:15:30] Seen 20,000 samples
[2026-07-26 02:15:30] Starting data epoch 443 in logical epoch 443
[2026-07-26 02:15:30] [data] Shuffling data
[2026-07-26 02:15:30] [data] Done reading 20,000 sentences
[2026-07-26 02:15:30] [data] Done shuffling 20,000 sentences to temp files
[2026-07-26 02:15:34] Seen 20,000 samples
[2026-07-26 02:15:34] Starting data epoch 444 in logical epoch 444
[2026-07-26 02:15:34] [data] Shuffling data
[2026-07-26 02:15:34] [data] Done reading 20,000 sentences
[2026-07-26 02:15:34] [data] Done shuffling 20,000 sentences to temp files
[2026-07-26 02:15:38] Seen 20,000 samples
[2026-07-26 02:15:38] Starting data epoch 445 in logical epoch 445
[2026-07-26 02:15:38] [data] Shuffling data
[2026-07-26 02:15:38] [data] Done reading 20,000 sentences
[2026-07-26 02:15:38] [data] Done shuffling 20,000 sentences to temp files
[2026-07-26 02:15:39] Ep. 445 : Up. 28000 : Sen. 8,894 : Cost 1.12309730 * 613,635 @ 1,332 after 34,376,062 : Time 29.93s : 20505.28 words/s : gNorm 0.3296 : L.r. 2.2678e-04
[2026-07-26 02:15:41] Seen 20,000 samples
[2026-07-26 02:15:41] Starting data epoch 446 in logical epoch 446
[2026-07-26 02:15:41] [data] Shuffling data
[2026-07-26 02:15:41] [data] Done reading 20,000 sentences
[2026-07-26 02:15:41] [data] Done shuffling 20,000 sentences to temp files
[2026-07-26 02:15:45] Seen 20,000 samples
[2026-07-26 02:15:45] Starting data epoch 447 in logical epoch 447
[2026-07-26 02:15:45] [data] Shuffling data
[2026-07-26 02:15:45] [data] Done reading 20,000 sentences
[2026-07-26 02:15:45] [data] Done shuffling 20,000 sentences to temp files
[2026-07-26 02:15:49] Seen 20,000 samples
[2026-07-26 02:15:49] Starting data epoch 448 in logical epoch 448
[2026-07-26 02:15:49] [data] Shuffling data
[2026-07-26 02:15:49] [data] Done reading 20,000 sentences
[2026-07-26 02:15:49] [data] Done shuffling 20,000 sentences to temp files
[2026-07-26 02:15:53] Seen 20,000 samples
[2026-07-26 02:15:53] Starting data epoch 449 in logical epoch 449
[2026-07-26 02:15:53] [data] Shuffling data
[2026-07-26 02:15:53] [data] Done reading 20,000 sentences
[2026-07-26 02:15:53] [data] Done shuffling 20,000 sentences to temp files
[2026-07-26 02:15:56] Seen 20,000 samples
[2026-07-26 02:15:56] Starting data epoch 450 in logical epoch 450
[2026-07-26 02:15:56] [data] Shuffling data
[2026-07-26 02:15:56] [data] Done reading 20,000 sentences
[2026-07-26 02:15:56] [data] Done shuffling 20,000 sentences to temp files
[2026-07-26 02:16:00] Seen 20,000 samples
[2026-07-26 02:16:00] Starting data epoch 451 in logical epoch 451
[2026-07-26 02:16:00] [data] Shuffling data
[2026-07-26 02:16:00] [data] Done reading 20,000 sentences
[2026-07-26 02:16:00] [data] Done shuffling 20,000 sentences to temp files
[2026-07-26 02:16:04] Seen 20,000 samples
[2026-07-26 02:16:04] Starting data epoch 452 in logical epoch 452
[2026-07-26 02:16:04] [data] Shuffling data
[2026-07-26 02:16:04] [data] Done reading 20,000 sentences
[2026-07-26 02:16:04] [data] Done shuffling 20,000 sentences to temp files
[2026-07-26 02:16:07] Seen 20,000 samples
[2026-07-26 02:16:07] Starting data epoch 453 in logical epoch 453
[2026-07-26 02:16:07] [data] Shuffling data
[2026-07-26 02:16:07] [data] Done reading 20,000 sentences
[2026-07-26 02:16:08] [data] Done shuffling 20,000 sentences to temp files
[2026-07-26 02:16:09] Ep. 453 : Up. 28500 : Sen. 7,732 : Cost 1.12270653 * 613,962 @ 1,332 after 34,990,024 : Time 29.64s : 20711.81 words/s : gNorm 0.2605 : L.r. 2.2478e-04
[2026-07-26 02:16:11] Seen 20,000 samples
[2026-07-26 02:16:11] Starting data epoch 454 in logical epoch 454
[2026-07-26 02:16:11] [data] Shuffling data
[2026-07-26 02:16:11] [data] Done reading 20,000 sentences
[2026-07-26 02:16:11] [data] Done shuffling 20,000 sentences to temp files
[2026-07-26 02:16:15] Seen 20,000 samples
[2026-07-26 02:16:15] Starting data epoch 455 in logical epoch 455
[2026-07-26 02:16:15] [data] Shuffling data
[2026-07-26 02:16:15] [data] Done reading 20,000 sentences
[2026-07-26 02:16:15] [data] Done shuffling 20,000 sentences to temp files
[2026-07-26 02:16:19] Seen 20,000 samples
[2026-07-26 02:16:19] Starting data epoch 456 in logical epoch 456
[2026-07-26 02:16:19] [data] Shuffling data
[2026-07-26 02:16:19] [data] Done reading 20,000 sentences
[2026-07-26 02:16:19] [data] Done shuffling 20,000 sentences to temp files
[2026-07-26 02:16:22] Seen 20,000 samples
[2026-07-26 02:16:22] Starting data epoch 457 in logical epoch 457
[2026-07-26 02:16:22] [data] Shuffling data
[2026-07-26 02:16:22] [data] Done reading 20,000 sentences
[2026-07-26 02:16:22] [data] Done shuffling 20,000 sentences to temp files
[2026-07-26 02:16:26] Seen 20,000 samples
[2026-07-26 02:16:26] Starting data epoch 458 in logical epoch 458
[2026-07-26 02:16:26] [data] Shuffling data
[2026-07-26 02:16:26] [data] Done reading 20,000 sentences
[2026-07-26 02:16:26] [data] Done shuffling 20,000 sentences to temp files
[2026-07-26 02:16:30] Seen 20,000 samples
[2026-07-26 02:16:30] Starting data epoch 459 in logical epoch 459
[2026-07-26 02:16:30] [data] Shuffling data
[2026-07-26 02:16:30] [data] Done reading 20,000 sentences
[2026-07-26 02:16:30] [data] Done shuffling 20,000 sentences to temp files
[2026-07-26 02:16:34] Seen 20,000 samples
[2026-07-26 02:16:34] Starting data epoch 460 in logical epoch 460
[2026-07-26 02:16:34] [data] Shuffling data
[2026-07-26 02:16:34] [data] Done reading 20,000 sentences
[2026-07-26 02:16:34] [data] Done shuffling 20,000 sentences to temp files
[2026-07-26 02:16:37] Seen 20,000 samples
[2026-07-26 02:16:37] Starting data epoch 461 in logical epoch 461
[2026-07-26 02:16:37] [data] Shuffling data
[2026-07-26 02:16:37] [data] Done reading 20,000 sentences
[2026-07-26 02:16:37] [data] Done shuffling 20,000 sentences to temp files
[2026-07-26 02:16:39] Ep. 461 : Up. 29000 : Sen. 6,400 : Cost 1.12153244 * 613,407 @ 999 after 35,603,431 : Time 29.58s : 20735.43 words/s : gNorm 0.2720 : L.r. 2.2283e-04
[2026-07-26 02:16:41] Seen 20,000 samples
[2026-07-26 02:16:41] Starting data epoch 462 in logical epoch 462
[2026-07-26 02:16:41] [data] Shuffling data
[2026-07-26 02:16:41] [data] Done reading 20,000 sentences
[2026-07-26 02:16:41] [data] Done shuffling 20,000 sentences to temp files
[2026-07-26 02:16:45] Seen 20,000 samples
[2026-07-26 02:16:45] Starting data epoch 463 in logical epoch 463
[2026-07-26 02:16:45] [data] Shuffling data
[2026-07-26 02:16:45] [data] Done reading 20,000 sentences
[2026-07-26 02:16:45] [data] Done shuffling 20,000 sentences to temp files
[2026-07-26 02:16:49] Seen 20,000 samples
[2026-07-26 02:16:49] Starting data epoch 464 in logical epoch 464
[2026-07-26 02:16:49] [data] Shuffling data
[2026-07-26 02:16:49] [data] Done reading 20,000 sentences
[2026-07-26 02:16:49] [data] Done shuffling 20,000 sentences to temp files
[2026-07-26 02:16:52] Seen 20,000 samples
[2026-07-26 02:16:52] Starting data epoch 465 in logical epoch 465
[2026-07-26 02:16:52] [data] Shuffling data
[2026-07-26 02:16:52] [data] Done reading 20,000 sentences
[2026-07-26 02:16:52] [data] Done shuffling 20,000 sentences to temp files
[2026-07-26 02:16:56] Seen 20,000 samples
[2026-07-26 02:16:56] Starting data epoch 466 in logical epoch 466
[2026-07-26 02:16:56] [data] Shuffling data
[2026-07-26 02:16:56] [data] Done reading 20,000 sentences
[2026-07-26 02:16:56] [data] Done shuffling 20,000 sentences to temp files
[2026-07-26 02:17:00] Seen 20,000 samples
[2026-07-26 02:17:00] Starting data epoch 467 in logical epoch 467
[2026-07-26 02:17:00] [data] Shuffling data
[2026-07-26 02:17:00] [data] Done reading 20,000 sentences
[2026-07-26 02:17:00] [data] Done shuffling 20,000 sentences to temp files
[2026-07-26 02:17:04] Seen 20,000 samples
[2026-07-26 02:17:04] Starting data epoch 468 in logical epoch 468
[2026-07-26 02:17:04] [data] Shuffling data
[2026-07-26 02:17:04] [data] Done reading 20,000 sentences
[2026-07-26 02:17:04] [data] Done shuffling 20,000 sentences to temp files
[2026-07-26 02:17:08] Seen 20,000 samples
[2026-07-26 02:17:08] Starting data epoch 469 in logical epoch 469
[2026-07-26 02:17:08] [data] Shuffling data
[2026-07-26 02:17:08] [data] Done reading 20,000 sentences
[2026-07-26 02:17:08] [data] Done shuffling 20,000 sentences to temp files
[2026-07-26 02:17:09] Ep. 469 : Up. 29500 : Sen. 5,068 : Cost 1.12150633 * 613,763 @ 999 after 36,217,194 : Time 29.94s : 20498.53 words/s : gNorm 0.3528 : L.r. 2.2094e-04
[2026-07-26 02:17:11] Seen 20,000 samples
[2026-07-26 02:17:11] Starting data epoch 470 in logical epoch 470
[2026-07-26 02:17:11] [data] Shuffling data
[2026-07-26 02:17:11] [data] Done reading 20,000 sentences
[2026-07-26 02:17:11] [data] Done shuffling 20,000 sentences to temp files
[2026-07-26 02:17:15] Seen 20,000 samples
[2026-07-26 02:17:15] Starting data epoch 471 in logical epoch 471
[2026-07-26 02:17:15] [data] Shuffling data
[2026-07-26 02:17:15] [data] Done reading 20,000 sentences
[2026-07-26 02:17:15] [data] Done shuffling 20,000 sentences to temp files
[2026-07-26 02:17:19] Seen 20,000 samples
[2026-07-26 02:17:19] Starting data epoch 472 in logical epoch 472
[2026-07-26 02:17:19] [data] Shuffling data
[2026-07-26 02:17:19] [data] Done reading 20,000 sentences
[2026-07-26 02:17:19] [data] Done shuffling 20,000 sentences to temp files
[2026-07-26 02:17:23] Seen 20,000 samples
[2026-07-26 02:17:23] Starting data epoch 473 in logical epoch 473
[2026-07-26 02:17:23] [data] Shuffling data
[2026-07-26 02:17:23] [data] Done reading 20,000 sentences
[2026-07-26 02:17:23] [data] Done shuffling 20,000 sentences to temp files
[2026-07-26 02:17:26] Seen 20,000 samples
[2026-07-26 02:17:26] Starting data epoch 474 in logical epoch 474
[2026-07-26 02:17:26] [data] Shuffling data
[2026-07-26 02:17:26] [data] Done reading 20,000 sentences
[2026-07-26 02:17:26] [data] Done shuffling 20,000 sentences to temp files
[2026-07-26 02:17:30] Seen 20,000 samples
[2026-07-26 02:17:30] Starting data epoch 475 in logical epoch 475
[2026-07-26 02:17:30] [data] Shuffling data
[2026-07-26 02:17:30] [data] Done reading 20,000 sentences
[2026-07-26 02:17:30] [data] Done shuffling 20,000 sentences to temp files
[2026-07-26 02:17:34] Seen 20,000 samples
[2026-07-26 02:17:34] Starting data epoch 476 in logical epoch 476
[2026-07-26 02:17:34] [data] Shuffling data
[2026-07-26 02:17:34] [data] Done reading 20,000 sentences
[2026-07-26 02:17:34] [data] Done shuffling 20,000 sentences to temp files
[2026-07-26 02:17:38] Seen 20,000 samples
[2026-07-26 02:17:38] Starting data epoch 477 in logical epoch 477
[2026-07-26 02:17:38] [data] Shuffling data
[2026-07-26 02:17:38] [data] Done reading 20,000 sentences
[2026-07-26 02:17:38] [data] Done shuffling 20,000 sentences to temp files
[2026-07-26 02:17:38] Ep. 477 : Up. 30000 : Sen. 3,906 : Cost 1.12165964 * 613,584 @ 999 after 36,830,778 : Time 29.86s : 20548.24 words/s : gNorm 0.3330 : L.r. 2.1909e-04
[2026-07-26 02:17:38] Saving model weights and runtime parameters to /d/Job_Requirements/PracticalProjectsFromDrYe/AIE-F/assignment-submission/class-22/TheinGiKyaw_Assignment7/model.transformer.phmy/model.iter30000.npz
[2026-07-26 02:17:39] Saving model weights and runtime parameters to /d/Job_Requirements/PracticalProjectsFromDrYe/AIE-F/assignment-submission/class-22/TheinGiKyaw_Assignment7/model.transformer.phmy/model.npz
[2026-07-26 02:17:39] Saving Adam parameters
[2026-07-26 02:17:39] [training] Saving training checkpoint to /d/Job_Requirements/PracticalProjectsFromDrYe/AIE-F/assignment-submission/class-22/TheinGiKyaw_Assignment7/model.transformer.phmy/model.npz and /d/Job_Requirements/PracticalProjectsFromDrYe/AIE-F/assignment-submission/class-22/TheinGiKyaw_Assignment7/model.transformer.phmy/model.npz.optimizer.npz
[2026-07-26 02:17:41] [valid] Ep. 477 : Up. 30000 : cross-entropy : 2.57871 : stalled 5 times (last best: 1.85265)
[2026-07-26 02:17:42] [valid] Ep. 477 : Up. 30000 : perplexity : 1.95605 : stalled 5 times (last best: 1.61935)
[2026-07-26 02:17:43] [valid] Ep. 477 : Up. 30000 : bleu : 75.7018 : stalled 2 times (last best: 76.1433)
[2026-07-26 02:17:46] Seen 20,000 samples
[2026-07-26 02:17:46] Starting data epoch 478 in logical epoch 478
[2026-07-26 02:17:46] [data] Shuffling data
[2026-07-26 02:17:46] [data] Done reading 20,000 sentences
[2026-07-26 02:17:46] [data] Done shuffling 20,000 sentences to temp files
[2026-07-26 02:17:50] Seen 20,000 samples
[2026-07-26 02:17:50] Starting data epoch 479 in logical epoch 479
[2026-07-26 02:17:50] [data] Shuffling data
[2026-07-26 02:17:50] [data] Done reading 20,000 sentences
[2026-07-26 02:17:50] [data] Done shuffling 20,000 sentences to temp files
[2026-07-26 02:17:54] Seen 20,000 samples
[2026-07-26 02:17:54] Starting data epoch 480 in logical epoch 480
[2026-07-26 02:17:54] [data] Shuffling data
[2026-07-26 02:17:54] [data] Done reading 20,000 sentences
[2026-07-26 02:17:54] [data] Done shuffling 20,000 sentences to temp files
[2026-07-26 02:17:58] Seen 20,000 samples
[2026-07-26 02:17:58] Starting data epoch 481 in logical epoch 481
[2026-07-26 02:17:58] [data] Shuffling data
[2026-07-26 02:17:58] [data] Done reading 20,000 sentences
[2026-07-26 02:17:58] [data] Done shuffling 20,000 sentences to temp files
[2026-07-26 02:18:01] Seen 20,000 samples
[2026-07-26 02:18:01] Starting data epoch 482 in logical epoch 482
[2026-07-26 02:18:01] [data] Shuffling data
[2026-07-26 02:18:01] [data] Done reading 20,000 sentences
[2026-07-26 02:18:01] [data] Done shuffling 20,000 sentences to temp files
[2026-07-26 02:18:05] Seen 20,000 samples
[2026-07-26 02:18:05] Starting data epoch 483 in logical epoch 483
[2026-07-26 02:18:05] [data] Shuffling data
[2026-07-26 02:18:05] [data] Done reading 20,000 sentences
[2026-07-26 02:18:05] [data] Done shuffling 20,000 sentences to temp files
[2026-07-26 02:18:09] Seen 20,000 samples
[2026-07-26 02:18:09] Starting data epoch 484 in logical epoch 484
[2026-07-26 02:18:09] [data] Shuffling data
[2026-07-26 02:18:09] [data] Done reading 20,000 sentences
[2026-07-26 02:18:09] [data] Done shuffling 20,000 sentences to temp files
[2026-07-26 02:18:13] Seen 20,000 samples
[2026-07-26 02:18:13] Starting data epoch 485 in logical epoch 485
[2026-07-26 02:18:13] [data] Shuffling data
[2026-07-26 02:18:13] [data] Done reading 20,000 sentences
[2026-07-26 02:18:13] [data] Done shuffling 20,000 sentences to temp files
[2026-07-26 02:18:13] Ep. 485 : Up. 30500 : Sen. 2,494 : Cost 1.12055552 * 614,122 @ 999 after 37,444,900 : Time 34.99s : 17551.40 words/s : gNorm 0.3408 : L.r. 2.1729e-04
[2026-07-26 02:18:17] Seen 20,000 samples
[2026-07-26 02:18:17] Starting data epoch 486 in logical epoch 486
[2026-07-26 02:18:17] [data] Shuffling data
[2026-07-26 02:18:17] [data] Done reading 20,000 sentences
[2026-07-26 02:18:17] [data] Done shuffling 20,000 sentences to temp files
[2026-07-26 02:18:20] Seen 20,000 samples
[2026-07-26 02:18:20] Starting data epoch 487 in logical epoch 487
[2026-07-26 02:18:20] [data] Shuffling data
[2026-07-26 02:18:20] [data] Done reading 20,000 sentences
[2026-07-26 02:18:20] [data] Done shuffling 20,000 sentences to temp files
[2026-07-26 02:18:24] Seen 20,000 samples
[2026-07-26 02:18:24] Starting data epoch 488 in logical epoch 488
[2026-07-26 02:18:24] [data] Shuffling data
[2026-07-26 02:18:24] [data] Done reading 20,000 sentences
[2026-07-26 02:18:24] [data] Done shuffling 20,000 sentences to temp files
[2026-07-26 02:18:28] Seen 20,000 samples
[2026-07-26 02:18:28] Starting data epoch 489 in logical epoch 489
[2026-07-26 02:18:28] [data] Shuffling data
[2026-07-26 02:18:28] [data] Done reading 20,000 sentences
[2026-07-26 02:18:28] [data] Done shuffling 20,000 sentences to temp files
[2026-07-26 02:18:32] Seen 20,000 samples
[2026-07-26 02:18:32] Starting data epoch 490 in logical epoch 490
[2026-07-26 02:18:32] [data] Shuffling data
[2026-07-26 02:18:32] [data] Done reading 20,000 sentences
[2026-07-26 02:18:32] [data] Done shuffling 20,000 sentences to temp files
[2026-07-26 02:18:36] Seen 20,000 samples
[2026-07-26 02:18:36] Starting data epoch 491 in logical epoch 491
[2026-07-26 02:18:36] [data] Shuffling data
[2026-07-26 02:18:36] [data] Done reading 20,000 sentences
[2026-07-26 02:18:36] [data] Done shuffling 20,000 sentences to temp files
[2026-07-26 02:18:39] Seen 20,000 samples
[2026-07-26 02:18:39] Starting data epoch 492 in logical epoch 492
[2026-07-26 02:18:39] [data] Shuffling data
[2026-07-26 02:18:39] [data] Done reading 20,000 sentences
[2026-07-26 02:18:39] [data] Done shuffling 20,000 sentences to temp files
[2026-07-26 02:18:43] Seen 20,000 samples
[2026-07-26 02:18:43] Starting data epoch 493 in logical epoch 493
[2026-07-26 02:18:43] [data] Shuffling data
[2026-07-26 02:18:43] [data] Done reading 20,000 sentences
[2026-07-26 02:18:43] [data] Done shuffling 20,000 sentences to temp files
[2026-07-26 02:18:43] Ep. 493 : Up. 31000 : Sen. 1,072 : Cost 1.11996794 * 613,523 @ 999 after 38,058,423 : Time 30.04s : 20422.83 words/s : gNorm 0.2547 : L.r. 2.1553e-04
[2026-07-26 02:18:47] Seen 20,000 samples
[2026-07-26 02:18:47] Starting data epoch 494 in logical epoch 494
[2026-07-26 02:18:47] [data] Shuffling data
[2026-07-26 02:18:47] [data] Done reading 20,000 sentences
[2026-07-26 02:18:47] [data] Done shuffling 20,000 sentences to temp files
[2026-07-26 02:18:51] Seen 20,000 samples
[2026-07-26 02:18:51] Starting data epoch 495 in logical epoch 495
[2026-07-26 02:18:51] [data] Shuffling data
[2026-07-26 02:18:51] [data] Done reading 20,000 sentences
[2026-07-26 02:18:51] [data] Done shuffling 20,000 sentences to temp files
[2026-07-26 02:18:54] Seen 20,000 samples
[2026-07-26 02:18:54] Starting data epoch 496 in logical epoch 496
[2026-07-26 02:18:54] [data] Shuffling data
[2026-07-26 02:18:54] [data] Done reading 20,000 sentences
[2026-07-26 02:18:54] [data] Done shuffling 20,000 sentences to temp files
[2026-07-26 02:18:58] Seen 20,000 samples
[2026-07-26 02:18:58] Starting data epoch 497 in logical epoch 497
[2026-07-26 02:18:58] [data] Shuffling data
[2026-07-26 02:18:58] [data] Done reading 20,000 sentences
[2026-07-26 02:18:58] [data] Done shuffling 20,000 sentences to temp files
[2026-07-26 02:19:02] Seen 20,000 samples
[2026-07-26 02:19:02] Starting data epoch 498 in logical epoch 498
[2026-07-26 02:19:02] [data] Shuffling data
[2026-07-26 02:19:02] [data] Done reading 20,000 sentences
[2026-07-26 02:19:02] [data] Done shuffling 20,000 sentences to temp files
[2026-07-26 02:19:05] Seen 20,000 samples
[2026-07-26 02:19:05] Starting data epoch 499 in logical epoch 499
[2026-07-26 02:19:05] [data] Shuffling data
[2026-07-26 02:19:06] [data] Done reading 20,000 sentences
[2026-07-26 02:19:06] [data] Done shuffling 20,000 sentences to temp files
[2026-07-26 02:19:09] Seen 20,000 samples
[2026-07-26 02:19:09] Starting data epoch 500 in logical epoch 500
[2026-07-26 02:19:09] [data] Shuffling data
[2026-07-26 02:19:09] [data] Done reading 20,000 sentences
[2026-07-26 02:19:09] [data] Done shuffling 20,000 sentences to temp files
[2026-07-26 02:19:13] Ep. 500 : Up. 31500 : Sen. 20,000 : Cost 1.12074101 * 614,077 @ 1,128 after 38,672,500 : Time 29.47s : 20839.43 words/s : gNorm 0.4744 : L.r. 2.1381e-04
[2026-07-26 02:19:13] Seen 20,000 samples
[2026-07-26 02:19:13] Starting data epoch 501 in logical epoch 501
[2026-07-26 02:19:13] [data] Shuffling data
[2026-07-26 02:19:13] [data] Done reading 20,000 sentences
[2026-07-26 02:19:13] [data] Done shuffling 20,000 sentences to temp files
[2026-07-26 02:19:17] Seen 20,000 samples
[2026-07-26 02:19:17] Starting data epoch 502 in logical epoch 502
[2026-07-26 02:19:17] [data] Shuffling data
[2026-07-26 02:19:17] [data] Done reading 20,000 sentences
[2026-07-26 02:19:17] [data] Done shuffling 20,000 sentences to temp files
[2026-07-26 02:19:20] Seen 20,000 samples
[2026-07-26 02:19:20] Starting data epoch 503 in logical epoch 503
[2026-07-26 02:19:20] [data] Shuffling data
[2026-07-26 02:19:20] [data] Done reading 20,000 sentences
[2026-07-26 02:19:20] [data] Done shuffling 20,000 sentences to temp files
[2026-07-26 02:19:24] Seen 20,000 samples
[2026-07-26 02:19:24] Starting data epoch 504 in logical epoch 504
[2026-07-26 02:19:24] [data] Shuffling data
[2026-07-26 02:19:24] [data] Done reading 20,000 sentences
[2026-07-26 02:19:24] [data] Done shuffling 20,000 sentences to temp files
[2026-07-26 02:19:28] Seen 20,000 samples
[2026-07-26 02:19:28] Starting data epoch 505 in logical epoch 505
[2026-07-26 02:19:28] [data] Shuffling data
[2026-07-26 02:19:28] [data] Done reading 20,000 sentences
[2026-07-26 02:19:28] [data] Done shuffling 20,000 sentences to temp files
[2026-07-26 02:19:32] Seen 20,000 samples
[2026-07-26 02:19:32] Starting data epoch 506 in logical epoch 506
[2026-07-26 02:19:32] [data] Shuffling data
[2026-07-26 02:19:32] [data] Done reading 20,000 sentences
[2026-07-26 02:19:32] [data] Done shuffling 20,000 sentences to temp files
[2026-07-26 02:19:35] Seen 20,000 samples
[2026-07-26 02:19:35] Starting data epoch 507 in logical epoch 507
[2026-07-26 02:19:35] [data] Shuffling data
[2026-07-26 02:19:35] [data] Done reading 20,000 sentences
[2026-07-26 02:19:35] [data] Done shuffling 20,000 sentences to temp files
[2026-07-26 02:19:39] Seen 20,000 samples
[2026-07-26 02:19:39] Starting data epoch 508 in logical epoch 508
[2026-07-26 02:19:39] [data] Shuffling data
[2026-07-26 02:19:39] [data] Done reading 20,000 sentences
[2026-07-26 02:19:39] [data] Done shuffling 20,000 sentences to temp files
[2026-07-26 02:19:43] Ep. 508 : Up. 32000 : Sen. 19,037 : Cost 1.11933303 * 614,553 @ 1,332 after 39,287,053 : Time 29.63s : 20743.18 words/s : gNorm 0.2443 : L.r. 2.1213e-04
[2026-07-26 02:19:43] Seen 20,000 samples
[2026-07-26 02:19:43] Starting data epoch 509 in logical epoch 509
[2026-07-26 02:19:43] [data] Shuffling data
[2026-07-26 02:19:43] [data] Done reading 20,000 sentences
[2026-07-26 02:19:43] [data] Done shuffling 20,000 sentences to temp files
[2026-07-26 02:19:46] Seen 20,000 samples
[2026-07-26 02:19:46] Starting data epoch 510 in logical epoch 510
[2026-07-26 02:19:46] [data] Shuffling data
[2026-07-26 02:19:46] [data] Done reading 20,000 sentences
[2026-07-26 02:19:46] [data] Done shuffling 20,000 sentences to temp files
[2026-07-26 02:19:50] Seen 20,000 samples
[2026-07-26 02:19:50] Starting data epoch 511 in logical epoch 511
[2026-07-26 02:19:50] [data] Shuffling data
[2026-07-26 02:19:50] [data] Done reading 20,000 sentences
[2026-07-26 02:19:50] [data] Done shuffling 20,000 sentences to temp files
[2026-07-26 02:19:54] Seen 20,000 samples
[2026-07-26 02:19:54] Starting data epoch 512 in logical epoch 512
[2026-07-26 02:19:54] [data] Shuffling data
[2026-07-26 02:19:54] [data] Done reading 20,000 sentences
[2026-07-26 02:19:54] [data] Done shuffling 20,000 sentences to temp files
[2026-07-26 02:19:58] Seen 20,000 samples
[2026-07-26 02:19:58] Starting data epoch 513 in logical epoch 513
[2026-07-26 02:19:58] [data] Shuffling data
[2026-07-26 02:19:58] [data] Done reading 20,000 sentences
[2026-07-26 02:19:58] [data] Done shuffling 20,000 sentences to temp files
[2026-07-26 02:20:01] Seen 20,000 samples
[2026-07-26 02:20:01] Starting data epoch 514 in logical epoch 514
[2026-07-26 02:20:01] [data] Shuffling data
[2026-07-26 02:20:01] [data] Done reading 20,000 sentences
[2026-07-26 02:20:01] [data] Done shuffling 20,000 sentences to temp files
[2026-07-26 02:20:05] Seen 20,000 samples
[2026-07-26 02:20:05] Starting data epoch 515 in logical epoch 515
[2026-07-26 02:20:05] [data] Shuffling data
[2026-07-26 02:20:05] [data] Done reading 20,000 sentences
[2026-07-26 02:20:05] [data] Done shuffling 20,000 sentences to temp files
[2026-07-26 02:20:09] Seen 20,000 samples
[2026-07-26 02:20:09] Starting data epoch 516 in logical epoch 516
[2026-07-26 02:20:09] [data] Shuffling data
[2026-07-26 02:20:09] [data] Done reading 20,000 sentences
[2026-07-26 02:20:09] [data] Done shuffling 20,000 sentences to temp files
[2026-07-26 02:20:12] Ep. 516 : Up. 32500 : Sen. 17,625 : Cost 1.12007833 * 613,820 @ 1,332 after 39,900,873 : Time 29.53s : 20786.11 words/s : gNorm 0.3947 : L.r. 2.1049e-04
[2026-07-26 02:20:13] Seen 20,000 samples
[2026-07-26 02:20:13] Starting data epoch 517 in logical epoch 517
[2026-07-26 02:20:13] [data] Shuffling data
[2026-07-26 02:20:13] [data] Done reading 20,000 sentences
[2026-07-26 02:20:13] [data] Done shuffling 20,000 sentences to temp files
[2026-07-26 02:20:16] Seen 20,000 samples
[2026-07-26 02:20:16] Starting data epoch 518 in logical epoch 518
[2026-07-26 02:20:16] [data] Shuffling data
[2026-07-26 02:20:16] [data] Done reading 20,000 sentences
[2026-07-26 02:20:16] [data] Done shuffling 20,000 sentences to temp files
[2026-07-26 02:20:20] Seen 20,000 samples
[2026-07-26 02:20:20] Starting data epoch 519 in logical epoch 519
[2026-07-26 02:20:20] [data] Shuffling data
[2026-07-26 02:20:20] [data] Done reading 20,000 sentences
[2026-07-26 02:20:20] [data] Done shuffling 20,000 sentences to temp files
[2026-07-26 02:20:24] Seen 20,000 samples
[2026-07-26 02:20:24] Starting data epoch 520 in logical epoch 520
[2026-07-26 02:20:24] [data] Shuffling data
[2026-07-26 02:20:24] [data] Done reading 20,000 sentences
[2026-07-26 02:20:24] [data] Done shuffling 20,000 sentences to temp files
[2026-07-26 02:20:28] Seen 20,000 samples
[2026-07-26 02:20:28] Starting data epoch 521 in logical epoch 521
[2026-07-26 02:20:28] [data] Shuffling data
[2026-07-26 02:20:28] [data] Done reading 20,000 sentences
[2026-07-26 02:20:28] [data] Done shuffling 20,000 sentences to temp files
[2026-07-26 02:20:31] Seen 20,000 samples
[2026-07-26 02:20:31] Starting data epoch 522 in logical epoch 522
[2026-07-26 02:20:31] [data] Shuffling data
[2026-07-26 02:20:31] [data] Done reading 20,000 sentences
[2026-07-26 02:20:31] [data] Done shuffling 20,000 sentences to temp files
[2026-07-26 02:20:35] Seen 20,000 samples
[2026-07-26 02:20:35] Starting data epoch 523 in logical epoch 523
[2026-07-26 02:20:35] [data] Shuffling data
[2026-07-26 02:20:35] [data] Done reading 20,000 sentences
[2026-07-26 02:20:35] [data] Done shuffling 20,000 sentences to temp files
[2026-07-26 02:20:39] Seen 20,000 samples
[2026-07-26 02:20:39] Starting data epoch 524 in logical epoch 524
[2026-07-26 02:20:39] [data] Shuffling data
[2026-07-26 02:20:39] [data] Done reading 20,000 sentences
[2026-07-26 02:20:39] [data] Done shuffling 20,000 sentences to temp files
[2026-07-26 02:20:42] Ep. 524 : Up. 33000 : Sen. 16,463 : Cost 1.11962461 * 613,754 @ 999 after 40,514,627 : Time 29.79s : 20599.34 words/s : gNorm 0.3979 : L.r. 2.0889e-04
[2026-07-26 02:20:43] Seen 20,000 samples
[2026-07-26 02:20:43] Starting data epoch 525 in logical epoch 525
[2026-07-26 02:20:43] [data] Shuffling data
[2026-07-26 02:20:43] [data] Done reading 20,000 sentences
[2026-07-26 02:20:43] [data] Done shuffling 20,000 sentences to temp files
[2026-07-26 02:20:46] Seen 20,000 samples
[2026-07-26 02:20:46] Starting data epoch 526 in logical epoch 526
[2026-07-26 02:20:46] [data] Shuffling data
[2026-07-26 02:20:46] [data] Done reading 20,000 sentences
[2026-07-26 02:20:46] [data] Done shuffling 20,000 sentences to temp files
[2026-07-26 02:20:50] Seen 20,000 samples
[2026-07-26 02:20:50] Starting data epoch 527 in logical epoch 527
[2026-07-26 02:20:50] [data] Shuffling data
[2026-07-26 02:20:50] [data] Done reading 20,000 sentences
[2026-07-26 02:20:50] [data] Done shuffling 20,000 sentences to temp files
[2026-07-26 02:20:54] Seen 20,000 samples
[2026-07-26 02:20:54] Starting data epoch 528 in logical epoch 528
[2026-07-26 02:20:54] [data] Shuffling data
[2026-07-26 02:20:54] [data] Done reading 20,000 sentences
[2026-07-26 02:20:54] [data] Done shuffling 20,000 sentences to temp files
[2026-07-26 02:20:58] Seen 20,000 samples
[2026-07-26 02:20:58] Starting data epoch 529 in logical epoch 529
[2026-07-26 02:20:58] [data] Shuffling data
[2026-07-26 02:20:58] [data] Done reading 20,000 sentences
[2026-07-26 02:20:58] [data] Done shuffling 20,000 sentences to temp files
[2026-07-26 02:21:01] Seen 20,000 samples
[2026-07-26 02:21:01] Starting data epoch 530 in logical epoch 530
[2026-07-26 02:21:01] [data] Shuffling data
[2026-07-26 02:21:01] [data] Done reading 20,000 sentences
[2026-07-26 02:21:01] [data] Done shuffling 20,000 sentences to temp files
[2026-07-26 02:21:05] Seen 20,000 samples
[2026-07-26 02:21:05] Starting data epoch 531 in logical epoch 531
[2026-07-26 02:21:05] [data] Shuffling data
[2026-07-26 02:21:05] [data] Done reading 20,000 sentences
[2026-07-26 02:21:05] [data] Done shuffling 20,000 sentences to temp files
[2026-07-26 02:21:09] Seen 20,000 samples
[2026-07-26 02:21:09] Starting data epoch 532 in logical epoch 532
[2026-07-26 02:21:09] [data] Shuffling data
[2026-07-26 02:21:09] [data] Done reading 20,000 sentences
[2026-07-26 02:21:09] [data] Done shuffling 20,000 sentences to temp files
[2026-07-26 02:21:12] Ep. 532 : Up. 33500 : Sen. 15,131 : Cost 1.11993277 * 615,296 @ 1,332 after 41,129,923 : Time 29.86s : 20607.45 words/s : gNorm 0.3061 : L.r. 2.0733e-04
[2026-07-26 02:21:13] Seen 20,000 samples
[2026-07-26 02:21:13] Starting data epoch 533 in logical epoch 533
[2026-07-26 02:21:13] [data] Shuffling data
[2026-07-26 02:21:13] [data] Done reading 20,000 sentences
[2026-07-26 02:21:13] [data] Done shuffling 20,000 sentences to temp files
[2026-07-26 02:21:16] Seen 20,000 samples
[2026-07-26 02:21:16] Starting data epoch 534 in logical epoch 534
[2026-07-26 02:21:16] [data] Shuffling data
[2026-07-26 02:21:16] [data] Done reading 20,000 sentences
[2026-07-26 02:21:16] [data] Done shuffling 20,000 sentences to temp files
[2026-07-26 02:21:20] Seen 20,000 samples
[2026-07-26 02:21:20] Starting data epoch 535 in logical epoch 535
[2026-07-26 02:21:20] [data] Shuffling data
[2026-07-26 02:21:20] [data] Done reading 20,000 sentences
[2026-07-26 02:21:20] [data] Done shuffling 20,000 sentences to temp files
[2026-07-26 02:21:24] Seen 20,000 samples
[2026-07-26 02:21:24] Starting data epoch 536 in logical epoch 536
[2026-07-26 02:21:24] [data] Shuffling data
[2026-07-26 02:21:24] [data] Done reading 20,000 sentences
[2026-07-26 02:21:24] [data] Done shuffling 20,000 sentences to temp files
[2026-07-26 02:21:28] Seen 20,000 samples
[2026-07-26 02:21:28] Starting data epoch 537 in logical epoch 537
[2026-07-26 02:21:28] [data] Shuffling data
[2026-07-26 02:21:28] [data] Done reading 20,000 sentences
[2026-07-26 02:21:28] [data] Done shuffling 20,000 sentences to temp files
[2026-07-26 02:21:31] Seen 20,000 samples
[2026-07-26 02:21:31] Starting data epoch 538 in logical epoch 538
[2026-07-26 02:21:31] [data] Shuffling data
[2026-07-26 02:21:31] [data] Done reading 20,000 sentences
[2026-07-26 02:21:31] [data] Done shuffling 20,000 sentences to temp files
[2026-07-26 02:21:35] Seen 20,000 samples
[2026-07-26 02:21:35] Starting data epoch 539 in logical epoch 539
[2026-07-26 02:21:35] [data] Shuffling data
[2026-07-26 02:21:35] [data] Done reading 20,000 sentences
[2026-07-26 02:21:35] [data] Done shuffling 20,000 sentences to temp files
[2026-07-26 02:21:39] Seen 20,000 samples
[2026-07-26 02:21:39] Starting data epoch 540 in logical epoch 540
[2026-07-26 02:21:39] [data] Shuffling data
[2026-07-26 02:21:39] [data] Done reading 20,000 sentences
[2026-07-26 02:21:39] [data] Done shuffling 20,000 sentences to temp files
[2026-07-26 02:21:41] Ep. 540 : Up. 34000 : Sen. 13,629 : Cost 1.11884725 * 612,299 @ 1,620 after 41,742,222 : Time 29.75s : 20581.19 words/s : gNorm 0.2858 : L.r. 2.0580e-04
[2026-07-26 02:21:43] Seen 20,000 samples
[2026-07-26 02:21:43] Starting data epoch 541 in logical epoch 541
[2026-07-26 02:21:43] [data] Shuffling data
[2026-07-26 02:21:43] [data] Done reading 20,000 sentences
[2026-07-26 02:21:43] [data] Done shuffling 20,000 sentences to temp files
[2026-07-26 02:21:46] Seen 20,000 samples
[2026-07-26 02:21:46] Starting data epoch 542 in logical epoch 542
[2026-07-26 02:21:46] [data] Shuffling data
[2026-07-26 02:21:46] [data] Done reading 20,000 sentences
[2026-07-26 02:21:46] [data] Done shuffling 20,000 sentences to temp files
[2026-07-26 02:21:50] Seen 20,000 samples
[2026-07-26 02:21:50] Starting data epoch 543 in logical epoch 543
[2026-07-26 02:21:50] [data] Shuffling data
[2026-07-26 02:21:50] [data] Done reading 20,000 sentences
[2026-07-26 02:21:50] [data] Done shuffling 20,000 sentences to temp files
[2026-07-26 02:21:54] Seen 20,000 samples
[2026-07-26 02:21:54] Starting data epoch 544 in logical epoch 544
[2026-07-26 02:21:54] [data] Shuffling data
[2026-07-26 02:21:54] [data] Done reading 20,000 sentences
[2026-07-26 02:21:54] [data] Done shuffling 20,000 sentences to temp files
[2026-07-26 02:21:58] Seen 20,000 samples
[2026-07-26 02:21:58] Starting data epoch 545 in logical epoch 545
[2026-07-26 02:21:58] [data] Shuffling data
[2026-07-26 02:21:58] [data] Done reading 20,000 sentences
[2026-07-26 02:21:58] [data] Done shuffling 20,000 sentences to temp files
[2026-07-26 02:22:02] Seen 20,000 samples
[2026-07-26 02:22:02] Starting data epoch 546 in logical epoch 546
[2026-07-26 02:22:02] [data] Shuffling data
[2026-07-26 02:22:02] [data] Done reading 20,000 sentences
[2026-07-26 02:22:02] [data] Done shuffling 20,000 sentences to temp files
[2026-07-26 02:22:06] Seen 20,000 samples
[2026-07-26 02:22:06] Starting data epoch 547 in logical epoch 547
[2026-07-26 02:22:06] [data] Shuffling data
[2026-07-26 02:22:06] [data] Done reading 20,000 sentences
[2026-07-26 02:22:06] [data] Done shuffling 20,000 sentences to temp files
[2026-07-26 02:22:10] Seen 20,000 samples
[2026-07-26 02:22:10] Starting data epoch 548 in logical epoch 548
[2026-07-26 02:22:10] [data] Shuffling data
[2026-07-26 02:22:10] [data] Done reading 20,000 sentences
[2026-07-26 02:22:10] [data] Done shuffling 20,000 sentences to temp files
[2026-07-26 02:22:12] Ep. 548 : Up. 34500 : Sen. 12,467 : Cost 1.11864769 * 613,700 @ 999 after 42,355,922 : Time 30.83s : 19908.49 words/s : gNorm 0.3841 : L.r. 2.0430e-04
[2026-07-26 02:22:14] Seen 20,000 samples
[2026-07-26 02:22:14] Starting data epoch 549 in logical epoch 549
[2026-07-26 02:22:14] [data] Shuffling data
[2026-07-26 02:22:14] [data] Done reading 20,000 sentences
[2026-07-26 02:22:14] [data] Done shuffling 20,000 sentences to temp files
[2026-07-26 02:22:18] Seen 20,000 samples
[2026-07-26 02:22:18] Starting data epoch 550 in logical epoch 550
[2026-07-26 02:22:18] [data] Shuffling data
[2026-07-26 02:22:18] [data] Done reading 20,000 sentences
[2026-07-26 02:22:18] [data] Done shuffling 20,000 sentences to temp files
[2026-07-26 02:22:21] Seen 20,000 samples
[2026-07-26 02:22:21] Starting data epoch 551 in logical epoch 551
[2026-07-26 02:22:21] [data] Shuffling data
[2026-07-26 02:22:21] [data] Done reading 20,000 sentences
[2026-07-26 02:22:21] [data] Done shuffling 20,000 sentences to temp files
[2026-07-26 02:22:25] Seen 20,000 samples
[2026-07-26 02:22:25] Starting data epoch 552 in logical epoch 552
[2026-07-26 02:22:25] [data] Shuffling data
[2026-07-26 02:22:25] [data] Done reading 20,000 sentences
[2026-07-26 02:22:25] [data] Done shuffling 20,000 sentences to temp files
[2026-07-26 02:22:29] Seen 20,000 samples
[2026-07-26 02:22:29] Starting data epoch 553 in logical epoch 553
[2026-07-26 02:22:29] [data] Shuffling data
[2026-07-26 02:22:29] [data] Done reading 20,000 sentences
[2026-07-26 02:22:29] [data] Done shuffling 20,000 sentences to temp files
[2026-07-26 02:22:33] Seen 20,000 samples
[2026-07-26 02:22:33] Starting data epoch 554 in logical epoch 554
[2026-07-26 02:22:33] [data] Shuffling data
[2026-07-26 02:22:33] [data] Done reading 20,000 sentences
[2026-07-26 02:22:33] [data] Done shuffling 20,000 sentences to temp files
[2026-07-26 02:22:37] Seen 20,000 samples
[2026-07-26 02:22:37] Starting data epoch 555 in logical epoch 555
[2026-07-26 02:22:37] [data] Shuffling data
[2026-07-26 02:22:37] [data] Done reading 20,000 sentences
[2026-07-26 02:22:37] [data] Done shuffling 20,000 sentences to temp files
[2026-07-26 02:22:41] Seen 20,000 samples
[2026-07-26 02:22:41] Starting data epoch 556 in logical epoch 556
[2026-07-26 02:22:41] [data] Shuffling data
[2026-07-26 02:22:41] [data] Done reading 20,000 sentences
[2026-07-26 02:22:41] [data] Done shuffling 20,000 sentences to temp files
[2026-07-26 02:22:43] Ep. 556 : Up. 35000 : Sen. 11,225 : Cost 1.11905682 * 614,602 @ 1,332 after 42,970,524 : Time 30.52s : 20137.87 words/s : gNorm 0.5530 : L.r. 2.0284e-04
[2026-07-26 02:22:43] Saving model weights and runtime parameters to /d/Job_Requirements/PracticalProjectsFromDrYe/AIE-F/assignment-submission/class-22/TheinGiKyaw_Assignment7/model.transformer.phmy/model.iter35000.npz
[2026-07-26 02:22:43] Saving model weights and runtime parameters to /d/Job_Requirements/PracticalProjectsFromDrYe/AIE-F/assignment-submission/class-22/TheinGiKyaw_Assignment7/model.transformer.phmy/model.npz
[2026-07-26 02:22:44] Saving Adam parameters
[2026-07-26 02:22:44] [training] Saving training checkpoint to /d/Job_Requirements/PracticalProjectsFromDrYe/AIE-F/assignment-submission/class-22/TheinGiKyaw_Assignment7/model.transformer.phmy/model.npz and /d/Job_Requirements/PracticalProjectsFromDrYe/AIE-F/assignment-submission/class-22/TheinGiKyaw_Assignment7/model.transformer.phmy/model.npz.optimizer.npz
[2026-07-26 02:22:46] [valid] Ep. 556 : Up. 35000 : cross-entropy : 2.64645 : stalled 6 times (last best: 1.85265)
[2026-07-26 02:22:46] [valid] Ep. 556 : Up. 35000 : perplexity : 1.99083 : stalled 6 times (last best: 1.61935)
[2026-07-26 02:22:48] [valid] Ep. 556 : Up. 35000 : bleu : 75.7252 : stalled 3 times (last best: 76.1433)
[2026-07-26 02:22:49] Seen 20,000 samples
[2026-07-26 02:22:49] Starting data epoch 557 in logical epoch 557
[2026-07-26 02:22:49] [data] Shuffling data
[2026-07-26 02:22:49] [data] Done reading 20,000 sentences
[2026-07-26 02:22:49] [data] Done shuffling 20,000 sentences to temp files
[2026-07-26 02:22:53] Seen 20,000 samples
[2026-07-26 02:22:53] Starting data epoch 558 in logical epoch 558
[2026-07-26 02:22:53] [data] Shuffling data
[2026-07-26 02:22:53] [data] Done reading 20,000 sentences
[2026-07-26 02:22:53] [data] Done shuffling 20,000 sentences to temp files
[2026-07-26 02:22:56] Seen 20,000 samples
[2026-07-26 02:22:56] Starting data epoch 559 in logical epoch 559
[2026-07-26 02:22:56] [data] Shuffling data
[2026-07-26 02:22:57] [data] Done reading 20,000 sentences
[2026-07-26 02:22:57] [data] Done shuffling 20,000 sentences to temp files
[2026-07-26 02:23:00] Seen 20,000 samples
[2026-07-26 02:23:00] Starting data epoch 560 in logical epoch 560
[2026-07-26 02:23:00] [data] Shuffling data
[2026-07-26 02:23:00] [data] Done reading 20,000 sentences
[2026-07-26 02:23:00] [data] Done shuffling 20,000 sentences to temp files
[2026-07-26 02:23:04] Seen 20,000 samples
[2026-07-26 02:23:04] Starting data epoch 561 in logical epoch 561
[2026-07-26 02:23:04] [data] Shuffling data
[2026-07-26 02:23:04] [data] Done reading 20,000 sentences
[2026-07-26 02:23:04] [data] Done shuffling 20,000 sentences to temp files
[2026-07-26 02:23:08] Seen 20,000 samples
[2026-07-26 02:23:08] Starting data epoch 562 in logical epoch 562
[2026-07-26 02:23:08] [data] Shuffling data
[2026-07-26 02:23:08] [data] Done reading 20,000 sentences
[2026-07-26 02:23:08] [data] Done shuffling 20,000 sentences to temp files
[2026-07-26 02:23:11] Seen 20,000 samples
[2026-07-26 02:23:11] Starting data epoch 563 in logical epoch 563
[2026-07-26 02:23:11] [data] Shuffling data
[2026-07-26 02:23:11] [data] Done reading 20,000 sentences
[2026-07-26 02:23:11] [data] Done shuffling 20,000 sentences to temp files
[2026-07-26 02:23:15] Seen 20,000 samples
[2026-07-26 02:23:15] Starting data epoch 564 in logical epoch 564
[2026-07-26 02:23:15] [data] Shuffling data
[2026-07-26 02:23:15] [data] Done reading 20,000 sentences
[2026-07-26 02:23:15] [data] Done shuffling 20,000 sentences to temp files
[2026-07-26 02:23:17] Ep. 564 : Up. 35500 : Sen. 9,893 : Cost 1.11840439 * 614,486 @ 1,665 after 43,585,010 : Time 34.24s : 17946.84 words/s : gNorm 0.3167 : L.r. 2.0140e-04
[2026-07-26 02:23:19] Seen 20,000 samples
[2026-07-26 02:23:19] Starting data epoch 565 in logical epoch 565
[2026-07-26 02:23:19] [data] Shuffling data
[2026-07-26 02:23:19] [data] Done reading 20,000 sentences
[2026-07-26 02:23:19] [data] Done shuffling 20,000 sentences to temp files
[2026-07-26 02:23:23] Seen 20,000 samples
[2026-07-26 02:23:23] Starting data epoch 566 in logical epoch 566
[2026-07-26 02:23:23] [data] Shuffling data
[2026-07-26 02:23:23] [data] Done reading 20,000 sentences
[2026-07-26 02:23:23] [data] Done shuffling 20,000 sentences to temp files
[2026-07-26 02:23:26] Seen 20,000 samples
[2026-07-26 02:23:26] Starting data epoch 567 in logical epoch 567
[2026-07-26 02:23:26] [data] Shuffling data
[2026-07-26 02:23:26] [data] Done reading 20,000 sentences
[2026-07-26 02:23:26] [data] Done shuffling 20,000 sentences to temp files
[2026-07-26 02:23:30] Seen 20,000 samples
[2026-07-26 02:23:30] Starting data epoch 568 in logical epoch 568
[2026-07-26 02:23:30] [data] Shuffling data
[2026-07-26 02:23:30] [data] Done reading 20,000 sentences
[2026-07-26 02:23:30] [data] Done shuffling 20,000 sentences to temp files
[2026-07-26 02:23:34] Seen 20,000 samples
[2026-07-26 02:23:34] Starting data epoch 569 in logical epoch 569
[2026-07-26 02:23:34] [data] Shuffling data
[2026-07-26 02:23:34] [data] Done reading 20,000 sentences
[2026-07-26 02:23:34] [data] Done shuffling 20,000 sentences to temp files
[2026-07-26 02:23:37] Seen 20,000 samples
[2026-07-26 02:23:37] Starting data epoch 570 in logical epoch 570
[2026-07-26 02:23:37] [data] Shuffling data
[2026-07-26 02:23:37] [data] Done reading 20,000 sentences
[2026-07-26 02:23:38] [data] Done shuffling 20,000 sentences to temp files
[2026-07-26 02:23:41] Seen 20,000 samples
[2026-07-26 02:23:41] Starting data epoch 571 in logical epoch 571
[2026-07-26 02:23:41] [data] Shuffling data
[2026-07-26 02:23:41] [data] Done reading 20,000 sentences
[2026-07-26 02:23:41] [data] Done shuffling 20,000 sentences to temp files
[2026-07-26 02:23:45] Seen 20,000 samples
[2026-07-26 02:23:45] Starting data epoch 572 in logical epoch 572
[2026-07-26 02:23:45] [data] Shuffling data
[2026-07-26 02:23:45] [data] Done reading 20,000 sentences
[2026-07-26 02:23:45] [data] Done shuffling 20,000 sentences to temp files
[2026-07-26 02:23:47] Ep. 572 : Up. 36000 : Sen. 8,731 : Cost 1.11813462 * 612,913 @ 999 after 44,197,923 : Time 29.60s : 20704.40 words/s : gNorm 0.2777 : L.r. 2.0000e-04
[2026-07-26 02:23:49] Seen 20,000 samples
[2026-07-26 02:23:49] Starting data epoch 573 in logical epoch 573
[2026-07-26 02:23:49] [data] Shuffling data
[2026-07-26 02:23:49] [data] Done reading 20,000 sentences
[2026-07-26 02:23:49] [data] Done shuffling 20,000 sentences to temp files
[2026-07-26 02:23:52] Seen 20,000 samples
[2026-07-26 02:23:52] Starting data epoch 574 in logical epoch 574
[2026-07-26 02:23:52] [data] Shuffling data
[2026-07-26 02:23:52] [data] Done reading 20,000 sentences
[2026-07-26 02:23:52] [data] Done shuffling 20,000 sentences to temp files
[2026-07-26 02:23:56] Seen 20,000 samples
[2026-07-26 02:23:56] Starting data epoch 575 in logical epoch 575
[2026-07-26 02:23:56] [data] Shuffling data
[2026-07-26 02:23:56] [data] Done reading 20,000 sentences
[2026-07-26 02:23:56] [data] Done shuffling 20,000 sentences to temp files
[2026-07-26 02:24:00] Seen 20,000 samples
[2026-07-26 02:24:00] Starting data epoch 576 in logical epoch 576
[2026-07-26 02:24:00] [data] Shuffling data
[2026-07-26 02:24:00] [data] Done reading 20,000 sentences
[2026-07-26 02:24:00] [data] Done shuffling 20,000 sentences to temp files
[2026-07-26 02:24:03] Seen 20,000 samples
[2026-07-26 02:24:03] Starting data epoch 577 in logical epoch 577
[2026-07-26 02:24:03] [data] Shuffling data
[2026-07-26 02:24:03] [data] Done reading 20,000 sentences
[2026-07-26 02:24:03] [data] Done shuffling 20,000 sentences to temp files
[2026-07-26 02:24:07] Seen 20,000 samples
[2026-07-26 02:24:07] Starting data epoch 578 in logical epoch 578
[2026-07-26 02:24:07] [data] Shuffling data
[2026-07-26 02:24:07] [data] Done reading 20,000 sentences
[2026-07-26 02:24:07] [data] Done shuffling 20,000 sentences to temp files
[2026-07-26 02:24:11] Seen 20,000 samples
[2026-07-26 02:24:11] Starting data epoch 579 in logical epoch 579
[2026-07-26 02:24:11] [data] Shuffling data
[2026-07-26 02:24:11] [data] Done reading 20,000 sentences
[2026-07-26 02:24:11] [data] Done shuffling 20,000 sentences to temp files
[2026-07-26 02:24:15] Seen 20,000 samples
[2026-07-26 02:24:15] Starting data epoch 580 in logical epoch 580
[2026-07-26 02:24:15] [data] Shuffling data
[2026-07-26 02:24:15] [data] Done reading 20,000 sentences
[2026-07-26 02:24:15] [data] Done shuffling 20,000 sentences to temp files
[2026-07-26 02:24:16] Ep. 580 : Up. 36500 : Sen. 7,399 : Cost 1.11813176 * 613,426 @ 999 after 44,811,349 : Time 29.38s : 20876.20 words/s : gNorm 0.2485 : L.r. 1.9863e-04
[2026-07-26 02:24:18] Seen 20,000 samples
[2026-07-26 02:24:18] Starting data epoch 581 in logical epoch 581
[2026-07-26 02:24:18] [data] Shuffling data
[2026-07-26 02:24:18] [data] Done reading 20,000 sentences
[2026-07-26 02:24:18] [data] Done shuffling 20,000 sentences to temp files
[2026-07-26 02:24:22] Seen 20,000 samples
[2026-07-26 02:24:22] Starting data epoch 582 in logical epoch 582
[2026-07-26 02:24:22] [data] Shuffling data
[2026-07-26 02:24:22] [data] Done reading 20,000 sentences
[2026-07-26 02:24:22] [data] Done shuffling 20,000 sentences to temp files
[2026-07-26 02:24:26] Seen 20,000 samples
[2026-07-26 02:24:26] Starting data epoch 583 in logical epoch 583
[2026-07-26 02:24:26] [data] Shuffling data
[2026-07-26 02:24:26] [data] Done reading 20,000 sentences
[2026-07-26 02:24:26] [data] Done shuffling 20,000 sentences to temp files
[2026-07-26 02:24:29] Seen 20,000 samples
[2026-07-26 02:24:29] Starting data epoch 584 in logical epoch 584
[2026-07-26 02:24:29] [data] Shuffling data
[2026-07-26 02:24:29] [data] Done reading 20,000 sentences
[2026-07-26 02:24:29] [data] Done shuffling 20,000 sentences to temp files
[2026-07-26 02:24:33] Seen 20,000 samples
[2026-07-26 02:24:33] Starting data epoch 585 in logical epoch 585
[2026-07-26 02:24:33] [data] Shuffling data
[2026-07-26 02:24:33] [data] Done reading 20,000 sentences
[2026-07-26 02:24:33] [data] Done shuffling 20,000 sentences to temp files
[2026-07-26 02:24:37] Seen 20,000 samples
[2026-07-26 02:24:37] Starting data epoch 586 in logical epoch 586
[2026-07-26 02:24:37] [data] Shuffling data
[2026-07-26 02:24:37] [data] Done reading 20,000 sentences
[2026-07-26 02:24:37] [data] Done shuffling 20,000 sentences to temp files
[2026-07-26 02:24:41] Seen 20,000 samples
[2026-07-26 02:24:41] Starting data epoch 587 in logical epoch 587
[2026-07-26 02:24:41] [data] Shuffling data
[2026-07-26 02:24:41] [data] Done reading 20,000 sentences
[2026-07-26 02:24:41] [data] Done shuffling 20,000 sentences to temp files
[2026-07-26 02:24:44] Seen 20,000 samples
[2026-07-26 02:24:44] Starting data epoch 588 in logical epoch 588
[2026-07-26 02:24:44] [data] Shuffling data
[2026-07-26 02:24:44] [data] Done reading 20,000 sentences
[2026-07-26 02:24:44] [data] Done shuffling 20,000 sentences to temp files
[2026-07-26 02:24:45] Ep. 588 : Up. 37000 : Sen. 6,067 : Cost 1.11733937 * 613,818 @ 1,617 after 45,425,167 : Time 29.34s : 20921.31 words/s : gNorm 0.3356 : L.r. 1.9728e-04
[2026-07-26 02:24:48] Seen 20,000 samples
[2026-07-26 02:24:48] Starting data epoch 589 in logical epoch 589
[2026-07-26 02:24:48] [data] Shuffling data
[2026-07-26 02:24:48] [data] Done reading 20,000 sentences
[2026-07-26 02:24:48] [data] Done shuffling 20,000 sentences to temp files
[2026-07-26 02:24:52] Seen 20,000 samples
[2026-07-26 02:24:52] Starting data epoch 590 in logical epoch 590
[2026-07-26 02:24:52] [data] Shuffling data
[2026-07-26 02:24:52] [data] Done reading 20,000 sentences
[2026-07-26 02:24:52] [data] Done shuffling 20,000 sentences to temp files
[2026-07-26 02:24:55] Seen 20,000 samples
[2026-07-26 02:24:55] Starting data epoch 591 in logical epoch 591
[2026-07-26 02:24:55] [data] Shuffling data
[2026-07-26 02:24:55] [data] Done reading 20,000 sentences
[2026-07-26 02:24:55] [data] Done shuffling 20,000 sentences to temp files
[2026-07-26 02:24:59] Seen 20,000 samples
[2026-07-26 02:24:59] Starting data epoch 592 in logical epoch 592
[2026-07-26 02:24:59] [data] Shuffling data
[2026-07-26 02:24:59] [data] Done reading 20,000 sentences
[2026-07-26 02:24:59] [data] Done shuffling 20,000 sentences to temp files
[2026-07-26 02:25:03] Seen 20,000 samples
[2026-07-26 02:25:03] Starting data epoch 593 in logical epoch 593
[2026-07-26 02:25:03] [data] Shuffling data
[2026-07-26 02:25:03] [data] Done reading 20,000 sentences
[2026-07-26 02:25:03] [data] Done shuffling 20,000 sentences to temp files
[2026-07-26 02:25:06] Seen 20,000 samples
[2026-07-26 02:25:06] Starting data epoch 594 in logical epoch 594
[2026-07-26 02:25:06] [data] Shuffling data
[2026-07-26 02:25:06] [data] Done reading 20,000 sentences
[2026-07-26 02:25:06] [data] Done shuffling 20,000 sentences to temp files
[2026-07-26 02:25:10] Seen 20,000 samples
[2026-07-26 02:25:10] Starting data epoch 595 in logical epoch 595
[2026-07-26 02:25:10] [data] Shuffling data
[2026-07-26 02:25:10] [data] Done reading 20,000 sentences
[2026-07-26 02:25:10] [data] Done shuffling 20,000 sentences to temp files
[2026-07-26 02:25:14] Seen 20,000 samples
[2026-07-26 02:25:14] Starting data epoch 596 in logical epoch 596
[2026-07-26 02:25:14] [data] Shuffling data
[2026-07-26 02:25:14] [data] Done reading 20,000 sentences
[2026-07-26 02:25:14] [data] Done shuffling 20,000 sentences to temp files
[2026-07-26 02:25:15] Ep. 596 : Up. 37500 : Sen. 4,995 : Cost 1.11771274 * 613,506 @ 1,332 after 46,038,673 : Time 29.18s : 21026.04 words/s : gNorm 0.2737 : L.r. 1.9596e-04
[2026-07-26 02:25:17] Seen 20,000 samples
[2026-07-26 02:25:17] Starting data epoch 597 in logical epoch 597
[2026-07-26 02:25:17] [data] Shuffling data
[2026-07-26 02:25:17] [data] Done reading 20,000 sentences
[2026-07-26 02:25:17] [data] Done shuffling 20,000 sentences to temp files
[2026-07-26 02:25:21] Seen 20,000 samples
[2026-07-26 02:25:21] Starting data epoch 598 in logical epoch 598
[2026-07-26 02:25:21] [data] Shuffling data
[2026-07-26 02:25:21] [data] Done reading 20,000 sentences
[2026-07-26 02:25:21] [data] Done shuffling 20,000 sentences to temp files
[2026-07-26 02:25:25] Seen 20,000 samples
[2026-07-26 02:25:25] Starting data epoch 599 in logical epoch 599
[2026-07-26 02:25:25] [data] Shuffling data
[2026-07-26 02:25:25] [data] Done reading 20,000 sentences
[2026-07-26 02:25:25] [data] Done shuffling 20,000 sentences to temp files
[2026-07-26 02:25:29] Seen 20,000 samples
[2026-07-26 02:25:29] Starting data epoch 600 in logical epoch 600
[2026-07-26 02:25:29] [data] Shuffling data
[2026-07-26 02:25:29] [data] Done reading 20,000 sentences
[2026-07-26 02:25:29] [data] Done shuffling 20,000 sentences to temp files
[2026-07-26 02:25:32] Seen 20,000 samples
[2026-07-26 02:25:32] Starting data epoch 601 in logical epoch 601
[2026-07-26 02:25:32] [data] Shuffling data
[2026-07-26 02:25:32] [data] Done reading 20,000 sentences
[2026-07-26 02:25:32] [data] Done shuffling 20,000 sentences to temp files
[2026-07-26 02:25:36] Seen 20,000 samples
[2026-07-26 02:25:36] Starting data epoch 602 in logical epoch 602
[2026-07-26 02:25:36] [data] Shuffling data
[2026-07-26 02:25:36] [data] Done reading 20,000 sentences
[2026-07-26 02:25:36] [data] Done shuffling 20,000 sentences to temp files
[2026-07-26 02:25:40] Seen 20,000 samples
[2026-07-26 02:25:40] Starting data epoch 603 in logical epoch 603
[2026-07-26 02:25:40] [data] Shuffling data
[2026-07-26 02:25:40] [data] Done reading 20,000 sentences
[2026-07-26 02:25:40] [data] Done shuffling 20,000 sentences to temp files
[2026-07-26 02:25:43] Seen 20,000 samples
[2026-07-26 02:25:43] Starting data epoch 604 in logical epoch 604
[2026-07-26 02:25:43] [data] Shuffling data
[2026-07-26 02:25:43] [data] Done reading 20,000 sentences
[2026-07-26 02:25:44] [data] Done shuffling 20,000 sentences to temp files
[2026-07-26 02:25:44] Ep. 604 : Up. 38000 : Sen. 3,493 : Cost 1.11764491 * 613,188 @ 999 after 46,651,861 : Time 29.64s : 20688.04 words/s : gNorm 0.2682 : L.r. 1.9467e-04
[2026-07-26 02:25:47] Seen 20,000 samples
[2026-07-26 02:25:47] Starting data epoch 605 in logical epoch 605
[2026-07-26 02:25:47] [data] Shuffling data
[2026-07-26 02:25:47] [data] Done reading 20,000 sentences
[2026-07-26 02:25:47] [data] Done shuffling 20,000 sentences to temp files
[2026-07-26 02:25:51] Seen 20,000 samples
[2026-07-26 02:25:51] Starting data epoch 606 in logical epoch 606
[2026-07-26 02:25:51] [data] Shuffling data
[2026-07-26 02:25:51] [data] Done reading 20,000 sentences
[2026-07-26 02:25:51] [data] Done shuffling 20,000 sentences to temp files
[2026-07-26 02:25:55] Seen 20,000 samples
[2026-07-26 02:25:55] Starting data epoch 607 in logical epoch 607
[2026-07-26 02:25:55] [data] Shuffling data
[2026-07-26 02:25:55] [data] Done reading 20,000 sentences
[2026-07-26 02:25:55] [data] Done shuffling 20,000 sentences to temp files
[2026-07-26 02:25:59] Seen 20,000 samples
[2026-07-26 02:25:59] Starting data epoch 608 in logical epoch 608
[2026-07-26 02:25:59] [data] Shuffling data
[2026-07-26 02:25:59] [data] Done reading 20,000 sentences
[2026-07-26 02:25:59] [data] Done shuffling 20,000 sentences to temp files
[2026-07-26 02:26:02] Seen 20,000 samples
[2026-07-26 02:26:02] Starting data epoch 609 in logical epoch 609
[2026-07-26 02:26:02] [data] Shuffling data
[2026-07-26 02:26:02] [data] Done reading 20,000 sentences
[2026-07-26 02:26:02] [data] Done shuffling 20,000 sentences to temp files
[2026-07-26 02:26:06] Seen 20,000 samples
[2026-07-26 02:26:06] Starting data epoch 610 in logical epoch 610
[2026-07-26 02:26:06] [data] Shuffling data
[2026-07-26 02:26:06] [data] Done reading 20,000 sentences
[2026-07-26 02:26:06] [data] Done shuffling 20,000 sentences to temp files
[2026-07-26 02:26:10] Seen 20,000 samples
[2026-07-26 02:26:10] Starting data epoch 611 in logical epoch 611
[2026-07-26 02:26:10] [data] Shuffling data
[2026-07-26 02:26:10] [data] Done reading 20,000 sentences
[2026-07-26 02:26:10] [data] Done shuffling 20,000 sentences to temp files
[2026-07-26 02:26:13] Seen 20,000 samples
[2026-07-26 02:26:13] Starting data epoch 612 in logical epoch 612
[2026-07-26 02:26:13] [data] Shuffling data
[2026-07-26 02:26:13] [data] Done reading 20,000 sentences
[2026-07-26 02:26:13] [data] Done shuffling 20,000 sentences to temp files
[2026-07-26 02:26:14] Ep. 612 : Up. 38500 : Sen. 2,331 : Cost 1.11685777 * 614,801 @ 999 after 47,266,662 : Time 29.74s : 20669.59 words/s : gNorm 0.2940 : L.r. 1.9340e-04
[2026-07-26 02:26:17] Seen 20,000 samples
[2026-07-26 02:26:17] Starting data epoch 613 in logical epoch 613
[2026-07-26 02:26:17] [data] Shuffling data
[2026-07-26 02:26:17] [data] Done reading 20,000 sentences
[2026-07-26 02:26:17] [data] Done shuffling 20,000 sentences to temp files
[2026-07-26 02:26:21] Seen 20,000 samples
[2026-07-26 02:26:21] Starting data epoch 614 in logical epoch 614
[2026-07-26 02:26:21] [data] Shuffling data
[2026-07-26 02:26:21] [data] Done reading 20,000 sentences
[2026-07-26 02:26:21] [data] Done shuffling 20,000 sentences to temp files
[2026-07-26 02:26:25] Seen 20,000 samples
[2026-07-26 02:26:25] Starting data epoch 615 in logical epoch 615
[2026-07-26 02:26:25] [data] Shuffling data
[2026-07-26 02:26:25] [data] Done reading 20,000 sentences
[2026-07-26 02:26:25] [data] Done shuffling 20,000 sentences to temp files
[2026-07-26 02:26:28] Seen 20,000 samples
[2026-07-26 02:26:28] Starting data epoch 616 in logical epoch 616
[2026-07-26 02:26:28] [data] Shuffling data
[2026-07-26 02:26:28] [data] Done reading 20,000 sentences
[2026-07-26 02:26:28] [data] Done shuffling 20,000 sentences to temp files
[2026-07-26 02:26:32] Seen 20,000 samples
[2026-07-26 02:26:32] Starting data epoch 617 in logical epoch 617
[2026-07-26 02:26:32] [data] Shuffling data
[2026-07-26 02:26:32] [data] Done reading 20,000 sentences
[2026-07-26 02:26:32] [data] Done shuffling 20,000 sentences to temp files
[2026-07-26 02:26:36] Seen 20,000 samples
[2026-07-26 02:26:36] Starting data epoch 618 in logical epoch 618
[2026-07-26 02:26:36] [data] Shuffling data
[2026-07-26 02:26:36] [data] Done reading 20,000 sentences
[2026-07-26 02:26:36] [data] Done shuffling 20,000 sentences to temp files
[2026-07-26 02:26:39] Seen 20,000 samples
[2026-07-26 02:26:39] Starting data epoch 619 in logical epoch 619
[2026-07-26 02:26:39] [data] Shuffling data
[2026-07-26 02:26:39] [data] Done reading 20,000 sentences
[2026-07-26 02:26:39] [data] Done shuffling 20,000 sentences to temp files
[2026-07-26 02:26:43] Seen 20,000 samples
[2026-07-26 02:26:43] Starting data epoch 620 in logical epoch 620
[2026-07-26 02:26:43] [data] Shuffling data
[2026-07-26 02:26:43] [data] Done reading 20,000 sentences
[2026-07-26 02:26:43] [data] Done shuffling 20,000 sentences to temp files
[2026-07-26 02:26:43] Ep. 620 : Up. 39000 : Sen. 999 : Cost 1.11697972 * 614,222 @ 1,665 after 47,880,884 : Time 29.51s : 20815.98 words/s : gNorm 0.3114 : L.r. 1.9215e-04
[2026-07-26 02:26:47] Seen 20,000 samples
[2026-07-26 02:26:47] Starting data epoch 621 in logical epoch 621
[2026-07-26 02:26:47] [data] Shuffling data
[2026-07-26 02:26:47] [data] Done reading 20,000 sentences
[2026-07-26 02:26:47] [data] Done shuffling 20,000 sentences to temp files
[2026-07-26 02:26:51] Seen 20,000 samples
[2026-07-26 02:26:51] Starting data epoch 622 in logical epoch 622
[2026-07-26 02:26:51] [data] Shuffling data
[2026-07-26 02:26:51] [data] Done reading 20,000 sentences
[2026-07-26 02:26:51] [data] Done shuffling 20,000 sentences to temp files
[2026-07-26 02:26:54] Seen 20,000 samples
[2026-07-26 02:26:54] Starting data epoch 623 in logical epoch 623
[2026-07-26 02:26:54] [data] Shuffling data
[2026-07-26 02:26:54] [data] Done reading 20,000 sentences
[2026-07-26 02:26:54] [data] Done shuffling 20,000 sentences to temp files
[2026-07-26 02:26:58] Seen 20,000 samples
[2026-07-26 02:26:58] Starting data epoch 624 in logical epoch 624
[2026-07-26 02:26:58] [data] Shuffling data
[2026-07-26 02:26:58] [data] Done reading 20,000 sentences
[2026-07-26 02:26:58] [data] Done shuffling 20,000 sentences to temp files
[2026-07-26 02:27:02] Seen 20,000 samples
[2026-07-26 02:27:02] Starting data epoch 625 in logical epoch 625
[2026-07-26 02:27:02] [data] Shuffling data
[2026-07-26 02:27:02] [data] Done reading 20,000 sentences
[2026-07-26 02:27:02] [data] Done shuffling 20,000 sentences to temp files
[2026-07-26 02:27:05] Seen 20,000 samples
[2026-07-26 02:27:05] Starting data epoch 626 in logical epoch 626
[2026-07-26 02:27:05] [data] Shuffling data
[2026-07-26 02:27:05] [data] Done reading 20,000 sentences
[2026-07-26 02:27:05] [data] Done shuffling 20,000 sentences to temp files
[2026-07-26 02:27:09] Seen 20,000 samples
[2026-07-26 02:27:09] Starting data epoch 627 in logical epoch 627
[2026-07-26 02:27:09] [data] Shuffling data
[2026-07-26 02:27:09] [data] Done reading 20,000 sentences
[2026-07-26 02:27:09] [data] Done shuffling 20,000 sentences to temp files
[2026-07-26 02:27:13] Ep. 627 : Up. 39500 : Sen. 19,667 : Cost 1.11741769 * 613,319 @ 402 after 48,494,203 : Time 29.10s : 21078.39 words/s : gNorm 0.3260 : L.r. 1.9093e-04
[2026-07-26 02:27:13] Seen 20,000 samples
[2026-07-26 02:27:13] Starting data epoch 628 in logical epoch 628
[2026-07-26 02:27:13] [data] Shuffling data
[2026-07-26 02:27:13] [data] Done reading 20,000 sentences
[2026-07-26 02:27:13] [data] Done shuffling 20,000 sentences to temp files
[2026-07-26 02:27:16] Seen 20,000 samples
[2026-07-26 02:27:16] Starting data epoch 629 in logical epoch 629
[2026-07-26 02:27:16] [data] Shuffling data
[2026-07-26 02:27:16] [data] Done reading 20,000 sentences
[2026-07-26 02:27:16] [data] Done shuffling 20,000 sentences to temp files
[2026-07-26 02:27:20] Seen 20,000 samples
[2026-07-26 02:27:20] Starting data epoch 630 in logical epoch 630
[2026-07-26 02:27:20] [data] Shuffling data
[2026-07-26 02:27:20] [data] Done reading 20,000 sentences
[2026-07-26 02:27:20] [data] Done shuffling 20,000 sentences to temp files
[2026-07-26 02:27:24] Seen 20,000 samples
[2026-07-26 02:27:24] Starting data epoch 631 in logical epoch 631
[2026-07-26 02:27:24] [data] Shuffling data
[2026-07-26 02:27:24] [data] Done reading 20,000 sentences
[2026-07-26 02:27:24] [data] Done shuffling 20,000 sentences to temp files
[2026-07-26 02:27:27] Seen 20,000 samples
[2026-07-26 02:27:27] Starting data epoch 632 in logical epoch 632
[2026-07-26 02:27:27] [data] Shuffling data
[2026-07-26 02:27:27] [data] Done reading 20,000 sentences
[2026-07-26 02:27:27] [data] Done shuffling 20,000 sentences to temp files
[2026-07-26 02:27:31] Seen 20,000 samples
[2026-07-26 02:27:31] Starting data epoch 633 in logical epoch 633
[2026-07-26 02:27:31] [data] Shuffling data
[2026-07-26 02:27:31] [data] Done reading 20,000 sentences
[2026-07-26 02:27:31] [data] Done shuffling 20,000 sentences to temp files
[2026-07-26 02:27:35] Seen 20,000 samples
[2026-07-26 02:27:35] Starting data epoch 634 in logical epoch 634
[2026-07-26 02:27:35] [data] Shuffling data
[2026-07-26 02:27:35] [data] Done reading 20,000 sentences
[2026-07-26 02:27:35] [data] Done shuffling 20,000 sentences to temp files
[2026-07-26 02:27:39] Seen 20,000 samples
[2026-07-26 02:27:39] Starting data epoch 635 in logical epoch 635
[2026-07-26 02:27:39] [data] Shuffling data
[2026-07-26 02:27:39] [data] Done reading 20,000 sentences
[2026-07-26 02:27:39] [data] Done shuffling 20,000 sentences to temp files
[2026-07-26 02:27:42] Ep. 635 : Up. 40000 : Sen. 18,534 : Cost 1.11581779 * 614,714 @ 1,332 after 49,108,917 : Time 29.53s : 20813.50 words/s : gNorm 0.1717 : L.r. 1.8974e-04
[2026-07-26 02:27:42] Saving model weights and runtime parameters to /d/Job_Requirements/PracticalProjectsFromDrYe/AIE-F/assignment-submission/class-22/TheinGiKyaw_Assignment7/model.transformer.phmy/model.iter40000.npz
[2026-07-26 02:27:42] Saving model weights and runtime parameters to /d/Job_Requirements/PracticalProjectsFromDrYe/AIE-F/assignment-submission/class-22/TheinGiKyaw_Assignment7/model.transformer.phmy/model.npz
[2026-07-26 02:27:43] Saving Adam parameters
[2026-07-26 02:27:43] [training] Saving training checkpoint to /d/Job_Requirements/PracticalProjectsFromDrYe/AIE-F/assignment-submission/class-22/TheinGiKyaw_Assignment7/model.transformer.phmy/model.npz and /d/Job_Requirements/PracticalProjectsFromDrYe/AIE-F/assignment-submission/class-22/TheinGiKyaw_Assignment7/model.transformer.phmy/model.npz.optimizer.npz
[2026-07-26 02:27:45] [valid] Ep. 635 : Up. 40000 : cross-entropy : 2.70545 : stalled 7 times (last best: 1.85265)
[2026-07-26 02:27:45] [valid] Ep. 635 : Up. 40000 : perplexity : 2.02163 : stalled 7 times (last best: 1.61935)
[2026-07-26 02:27:47] [valid] Ep. 635 : Up. 40000 : bleu : 75.1596 : stalled 4 times (last best: 76.1433)
[2026-07-26 02:27:47] Seen 20,000 samples
[2026-07-26 02:27:47] Starting data epoch 636 in logical epoch 636
[2026-07-26 02:27:47] [data] Shuffling data
[2026-07-26 02:27:47] [data] Done reading 20,000 sentences
[2026-07-26 02:27:47] [data] Done shuffling 20,000 sentences to temp files
[2026-07-26 02:27:51] Seen 20,000 samples
[2026-07-26 02:27:51] Starting data epoch 637 in logical epoch 637
[2026-07-26 02:27:51] [data] Shuffling data
[2026-07-26 02:27:51] [data] Done reading 20,000 sentences
[2026-07-26 02:27:51] [data] Done shuffling 20,000 sentences to temp files
[2026-07-26 02:27:54] Seen 20,000 samples
[2026-07-26 02:27:54] Starting data epoch 638 in logical epoch 638
[2026-07-26 02:27:54] [data] Shuffling data
[2026-07-26 02:27:54] [data] Done reading 20,000 sentences
[2026-07-26 02:27:54] [data] Done shuffling 20,000 sentences to temp files
[2026-07-26 02:27:58] Seen 20,000 samples
[2026-07-26 02:27:58] Starting data epoch 639 in logical epoch 639
[2026-07-26 02:27:58] [data] Shuffling data
[2026-07-26 02:27:58] [data] Done reading 20,000 sentences
[2026-07-26 02:27:58] [data] Done shuffling 20,000 sentences to temp files
[2026-07-26 02:28:01] Seen 20,000 samples
[2026-07-26 02:28:01] Starting data epoch 640 in logical epoch 640
[2026-07-26 02:28:01] [data] Shuffling data
[2026-07-26 02:28:01] [data] Done reading 20,000 sentences
[2026-07-26 02:28:01] [data] Done shuffling 20,000 sentences to temp files
[2026-07-26 02:28:05] Seen 20,000 samples
[2026-07-26 02:28:05] Starting data epoch 641 in logical epoch 641
[2026-07-26 02:28:05] [data] Shuffling data
[2026-07-26 02:28:05] [data] Done reading 20,000 sentences
[2026-07-26 02:28:05] [data] Done shuffling 20,000 sentences to temp files
[2026-07-26 02:28:09] Seen 20,000 samples
[2026-07-26 02:28:09] Starting data epoch 642 in logical epoch 642
[2026-07-26 02:28:09] [data] Shuffling data
[2026-07-26 02:28:09] [data] Done reading 20,000 sentences
[2026-07-26 02:28:09] [data] Done shuffling 20,000 sentences to temp files
[2026-07-26 02:28:12] Seen 20,000 samples
[2026-07-26 02:28:12] Starting data epoch 643 in logical epoch 643
[2026-07-26 02:28:12] [data] Shuffling data
[2026-07-26 02:28:12] [data] Done reading 20,000 sentences
[2026-07-26 02:28:12] [data] Done shuffling 20,000 sentences to temp files
[2026-07-26 02:28:16] Ep. 643 : Up. 40500 : Sen. 17,202 : Cost 1.11583054 * 614,151 @ 999 after 49,723,068 : Time 33.46s : 18356.08 words/s : gNorm 1.2694 : L.r. 1.8856e-04
[2026-07-26 02:28:16] Seen 20,000 samples
[2026-07-26 02:28:16] Starting data epoch 644 in logical epoch 644
[2026-07-26 02:28:16] [data] Shuffling data
[2026-07-26 02:28:16] [data] Done reading 20,000 sentences
[2026-07-26 02:28:16] [data] Done shuffling 20,000 sentences to temp files
[2026-07-26 02:28:20] Seen 20,000 samples
[2026-07-26 02:28:20] Starting data epoch 645 in logical epoch 645
[2026-07-26 02:28:20] [data] Shuffling data
[2026-07-26 02:28:20] [data] Done reading 20,000 sentences
[2026-07-26 02:28:20] [data] Done shuffling 20,000 sentences to temp files
[2026-07-26 02:28:23] Seen 20,000 samples
[2026-07-26 02:28:23] Starting data epoch 646 in logical epoch 646
[2026-07-26 02:28:23] [data] Shuffling data
[2026-07-26 02:28:23] [data] Done reading 20,000 sentences
[2026-07-26 02:28:23] [data] Done shuffling 20,000 sentences to temp files
[2026-07-26 02:28:27] Seen 20,000 samples
[2026-07-26 02:28:27] Starting data epoch 647 in logical epoch 647
[2026-07-26 02:28:27] [data] Shuffling data
[2026-07-26 02:28:27] [data] Done reading 20,000 sentences
[2026-07-26 02:28:27] [data] Done shuffling 20,000 sentences to temp files
[2026-07-26 02:28:31] Seen 20,000 samples
[2026-07-26 02:28:31] Starting data epoch 648 in logical epoch 648
[2026-07-26 02:28:31] [data] Shuffling data
[2026-07-26 02:28:31] [data] Done reading 20,000 sentences
[2026-07-26 02:28:31] [data] Done shuffling 20,000 sentences to temp files
[2026-07-26 02:28:34] Seen 20,000 samples
[2026-07-26 02:28:34] Starting data epoch 649 in logical epoch 649
[2026-07-26 02:28:34] [data] Shuffling data
[2026-07-26 02:28:34] [data] Done reading 20,000 sentences
[2026-07-26 02:28:34] [data] Done shuffling 20,000 sentences to temp files
[2026-07-26 02:28:38] Seen 20,000 samples
[2026-07-26 02:28:38] Starting data epoch 650 in logical epoch 650
[2026-07-26 02:28:38] [data] Shuffling data
[2026-07-26 02:28:38] [data] Done reading 20,000 sentences
[2026-07-26 02:28:38] [data] Done shuffling 20,000 sentences to temp files
[2026-07-26 02:28:42] Seen 20,000 samples
[2026-07-26 02:28:42] Starting data epoch 651 in logical epoch 651
[2026-07-26 02:28:42] [data] Shuffling data
[2026-07-26 02:28:42] [data] Done reading 20,000 sentences
[2026-07-26 02:28:42] [data] Done shuffling 20,000 sentences to temp files
[2026-07-26 02:28:45] Ep. 651 : Up. 41000 : Sen. 15,870 : Cost 1.11628854 * 612,626 @ 1,342 after 50,335,694 : Time 29.20s : 20981.31 words/s : gNorm 0.3038 : L.r. 1.8741e-04
[2026-07-26 02:28:46] Seen 20,000 samples
[2026-07-26 02:28:46] Starting data epoch 652 in logical epoch 652
[2026-07-26 02:28:46] [data] Shuffling data
[2026-07-26 02:28:46] [data] Done reading 20,000 sentences
[2026-07-26 02:28:46] [data] Done shuffling 20,000 sentences to temp files
[2026-07-26 02:28:49] Seen 20,000 samples
[2026-07-26 02:28:49] Starting data epoch 653 in logical epoch 653
[2026-07-26 02:28:49] [data] Shuffling data
[2026-07-26 02:28:49] [data] Done reading 20,000 sentences
[2026-07-26 02:28:49] [data] Done shuffling 20,000 sentences to temp files
[2026-07-26 02:28:53] Seen 20,000 samples
[2026-07-26 02:28:53] Starting data epoch 654 in logical epoch 654
[2026-07-26 02:28:53] [data] Shuffling data
[2026-07-26 02:28:53] [data] Done reading 20,000 sentences
[2026-07-26 02:28:53] [data] Done shuffling 20,000 sentences to temp files
[2026-07-26 02:28:56] Seen 20,000 samples
[2026-07-26 02:28:56] Starting data epoch 655 in logical epoch 655
[2026-07-26 02:28:56] [data] Shuffling data
[2026-07-26 02:28:56] [data] Done reading 20,000 sentences
[2026-07-26 02:28:57] [data] Done shuffling 20,000 sentences to temp files
[2026-07-26 02:29:00] Seen 20,000 samples
[2026-07-26 02:29:00] Starting data epoch 656 in logical epoch 656
[2026-07-26 02:29:00] [data] Shuffling data
[2026-07-26 02:29:00] [data] Done reading 20,000 sentences
[2026-07-26 02:29:00] [data] Done shuffling 20,000 sentences to temp files
[2026-07-26 02:29:04] Seen 20,000 samples
[2026-07-26 02:29:04] Starting data epoch 657 in logical epoch 657
[2026-07-26 02:29:04] [data] Shuffling data
[2026-07-26 02:29:04] [data] Done reading 20,000 sentences
[2026-07-26 02:29:04] [data] Done shuffling 20,000 sentences to temp files
[2026-07-26 02:29:08] Seen 20,000 samples
[2026-07-26 02:29:08] Starting data epoch 658 in logical epoch 658
[2026-07-26 02:29:08] [data] Shuffling data
[2026-07-26 02:29:08] [data] Done reading 20,000 sentences
[2026-07-26 02:29:08] [data] Done shuffling 20,000 sentences to temp files
[2026-07-26 02:29:11] Seen 20,000 samples
[2026-07-26 02:29:11] Starting data epoch 659 in logical epoch 659
[2026-07-26 02:29:11] [data] Shuffling data
[2026-07-26 02:29:11] [data] Done reading 20,000 sentences
[2026-07-26 02:29:11] [data] Done shuffling 20,000 sentences to temp files
[2026-07-26 02:29:14] Ep. 659 : Up. 41500 : Sen. 14,628 : Cost 1.11688888 * 613,999 @ 999 after 50,949,693 : Time 29.18s : 21040.59 words/s : gNorm 0.2596 : L.r. 1.8628e-04
[2026-07-26 02:29:15] Seen 20,000 samples
[2026-07-26 02:29:15] Starting data epoch 660 in logical epoch 660
[2026-07-26 02:29:15] [data] Shuffling data
[2026-07-26 02:29:15] [data] Done reading 20,000 sentences
[2026-07-26 02:29:15] [data] Done shuffling 20,000 sentences to temp files
[2026-07-26 02:29:19] Seen 20,000 samples
[2026-07-26 02:29:19] Starting data epoch 661 in logical epoch 661
[2026-07-26 02:29:19] [data] Shuffling data
[2026-07-26 02:29:19] [data] Done reading 20,000 sentences
[2026-07-26 02:29:19] [data] Done shuffling 20,000 sentences to temp files
[2026-07-26 02:29:22] Seen 20,000 samples
[2026-07-26 02:29:22] Starting data epoch 662 in logical epoch 662
[2026-07-26 02:29:22] [data] Shuffling data
[2026-07-26 02:29:22] [data] Done reading 20,000 sentences
[2026-07-26 02:29:22] [data] Done shuffling 20,000 sentences to temp files
[2026-07-26 02:29:26] Seen 20,000 samples
[2026-07-26 02:29:26] Starting data epoch 663 in logical epoch 663
[2026-07-26 02:29:26] [data] Shuffling data
[2026-07-26 02:29:26] [data] Done reading 20,000 sentences
[2026-07-26 02:29:26] [data] Done shuffling 20,000 sentences to temp files
[2026-07-26 02:29:30] Seen 20,000 samples
[2026-07-26 02:29:30] Starting data epoch 664 in logical epoch 664
[2026-07-26 02:29:30] [data] Shuffling data
[2026-07-26 02:29:30] [data] Done reading 20,000 sentences
[2026-07-26 02:29:30] [data] Done shuffling 20,000 sentences to temp files
[2026-07-26 02:29:33] Seen 20,000 samples
[2026-07-26 02:29:33] Starting data epoch 665 in logical epoch 665
[2026-07-26 02:29:33] [data] Shuffling data
[2026-07-26 02:29:33] [data] Done reading 20,000 sentences
[2026-07-26 02:29:33] [data] Done shuffling 20,000 sentences to temp files
[2026-07-26 02:29:37] Seen 20,000 samples
[2026-07-26 02:29:37] Starting data epoch 666 in logical epoch 666
[2026-07-26 02:29:37] [data] Shuffling data
[2026-07-26 02:29:37] [data] Done reading 20,000 sentences
[2026-07-26 02:29:37] [data] Done shuffling 20,000 sentences to temp files
[2026-07-26 02:29:41] Seen 20,000 samples
[2026-07-26 02:29:41] Starting data epoch 667 in logical epoch 667
[2026-07-26 02:29:41] [data] Shuffling data
[2026-07-26 02:29:41] [data] Done reading 20,000 sentences
[2026-07-26 02:29:41] [data] Done shuffling 20,000 sentences to temp files
[2026-07-26 02:29:43] Ep. 667 : Up. 42000 : Sen. 13,466 : Cost 1.11579144 * 613,617 @ 999 after 51,563,310 : Time 29.25s : 20980.95 words/s : gNorm 0.2971 : L.r. 1.8516e-04
[2026-07-26 02:29:44] Seen 20,000 samples
[2026-07-26 02:29:44] Starting data epoch 668 in logical epoch 668
[2026-07-26 02:29:44] [data] Shuffling data
[2026-07-26 02:29:44] [data] Done reading 20,000 sentences
[2026-07-26 02:29:44] [data] Done shuffling 20,000 sentences to temp files
[2026-07-26 02:29:48] Seen 20,000 samples
[2026-07-26 02:29:48] Starting data epoch 669 in logical epoch 669
[2026-07-26 02:29:48] [data] Shuffling data
[2026-07-26 02:29:48] [data] Done reading 20,000 sentences
[2026-07-26 02:29:48] [data] Done shuffling 20,000 sentences to temp files
[2026-07-26 02:29:52] Seen 20,000 samples
[2026-07-26 02:29:52] Starting data epoch 670 in logical epoch 670
[2026-07-26 02:29:52] [data] Shuffling data
[2026-07-26 02:29:52] [data] Done reading 20,000 sentences
[2026-07-26 02:29:52] [data] Done shuffling 20,000 sentences to temp files
[2026-07-26 02:29:55] Seen 20,000 samples
[2026-07-26 02:29:55] Starting data epoch 671 in logical epoch 671
[2026-07-26 02:29:55] [data] Shuffling data
[2026-07-26 02:29:56] [data] Done reading 20,000 sentences
[2026-07-26 02:29:56] [data] Done shuffling 20,000 sentences to temp files
[2026-07-26 02:29:59] Seen 20,000 samples
[2026-07-26 02:29:59] Starting data epoch 672 in logical epoch 672
[2026-07-26 02:29:59] [data] Shuffling data
[2026-07-26 02:29:59] [data] Done reading 20,000 sentences
[2026-07-26 02:29:59] [data] Done shuffling 20,000 sentences to temp files
[2026-07-26 02:30:03] Seen 20,000 samples
[2026-07-26 02:30:03] Starting data epoch 673 in logical epoch 673
[2026-07-26 02:30:03] [data] Shuffling data
[2026-07-26 02:30:03] [data] Done reading 20,000 sentences
[2026-07-26 02:30:03] [data] Done shuffling 20,000 sentences to temp files
[2026-07-26 02:30:06] Seen 20,000 samples
[2026-07-26 02:30:06] Starting data epoch 674 in logical epoch 674
[2026-07-26 02:30:06] [data] Shuffling data
[2026-07-26 02:30:06] [data] Done reading 20,000 sentences
[2026-07-26 02:30:06] [data] Done shuffling 20,000 sentences to temp files
[2026-07-26 02:30:10] Seen 20,000 samples
[2026-07-26 02:30:10] Starting data epoch 675 in logical epoch 675
[2026-07-26 02:30:10] [data] Shuffling data
[2026-07-26 02:30:10] [data] Done reading 20,000 sentences
[2026-07-26 02:30:10] [data] Done shuffling 20,000 sentences to temp files
[2026-07-26 02:30:12] Ep. 675 : Up. 42500 : Sen. 12,134 : Cost 1.11553836 * 614,063 @ 1,665 after 52,177,373 : Time 29.19s : 21033.18 words/s : gNorm 0.3643 : L.r. 1.8407e-04
[2026-07-26 02:30:14] Seen 20,000 samples
[2026-07-26 02:30:14] Starting data epoch 676 in logical epoch 676
[2026-07-26 02:30:14] [data] Shuffling data
[2026-07-26 02:30:14] [data] Done reading 20,000 sentences
[2026-07-26 02:30:14] [data] Done shuffling 20,000 sentences to temp files
[2026-07-26 02:30:18] Seen 20,000 samples
[2026-07-26 02:30:18] Starting data epoch 677 in logical epoch 677
[2026-07-26 02:30:18] [data] Shuffling data
[2026-07-26 02:30:18] [data] Done reading 20,000 sentences
[2026-07-26 02:30:18] [data] Done shuffling 20,000 sentences to temp files
[2026-07-26 02:30:21] Seen 20,000 samples
[2026-07-26 02:30:21] Starting data epoch 678 in logical epoch 678
[2026-07-26 02:30:21] [data] Shuffling data
[2026-07-26 02:30:21] [data] Done reading 20,000 sentences
[2026-07-26 02:30:21] [data] Done shuffling 20,000 sentences to temp files
[2026-07-26 02:30:25] Seen 20,000 samples
[2026-07-26 02:30:25] Starting data epoch 679 in logical epoch 679
[2026-07-26 02:30:25] [data] Shuffling data
[2026-07-26 02:30:25] [data] Done reading 20,000 sentences
[2026-07-26 02:30:25] [data] Done shuffling 20,000 sentences to temp files
[2026-07-26 02:30:29] Seen 20,000 samples
[2026-07-26 02:30:29] Starting data epoch 680 in logical epoch 680
[2026-07-26 02:30:29] [data] Shuffling data
[2026-07-26 02:30:29] [data] Done reading 20,000 sentences
[2026-07-26 02:30:29] [data] Done shuffling 20,000 sentences to temp files
[2026-07-26 02:30:32] Seen 20,000 samples
[2026-07-26 02:30:32] Starting data epoch 681 in logical epoch 681
[2026-07-26 02:30:32] [data] Shuffling data
[2026-07-26 02:30:32] [data] Done reading 20,000 sentences
[2026-07-26 02:30:32] [data] Done shuffling 20,000 sentences to temp files
[2026-07-26 02:30:36] Seen 20,000 samples
[2026-07-26 02:30:36] Starting data epoch 682 in logical epoch 682
[2026-07-26 02:30:36] [data] Shuffling data
[2026-07-26 02:30:36] [data] Done reading 20,000 sentences
[2026-07-26 02:30:36] [data] Done shuffling 20,000 sentences to temp files
[2026-07-26 02:30:40] Seen 20,000 samples
[2026-07-26 02:30:40] Starting data epoch 683 in logical epoch 683
[2026-07-26 02:30:40] [data] Shuffling data
[2026-07-26 02:30:40] [data] Done reading 20,000 sentences
[2026-07-26 02:30:40] [data] Done shuffling 20,000 sentences to temp files
[2026-07-26 02:30:42] Ep. 683 : Up. 43000 : Sen. 10,802 : Cost 1.11602890 * 615,011 @ 999 after 52,792,384 : Time 29.34s : 20959.52 words/s : gNorm 1.4514 : L.r. 1.8300e-04
[2026-07-26 02:30:43] Seen 20,000 samples
[2026-07-26 02:30:43] Starting data epoch 684 in logical epoch 684
[2026-07-26 02:30:43] [data] Shuffling data
[2026-07-26 02:30:43] [data] Done reading 20,000 sentences
[2026-07-26 02:30:43] [data] Done shuffling 20,000 sentences to temp files
[2026-07-26 02:30:47] Seen 20,000 samples
[2026-07-26 02:30:47] Starting data epoch 685 in logical epoch 685
[2026-07-26 02:30:47] [data] Shuffling data
[2026-07-26 02:30:47] [data] Done reading 20,000 sentences
[2026-07-26 02:30:47] [data] Done shuffling 20,000 sentences to temp files
[2026-07-26 02:30:51] Seen 20,000 samples
[2026-07-26 02:30:51] Starting data epoch 686 in logical epoch 686
[2026-07-26 02:30:51] [data] Shuffling data
[2026-07-26 02:30:51] [data] Done reading 20,000 sentences
[2026-07-26 02:30:51] [data] Done shuffling 20,000 sentences to temp files
[2026-07-26 02:30:55] Seen 20,000 samples
[2026-07-26 02:30:55] Starting data epoch 687 in logical epoch 687
[2026-07-26 02:30:55] [data] Shuffling data
[2026-07-26 02:30:55] [data] Done reading 20,000 sentences
[2026-07-26 02:30:55] [data] Done shuffling 20,000 sentences to temp files
[2026-07-26 02:30:58] Seen 20,000 samples
[2026-07-26 02:30:58] Starting data epoch 688 in logical epoch 688
[2026-07-26 02:30:58] [data] Shuffling data
[2026-07-26 02:30:58] [data] Done reading 20,000 sentences
[2026-07-26 02:30:59] [data] Done shuffling 20,000 sentences to temp files
[2026-07-26 02:31:02] Seen 20,000 samples
[2026-07-26 02:31:02] Starting data epoch 689 in logical epoch 689
[2026-07-26 02:31:02] [data] Shuffling data
[2026-07-26 02:31:02] [data] Done reading 20,000 sentences
[2026-07-26 02:31:02] [data] Done shuffling 20,000 sentences to temp files
[2026-07-26 02:31:06] Seen 20,000 samples
[2026-07-26 02:31:06] Starting data epoch 690 in logical epoch 690
[2026-07-26 02:31:06] [data] Shuffling data
[2026-07-26 02:31:06] [data] Done reading 20,000 sentences
[2026-07-26 02:31:06] [data] Done shuffling 20,000 sentences to temp files
[2026-07-26 02:31:10] Seen 20,000 samples
[2026-07-26 02:31:10] Starting data epoch 691 in logical epoch 691
[2026-07-26 02:31:10] [data] Shuffling data
[2026-07-26 02:31:10] [data] Done reading 20,000 sentences
[2026-07-26 02:31:10] [data] Done shuffling 20,000 sentences to temp files
[2026-07-26 02:31:12] Ep. 691 : Up. 43500 : Sen. 9,730 : Cost 1.11503839 * 614,090 @ 1,332 after 53,406,474 : Time 29.87s : 20557.56 words/s : gNorm 0.4467 : L.r. 1.8194e-04
[2026-07-26 02:31:13] Seen 20,000 samples
[2026-07-26 02:31:13] Starting data epoch 692 in logical epoch 692
[2026-07-26 02:31:13] [data] Shuffling data
[2026-07-26 02:31:14] [data] Done reading 20,000 sentences
[2026-07-26 02:31:14] [data] Done shuffling 20,000 sentences to temp files
[2026-07-26 02:31:17] Seen 20,000 samples
[2026-07-26 02:31:17] Starting data epoch 693 in logical epoch 693
[2026-07-26 02:31:17] [data] Shuffling data
[2026-07-26 02:31:17] [data] Done reading 20,000 sentences
[2026-07-26 02:31:17] [data] Done shuffling 20,000 sentences to temp files
[2026-07-26 02:31:21] Seen 20,000 samples
[2026-07-26 02:31:21] Starting data epoch 694 in logical epoch 694
[2026-07-26 02:31:21] [data] Shuffling data
[2026-07-26 02:31:21] [data] Done reading 20,000 sentences
[2026-07-26 02:31:21] [data] Done shuffling 20,000 sentences to temp files
[2026-07-26 02:31:24] Seen 20,000 samples
[2026-07-26 02:31:24] Starting data epoch 695 in logical epoch 695
[2026-07-26 02:31:24] [data] Shuffling data
[2026-07-26 02:31:24] [data] Done reading 20,000 sentences
[2026-07-26 02:31:24] [data] Done shuffling 20,000 sentences to temp files
[2026-07-26 02:31:28] Seen 20,000 samples
[2026-07-26 02:31:28] Starting data epoch 696 in logical epoch 696
[2026-07-26 02:31:28] [data] Shuffling data
[2026-07-26 02:31:28] [data] Done reading 20,000 sentences
[2026-07-26 02:31:28] [data] Done shuffling 20,000 sentences to temp files
[2026-07-26 02:31:32] Seen 20,000 samples
[2026-07-26 02:31:32] Starting data epoch 697 in logical epoch 697
[2026-07-26 02:31:32] [data] Shuffling data
[2026-07-26 02:31:32] [data] Done reading 20,000 sentences
[2026-07-26 02:31:32] [data] Done shuffling 20,000 sentences to temp files
[2026-07-26 02:31:36] Seen 20,000 samples
[2026-07-26 02:31:36] Starting data epoch 698 in logical epoch 698
[2026-07-26 02:31:36] [data] Shuffling data
[2026-07-26 02:31:36] [data] Done reading 20,000 sentences
[2026-07-26 02:31:36] [data] Done shuffling 20,000 sentences to temp files
[2026-07-26 02:31:39] Seen 20,000 samples
[2026-07-26 02:31:39] Starting data epoch 699 in logical epoch 699
[2026-07-26 02:31:39] [data] Shuffling data
[2026-07-26 02:31:39] [data] Done reading 20,000 sentences
[2026-07-26 02:31:39] [data] Done shuffling 20,000 sentences to temp files
[2026-07-26 02:31:41] Ep. 699 : Up. 44000 : Sen. 8,228 : Cost 1.11588454 * 612,626 @ 1,332 after 54,019,100 : Time 29.46s : 20796.76 words/s : gNorm 0.2391 : L.r. 1.8091e-04
[2026-07-26 02:31:43] Seen 20,000 samples
[2026-07-26 02:31:43] Starting data epoch 700 in logical epoch 700
[2026-07-26 02:31:43] [data] Shuffling data
[2026-07-26 02:31:43] [data] Done reading 20,000 sentences
[2026-07-26 02:31:43] [data] Done shuffling 20,000 sentences to temp files
[2026-07-26 02:31:47] Seen 20,000 samples
[2026-07-26 02:31:47] Starting data epoch 701 in logical epoch 701
[2026-07-26 02:31:47] [data] Shuffling data
[2026-07-26 02:31:47] [data] Done reading 20,000 sentences
[2026-07-26 02:31:47] [data] Done shuffling 20,000 sentences to temp files
[2026-07-26 02:31:51] Seen 20,000 samples
[2026-07-26 02:31:51] Starting data epoch 702 in logical epoch 702
[2026-07-26 02:31:51] [data] Shuffling data
[2026-07-26 02:31:51] [data] Done reading 20,000 sentences
[2026-07-26 02:31:51] [data] Done shuffling 20,000 sentences to temp files
[2026-07-26 02:31:54] Seen 20,000 samples
[2026-07-26 02:31:54] Starting data epoch 703 in logical epoch 703
[2026-07-26 02:31:54] [data] Shuffling data
[2026-07-26 02:31:54] [data] Done reading 20,000 sentences
[2026-07-26 02:31:54] [data] Done shuffling 20,000 sentences to temp files
[2026-07-26 02:31:58] Seen 20,000 samples
[2026-07-26 02:31:58] Starting data epoch 704 in logical epoch 704
[2026-07-26 02:31:58] [data] Shuffling data
[2026-07-26 02:31:58] [data] Done reading 20,000 sentences
[2026-07-26 02:31:58] [data] Done shuffling 20,000 sentences to temp files
[2026-07-26 02:32:02] Seen 20,000 samples
[2026-07-26 02:32:02] Starting data epoch 705 in logical epoch 705
[2026-07-26 02:32:02] [data] Shuffling data
[2026-07-26 02:32:02] [data] Done reading 20,000 sentences
[2026-07-26 02:32:02] [data] Done shuffling 20,000 sentences to temp files
[2026-07-26 02:32:05] Seen 20,000 samples
[2026-07-26 02:32:05] Starting data epoch 706 in logical epoch 706
[2026-07-26 02:32:05] [data] Shuffling data
[2026-07-26 02:32:05] [data] Done reading 20,000 sentences
[2026-07-26 02:32:05] [data] Done shuffling 20,000 sentences to temp files
[2026-07-26 02:32:09] Seen 20,000 samples
[2026-07-26 02:32:09] Starting data epoch 707 in logical epoch 707
[2026-07-26 02:32:09] [data] Shuffling data
[2026-07-26 02:32:09] [data] Done reading 20,000 sentences
[2026-07-26 02:32:09] [data] Done shuffling 20,000 sentences to temp files
[2026-07-26 02:32:11] Ep. 707 : Up. 44500 : Sen. 7,066 : Cost 1.11551106 * 613,918 @ 999 after 54,633,018 : Time 29.53s : 20787.91 words/s : gNorm 0.2745 : L.r. 1.7989e-04
[2026-07-26 02:32:13] Seen 20,000 samples
[2026-07-26 02:32:13] Starting data epoch 708 in logical epoch 708
[2026-07-26 02:32:13] [data] Shuffling data
[2026-07-26 02:32:13] [data] Done reading 20,000 sentences
[2026-07-26 02:32:13] [data] Done shuffling 20,000 sentences to temp files
[2026-07-26 02:32:17] Seen 20,000 samples
[2026-07-26 02:32:17] Starting data epoch 709 in logical epoch 709
[2026-07-26 02:32:17] [data] Shuffling data
[2026-07-26 02:32:17] [data] Done reading 20,000 sentences
[2026-07-26 02:32:17] [data] Done shuffling 20,000 sentences to temp files
[2026-07-26 02:32:20] Seen 20,000 samples
[2026-07-26 02:32:20] Starting data epoch 710 in logical epoch 710
[2026-07-26 02:32:20] [data] Shuffling data
[2026-07-26 02:32:20] [data] Done reading 20,000 sentences
[2026-07-26 02:32:20] [data] Done shuffling 20,000 sentences to temp files
[2026-07-26 02:32:24] Seen 20,000 samples
[2026-07-26 02:32:24] Starting data epoch 711 in logical epoch 711
[2026-07-26 02:32:24] [data] Shuffling data
[2026-07-26 02:32:24] [data] Done reading 20,000 sentences
[2026-07-26 02:32:24] [data] Done shuffling 20,000 sentences to temp files
[2026-07-26 02:32:28] Seen 20,000 samples
[2026-07-26 02:32:28] Starting data epoch 712 in logical epoch 712
[2026-07-26 02:32:28] [data] Shuffling data
[2026-07-26 02:32:28] [data] Done reading 20,000 sentences
[2026-07-26 02:32:28] [data] Done shuffling 20,000 sentences to temp files
[2026-07-26 02:32:31] Seen 20,000 samples
[2026-07-26 02:32:31] Starting data epoch 713 in logical epoch 713
[2026-07-26 02:32:31] [data] Shuffling data
[2026-07-26 02:32:31] [data] Done reading 20,000 sentences
[2026-07-26 02:32:31] [data] Done shuffling 20,000 sentences to temp files
[2026-07-26 02:32:35] Seen 20,000 samples
[2026-07-26 02:32:35] Starting data epoch 714 in logical epoch 714
[2026-07-26 02:32:35] [data] Shuffling data
[2026-07-26 02:32:35] [data] Done reading 20,000 sentences
[2026-07-26 02:32:35] [data] Done shuffling 20,000 sentences to temp files
[2026-07-26 02:32:39] Seen 20,000 samples
[2026-07-26 02:32:39] Starting data epoch 715 in logical epoch 715
[2026-07-26 02:32:39] [data] Shuffling data
[2026-07-26 02:32:39] [data] Done reading 20,000 sentences
[2026-07-26 02:32:39] [data] Done shuffling 20,000 sentences to temp files
[2026-07-26 02:32:40] Ep. 715 : Up. 45000 : Sen. 5,734 : Cost 1.11462390 * 613,323 @ 1,332 after 55,246,341 : Time 29.48s : 20802.51 words/s : gNorm 0.2597 : L.r. 1.7889e-04
[2026-07-26 02:32:40] Saving model weights and runtime parameters to /d/Job_Requirements/PracticalProjectsFromDrYe/AIE-F/assignment-submission/class-22/TheinGiKyaw_Assignment7/model.transformer.phmy/model.iter45000.npz
[2026-07-26 02:32:40] Saving model weights and runtime parameters to /d/Job_Requirements/PracticalProjectsFromDrYe/AIE-F/assignment-submission/class-22/TheinGiKyaw_Assignment7/model.transformer.phmy/model.npz
[2026-07-26 02:32:41] Saving Adam parameters
[2026-07-26 02:32:41] [training] Saving training checkpoint to /d/Job_Requirements/PracticalProjectsFromDrYe/AIE-F/assignment-submission/class-22/TheinGiKyaw_Assignment7/model.transformer.phmy/model.npz and /d/Job_Requirements/PracticalProjectsFromDrYe/AIE-F/assignment-submission/class-22/TheinGiKyaw_Assignment7/model.transformer.phmy/model.npz.optimizer.npz
[2026-07-26 02:32:43] [valid] Ep. 715 : Up. 45000 : cross-entropy : 2.73497 : stalled 8 times (last best: 1.85265)
[2026-07-26 02:32:43] [valid] Ep. 715 : Up. 45000 : perplexity : 2.03721 : stalled 8 times (last best: 1.61935)
[2026-07-26 02:32:44] [valid] Ep. 715 : Up. 45000 : bleu : 75.591 : stalled 5 times (last best: 76.1433)
[2026-07-26 02:32:47] Seen 20,000 samples
[2026-07-26 02:32:47] Starting data epoch 716 in logical epoch 716
[2026-07-26 02:32:47] [data] Shuffling data
[2026-07-26 02:32:47] [data] Done reading 20,000 sentences
[2026-07-26 02:32:47] [data] Done shuffling 20,000 sentences to temp files
[2026-07-26 02:32:50] Seen 20,000 samples
[2026-07-26 02:32:50] Starting data epoch 717 in logical epoch 717
[2026-07-26 02:32:50] [data] Shuffling data
[2026-07-26 02:32:50] [data] Done reading 20,000 sentences
[2026-07-26 02:32:50] [data] Done shuffling 20,000 sentences to temp files
[2026-07-26 02:32:54] Seen 20,000 samples
[2026-07-26 02:32:54] Starting data epoch 718 in logical epoch 718
[2026-07-26 02:32:54] [data] Shuffling data
[2026-07-26 02:32:54] [data] Done reading 20,000 sentences
[2026-07-26 02:32:54] [data] Done shuffling 20,000 sentences to temp files
[2026-07-26 02:32:57] Seen 20,000 samples
[2026-07-26 02:32:57] Starting data epoch 719 in logical epoch 719
[2026-07-26 02:32:57] [data] Shuffling data
[2026-07-26 02:32:57] [data] Done reading 20,000 sentences
[2026-07-26 02:32:57] [data] Done shuffling 20,000 sentences to temp files
[2026-07-26 02:33:01] Seen 20,000 samples
[2026-07-26 02:33:01] Starting data epoch 720 in logical epoch 720
[2026-07-26 02:33:01] [data] Shuffling data
[2026-07-26 02:33:01] [data] Done reading 20,000 sentences
[2026-07-26 02:33:01] [data] Done shuffling 20,000 sentences to temp files
[2026-07-26 02:33:05] Seen 20,000 samples
[2026-07-26 02:33:05] Starting data epoch 721 in logical epoch 721
[2026-07-26 02:33:05] [data] Shuffling data
[2026-07-26 02:33:05] [data] Done reading 20,000 sentences
[2026-07-26 02:33:05] [data] Done shuffling 20,000 sentences to temp files
[2026-07-26 02:33:09] Seen 20,000 samples
[2026-07-26 02:33:09] Starting data epoch 722 in logical epoch 722
[2026-07-26 02:33:09] [data] Shuffling data
[2026-07-26 02:33:09] [data] Done reading 20,000 sentences
[2026-07-26 02:33:09] [data] Done shuffling 20,000 sentences to temp files
[2026-07-26 02:33:12] Seen 20,000 samples
[2026-07-26 02:33:12] Starting data epoch 723 in logical epoch 723
[2026-07-26 02:33:12] [data] Shuffling data
[2026-07-26 02:33:12] [data] Done reading 20,000 sentences
[2026-07-26 02:33:12] [data] Done shuffling 20,000 sentences to temp files
[2026-07-26 02:33:13] Ep. 723 : Up. 45500 : Sen. 4,402 : Cost 1.11496341 * 613,055 @ 1,665 after 55,859,396 : Time 33.14s : 18500.14 words/s : gNorm 0.2507 : L.r. 1.7790e-04
[2026-07-26 02:33:16] Seen 20,000 samples
[2026-07-26 02:33:16] Starting data epoch 724 in logical epoch 724
[2026-07-26 02:33:16] [data] Shuffling data
[2026-07-26 02:33:16] [data] Done reading 20,000 sentences
[2026-07-26 02:33:16] [data] Done shuffling 20,000 sentences to temp files
[2026-07-26 02:33:20] Seen 20,000 samples
[2026-07-26 02:33:20] Starting data epoch 725 in logical epoch 725
[2026-07-26 02:33:20] [data] Shuffling data
[2026-07-26 02:33:20] [data] Done reading 20,000 sentences
[2026-07-26 02:33:20] [data] Done shuffling 20,000 sentences to temp files
[2026-07-26 02:33:23] Seen 20,000 samples
[2026-07-26 02:33:24] Starting data epoch 726 in logical epoch 726
[2026-07-26 02:33:24] [data] Shuffling data
[2026-07-26 02:33:24] [data] Done reading 20,000 sentences
[2026-07-26 02:33:24] [data] Done shuffling 20,000 sentences to temp files
[2026-07-26 02:33:27] Seen 20,000 samples
[2026-07-26 02:33:27] Starting data epoch 727 in logical epoch 727
[2026-07-26 02:33:27] [data] Shuffling data
[2026-07-26 02:33:27] [data] Done reading 20,000 sentences
[2026-07-26 02:33:27] [data] Done shuffling 20,000 sentences to temp files
[2026-07-26 02:33:31] Seen 20,000 samples
[2026-07-26 02:33:31] Starting data epoch 728 in logical epoch 728
[2026-07-26 02:33:31] [data] Shuffling data
[2026-07-26 02:33:31] [data] Done reading 20,000 sentences
[2026-07-26 02:33:31] [data] Done shuffling 20,000 sentences to temp files
[2026-07-26 02:33:35] Seen 20,000 samples
[2026-07-26 02:33:35] Starting data epoch 729 in logical epoch 729
[2026-07-26 02:33:35] [data] Shuffling data
[2026-07-26 02:33:35] [data] Done reading 20,000 sentences
[2026-07-26 02:33:35] [data] Done shuffling 20,000 sentences to temp files
[2026-07-26 02:33:38] Seen 20,000 samples
[2026-07-26 02:33:38] Starting data epoch 730 in logical epoch 730
[2026-07-26 02:33:38] [data] Shuffling data
[2026-07-26 02:33:38] [data] Done reading 20,000 sentences
[2026-07-26 02:33:38] [data] Done shuffling 20,000 sentences to temp files
[2026-07-26 02:33:42] Seen 20,000 samples
[2026-07-26 02:33:42] Starting data epoch 731 in logical epoch 731
[2026-07-26 02:33:42] [data] Shuffling data
[2026-07-26 02:33:42] [data] Done reading 20,000 sentences
[2026-07-26 02:33:42] [data] Done shuffling 20,000 sentences to temp files
[2026-07-26 02:33:42] Ep. 731 : Up. 46000 : Sen. 3,240 : Cost 1.11507761 * 614,113 @ 1,332 after 56,473,509 : Time 29.21s : 21023.21 words/s : gNorm 0.2803 : L.r. 1.7693e-04
[2026-07-26 02:33:45] Seen 20,000 samples
[2026-07-26 02:33:45] Starting data epoch 732 in logical epoch 732
[2026-07-26 02:33:45] [data] Shuffling data
[2026-07-26 02:33:45] [data] Done reading 20,000 sentences
[2026-07-26 02:33:45] [data] Done shuffling 20,000 sentences to temp files
[2026-07-26 02:33:49] Seen 20,000 samples
[2026-07-26 02:33:49] Starting data epoch 733 in logical epoch 733
[2026-07-26 02:33:49] [data] Shuffling data
[2026-07-26 02:33:49] [data] Done reading 20,000 sentences
[2026-07-26 02:33:49] [data] Done shuffling 20,000 sentences to temp files
[2026-07-26 02:33:53] Seen 20,000 samples
[2026-07-26 02:33:53] Starting data epoch 734 in logical epoch 734
[2026-07-26 02:33:53] [data] Shuffling data
[2026-07-26 02:33:53] [data] Done reading 20,000 sentences
[2026-07-26 02:33:53] [data] Done shuffling 20,000 sentences to temp files
[2026-07-26 02:33:57] Seen 20,000 samples
[2026-07-26 02:33:57] Starting data epoch 735 in logical epoch 735
[2026-07-26 02:33:57] [data] Shuffling data
[2026-07-26 02:33:57] [data] Done reading 20,000 sentences
[2026-07-26 02:33:57] [data] Done shuffling 20,000 sentences to temp files
[2026-07-26 02:34:00] Seen 20,000 samples
[2026-07-26 02:34:00] Starting data epoch 736 in logical epoch 736
[2026-07-26 02:34:00] [data] Shuffling data
[2026-07-26 02:34:00] [data] Done reading 20,000 sentences
[2026-07-26 02:34:00] [data] Done shuffling 20,000 sentences to temp files
[2026-07-26 02:34:04] Seen 20,000 samples
[2026-07-26 02:34:04] Starting data epoch 737 in logical epoch 737
[2026-07-26 02:34:04] [data] Shuffling data
[2026-07-26 02:34:04] [data] Done reading 20,000 sentences
[2026-07-26 02:34:04] [data] Done shuffling 20,000 sentences to temp files
[2026-07-26 02:34:08] Seen 20,000 samples
[2026-07-26 02:34:08] Starting data epoch 738 in logical epoch 738
[2026-07-26 02:34:08] [data] Shuffling data
[2026-07-26 02:34:08] [data] Done reading 20,000 sentences
[2026-07-26 02:34:08] [data] Done shuffling 20,000 sentences to temp files
[2026-07-26 02:34:12] Seen 20,000 samples
[2026-07-26 02:34:12] Starting data epoch 739 in logical epoch 739
[2026-07-26 02:34:12] [data] Shuffling data
[2026-07-26 02:34:12] [data] Done reading 20,000 sentences
[2026-07-26 02:34:12] [data] Done shuffling 20,000 sentences to temp files
[2026-07-26 02:34:12] Ep. 739 : Up. 46500 : Sen. 1,828 : Cost 1.11494577 * 614,335 @ 1,332 after 57,087,844 : Time 29.87s : 20565.69 words/s : gNorm 0.2285 : L.r. 1.7598e-04
[2026-07-26 02:34:16] Seen 20,000 samples
[2026-07-26 02:34:16] Starting data epoch 740 in logical epoch 740
[2026-07-26 02:34:16] [data] Shuffling data
[2026-07-26 02:34:16] [data] Done reading 20,000 sentences
[2026-07-26 02:34:16] [data] Done shuffling 20,000 sentences to temp files
[2026-07-26 02:34:19] Seen 20,000 samples
[2026-07-26 02:34:19] Starting data epoch 741 in logical epoch 741
[2026-07-26 02:34:19] [data] Shuffling data
[2026-07-26 02:34:19] [data] Done reading 20,000 sentences
[2026-07-26 02:34:20] [data] Done shuffling 20,000 sentences to temp files
[2026-07-26 02:34:23] Seen 20,000 samples
[2026-07-26 02:34:23] Starting data epoch 742 in logical epoch 742
[2026-07-26 02:34:23] [data] Shuffling data
[2026-07-26 02:34:23] [data] Done reading 20,000 sentences
[2026-07-26 02:34:23] [data] Done shuffling 20,000 sentences to temp files
[2026-07-26 02:34:27] Seen 20,000 samples
[2026-07-26 02:34:27] Starting data epoch 743 in logical epoch 743
[2026-07-26 02:34:27] [data] Shuffling data
[2026-07-26 02:34:27] [data] Done reading 20,000 sentences
[2026-07-26 02:34:27] [data] Done shuffling 20,000 sentences to temp files
[2026-07-26 02:34:31] Seen 20,000 samples
[2026-07-26 02:34:31] Starting data epoch 744 in logical epoch 744
[2026-07-26 02:34:31] [data] Shuffling data
[2026-07-26 02:34:31] [data] Done reading 20,000 sentences
[2026-07-26 02:34:31] [data] Done shuffling 20,000 sentences to temp files
[2026-07-26 02:34:35] Seen 20,000 samples
[2026-07-26 02:34:35] Starting data epoch 745 in logical epoch 745
[2026-07-26 02:34:35] [data] Shuffling data
[2026-07-26 02:34:35] [data] Done reading 20,000 sentences
[2026-07-26 02:34:35] [data] Done shuffling 20,000 sentences to temp files
[2026-07-26 02:34:39] Seen 20,000 samples
[2026-07-26 02:34:39] Starting data epoch 746 in logical epoch 746
[2026-07-26 02:34:39] [data] Shuffling data
[2026-07-26 02:34:39] [data] Done reading 20,000 sentences
[2026-07-26 02:34:39] [data] Done shuffling 20,000 sentences to temp files
[2026-07-26 02:34:42] Seen 20,000 samples
[2026-07-26 02:34:42] Starting data epoch 747 in logical epoch 747
[2026-07-26 02:34:42] [data] Shuffling data
[2026-07-26 02:34:42] [data] Done reading 20,000 sentences
[2026-07-26 02:34:42] [data] Done shuffling 20,000 sentences to temp files
[2026-07-26 02:34:43] Ep. 747 : Up. 47000 : Sen. 406 : Cost 1.11397195 * 613,410 @ 1,665 after 57,701,254 : Time 30.22s : 20294.99 words/s : gNorm 0.4430 : L.r. 1.7504e-04
[2026-07-26 02:34:46] Seen 20,000 samples
[2026-07-26 02:34:46] Starting data epoch 748 in logical epoch 748
[2026-07-26 02:34:46] [data] Shuffling data
[2026-07-26 02:34:46] [data] Done reading 20,000 sentences
[2026-07-26 02:34:46] [data] Done shuffling 20,000 sentences to temp files
[2026-07-26 02:34:50] Seen 20,000 samples
[2026-07-26 02:34:50] Starting data epoch 749 in logical epoch 749
[2026-07-26 02:34:50] [data] Shuffling data
[2026-07-26 02:34:50] [data] Done reading 20,000 sentences
[2026-07-26 02:34:50] [data] Done shuffling 20,000 sentences to temp files
[2026-07-26 02:34:54] Seen 20,000 samples
[2026-07-26 02:34:54] Starting data epoch 750 in logical epoch 750
[2026-07-26 02:34:54] [data] Shuffling data
[2026-07-26 02:34:54] [data] Done reading 20,000 sentences
[2026-07-26 02:34:54] [data] Done shuffling 20,000 sentences to temp files
[2026-07-26 02:34:58] Seen 20,000 samples
[2026-07-26 02:34:58] Starting data epoch 751 in logical epoch 751
[2026-07-26 02:34:58] [data] Shuffling data
[2026-07-26 02:34:58] [data] Done reading 20,000 sentences
[2026-07-26 02:34:58] [data] Done shuffling 20,000 sentences to temp files
[2026-07-26 02:35:01] Seen 20,000 samples
[2026-07-26 02:35:01] Starting data epoch 752 in logical epoch 752
[2026-07-26 02:35:01] [data] Shuffling data
[2026-07-26 02:35:01] [data] Done reading 20,000 sentences
[2026-07-26 02:35:01] [data] Done shuffling 20,000 sentences to temp files
[2026-07-26 02:35:05] Seen 20,000 samples
[2026-07-26 02:35:05] Starting data epoch 753 in logical epoch 753
[2026-07-26 02:35:05] [data] Shuffling data
[2026-07-26 02:35:05] [data] Done reading 20,000 sentences
[2026-07-26 02:35:05] [data] Done shuffling 20,000 sentences to temp files
[2026-07-26 02:35:09] Seen 20,000 samples
[2026-07-26 02:35:09] Starting data epoch 754 in logical epoch 754
[2026-07-26 02:35:09] [data] Shuffling data
[2026-07-26 02:35:09] [data] Done reading 20,000 sentences
[2026-07-26 02:35:09] [data] Done shuffling 20,000 sentences to temp files
[2026-07-26 02:35:13] Ep. 754 : Up. 47500 : Sen. 19,533 : Cost 1.11484408 * 614,897 @ 1,117 after 58,316,151 : Time 30.22s : 20344.53 words/s : gNorm 0.2583 : L.r. 1.7411e-04
[2026-07-26 02:35:13] Seen 20,000 samples
[2026-07-26 02:35:13] Starting data epoch 755 in logical epoch 755
[2026-07-26 02:35:13] [data] Shuffling data
[2026-07-26 02:35:13] [data] Done reading 20,000 sentences
[2026-07-26 02:35:13] [data] Done shuffling 20,000 sentences to temp files
[2026-07-26 02:35:17] Seen 20,000 samples
[2026-07-26 02:35:17] Starting data epoch 756 in logical epoch 756
[2026-07-26 02:35:17] [data] Shuffling data
[2026-07-26 02:35:17] [data] Done reading 20,000 sentences
[2026-07-26 02:35:17] [data] Done shuffling 20,000 sentences to temp files
[2026-07-26 02:35:20] Seen 20,000 samples
[2026-07-26 02:35:20] Starting data epoch 757 in logical epoch 757
[2026-07-26 02:35:20] [data] Shuffling data
[2026-07-26 02:35:20] [data] Done reading 20,000 sentences
[2026-07-26 02:35:20] [data] Done shuffling 20,000 sentences to temp files
[2026-07-26 02:35:24] Seen 20,000 samples
[2026-07-26 02:35:24] Starting data epoch 758 in logical epoch 758
[2026-07-26 02:35:24] [data] Shuffling data
[2026-07-26 02:35:24] [data] Done reading 20,000 sentences
[2026-07-26 02:35:24] [data] Done shuffling 20,000 sentences to temp files
[2026-07-26 02:35:28] Seen 20,000 samples
[2026-07-26 02:35:28] Starting data epoch 759 in logical epoch 759
[2026-07-26 02:35:28] [data] Shuffling data
[2026-07-26 02:35:28] [data] Done reading 20,000 sentences
[2026-07-26 02:35:28] [data] Done shuffling 20,000 sentences to temp files
[2026-07-26 02:35:32] Seen 20,000 samples
[2026-07-26 02:35:32] Starting data epoch 760 in logical epoch 760
[2026-07-26 02:35:32] [data] Shuffling data
[2026-07-26 02:35:32] [data] Done reading 20,000 sentences
[2026-07-26 02:35:32] [data] Done shuffling 20,000 sentences to temp files
[2026-07-26 02:35:36] Seen 20,000 samples
[2026-07-26 02:35:36] Starting data epoch 761 in logical epoch 761
[2026-07-26 02:35:36] [data] Shuffling data
[2026-07-26 02:35:36] [data] Done reading 20,000 sentences
[2026-07-26 02:35:36] [data] Done shuffling 20,000 sentences to temp files
[2026-07-26 02:35:39] Seen 20,000 samples
[2026-07-26 02:35:39] Starting data epoch 762 in logical epoch 762
[2026-07-26 02:35:39] [data] Shuffling data
[2026-07-26 02:35:39] [data] Done reading 20,000 sentences
[2026-07-26 02:35:39] [data] Done shuffling 20,000 sentences to temp files
[2026-07-26 02:35:43] Ep. 762 : Up. 48000 : Sen. 18,291 : Cost 1.11442065 * 614,230 @ 1,332 after 58,930,381 : Time 30.02s : 20462.07 words/s : gNorm 0.3452 : L.r. 1.7321e-04
[2026-07-26 02:35:43] Seen 20,000 samples
[2026-07-26 02:35:43] Starting data epoch 763 in logical epoch 763
[2026-07-26 02:35:43] [data] Shuffling data
[2026-07-26 02:35:43] [data] Done reading 20,000 sentences
[2026-07-26 02:35:43] [data] Done shuffling 20,000 sentences to temp files
[2026-07-26 02:35:47] Seen 20,000 samples
[2026-07-26 02:35:47] Starting data epoch 764 in logical epoch 764
[2026-07-26 02:35:47] [data] Shuffling data
[2026-07-26 02:35:47] [data] Done reading 20,000 sentences
[2026-07-26 02:35:47] [data] Done shuffling 20,000 sentences to temp files
[2026-07-26 02:35:51] Seen 20,000 samples
[2026-07-26 02:35:51] Starting data epoch 765 in logical epoch 765
[2026-07-26 02:35:51] [data] Shuffling data
[2026-07-26 02:35:51] [data] Done reading 20,000 sentences
[2026-07-26 02:35:51] [data] Done shuffling 20,000 sentences to temp files
[2026-07-26 02:35:54] Seen 20,000 samples
[2026-07-26 02:35:54] Starting data epoch 766 in logical epoch 766
[2026-07-26 02:35:54] [data] Shuffling data
[2026-07-26 02:35:54] [data] Done reading 20,000 sentences
[2026-07-26 02:35:54] [data] Done shuffling 20,000 sentences to temp files
[2026-07-26 02:35:58] Seen 20,000 samples
[2026-07-26 02:35:58] Starting data epoch 767 in logical epoch 767
[2026-07-26 02:35:58] [data] Shuffling data
[2026-07-26 02:35:58] [data] Done reading 20,000 sentences
[2026-07-26 02:35:58] [data] Done shuffling 20,000 sentences to temp files
[2026-07-26 02:36:02] Seen 20,000 samples
[2026-07-26 02:36:02] Starting data epoch 768 in logical epoch 768
[2026-07-26 02:36:02] [data] Shuffling data
[2026-07-26 02:36:02] [data] Done reading 20,000 sentences
[2026-07-26 02:36:02] [data] Done shuffling 20,000 sentences to temp files
[2026-07-26 02:36:06] Seen 20,000 samples
[2026-07-26 02:36:06] Starting data epoch 769 in logical epoch 769
[2026-07-26 02:36:06] [data] Shuffling data
[2026-07-26 02:36:06] [data] Done reading 20,000 sentences
[2026-07-26 02:36:06] [data] Done shuffling 20,000 sentences to temp files
[2026-07-26 02:36:10] Seen 20,000 samples
[2026-07-26 02:36:10] Starting data epoch 770 in logical epoch 770
[2026-07-26 02:36:10] [data] Shuffling data
[2026-07-26 02:36:10] [data] Done reading 20,000 sentences
[2026-07-26 02:36:10] [data] Done shuffling 20,000 sentences to temp files
[2026-07-26 02:36:13] Ep. 770 : Up. 48500 : Sen. 16,959 : Cost 1.11404085 * 613,597 @ 999 after 59,543,978 : Time 30.02s : 20440.19 words/s : gNorm 0.2889 : L.r. 1.7231e-04
[2026-07-26 02:36:13] Seen 20,000 samples
[2026-07-26 02:36:13] Starting data epoch 771 in logical epoch 771
[2026-07-26 02:36:13] [data] Shuffling data
[2026-07-26 02:36:13] [data] Done reading 20,000 sentences
[2026-07-26 02:36:13] [data] Done shuffling 20,000 sentences to temp files
[2026-07-26 02:36:17] Seen 20,000 samples
[2026-07-26 02:36:17] Starting data epoch 772 in logical epoch 772
[2026-07-26 02:36:17] [data] Shuffling data
[2026-07-26 02:36:17] [data] Done reading 20,000 sentences
[2026-07-26 02:36:17] [data] Done shuffling 20,000 sentences to temp files
[2026-07-26 02:36:21] Seen 20,000 samples
[2026-07-26 02:36:21] Starting data epoch 773 in logical epoch 773
[2026-07-26 02:36:21] [data] Shuffling data
[2026-07-26 02:36:21] [data] Done reading 20,000 sentences
[2026-07-26 02:36:21] [data] Done shuffling 20,000 sentences to temp files
[2026-07-26 02:36:26] Seen 20,000 samples
[2026-07-26 02:36:26] Starting data epoch 774 in logical epoch 774
[2026-07-26 02:36:26] [data] Shuffling data
[2026-07-26 02:36:26] [data] Done reading 20,000 sentences
[2026-07-26 02:36:26] [data] Done shuffling 20,000 sentences to temp files
[2026-07-26 02:36:30] Seen 20,000 samples
[2026-07-26 02:36:30] Starting data epoch 775 in logical epoch 775
[2026-07-26 02:36:30] [data] Shuffling data
[2026-07-26 02:36:30] [data] Done reading 20,000 sentences
[2026-07-26 02:36:30] [data] Done shuffling 20,000 sentences to temp files
[2026-07-26 02:36:33] Seen 20,000 samples
[2026-07-26 02:36:33] Starting data epoch 776 in logical epoch 776
[2026-07-26 02:36:33] [data] Shuffling data
[2026-07-26 02:36:33] [data] Done reading 20,000 sentences
[2026-07-26 02:36:33] [data] Done shuffling 20,000 sentences to temp files
[2026-07-26 02:36:38] Seen 20,000 samples
[2026-07-26 02:36:38] Starting data epoch 777 in logical epoch 777
[2026-07-26 02:36:38] [data] Shuffling data
[2026-07-26 02:36:38] [data] Done reading 20,000 sentences
[2026-07-26 02:36:38] [data] Done shuffling 20,000 sentences to temp files
[2026-07-26 02:36:42] Seen 20,000 samples
[2026-07-26 02:36:42] Starting data epoch 778 in logical epoch 778
[2026-07-26 02:36:42] [data] Shuffling data
[2026-07-26 02:36:42] [data] Done reading 20,000 sentences
[2026-07-26 02:36:42] [data] Done shuffling 20,000 sentences to temp files
[2026-07-26 02:36:45] Ep. 778 : Up. 49000 : Sen. 15,707 : Cost 1.11385393 * 613,657 @ 729 after 60,157,635 : Time 32.03s : 19156.61 words/s : gNorm 0.4018 : L.r. 1.7143e-04
[2026-07-26 02:36:46] Seen 20,000 samples
[2026-07-26 02:36:46] Starting data epoch 779 in logical epoch 779
[2026-07-26 02:36:46] [data] Shuffling data
[2026-07-26 02:36:46] [data] Done reading 20,000 sentences
[2026-07-26 02:36:46] [data] Done shuffling 20,000 sentences to temp files
[2026-07-26 02:36:50] Seen 20,000 samples
[2026-07-26 02:36:50] Starting data epoch 780 in logical epoch 780
[2026-07-26 02:36:50] [data] Shuffling data
[2026-07-26 02:36:50] [data] Done reading 20,000 sentences
[2026-07-26 02:36:50] [data] Done shuffling 20,000 sentences to temp files
[2026-07-26 02:36:54] Seen 20,000 samples
[2026-07-26 02:36:54] Starting data epoch 781 in logical epoch 781
[2026-07-26 02:36:54] [data] Shuffling data
[2026-07-26 02:36:54] [data] Done reading 20,000 sentences
[2026-07-26 02:36:54] [data] Done shuffling 20,000 sentences to temp files
[2026-07-26 02:36:58] Seen 20,000 samples
[2026-07-26 02:36:58] Starting data epoch 782 in logical epoch 782
[2026-07-26 02:36:58] [data] Shuffling data
[2026-07-26 02:36:58] [data] Done reading 20,000 sentences
[2026-07-26 02:36:58] [data] Done shuffling 20,000 sentences to temp files
[2026-07-26 02:37:02] Seen 20,000 samples
[2026-07-26 02:37:02] Starting data epoch 783 in logical epoch 783
[2026-07-26 02:37:02] [data] Shuffling data
[2026-07-26 02:37:02] [data] Done reading 20,000 sentences
[2026-07-26 02:37:02] [data] Done shuffling 20,000 sentences to temp files
[2026-07-26 02:37:06] Seen 20,000 samples
[2026-07-26 02:37:06] Starting data epoch 784 in logical epoch 784
[2026-07-26 02:37:06] [data] Shuffling data
[2026-07-26 02:37:06] [data] Done reading 20,000 sentences
[2026-07-26 02:37:06] [data] Done shuffling 20,000 sentences to temp files
[2026-07-26 02:37:10] Seen 20,000 samples
[2026-07-26 02:37:10] Starting data epoch 785 in logical epoch 785
[2026-07-26 02:37:10] [data] Shuffling data
[2026-07-26 02:37:10] [data] Done reading 20,000 sentences
[2026-07-26 02:37:10] [data] Done shuffling 20,000 sentences to temp files
[2026-07-26 02:37:14] Seen 20,000 samples
[2026-07-26 02:37:14] Starting data epoch 786 in logical epoch 786
[2026-07-26 02:37:14] [data] Shuffling data
[2026-07-26 02:37:14] [data] Done reading 20,000 sentences
[2026-07-26 02:37:14] [data] Done shuffling 20,000 sentences to temp files
[2026-07-26 02:37:16] Ep. 786 : Up. 49500 : Sen. 14,465 : Cost 1.11368382 * 615,167 @ 1,879 after 60,772,802 : Time 31.65s : 19436.06 words/s : gNorm 0.7286 : L.r. 1.7056e-04
[2026-07-26 02:37:18] Seen 20,000 samples
[2026-07-26 02:37:18] Starting data epoch 787 in logical epoch 787
[2026-07-26 02:37:18] [data] Shuffling data
[2026-07-26 02:37:18] [data] Done reading 20,000 sentences
[2026-07-26 02:37:18] [data] Done shuffling 20,000 sentences to temp files
[2026-07-26 02:37:22] Seen 20,000 samples
[2026-07-26 02:37:22] Starting data epoch 788 in logical epoch 788
[2026-07-26 02:37:22] [data] Shuffling data
[2026-07-26 02:37:22] [data] Done reading 20,000 sentences
[2026-07-26 02:37:22] [data] Done shuffling 20,000 sentences to temp files
[2026-07-26 02:37:26] Seen 20,000 samples
[2026-07-26 02:37:26] Starting data epoch 789 in logical epoch 789
[2026-07-26 02:37:26] [data] Shuffling data
[2026-07-26 02:37:26] [data] Done reading 20,000 sentences
[2026-07-26 02:37:26] [data] Done shuffling 20,000 sentences to temp files
[2026-07-26 02:37:30] Seen 20,000 samples
[2026-07-26 02:37:30] Starting data epoch 790 in logical epoch 790
[2026-07-26 02:37:30] [data] Shuffling data
[2026-07-26 02:37:30] [data] Done reading 20,000 sentences
[2026-07-26 02:37:30] [data] Done shuffling 20,000 sentences to temp files
[2026-07-26 02:37:34] Seen 20,000 samples
[2026-07-26 02:37:34] Starting data epoch 791 in logical epoch 791
[2026-07-26 02:37:34] [data] Shuffling data
[2026-07-26 02:37:34] [data] Done reading 20,000 sentences
[2026-07-26 02:37:34] [data] Done shuffling 20,000 sentences to temp files
[2026-07-26 02:37:37] Seen 20,000 samples
[2026-07-26 02:37:37] Starting data epoch 792 in logical epoch 792
[2026-07-26 02:37:37] [data] Shuffling data
[2026-07-26 02:37:38] [data] Done reading 20,000 sentences
[2026-07-26 02:37:38] [data] Done shuffling 20,000 sentences to temp files
[2026-07-26 02:37:42] Seen 20,000 samples
[2026-07-26 02:37:42] Starting data epoch 793 in logical epoch 793
[2026-07-26 02:37:42] [data] Shuffling data
[2026-07-26 02:37:42] [data] Done reading 20,000 sentences
[2026-07-26 02:37:42] [data] Done shuffling 20,000 sentences to temp files
[2026-07-26 02:37:46] Seen 20,000 samples
[2026-07-26 02:37:46] Starting data epoch 794 in logical epoch 794
[2026-07-26 02:37:46] [data] Shuffling data
[2026-07-26 02:37:46] [data] Done reading 20,000 sentences
[2026-07-26 02:37:46] [data] Done shuffling 20,000 sentences to temp files
[2026-07-26 02:37:48] Ep. 794 : Up. 50000 : Sen. 13,133 : Cost 1.11361301 * 612,313 @ 999 after 61,385,115 : Time 31.80s : 19253.10 words/s : gNorm 0.1972 : L.r. 1.6971e-04
[2026-07-26 02:37:48] Saving model weights and runtime parameters to /d/Job_Requirements/PracticalProjectsFromDrYe/AIE-F/assignment-submission/class-22/TheinGiKyaw_Assignment7/model.transformer.phmy/model.iter50000.npz
[2026-07-26 02:37:49] Saving model weights and runtime parameters to /d/Job_Requirements/PracticalProjectsFromDrYe/AIE-F/assignment-submission/class-22/TheinGiKyaw_Assignment7/model.transformer.phmy/model.npz
[2026-07-26 02:37:49] Saving Adam parameters
[2026-07-26 02:37:50] [training] Saving training checkpoint to /d/Job_Requirements/PracticalProjectsFromDrYe/AIE-F/assignment-submission/class-22/TheinGiKyaw_Assignment7/model.transformer.phmy/model.npz and /d/Job_Requirements/PracticalProjectsFromDrYe/AIE-F/assignment-submission/class-22/TheinGiKyaw_Assignment7/model.transformer.phmy/model.npz.optimizer.npz
[2026-07-26 02:37:52] [valid] Ep. 794 : Up. 50000 : cross-entropy : 2.78441 : stalled 9 times (last best: 1.85265)
[2026-07-26 02:37:52] [valid] Ep. 794 : Up. 50000 : perplexity : 2.06359 : stalled 9 times (last best: 1.61935)
[2026-07-26 02:37:54] [valid] Ep. 794 : Up. 50000 : bleu : 75.2547 : stalled 6 times (last best: 76.1433)
[2026-07-26 02:37:55] Seen 20,000 samples
[2026-07-26 02:37:55] Starting data epoch 795 in logical epoch 795
[2026-07-26 02:37:55] [data] Shuffling data
[2026-07-26 02:37:55] [data] Done reading 20,000 sentences
[2026-07-26 02:37:55] [data] Done shuffling 20,000 sentences to temp files
[2026-07-26 02:37:59] Seen 20,000 samples
[2026-07-26 02:37:59] Starting data epoch 796 in logical epoch 796
[2026-07-26 02:37:59] [data] Shuffling data
[2026-07-26 02:37:59] [data] Done reading 20,000 sentences
[2026-07-26 02:37:59] [data] Done shuffling 20,000 sentences to temp files
[2026-07-26 02:38:03] Seen 20,000 samples
[2026-07-26 02:38:03] Starting data epoch 797 in logical epoch 797
[2026-07-26 02:38:03] [data] Shuffling data
[2026-07-26 02:38:03] [data] Done reading 20,000 sentences
[2026-07-26 02:38:03] [data] Done shuffling 20,000 sentences to temp files
[2026-07-26 02:38:06] Seen 20,000 samples
[2026-07-26 02:38:06] Starting data epoch 798 in logical epoch 798
[2026-07-26 02:38:06] [data] Shuffling data
[2026-07-26 02:38:06] [data] Done reading 20,000 sentences
[2026-07-26 02:38:07] [data] Done shuffling 20,000 sentences to temp files
[2026-07-26 02:38:10] Seen 20,000 samples
[2026-07-26 02:38:10] Starting data epoch 799 in logical epoch 799
[2026-07-26 02:38:10] [data] Shuffling data
[2026-07-26 02:38:10] [data] Done reading 20,000 sentences
[2026-07-26 02:38:10] [data] Done shuffling 20,000 sentences to temp files
[2026-07-26 02:38:14] Seen 20,000 samples
[2026-07-26 02:38:14] Starting data epoch 800 in logical epoch 800
[2026-07-26 02:38:14] [data] Shuffling data
[2026-07-26 02:38:14] [data] Done reading 20,000 sentences
[2026-07-26 02:38:14] [data] Done shuffling 20,000 sentences to temp files
[2026-07-26 02:38:18] Seen 20,000 samples
[2026-07-26 02:38:18] Starting data epoch 801 in logical epoch 801
[2026-07-26 02:38:18] [data] Shuffling data
[2026-07-26 02:38:18] [data] Done reading 20,000 sentences
[2026-07-26 02:38:18] [data] Done shuffling 20,000 sentences to temp files
[2026-07-26 02:38:22] Seen 20,000 samples
[2026-07-26 02:38:22] Starting data epoch 802 in logical epoch 802
[2026-07-26 02:38:22] [data] Shuffling data
[2026-07-26 02:38:22] [data] Done reading 20,000 sentences
[2026-07-26 02:38:22] [data] Done shuffling 20,000 sentences to temp files
[2026-07-26 02:38:25] Ep. 802 : Up. 50500 : Sen. 11,801 : Cost 1.11390030 * 614,411 @ 729 after 61,999,526 : Time 36.28s : 16934.18 words/s : gNorm 0.4027 : L.r. 1.6886e-04
[2026-07-26 02:38:26] Seen 20,000 samples
[2026-07-26 02:38:26] Starting data epoch 803 in logical epoch 803
[2026-07-26 02:38:26] [data] Shuffling data
[2026-07-26 02:38:26] [data] Done reading 20,000 sentences
[2026-07-26 02:38:26] [data] Done shuffling 20,000 sentences to temp files
[2026-07-26 02:38:30] Seen 20,000 samples
[2026-07-26 02:38:30] Starting data epoch 804 in logical epoch 804
[2026-07-26 02:38:30] [data] Shuffling data
[2026-07-26 02:38:30] [data] Done reading 20,000 sentences
[2026-07-26 02:38:30] [data] Done shuffling 20,000 sentences to temp files
[2026-07-26 02:38:35] Seen 20,000 samples
[2026-07-26 02:38:35] Starting data epoch 805 in logical epoch 805
[2026-07-26 02:38:35] [data] Shuffling data
[2026-07-26 02:38:35] [data] Done reading 20,000 sentences
[2026-07-26 02:38:35] [data] Done shuffling 20,000 sentences to temp files
[2026-07-26 02:38:38] Seen 20,000 samples
[2026-07-26 02:38:38] Starting data epoch 806 in logical epoch 806
[2026-07-26 02:38:38] [data] Shuffling data
[2026-07-26 02:38:38] [data] Done reading 20,000 sentences
[2026-07-26 02:38:39] [data] Done shuffling 20,000 sentences to temp files
[2026-07-26 02:38:43] Seen 20,000 samples
[2026-07-26 02:38:43] Starting data epoch 807 in logical epoch 807
[2026-07-26 02:38:43] [data] Shuffling data
[2026-07-26 02:38:43] [data] Done reading 20,000 sentences
[2026-07-26 02:38:43] [data] Done shuffling 20,000 sentences to temp files
[2026-07-26 02:38:47] Seen 20,000 samples
[2026-07-26 02:38:47] Starting data epoch 808 in logical epoch 808
[2026-07-26 02:38:47] [data] Shuffling data
[2026-07-26 02:38:47] [data] Done reading 20,000 sentences
[2026-07-26 02:38:47] [data] Done shuffling 20,000 sentences to temp files
[2026-07-26 02:38:51] Seen 20,000 samples
[2026-07-26 02:38:51] Starting data epoch 809 in logical epoch 809
[2026-07-26 02:38:51] [data] Shuffling data
[2026-07-26 02:38:51] [data] Done reading 20,000 sentences
[2026-07-26 02:38:51] [data] Done shuffling 20,000 sentences to temp files
[2026-07-26 02:38:55] Seen 20,000 samples
[2026-07-26 02:38:55] Starting data epoch 810 in logical epoch 810
[2026-07-26 02:38:55] [data] Shuffling data
[2026-07-26 02:38:55] [data] Done reading 20,000 sentences
[2026-07-26 02:38:55] [data] Done shuffling 20,000 sentences to temp files
[2026-07-26 02:38:57] Ep. 810 : Up. 51000 : Sen. 10,469 : Cost 1.11394596 * 613,246 @ 999 after 62,612,772 : Time 32.36s : 18952.44 words/s : gNorm 0.3010 : L.r. 1.6803e-04
[2026-07-26 02:38:59] Seen 20,000 samples
[2026-07-26 02:38:59] Starting data epoch 811 in logical epoch 811
[2026-07-26 02:38:59] [data] Shuffling data
[2026-07-26 02:38:59] [data] Done reading 20,000 sentences
[2026-07-26 02:38:59] [data] Done shuffling 20,000 sentences to temp files
[2026-07-26 02:39:03] Seen 20,000 samples
[2026-07-26 02:39:03] Starting data epoch 812 in logical epoch 812
[2026-07-26 02:39:03] [data] Shuffling data
[2026-07-26 02:39:03] [data] Done reading 20,000 sentences
[2026-07-26 02:39:03] [data] Done shuffling 20,000 sentences to temp files
[2026-07-26 02:39:07] Seen 20,000 samples
[2026-07-26 02:39:07] Starting data epoch 813 in logical epoch 813
[2026-07-26 02:39:07] [data] Shuffling data
[2026-07-26 02:39:07] [data] Done reading 20,000 sentences
[2026-07-26 02:39:07] [data] Done shuffling 20,000 sentences to temp files
[2026-07-26 02:39:11] Seen 20,000 samples
[2026-07-26 02:39:11] Starting data epoch 814 in logical epoch 814
[2026-07-26 02:39:11] [data] Shuffling data
[2026-07-26 02:39:11] [data] Done reading 20,000 sentences
[2026-07-26 02:39:11] [data] Done shuffling 20,000 sentences to temp files
[2026-07-26 02:39:15] Seen 20,000 samples
[2026-07-26 02:39:15] Starting data epoch 815 in logical epoch 815
[2026-07-26 02:39:15] [data] Shuffling data
[2026-07-26 02:39:15] [data] Done reading 20,000 sentences
[2026-07-26 02:39:15] [data] Done shuffling 20,000 sentences to temp files
[2026-07-26 02:39:19] Seen 20,000 samples
[2026-07-26 02:39:19] Starting data epoch 816 in logical epoch 816
[2026-07-26 02:39:19] [data] Shuffling data
[2026-07-26 02:39:19] [data] Done reading 20,000 sentences
[2026-07-26 02:39:19] [data] Done shuffling 20,000 sentences to temp files
[2026-07-26 02:39:23] Seen 20,000 samples
[2026-07-26 02:39:23] Starting data epoch 817 in logical epoch 817
[2026-07-26 02:39:23] [data] Shuffling data
[2026-07-26 02:39:23] [data] Done reading 20,000 sentences
[2026-07-26 02:39:23] [data] Done shuffling 20,000 sentences to temp files
[2026-07-26 02:39:27] Seen 20,000 samples
[2026-07-26 02:39:27] Starting data epoch 818 in logical epoch 818
[2026-07-26 02:39:27] [data] Shuffling data
[2026-07-26 02:39:27] [data] Done reading 20,000 sentences
[2026-07-26 02:39:27] [data] Done shuffling 20,000 sentences to temp files
[2026-07-26 02:39:29] Ep. 818 : Up. 51500 : Sen. 9,227 : Cost 1.11344087 * 613,868 @ 999 after 63,226,640 : Time 31.79s : 19308.17 words/s : gNorm 0.2342 : L.r. 1.6722e-04
[2026-07-26 02:39:31] Seen 20,000 samples
[2026-07-26 02:39:31] Starting data epoch 819 in logical epoch 819
[2026-07-26 02:39:31] [data] Shuffling data
[2026-07-26 02:39:31] [data] Done reading 20,000 sentences
[2026-07-26 02:39:31] [data] Done shuffling 20,000 sentences to temp files
[2026-07-26 02:39:35] Seen 20,000 samples
[2026-07-26 02:39:35] Starting data epoch 820 in logical epoch 820
[2026-07-26 02:39:35] [data] Shuffling data
[2026-07-26 02:39:35] [data] Done reading 20,000 sentences
[2026-07-26 02:39:35] [data] Done shuffling 20,000 sentences to temp files
[2026-07-26 02:39:38] Seen 20,000 samples
[2026-07-26 02:39:38] Starting data epoch 821 in logical epoch 821
[2026-07-26 02:39:38] [data] Shuffling data
[2026-07-26 02:39:38] [data] Done reading 20,000 sentences
[2026-07-26 02:39:38] [data] Done shuffling 20,000 sentences to temp files
[2026-07-26 02:39:42] Seen 20,000 samples
[2026-07-26 02:39:42] Starting data epoch 822 in logical epoch 822
[2026-07-26 02:39:42] [data] Shuffling data
[2026-07-26 02:39:42] [data] Done reading 20,000 sentences
[2026-07-26 02:39:42] [data] Done shuffling 20,000 sentences to temp files
[2026-07-26 02:39:46] Seen 20,000 samples
[2026-07-26 02:39:46] Starting data epoch 823 in logical epoch 823
[2026-07-26 02:39:46] [data] Shuffling data
[2026-07-26 02:39:46] [data] Done reading 20,000 sentences
[2026-07-26 02:39:46] [data] Done shuffling 20,000 sentences to temp files
[2026-07-26 02:39:50] Seen 20,000 samples
[2026-07-26 02:39:50] Starting data epoch 824 in logical epoch 824
[2026-07-26 02:39:50] [data] Shuffling data
[2026-07-26 02:39:50] [data] Done reading 20,000 sentences
[2026-07-26 02:39:50] [data] Done shuffling 20,000 sentences to temp files
[2026-07-26 02:39:54] Seen 20,000 samples
[2026-07-26 02:39:54] Starting data epoch 825 in logical epoch 825
[2026-07-26 02:39:54] [data] Shuffling data
[2026-07-26 02:39:54] [data] Done reading 20,000 sentences
[2026-07-26 02:39:54] [data] Done shuffling 20,000 sentences to temp files
[2026-07-26 02:39:58] Seen 20,000 samples
[2026-07-26 02:39:58] Starting data epoch 826 in logical epoch 826
[2026-07-26 02:39:58] [data] Shuffling data
[2026-07-26 02:39:58] [data] Done reading 20,000 sentences
[2026-07-26 02:39:58] [data] Done shuffling 20,000 sentences to temp files
[2026-07-26 02:39:59] Ep. 826 : Up. 52000 : Sen. 8,065 : Cost 1.11364567 * 614,115 @ 999 after 63,840,755 : Time 30.60s : 20071.30 words/s : gNorm 0.3451 : L.r. 1.6641e-04
[2026-07-26 02:40:02] Seen 20,000 samples
[2026-07-26 02:40:02] Starting data epoch 827 in logical epoch 827
[2026-07-26 02:40:02] [data] Shuffling data
[2026-07-26 02:40:02] [data] Done reading 20,000 sentences
[2026-07-26 02:40:02] [data] Done shuffling 20,000 sentences to temp files
[2026-07-26 02:40:06] Seen 20,000 samples
[2026-07-26 02:40:06] Starting data epoch 828 in logical epoch 828
[2026-07-26 02:40:06] [data] Shuffling data
[2026-07-26 02:40:06] [data] Done reading 20,000 sentences
[2026-07-26 02:40:06] [data] Done shuffling 20,000 sentences to temp files
[2026-07-26 02:40:09] Seen 20,000 samples
[2026-07-26 02:40:09] Starting data epoch 829 in logical epoch 829
[2026-07-26 02:40:09] [data] Shuffling data
[2026-07-26 02:40:09] [data] Done reading 20,000 sentences
[2026-07-26 02:40:09] [data] Done shuffling 20,000 sentences to temp files
[2026-07-26 02:40:13] Seen 20,000 samples
[2026-07-26 02:40:13] Starting data epoch 830 in logical epoch 830
[2026-07-26 02:40:13] [data] Shuffling data
[2026-07-26 02:40:13] [data] Done reading 20,000 sentences
[2026-07-26 02:40:13] [data] Done shuffling 20,000 sentences to temp files
[2026-07-26 02:40:17] Seen 20,000 samples
[2026-07-26 02:40:17] Starting data epoch 831 in logical epoch 831
[2026-07-26 02:40:17] [data] Shuffling data
[2026-07-26 02:40:17] [data] Done reading 20,000 sentences
[2026-07-26 02:40:17] [data] Done shuffling 20,000 sentences to temp files
[2026-07-26 02:40:21] Seen 20,000 samples
[2026-07-26 02:40:21] Starting data epoch 832 in logical epoch 832
[2026-07-26 02:40:21] [data] Shuffling data
[2026-07-26 02:40:21] [data] Done reading 20,000 sentences
[2026-07-26 02:40:21] [data] Done shuffling 20,000 sentences to temp files
[2026-07-26 02:40:25] Seen 20,000 samples
[2026-07-26 02:40:25] Starting data epoch 833 in logical epoch 833
[2026-07-26 02:40:25] [data] Shuffling data
[2026-07-26 02:40:25] [data] Done reading 20,000 sentences
[2026-07-26 02:40:25] [data] Done shuffling 20,000 sentences to temp files
[2026-07-26 02:40:29] Seen 20,000 samples
[2026-07-26 02:40:29] Starting data epoch 834 in logical epoch 834
[2026-07-26 02:40:29] [data] Shuffling data
[2026-07-26 02:40:29] [data] Done reading 20,000 sentences
[2026-07-26 02:40:29] [data] Done shuffling 20,000 sentences to temp files
[2026-07-26 02:40:30] Ep. 834 : Up. 52500 : Sen. 6,643 : Cost 1.11373353 * 613,170 @ 729 after 64,453,925 : Time 30.86s : 19872.57 words/s : gNorm 0.2375 : L.r. 1.6562e-04
[2026-07-26 02:40:33] Seen 20,000 samples
[2026-07-26 02:40:33] Starting data epoch 835 in logical epoch 835
[2026-07-26 02:40:33] [data] Shuffling data
[2026-07-26 02:40:33] [data] Done reading 20,000 sentences
[2026-07-26 02:40:33] [data] Done shuffling 20,000 sentences to temp files
[2026-07-26 02:40:37] Seen 20,000 samples
[2026-07-26 02:40:37] Starting data epoch 836 in logical epoch 836
[2026-07-26 02:40:37] [data] Shuffling data
[2026-07-26 02:40:37] [data] Done reading 20,000 sentences
[2026-07-26 02:40:37] [data] Done shuffling 20,000 sentences to temp files
[2026-07-26 02:40:40] Seen 20,000 samples
[2026-07-26 02:40:40] Starting data epoch 837 in logical epoch 837
[2026-07-26 02:40:40] [data] Shuffling data
[2026-07-26 02:40:40] [data] Done reading 20,000 sentences
[2026-07-26 02:40:40] [data] Done shuffling 20,000 sentences to temp files
[2026-07-26 02:40:44] Seen 20,000 samples
[2026-07-26 02:40:44] Starting data epoch 838 in logical epoch 838
[2026-07-26 02:40:44] [data] Shuffling data
[2026-07-26 02:40:44] [data] Done reading 20,000 sentences
[2026-07-26 02:40:44] [data] Done shuffling 20,000 sentences to temp files
[2026-07-26 02:40:48] Seen 20,000 samples
[2026-07-26 02:40:48] Starting data epoch 839 in logical epoch 839
[2026-07-26 02:40:48] [data] Shuffling data
[2026-07-26 02:40:48] [data] Done reading 20,000 sentences
[2026-07-26 02:40:48] [data] Done shuffling 20,000 sentences to temp files
[2026-07-26 02:40:52] Seen 20,000 samples
[2026-07-26 02:40:52] Starting data epoch 840 in logical epoch 840
[2026-07-26 02:40:52] [data] Shuffling data
[2026-07-26 02:40:52] [data] Done reading 20,000 sentences
[2026-07-26 02:40:52] [data] Done shuffling 20,000 sentences to temp files
[2026-07-26 02:40:56] Seen 20,000 samples
[2026-07-26 02:40:56] Starting data epoch 841 in logical epoch 841
[2026-07-26 02:40:56] [data] Shuffling data
[2026-07-26 02:40:56] [data] Done reading 20,000 sentences
[2026-07-26 02:40:56] [data] Done shuffling 20,000 sentences to temp files
[2026-07-26 02:41:00] Seen 20,000 samples
[2026-07-26 02:41:00] Starting data epoch 842 in logical epoch 842
[2026-07-26 02:41:00] [data] Shuffling data
[2026-07-26 02:41:00] [data] Done reading 20,000 sentences
[2026-07-26 02:41:00] [data] Done shuffling 20,000 sentences to temp files
[2026-07-26 02:41:01] Ep. 842 : Up. 53000 : Sen. 5,571 : Cost 1.11316001 * 614,832 @ 1,665 after 65,068,757 : Time 30.50s : 20155.76 words/s : gNorm 0.3378 : L.r. 1.6483e-04
[2026-07-26 02:41:03] Seen 20,000 samples
[2026-07-26 02:41:03] Starting data epoch 843 in logical epoch 843
[2026-07-26 02:41:03] [data] Shuffling data
[2026-07-26 02:41:03] [data] Done reading 20,000 sentences
[2026-07-26 02:41:03] [data] Done shuffling 20,000 sentences to temp files
[2026-07-26 02:41:07] Seen 20,000 samples
[2026-07-26 02:41:07] Starting data epoch 844 in logical epoch 844
[2026-07-26 02:41:07] [data] Shuffling data
[2026-07-26 02:41:07] [data] Done reading 20,000 sentences
[2026-07-26 02:41:07] [data] Done shuffling 20,000 sentences to temp files
[2026-07-26 02:41:11] Seen 20,000 samples
[2026-07-26 02:41:11] Starting data epoch 845 in logical epoch 845
[2026-07-26 02:41:11] [data] Shuffling data
[2026-07-26 02:41:11] [data] Done reading 20,000 sentences
[2026-07-26 02:41:11] [data] Done shuffling 20,000 sentences to temp files
[2026-07-26 02:41:15] Seen 20,000 samples
[2026-07-26 02:41:15] Starting data epoch 846 in logical epoch 846
[2026-07-26 02:41:15] [data] Shuffling data
[2026-07-26 02:41:15] [data] Done reading 20,000 sentences
[2026-07-26 02:41:15] [data] Done shuffling 20,000 sentences to temp files
[2026-07-26 02:41:19] Seen 20,000 samples
[2026-07-26 02:41:19] Starting data epoch 847 in logical epoch 847
[2026-07-26 02:41:19] [data] Shuffling data
[2026-07-26 02:41:19] [data] Done reading 20,000 sentences
[2026-07-26 02:41:19] [data] Done shuffling 20,000 sentences to temp files
[2026-07-26 02:41:22] Seen 20,000 samples
[2026-07-26 02:41:22] Starting data epoch 848 in logical epoch 848
[2026-07-26 02:41:22] [data] Shuffling data
[2026-07-26 02:41:22] [data] Done reading 20,000 sentences
[2026-07-26 02:41:22] [data] Done shuffling 20,000 sentences to temp files
[2026-07-26 02:41:26] Seen 20,000 samples
[2026-07-26 02:41:26] Starting data epoch 849 in logical epoch 849
[2026-07-26 02:41:26] [data] Shuffling data
[2026-07-26 02:41:26] [data] Done reading 20,000 sentences
[2026-07-26 02:41:26] [data] Done shuffling 20,000 sentences to temp files
[2026-07-26 02:41:30] Seen 20,000 samples
[2026-07-26 02:41:30] Starting data epoch 850 in logical epoch 850
[2026-07-26 02:41:30] [data] Shuffling data
[2026-07-26 02:41:30] [data] Done reading 20,000 sentences
[2026-07-26 02:41:30] [data] Done shuffling 20,000 sentences to temp files
[2026-07-26 02:41:31] Ep. 850 : Up. 53500 : Sen. 4,069 : Cost 1.11345625 * 612,943 @ 999 after 65,681,700 : Time 30.35s : 20199.08 words/s : gNorm 0.3085 : L.r. 1.6406e-04
[2026-07-26 02:41:34] Seen 20,000 samples
[2026-07-26 02:41:34] Starting data epoch 851 in logical epoch 851
[2026-07-26 02:41:34] [data] Shuffling data
[2026-07-26 02:41:34] [data] Done reading 20,000 sentences
[2026-07-26 02:41:34] [data] Done shuffling 20,000 sentences to temp files
[2026-07-26 02:41:38] Seen 20,000 samples
[2026-07-26 02:41:38] Starting data epoch 852 in logical epoch 852
[2026-07-26 02:41:38] [data] Shuffling data
[2026-07-26 02:41:38] [data] Done reading 20,000 sentences
[2026-07-26 02:41:38] [data] Done shuffling 20,000 sentences to temp files
[2026-07-26 02:41:42] Seen 20,000 samples
[2026-07-26 02:41:42] Starting data epoch 853 in logical epoch 853
[2026-07-26 02:41:42] [data] Shuffling data
[2026-07-26 02:41:42] [data] Done reading 20,000 sentences
[2026-07-26 02:41:42] [data] Done shuffling 20,000 sentences to temp files
[2026-07-26 02:41:45] Seen 20,000 samples
[2026-07-26 02:41:45] Starting data epoch 854 in logical epoch 854
[2026-07-26 02:41:45] [data] Shuffling data
[2026-07-26 02:41:45] [data] Done reading 20,000 sentences
[2026-07-26 02:41:45] [data] Done shuffling 20,000 sentences to temp files
[2026-07-26 02:41:49] Seen 20,000 samples
[2026-07-26 02:41:49] Starting data epoch 855 in logical epoch 855
[2026-07-26 02:41:49] [data] Shuffling data
[2026-07-26 02:41:49] [data] Done reading 20,000 sentences
[2026-07-26 02:41:49] [data] Done shuffling 20,000 sentences to temp files
[2026-07-26 02:41:53] Seen 20,000 samples
[2026-07-26 02:41:53] Starting data epoch 856 in logical epoch 856
[2026-07-26 02:41:53] [data] Shuffling data
[2026-07-26 02:41:53] [data] Done reading 20,000 sentences
[2026-07-26 02:41:53] [data] Done shuffling 20,000 sentences to temp files
[2026-07-26 02:41:57] Seen 20,000 samples
[2026-07-26 02:41:57] Starting data epoch 857 in logical epoch 857
[2026-07-26 02:41:57] [data] Shuffling data
[2026-07-26 02:41:57] [data] Done reading 20,000 sentences
[2026-07-26 02:41:57] [data] Done shuffling 20,000 sentences to temp files
[2026-07-26 02:42:01] Seen 20,000 samples
[2026-07-26 02:42:01] Starting data epoch 858 in logical epoch 858
[2026-07-26 02:42:01] [data] Shuffling data
[2026-07-26 02:42:01] [data] Done reading 20,000 sentences
[2026-07-26 02:42:01] [data] Done shuffling 20,000 sentences to temp files
[2026-07-26 02:42:01] Ep. 858 : Up. 54000 : Sen. 2,997 : Cost 1.11348462 * 615,435 @ 1,332 after 66,297,135 : Time 30.22s : 20361.96 words/s : gNorm 0.4740 : L.r. 1.6330e-04
[2026-07-26 02:42:04] Seen 20,000 samples
[2026-07-26 02:42:04] Starting data epoch 859 in logical epoch 859
[2026-07-26 02:42:04] [data] Shuffling data
[2026-07-26 02:42:04] [data] Done reading 20,000 sentences
[2026-07-26 02:42:04] [data] Done shuffling 20,000 sentences to temp files
[2026-07-26 02:42:08] Seen 20,000 samples
[2026-07-26 02:42:08] Starting data epoch 860 in logical epoch 860
[2026-07-26 02:42:08] [data] Shuffling data
[2026-07-26 02:42:08] [data] Done reading 20,000 sentences
[2026-07-26 02:42:08] [data] Done shuffling 20,000 sentences to temp files
[2026-07-26 02:42:12] Seen 20,000 samples
[2026-07-26 02:42:12] Starting data epoch 861 in logical epoch 861
[2026-07-26 02:42:12] [data] Shuffling data
[2026-07-26 02:42:12] [data] Done reading 20,000 sentences
[2026-07-26 02:42:12] [data] Done shuffling 20,000 sentences to temp files
[2026-07-26 02:42:16] Seen 20,000 samples
[2026-07-26 02:42:16] Starting data epoch 862 in logical epoch 862
[2026-07-26 02:42:16] [data] Shuffling data
[2026-07-26 02:42:16] [data] Done reading 20,000 sentences
[2026-07-26 02:42:16] [data] Done shuffling 20,000 sentences to temp files
[2026-07-26 02:42:20] Seen 20,000 samples
[2026-07-26 02:42:20] Starting data epoch 863 in logical epoch 863
[2026-07-26 02:42:20] [data] Shuffling data
[2026-07-26 02:42:20] [data] Done reading 20,000 sentences
[2026-07-26 02:42:20] [data] Done shuffling 20,000 sentences to temp files
[2026-07-26 02:42:24] Seen 20,000 samples
[2026-07-26 02:42:24] Starting data epoch 864 in logical epoch 864
[2026-07-26 02:42:24] [data] Shuffling data
[2026-07-26 02:42:24] [data] Done reading 20,000 sentences
[2026-07-26 02:42:24] [data] Done shuffling 20,000 sentences to temp files
[2026-07-26 02:42:27] Seen 20,000 samples
[2026-07-26 02:42:27] Starting data epoch 865 in logical epoch 865
[2026-07-26 02:42:27] [data] Shuffling data
[2026-07-26 02:42:27] [data] Done reading 20,000 sentences
[2026-07-26 02:42:27] [data] Done shuffling 20,000 sentences to temp files
[2026-07-26 02:42:31] Seen 20,000 samples
[2026-07-26 02:42:31] Starting data epoch 866 in logical epoch 866
[2026-07-26 02:42:31] [data] Shuffling data
[2026-07-26 02:42:31] [data] Done reading 20,000 sentences
[2026-07-26 02:42:31] [data] Done shuffling 20,000 sentences to temp files
[2026-07-26 02:42:32] Ep. 866 : Up. 54500 : Sen. 1,575 : Cost 1.11313641 * 612,347 @ 1,665 after 66,909,482 : Time 30.48s : 20090.69 words/s : gNorm 0.2500 : L.r. 1.6255e-04
[2026-07-26 02:42:35] Seen 20,000 samples
[2026-07-26 02:42:35] Starting data epoch 867 in logical epoch 867
[2026-07-26 02:42:35] [data] Shuffling data
[2026-07-26 02:42:35] [data] Done reading 20,000 sentences
[2026-07-26 02:42:35] [data] Done shuffling 20,000 sentences to temp files
[2026-07-26 02:42:39] Seen 20,000 samples
[2026-07-26 02:42:39] Starting data epoch 868 in logical epoch 868
[2026-07-26 02:42:39] [data] Shuffling data
[2026-07-26 02:42:39] [data] Done reading 20,000 sentences
[2026-07-26 02:42:39] [data] Done shuffling 20,000 sentences to temp files
[2026-07-26 02:42:43] Seen 20,000 samples
[2026-07-26 02:42:43] Starting data epoch 869 in logical epoch 869
[2026-07-26 02:42:43] [data] Shuffling data
[2026-07-26 02:42:43] [data] Done reading 20,000 sentences
[2026-07-26 02:42:43] [data] Done shuffling 20,000 sentences to temp files
[2026-07-26 02:42:46] Seen 20,000 samples
[2026-07-26 02:42:46] Starting data epoch 870 in logical epoch 870
[2026-07-26 02:42:46] [data] Shuffling data
[2026-07-26 02:42:46] [data] Done reading 20,000 sentences
[2026-07-26 02:42:46] [data] Done shuffling 20,000 sentences to temp files
[2026-07-26 02:42:50] Seen 20,000 samples
[2026-07-26 02:42:50] Starting data epoch 871 in logical epoch 871
[2026-07-26 02:42:50] [data] Shuffling data
[2026-07-26 02:42:50] [data] Done reading 20,000 sentences
[2026-07-26 02:42:50] [data] Done shuffling 20,000 sentences to temp files
[2026-07-26 02:42:54] Seen 20,000 samples
[2026-07-26 02:42:54] Starting data epoch 872 in logical epoch 872
[2026-07-26 02:42:54] [data] Shuffling data
[2026-07-26 02:42:54] [data] Done reading 20,000 sentences
[2026-07-26 02:42:54] [data] Done shuffling 20,000 sentences to temp files
[2026-07-26 02:42:58] Seen 20,000 samples
[2026-07-26 02:42:58] Starting data epoch 873 in logical epoch 873
[2026-07-26 02:42:58] [data] Shuffling data
[2026-07-26 02:42:58] [data] Done reading 20,000 sentences
[2026-07-26 02:42:58] [data] Done shuffling 20,000 sentences to temp files
[2026-07-26 02:43:02] Seen 20,000 samples
[2026-07-26 02:43:02] Starting data epoch 874 in logical epoch 874
[2026-07-26 02:43:02] [data] Shuffling data
[2026-07-26 02:43:02] [data] Done reading 20,000 sentences
[2026-07-26 02:43:02] [data] Done shuffling 20,000 sentences to temp files
[2026-07-26 02:43:02] Ep. 874 : Up. 55000 : Sen. 243 : Cost 1.11335635 * 613,432 @ 729 after 67,522,914 : Time 30.06s : 20406.11 words/s : gNorm 0.3538 : L.r. 1.6181e-04
[2026-07-26 02:43:02] Saving model weights and runtime parameters to /d/Job_Requirements/PracticalProjectsFromDrYe/AIE-F/assignment-submission/class-22/TheinGiKyaw_Assignment7/model.transformer.phmy/model.iter55000.npz
[2026-07-26 02:43:02] Saving model weights and runtime parameters to /d/Job_Requirements/PracticalProjectsFromDrYe/AIE-F/assignment-submission/class-22/TheinGiKyaw_Assignment7/model.transformer.phmy/model.npz
[2026-07-26 02:43:03] Saving Adam parameters
[2026-07-26 02:43:03] [training] Saving training checkpoint to /d/Job_Requirements/PracticalProjectsFromDrYe/AIE-F/assignment-submission/class-22/TheinGiKyaw_Assignment7/model.transformer.phmy/model.npz and /d/Job_Requirements/PracticalProjectsFromDrYe/AIE-F/assignment-submission/class-22/TheinGiKyaw_Assignment7/model.transformer.phmy/model.npz.optimizer.npz
[2026-07-26 02:43:04] [valid] Ep. 874 : Up. 55000 : cross-entropy : 2.82866 : stalled 10 times (last best: 1.85265)
[2026-07-26 02:43:05] [valid] Ep. 874 : Up. 55000 : perplexity : 2.08748 : stalled 10 times (last best: 1.61935)
[2026-07-26 02:43:06] [valid] Ep. 874 : Up. 55000 : bleu : 75.6003 : stalled 7 times (last best: 76.1433)
[2026-07-26 02:43:06] Training finished
[2026-07-26 02:43:06] Saving model weights and runtime parameters to /d/Job_Requirements/PracticalProjectsFromDrYe/AIE-F/assignment-submission/class-22/TheinGiKyaw_Assignment7/model.transformer.phmy/model.npz
[2026-07-26 02:43:07] Saving Adam parameters
[2026-07-26 02:43:07] [training] Saving training checkpoint to /d/Job_Requirements/PracticalProjectsFromDrYe/AIE-F/assignment-submission/class-22/TheinGiKyaw_Assignment7/model.transformer.phmy/model.npz and /d/Job_Requirements/PracticalProjectsFromDrYe/AIE-F/assignment-submission/class-22/TheinGiKyaw_Assignment7/model.transformer.phmy/model.npz.optimizer.npz
