[2026-07-24 00:52:06] [marian] Marian v1.12.0 65bf82ff 2023-02-21 09:56:29 -0800
[2026-07-24 00:52:06] [marian] Running on LAPTOP-9DLBHLIH as process 4871 with command line:
[2026-07-24 00:52:06] [marian] marian -c /mnt/d/Job_Requirements/PracticalProjectsFromDrYe/AIE-F/assignment-submission/class-22/TheinGiKyaw_Assignment7/model.seq2seq.phmy/config.yml
[2026-07-24 00:52:06] [config] after: 0e
[2026-07-24 00:52:06] [config] after-batches: 0
[2026-07-24 00:52:06] [config] after-epochs: 0
[2026-07-24 00:52:06] [config] all-caps-every: 0
[2026-07-24 00:52:06] [config] allow-unk: false
[2026-07-24 00:52:06] [config] authors: false
[2026-07-24 00:52:06] [config] beam-size: 12
[2026-07-24 00:52:06] [config] bert-class-symbol: "[CLS]"
[2026-07-24 00:52:06] [config] bert-mask-symbol: "[MASK]"
[2026-07-24 00:52:06] [config] bert-masking-fraction: 0.15
[2026-07-24 00:52:06] [config] bert-sep-symbol: "[SEP]"
[2026-07-24 00:52:06] [config] bert-train-type-embeddings: true
[2026-07-24 00:52:06] [config] bert-type-vocab-size: 2
[2026-07-24 00:52:06] [config] build-info: ""
[2026-07-24 00:52:06] [config] check-gradient-nan: false
[2026-07-24 00:52:06] [config] check-nan: false
[2026-07-24 00:52:06] [config] cite: false
[2026-07-24 00:52:06] [config] clip-norm: 1
[2026-07-24 00:52:06] [config] cost-scaling:
[2026-07-24 00:52:06] [config]   []
[2026-07-24 00:52:06] [config] cost-type: ce-sum
[2026-07-24 00:52:06] [config] cpu-threads: 4
[2026-07-24 00:52:06] [config] data-threads: 8
[2026-07-24 00:52:06] [config] data-weighting: ""
[2026-07-24 00:52:06] [config] data-weighting-type: sentence
[2026-07-24 00:52:06] [config] dec-cell: lstm
[2026-07-24 00:52:06] [config] dec-cell-base-depth: 2
[2026-07-24 00:52:06] [config] dec-cell-high-depth: 2
[2026-07-24 00:52:06] [config] dec-depth: 2
[2026-07-24 00:52:06] [config] devices:
[2026-07-24 00:52:06] [config]   - 0
[2026-07-24 00:52:06] [config] dim-emb: 512
[2026-07-24 00:52:06] [config] dim-rnn: 1024
[2026-07-24 00:52:06] [config] dim-vocabs:
[2026-07-24 00:52:06] [config]   - 0
[2026-07-24 00:52:06] [config]   - 0
[2026-07-24 00:52:06] [config] disp-first: 0
[2026-07-24 00:52:06] [config] disp-freq: 500
[2026-07-24 00:52:06] [config] disp-label-counts: true
[2026-07-24 00:52:06] [config] dropout-rnn: 0.3
[2026-07-24 00:52:06] [config] dropout-src: 0.3
[2026-07-24 00:52:06] [config] dropout-trg: 0
[2026-07-24 00:52:06] [config] dump-config: ""
[2026-07-24 00:52:06] [config] dynamic-gradient-scaling:
[2026-07-24 00:52:06] [config]   []
[2026-07-24 00:52:06] [config] early-stopping: 10
[2026-07-24 00:52:06] [config] early-stopping-on: first
[2026-07-24 00:52:06] [config] embedding-fix-src: false
[2026-07-24 00:52:06] [config] embedding-fix-trg: false
[2026-07-24 00:52:06] [config] embedding-normalization: false
[2026-07-24 00:52:06] [config] embedding-vectors:
[2026-07-24 00:52:06] [config]   []
[2026-07-24 00:52:06] [config] enc-cell: lstm
[2026-07-24 00:52:06] [config] enc-cell-depth: 2
[2026-07-24 00:52:06] [config] enc-depth: 2
[2026-07-24 00:52:06] [config] enc-type: alternating
[2026-07-24 00:52:06] [config] english-title-case-every: 0
[2026-07-24 00:52:06] [config] exponential-smoothing: 0.0001
[2026-07-24 00:52:06] [config] factor-weight: 1
[2026-07-24 00:52:06] [config] factors-combine: sum
[2026-07-24 00:52:06] [config] factors-dim-emb: 0
[2026-07-24 00:52:06] [config] gradient-checkpointing: false
[2026-07-24 00:52:06] [config] gradient-norm-average-window: 100
[2026-07-24 00:52:06] [config] guided-alignment: none
[2026-07-24 00:52:06] [config] guided-alignment-cost: ce
[2026-07-24 00:52:06] [config] guided-alignment-weight: 0.1
[2026-07-24 00:52:06] [config] ignore-model-config: false
[2026-07-24 00:52:06] [config] input-types:
[2026-07-24 00:52:06] [config]   []
[2026-07-24 00:52:06] [config] interpolate-env-vars: false
[2026-07-24 00:52:06] [config] keep-best: false
[2026-07-24 00:52:06] [config] label-smoothing: 0
[2026-07-24 00:52:06] [config] layer-normalization: true
[2026-07-24 00:52:06] [config] learn-rate: 0.0001
[2026-07-24 00:52:06] [config] lemma-dependency: ""
[2026-07-24 00:52:06] [config] lemma-dim-emb: 0
[2026-07-24 00:52:06] [config] log: /mnt/d/Job_Requirements/PracticalProjectsFromDrYe/AIE-F/assignment-submission/class-22/TheinGiKyaw_Assignment7/model.seq2seq.phmy/train.log
[2026-07-24 00:52:06] [config] log-level: info
[2026-07-24 00:52:06] [config] log-time-zone: ""
[2026-07-24 00:52:06] [config] logical-epoch:
[2026-07-24 00:52:06] [config]   - 1e
[2026-07-24 00:52:06] [config]   - 0
[2026-07-24 00:52:06] [config] lr-decay: 0
[2026-07-24 00:52:06] [config] lr-decay-freq: 50000
[2026-07-24 00:52:06] [config] lr-decay-inv-sqrt:
[2026-07-24 00:52:06] [config]   - 0
[2026-07-24 00:52:06] [config] lr-decay-repeat-warmup: false
[2026-07-24 00:52:06] [config] lr-decay-reset-optimizer: false
[2026-07-24 00:52:06] [config] lr-decay-start:
[2026-07-24 00:52:06] [config]   - 10
[2026-07-24 00:52:06] [config]   - 1
[2026-07-24 00:52:06] [config] lr-decay-strategy: epoch+stalled
[2026-07-24 00:52:06] [config] lr-report: false
[2026-07-24 00:52:06] [config] lr-warmup: 0
[2026-07-24 00:52:06] [config] lr-warmup-at-reload: false
[2026-07-24 00:52:06] [config] lr-warmup-cycle: false
[2026-07-24 00:52:06] [config] lr-warmup-start-rate: 0
[2026-07-24 00:52:06] [config] max-length: 200
[2026-07-24 00:52:06] [config] max-length-crop: false
[2026-07-24 00:52:06] [config] max-length-factor: 3
[2026-07-24 00:52:06] [config] maxi-batch: 100
[2026-07-24 00:52:06] [config] maxi-batch-sort: trg
[2026-07-24 00:52:06] [config] mini-batch: 64
[2026-07-24 00:52:06] [config] mini-batch-fit: true
[2026-07-24 00:52:06] [config] mini-batch-fit-step: 10
[2026-07-24 00:52:06] [config] mini-batch-round-up: true
[2026-07-24 00:52:06] [config] mini-batch-track-lr: false
[2026-07-24 00:52:06] [config] mini-batch-warmup: 0
[2026-07-24 00:52:06] [config] mini-batch-words: 0
[2026-07-24 00:52:06] [config] mini-batch-words-ref: 0
[2026-07-24 00:52:06] [config] model: /mnt/d/Job_Requirements/PracticalProjectsFromDrYe/AIE-F/assignment-submission/class-22/TheinGiKyaw_Assignment7/model.seq2seq.phmy/model.npz
[2026-07-24 00:52:06] [config] multi-loss-type: sum
[2026-07-24 00:52:06] [config] n-best: false
[2026-07-24 00:52:06] [config] no-reload: false
[2026-07-24 00:52:06] [config] no-restore-corpus: false
[2026-07-24 00:52:06] [config] normalize: 0
[2026-07-24 00:52:06] [config] normalize-gradient: false
[2026-07-24 00:52:06] [config] num-devices: 0
[2026-07-24 00:52:06] [config] optimizer: adam
[2026-07-24 00:52:06] [config] optimizer-delay: 1
[2026-07-24 00:52:06] [config] optimizer-params:
[2026-07-24 00:52:06] [config]   []
[2026-07-24 00:52:06] [config] output-omit-bias: false
[2026-07-24 00:52:06] [config] overwrite: false
[2026-07-24 00:52:06] [config] precision:
[2026-07-24 00:52:06] [config]   - float32
[2026-07-24 00:52:06] [config]   - float32
[2026-07-24 00:52:06] [config] pretrained-model: ""
[2026-07-24 00:52:06] [config] quantize-biases: false
[2026-07-24 00:52:06] [config] quantize-bits: 0
[2026-07-24 00:52:06] [config] quantize-log-based: false
[2026-07-24 00:52:06] [config] quantize-optimization-steps: 0
[2026-07-24 00:52:06] [config] quiet: false
[2026-07-24 00:52:06] [config] quiet-translation: false
[2026-07-24 00:52:06] [config] relative-paths: false
[2026-07-24 00:52:06] [config] right-left: false
[2026-07-24 00:52:06] [config] save-freq: 5000
[2026-07-24 00:52:06] [config] seed: 1111
[2026-07-24 00:52:06] [config] sentencepiece-alphas:
[2026-07-24 00:52:06] [config]   []
[2026-07-24 00:52:06] [config] sentencepiece-max-lines: 2000000
[2026-07-24 00:52:06] [config] sentencepiece-options: ""
[2026-07-24 00:52:06] [config] shuffle: data
[2026-07-24 00:52:06] [config] shuffle-in-ram: false
[2026-07-24 00:52:06] [config] sigterm: save-and-exit
[2026-07-24 00:52:06] [config] skip: true
[2026-07-24 00:52:06] [config] sqlite: ""
[2026-07-24 00:52:06] [config] sqlite-drop: false
[2026-07-24 00:52:06] [config] sync-sgd: false
[2026-07-24 00:52:06] [config] tempdir: /tmp
[2026-07-24 00:52:06] [config] tied-embeddings: true
[2026-07-24 00:52:06] [config] tied-embeddings-all: false
[2026-07-24 00:52:06] [config] tied-embeddings-src: false
[2026-07-24 00:52:06] [config] train-embedder-rank:
[2026-07-24 00:52:06] [config]   []
[2026-07-24 00:52:06] [config] train-sets:
[2026-07-24 00:52:06] [config]   - /mnt/d/Job_Requirements/PracticalProjectsFromDrYe/AIE-F/assignment-submission/class-22/TheinGiKyaw_Assignment7/g2p-par/train.ph
[2026-07-24 00:52:06] [config]   - /mnt/d/Job_Requirements/PracticalProjectsFromDrYe/AIE-F/assignment-submission/class-22/TheinGiKyaw_Assignment7/g2p-par/train.my
[2026-07-24 00:52:06] [config] transformer-aan-activation: swish
[2026-07-24 00:52:06] [config] transformer-aan-depth: 2
[2026-07-24 00:52:06] [config] transformer-aan-nogate: false
[2026-07-24 00:52:06] [config] transformer-decoder-autoreg: self-attention
[2026-07-24 00:52:06] [config] transformer-decoder-dim-ffn: 0
[2026-07-24 00:52:06] [config] transformer-decoder-ffn-depth: 0
[2026-07-24 00:52:06] [config] transformer-depth-scaling: false
[2026-07-24 00:52:06] [config] transformer-dim-aan: 2048
[2026-07-24 00:52:06] [config] transformer-dim-ffn: 2048
[2026-07-24 00:52:06] [config] transformer-dropout: 0
[2026-07-24 00:52:06] [config] transformer-dropout-attention: 0
[2026-07-24 00:52:06] [config] transformer-dropout-ffn: 0
[2026-07-24 00:52:06] [config] transformer-ffn-activation: swish
[2026-07-24 00:52:06] [config] transformer-ffn-depth: 2
[2026-07-24 00:52:06] [config] transformer-guided-alignment-layer: last
[2026-07-24 00:52:06] [config] transformer-heads: 8
[2026-07-24 00:52:06] [config] transformer-no-projection: false
[2026-07-24 00:52:06] [config] transformer-pool: false
[2026-07-24 00:52:06] [config] transformer-postprocess: dan
[2026-07-24 00:52:06] [config] transformer-postprocess-emb: d
[2026-07-24 00:52:06] [config] transformer-postprocess-top: ""
[2026-07-24 00:52:06] [config] transformer-preprocess: ""
[2026-07-24 00:52:06] [config] transformer-rnn-projection: false
[2026-07-24 00:52:06] [config] transformer-tied-layers:
[2026-07-24 00:52:06] [config]   []
[2026-07-24 00:52:06] [config] transformer-train-position-embeddings: false
[2026-07-24 00:52:06] [config] tsv: false
[2026-07-24 00:52:06] [config] tsv-fields: 0
[2026-07-24 00:52:06] [config] type: s2s
[2026-07-24 00:52:06] [config] ulr: false
[2026-07-24 00:52:06] [config] ulr-dim-emb: 0
[2026-07-24 00:52:06] [config] ulr-dropout: 0
[2026-07-24 00:52:06] [config] ulr-keys-vectors: ""
[2026-07-24 00:52:06] [config] ulr-query-vectors: ""
[2026-07-24 00:52:06] [config] ulr-softmax-temperature: 1
[2026-07-24 00:52:06] [config] ulr-trainable-transformation: false
[2026-07-24 00:52:06] [config] unlikelihood-loss: false
[2026-07-24 00:52:06] [config] valid-freq: 5000
[2026-07-24 00:52:06] [config] valid-log: /mnt/d/Job_Requirements/PracticalProjectsFromDrYe/AIE-F/assignment-submission/class-22/TheinGiKyaw_Assignment7/model.seq2seq.phmy/valid.log
[2026-07-24 00:52:06] [config] valid-max-length: 1000
[2026-07-24 00:52:06] [config] valid-metrics:
[2026-07-24 00:52:06] [config]   - cross-entropy
[2026-07-24 00:52:06] [config]   - perplexity
[2026-07-24 00:52:06] [config]   - bleu
[2026-07-24 00:52:06] [config] valid-mini-batch: 32
[2026-07-24 00:52:06] [config] valid-reset-all: false
[2026-07-24 00:52:06] [config] valid-reset-stalled: false
[2026-07-24 00:52:06] [config] valid-script-args:
[2026-07-24 00:52:06] [config]   []
[2026-07-24 00:52:06] [config] valid-script-path: ""
[2026-07-24 00:52:06] [config] valid-sets:
[2026-07-24 00:52:06] [config]   - /mnt/d/Job_Requirements/PracticalProjectsFromDrYe/AIE-F/assignment-submission/class-22/TheinGiKyaw_Assignment7/g2p-par/dev.ph
[2026-07-24 00:52:06] [config]   - /mnt/d/Job_Requirements/PracticalProjectsFromDrYe/AIE-F/assignment-submission/class-22/TheinGiKyaw_Assignment7/g2p-par/dev.my
[2026-07-24 00:52:06] [config] valid-translation-output: ""
[2026-07-24 00:52:06] [config] vocabs:
[2026-07-24 00:52:06] [config]   - /mnt/d/Job_Requirements/PracticalProjectsFromDrYe/AIE-F/assignment-submission/class-22/TheinGiKyaw_Assignment7/g2p-par/vocab/vocab.ph.yml
[2026-07-24 00:52:06] [config]   - /mnt/d/Job_Requirements/PracticalProjectsFromDrYe/AIE-F/assignment-submission/class-22/TheinGiKyaw_Assignment7/g2p-par/vocab/vocab.my.yml
[2026-07-24 00:52:06] [config] word-penalty: 0
[2026-07-24 00:52:06] [config] word-scores: false
[2026-07-24 00:52:06] [config] workspace: 500
[2026-07-24 00:52:06] [config] Model is being created with Marian v1.12.0 65bf82ff 2023-02-21 09:56:29 -0800
[2026-07-24 00:52:06] Using asynchronous training
[2026-07-24 00:52:06] [comm] Compiled without MPI support. Running as a single process on LAPTOP-9DLBHLIH
[2026-07-24 00:52:06] Synced seed 1111
[2026-07-24 00:52:06] [data] Loading vocabulary from JSON/Yaml file /mnt/d/Job_Requirements/PracticalProjectsFromDrYe/AIE-F/assignment-submission/class-22/TheinGiKyaw_Assignment7/g2p-par/vocab/vocab.ph.yml
[2026-07-24 00:52:06] [data] Setting vocabulary size for input 0 to 1,851
[2026-07-24 00:52:06] [data] Loading vocabulary from JSON/Yaml file /mnt/d/Job_Requirements/PracticalProjectsFromDrYe/AIE-F/assignment-submission/class-22/TheinGiKyaw_Assignment7/g2p-par/vocab/vocab.my.yml
[2026-07-24 00:52:06] [data] Setting vocabulary size for input 1 to 2,300
[2026-07-24 00:52:06] [batching] Collecting statistics for batch fitting with step size 10
[2026-07-24 00:52:06] [memory] Extending reserved space to 512 MB (device cpu0)
[2026-07-24 00:52:06] [memory] Extending reserved space to 512 MB (device cpu1)
[2026-07-24 00:52:06] [memory] Extending reserved space to 512 MB (device cpu2)
[2026-07-24 00:52:06] [memory] Extending reserved space to 512 MB (device cpu3)
[2026-07-24 00:52:06] [training] Using 4 CPUs
[2026-07-24 00:52:06] [logits] Applying loss function for 1 factor(s)
[2026-07-24 00:52:06] [memory] Reserving 343 MB, device cpu0
[2026-07-24 00:52:06] Error: You need to compile with MKL in order to use the CPU version
[2026-07-24 00:52:06] Error: Aborted from void marian::cpu::Prod(marian::Tensor, const Tensor&, const Tensor&, bool, bool, float, float) in /home/gi/marian/src/tensors/cpu/prod.cpp:68

[CALL STACK]
[0x5e62885722c3]    marian::cpu::  Prod  (IntrusivePtr<marian::TensorBase>,  IntrusivePtr<marian::TensorBase> const&,  IntrusivePtr<marian::TensorBase> const&,  bool,  bool,  float,  float) + 0x263
[0x5e628807af6c]    std::_Function_handler<void (),marian::DotNodeOp::forwardOps()::{lambda()#1}>::  _M_invoke  (std::_Any_data const&) + 0xec
[0x5e628817e1f6]    marian::Node::  forward  ()                        + 0x176
[0x5e628802c309]    marian::ExpressionGraph::  forward  (std::__cxx11::list<IntrusivePtr<marian::Chainable<IntrusivePtr<marian::TensorBase>>>,std::allocator<IntrusivePtr<marian::Chainable<IntrusivePtr<marian::TensorBase>>>>>&,  bool) + 0x1e9
[0x5e6288358013]    marian::GraphGroup::  collectStats  (std::shared_ptr<marian::ExpressionGraph>,  std::shared_ptr<marian::models::ICriterionFunction>,  std::vector<std::shared_ptr<marian::Vocab>,std::allocator<std::shared_ptr<marian::Vocab>>> const&,  double) + 0xba3
[0x5e6287e3d710]    marian::Train<marian::AsyncGraphGroup>::  run  ()  + 0x1e50
[0x5e6287d584a5]    mainTrainer  (int,  char**)                        + 0x2d5
[0x77d70ba29d90]                                                       + 0x29d90
[0x77d70ba29e40]    __libc_start_main                                  + 0x80
[0x5e6287d51035]    _start                                             + 0x25

[2026-07-24 00:58:08] [marian] Marian v1.12.0 65bf82ff 2023-02-21 09:56:29 -0800
[2026-07-24 00:58:08] [marian] Running on LAPTOP-9DLBHLIH as process 4930 with command line:
[2026-07-24 00:58:08] [marian] marian -c /mnt/d/Job_Requirements/PracticalProjectsFromDrYe/AIE-F/assignment-submission/class-22/TheinGiKyaw_Assignment7/model.seq2seq.phmy/config.yml
[2026-07-24 00:58:08] [config] after: 0e
[2026-07-24 00:58:08] [config] after-batches: 0
[2026-07-24 00:58:08] [config] after-epochs: 0
[2026-07-24 00:58:08] [config] all-caps-every: 0
[2026-07-24 00:58:08] [config] allow-unk: false
[2026-07-24 00:58:08] [config] authors: false
[2026-07-24 00:58:08] [config] beam-size: 12
[2026-07-24 00:58:08] [config] bert-class-symbol: "[CLS]"
[2026-07-24 00:58:08] [config] bert-mask-symbol: "[MASK]"
[2026-07-24 00:58:08] [config] bert-masking-fraction: 0.15
[2026-07-24 00:58:08] [config] bert-sep-symbol: "[SEP]"
[2026-07-24 00:58:08] [config] bert-train-type-embeddings: true
[2026-07-24 00:58:08] [config] bert-type-vocab-size: 2
[2026-07-24 00:58:08] [config] build-info: ""
[2026-07-24 00:58:08] [config] check-gradient-nan: false
[2026-07-24 00:58:08] [config] check-nan: false
[2026-07-24 00:58:08] [config] cite: false
[2026-07-24 00:58:08] [config] clip-norm: 1
[2026-07-24 00:58:08] [config] cost-scaling:
[2026-07-24 00:58:08] [config]   []
[2026-07-24 00:58:08] [config] cost-type: ce-sum
[2026-07-24 00:58:08] [config] cpu-threads: 4
[2026-07-24 00:58:08] [config] data-threads: 8
[2026-07-24 00:58:08] [config] data-weighting: ""
[2026-07-24 00:58:08] [config] data-weighting-type: sentence
[2026-07-24 00:58:08] [config] dec-cell: lstm
[2026-07-24 00:58:08] [config] dec-cell-base-depth: 2
[2026-07-24 00:58:08] [config] dec-cell-high-depth: 2
[2026-07-24 00:58:08] [config] dec-depth: 2
[2026-07-24 00:58:08] [config] devices:
[2026-07-24 00:58:08] [config]   - 0
[2026-07-24 00:58:08] [config] dim-emb: 512
[2026-07-24 00:58:08] [config] dim-rnn: 1024
[2026-07-24 00:58:08] [config] dim-vocabs:
[2026-07-24 00:58:08] [config]   - 0
[2026-07-24 00:58:08] [config]   - 0
[2026-07-24 00:58:08] [config] disp-first: 0
[2026-07-24 00:58:08] [config] disp-freq: 500
[2026-07-24 00:58:08] [config] disp-label-counts: true
[2026-07-24 00:58:08] [config] dropout-rnn: 0.3
[2026-07-24 00:58:08] [config] dropout-src: 0.3
[2026-07-24 00:58:08] [config] dropout-trg: 0
[2026-07-24 00:58:08] [config] dump-config: ""
[2026-07-24 00:58:08] [config] dynamic-gradient-scaling:
[2026-07-24 00:58:08] [config]   []
[2026-07-24 00:58:08] [config] early-stopping: 10
[2026-07-24 00:58:08] [config] early-stopping-on: first
[2026-07-24 00:58:08] [config] embedding-fix-src: false
[2026-07-24 00:58:08] [config] embedding-fix-trg: false
[2026-07-24 00:58:08] [config] embedding-normalization: false
[2026-07-24 00:58:08] [config] embedding-vectors:
[2026-07-24 00:58:08] [config]   []
[2026-07-24 00:58:08] [config] enc-cell: lstm
[2026-07-24 00:58:08] [config] enc-cell-depth: 2
[2026-07-24 00:58:08] [config] enc-depth: 2
[2026-07-24 00:58:08] [config] enc-type: alternating
[2026-07-24 00:58:08] [config] english-title-case-every: 0
[2026-07-24 00:58:08] [config] exponential-smoothing: 0.0001
[2026-07-24 00:58:08] [config] factor-weight: 1
[2026-07-24 00:58:08] [config] factors-combine: sum
[2026-07-24 00:58:08] [config] factors-dim-emb: 0
[2026-07-24 00:58:08] [config] gradient-checkpointing: false
[2026-07-24 00:58:08] [config] gradient-norm-average-window: 100
[2026-07-24 00:58:08] [config] guided-alignment: none
[2026-07-24 00:58:08] [config] guided-alignment-cost: ce
[2026-07-24 00:58:08] [config] guided-alignment-weight: 0.1
[2026-07-24 00:58:08] [config] ignore-model-config: false
[2026-07-24 00:58:08] [config] input-types:
[2026-07-24 00:58:08] [config]   []
[2026-07-24 00:58:08] [config] interpolate-env-vars: false
[2026-07-24 00:58:08] [config] keep-best: false
[2026-07-24 00:58:08] [config] label-smoothing: 0
[2026-07-24 00:58:08] [config] layer-normalization: true
[2026-07-24 00:58:08] [config] learn-rate: 0.0001
[2026-07-24 00:58:08] [config] lemma-dependency: ""
[2026-07-24 00:58:08] [config] lemma-dim-emb: 0
[2026-07-24 00:58:08] [config] log: /mnt/d/Job_Requirements/PracticalProjectsFromDrYe/AIE-F/assignment-submission/class-22/TheinGiKyaw_Assignment7/model.seq2seq.phmy/train.log
[2026-07-24 00:58:08] [config] log-level: info
[2026-07-24 00:58:08] [config] log-time-zone: ""
[2026-07-24 00:58:08] [config] logical-epoch:
[2026-07-24 00:58:08] [config]   - 1e
[2026-07-24 00:58:08] [config]   - 0
[2026-07-24 00:58:08] [config] lr-decay: 0
[2026-07-24 00:58:08] [config] lr-decay-freq: 50000
[2026-07-24 00:58:08] [config] lr-decay-inv-sqrt:
[2026-07-24 00:58:08] [config]   - 0
[2026-07-24 00:58:08] [config] lr-decay-repeat-warmup: false
[2026-07-24 00:58:08] [config] lr-decay-reset-optimizer: false
[2026-07-24 00:58:08] [config] lr-decay-start:
[2026-07-24 00:58:08] [config]   - 10
[2026-07-24 00:58:08] [config]   - 1
[2026-07-24 00:58:08] [config] lr-decay-strategy: epoch+stalled
[2026-07-24 00:58:08] [config] lr-report: false
[2026-07-24 00:58:08] [config] lr-warmup: 0
[2026-07-24 00:58:08] [config] lr-warmup-at-reload: false
[2026-07-24 00:58:08] [config] lr-warmup-cycle: false
[2026-07-24 00:58:08] [config] lr-warmup-start-rate: 0
[2026-07-24 00:58:08] [config] max-length: 200
[2026-07-24 00:58:08] [config] max-length-crop: false
[2026-07-24 00:58:08] [config] max-length-factor: 3
[2026-07-24 00:58:08] [config] maxi-batch: 100
[2026-07-24 00:58:08] [config] maxi-batch-sort: trg
[2026-07-24 00:58:08] [config] mini-batch: 64
[2026-07-24 00:58:08] [config] mini-batch-fit: true
[2026-07-24 00:58:08] [config] mini-batch-fit-step: 10
[2026-07-24 00:58:08] [config] mini-batch-round-up: true
[2026-07-24 00:58:08] [config] mini-batch-track-lr: false
[2026-07-24 00:58:08] [config] mini-batch-warmup: 0
[2026-07-24 00:58:08] [config] mini-batch-words: 0
[2026-07-24 00:58:08] [config] mini-batch-words-ref: 0
[2026-07-24 00:58:08] [config] model: /mnt/d/Job_Requirements/PracticalProjectsFromDrYe/AIE-F/assignment-submission/class-22/TheinGiKyaw_Assignment7/model.seq2seq.phmy/model.npz
[2026-07-24 00:58:08] [config] multi-loss-type: sum
[2026-07-24 00:58:08] [config] n-best: false
[2026-07-24 00:58:08] [config] no-reload: false
[2026-07-24 00:58:08] [config] no-restore-corpus: false
[2026-07-24 00:58:08] [config] normalize: 0
[2026-07-24 00:58:08] [config] normalize-gradient: false
[2026-07-24 00:58:08] [config] num-devices: 0
[2026-07-24 00:58:08] [config] optimizer: adam
[2026-07-24 00:58:08] [config] optimizer-delay: 1
[2026-07-24 00:58:08] [config] optimizer-params:
[2026-07-24 00:58:08] [config]   []
[2026-07-24 00:58:08] [config] output-omit-bias: false
[2026-07-24 00:58:08] [config] overwrite: false
[2026-07-24 00:58:08] [config] precision:
[2026-07-24 00:58:08] [config]   - float32
[2026-07-24 00:58:08] [config]   - float32
[2026-07-24 00:58:08] [config] pretrained-model: ""
[2026-07-24 00:58:08] [config] quantize-biases: false
[2026-07-24 00:58:08] [config] quantize-bits: 0
[2026-07-24 00:58:08] [config] quantize-log-based: false
[2026-07-24 00:58:08] [config] quantize-optimization-steps: 0
[2026-07-24 00:58:08] [config] quiet: false
[2026-07-24 00:58:08] [config] quiet-translation: false
[2026-07-24 00:58:08] [config] relative-paths: false
[2026-07-24 00:58:08] [config] right-left: false
[2026-07-24 00:58:08] [config] save-freq: 5000
[2026-07-24 00:58:08] [config] seed: 1111
[2026-07-24 00:58:08] [config] sentencepiece-alphas:
[2026-07-24 00:58:08] [config]   []
[2026-07-24 00:58:08] [config] sentencepiece-max-lines: 2000000
[2026-07-24 00:58:08] [config] sentencepiece-options: ""
[2026-07-24 00:58:08] [config] shuffle: data
[2026-07-24 00:58:08] [config] shuffle-in-ram: false
[2026-07-24 00:58:08] [config] sigterm: save-and-exit
[2026-07-24 00:58:08] [config] skip: true
[2026-07-24 00:58:08] [config] sqlite: ""
[2026-07-24 00:58:08] [config] sqlite-drop: false
[2026-07-24 00:58:08] [config] sync-sgd: false
[2026-07-24 00:58:08] [config] tempdir: /tmp
[2026-07-24 00:58:08] [config] tied-embeddings: true
[2026-07-24 00:58:08] [config] tied-embeddings-all: false
[2026-07-24 00:58:08] [config] tied-embeddings-src: false
[2026-07-24 00:58:08] [config] train-embedder-rank:
[2026-07-24 00:58:08] [config]   []
[2026-07-24 00:58:08] [config] train-sets:
[2026-07-24 00:58:08] [config]   - /mnt/d/Job_Requirements/PracticalProjectsFromDrYe/AIE-F/assignment-submission/class-22/TheinGiKyaw_Assignment7/g2p-par/train.ph
[2026-07-24 00:58:08] [config]   - /mnt/d/Job_Requirements/PracticalProjectsFromDrYe/AIE-F/assignment-submission/class-22/TheinGiKyaw_Assignment7/g2p-par/train.my
[2026-07-24 00:58:08] [config] transformer-aan-activation: swish
[2026-07-24 00:58:08] [config] transformer-aan-depth: 2
[2026-07-24 00:58:08] [config] transformer-aan-nogate: false
[2026-07-24 00:58:08] [config] transformer-decoder-autoreg: self-attention
[2026-07-24 00:58:08] [config] transformer-decoder-dim-ffn: 0
[2026-07-24 00:58:08] [config] transformer-decoder-ffn-depth: 0
[2026-07-24 00:58:08] [config] transformer-depth-scaling: false
[2026-07-24 00:58:08] [config] transformer-dim-aan: 2048
[2026-07-24 00:58:08] [config] transformer-dim-ffn: 2048
[2026-07-24 00:58:08] [config] transformer-dropout: 0
[2026-07-24 00:58:08] [config] transformer-dropout-attention: 0
[2026-07-24 00:58:08] [config] transformer-dropout-ffn: 0
[2026-07-24 00:58:08] [config] transformer-ffn-activation: swish
[2026-07-24 00:58:08] [config] transformer-ffn-depth: 2
[2026-07-24 00:58:08] [config] transformer-guided-alignment-layer: last
[2026-07-24 00:58:08] [config] transformer-heads: 8
[2026-07-24 00:58:08] [config] transformer-no-projection: false
[2026-07-24 00:58:08] [config] transformer-pool: false
[2026-07-24 00:58:08] [config] transformer-postprocess: dan
[2026-07-24 00:58:08] [config] transformer-postprocess-emb: d
[2026-07-24 00:58:08] [config] transformer-postprocess-top: ""
[2026-07-24 00:58:08] [config] transformer-preprocess: ""
[2026-07-24 00:58:08] [config] transformer-rnn-projection: false
[2026-07-24 00:58:08] [config] transformer-tied-layers:
[2026-07-24 00:58:08] [config]   []
[2026-07-24 00:58:08] [config] transformer-train-position-embeddings: false
[2026-07-24 00:58:08] [config] tsv: false
[2026-07-24 00:58:08] [config] tsv-fields: 0
[2026-07-24 00:58:08] [config] type: s2s
[2026-07-24 00:58:08] [config] ulr: false
[2026-07-24 00:58:08] [config] ulr-dim-emb: 0
[2026-07-24 00:58:08] [config] ulr-dropout: 0
[2026-07-24 00:58:08] [config] ulr-keys-vectors: ""
[2026-07-24 00:58:08] [config] ulr-query-vectors: ""
[2026-07-24 00:58:08] [config] ulr-softmax-temperature: 1
[2026-07-24 00:58:08] [config] ulr-trainable-transformation: false
[2026-07-24 00:58:08] [config] unlikelihood-loss: false
[2026-07-24 00:58:08] [config] valid-freq: 5000
[2026-07-24 00:58:08] [config] valid-log: /mnt/d/Job_Requirements/PracticalProjectsFromDrYe/AIE-F/assignment-submission/class-22/TheinGiKyaw_Assignment7/model.seq2seq.phmy/valid.log
[2026-07-24 00:58:08] [config] valid-max-length: 1000
[2026-07-24 00:58:08] [config] valid-metrics:
[2026-07-24 00:58:08] [config]   - cross-entropy
[2026-07-24 00:58:08] [config]   - perplexity
[2026-07-24 00:58:08] [config]   - bleu
[2026-07-24 00:58:08] [config] valid-mini-batch: 32
[2026-07-24 00:58:08] [config] valid-reset-all: false
[2026-07-24 00:58:08] [config] valid-reset-stalled: false
[2026-07-24 00:58:08] [config] valid-script-args:
[2026-07-24 00:58:08] [config]   []
[2026-07-24 00:58:08] [config] valid-script-path: ""
[2026-07-24 00:58:08] [config] valid-sets:
[2026-07-24 00:58:08] [config]   - /mnt/d/Job_Requirements/PracticalProjectsFromDrYe/AIE-F/assignment-submission/class-22/TheinGiKyaw_Assignment7/g2p-par/dev.ph
[2026-07-24 00:58:08] [config]   - /mnt/d/Job_Requirements/PracticalProjectsFromDrYe/AIE-F/assignment-submission/class-22/TheinGiKyaw_Assignment7/g2p-par/dev.my
[2026-07-24 00:58:08] [config] valid-translation-output: ""
[2026-07-24 00:58:08] [config] vocabs:
[2026-07-24 00:58:08] [config]   - /mnt/d/Job_Requirements/PracticalProjectsFromDrYe/AIE-F/assignment-submission/class-22/TheinGiKyaw_Assignment7/g2p-par/vocab/vocab.ph.yml
[2026-07-24 00:58:08] [config]   - /mnt/d/Job_Requirements/PracticalProjectsFromDrYe/AIE-F/assignment-submission/class-22/TheinGiKyaw_Assignment7/g2p-par/vocab/vocab.my.yml
[2026-07-24 00:58:08] [config] word-penalty: 0
[2026-07-24 00:58:08] [config] word-scores: false
[2026-07-24 00:58:08] [config] workspace: 500
[2026-07-24 00:58:08] [config] Model is being created with Marian v1.12.0 65bf82ff 2023-02-21 09:56:29 -0800
[2026-07-24 00:58:08] Using asynchronous training
[2026-07-24 00:58:08] [comm] Compiled without MPI support. Running as a single process on LAPTOP-9DLBHLIH
[2026-07-24 00:58:08] Synced seed 1111
[2026-07-24 00:58:08] [data] Loading vocabulary from JSON/Yaml file /mnt/d/Job_Requirements/PracticalProjectsFromDrYe/AIE-F/assignment-submission/class-22/TheinGiKyaw_Assignment7/g2p-par/vocab/vocab.ph.yml
[2026-07-24 00:58:08] [data] Setting vocabulary size for input 0 to 1,851
[2026-07-24 00:58:08] [data] Loading vocabulary from JSON/Yaml file /mnt/d/Job_Requirements/PracticalProjectsFromDrYe/AIE-F/assignment-submission/class-22/TheinGiKyaw_Assignment7/g2p-par/vocab/vocab.my.yml
[2026-07-24 00:58:08] [data] Setting vocabulary size for input 1 to 2,300
[2026-07-24 00:58:08] [batching] Collecting statistics for batch fitting with step size 10
[2026-07-24 00:58:08] [memory] Extending reserved space to 512 MB (device cpu0)
[2026-07-24 00:58:08] [memory] Extending reserved space to 512 MB (device cpu1)
[2026-07-24 00:58:08] [memory] Extending reserved space to 512 MB (device cpu2)
[2026-07-24 00:58:08] [memory] Extending reserved space to 512 MB (device cpu3)
[2026-07-24 00:58:08] [training] Using 4 CPUs
[2026-07-24 00:58:08] [logits] Applying loss function for 1 factor(s)
[2026-07-24 00:58:08] [memory] Reserving 343 MB, device cpu0
[2026-07-24 00:58:09] Error: You need to compile with MKL in order to use the CPU version
[2026-07-24 00:58:09] Error: Aborted from void marian::cpu::Prod(marian::Tensor, const Tensor&, const Tensor&, bool, bool, float, float) in /home/gi/marian/src/tensors/cpu/prod.cpp:68

[CALL STACK]
[0x6489728de2c3]    marian::cpu::  Prod  (IntrusivePtr<marian::TensorBase>,  IntrusivePtr<marian::TensorBase> const&,  IntrusivePtr<marian::TensorBase> const&,  bool,  bool,  float,  float) + 0x263
[0x6489723e6f6c]    std::_Function_handler<void (),marian::DotNodeOp::forwardOps()::{lambda()#1}>::  _M_invoke  (std::_Any_data const&) + 0xec
[0x6489724ea1f6]    marian::Node::  forward  ()                        + 0x176
[0x648972398309]    marian::ExpressionGraph::  forward  (std::__cxx11::list<IntrusivePtr<marian::Chainable<IntrusivePtr<marian::TensorBase>>>,std::allocator<IntrusivePtr<marian::Chainable<IntrusivePtr<marian::TensorBase>>>>>&,  bool) + 0x1e9
[0x6489726c4013]    marian::GraphGroup::  collectStats  (std::shared_ptr<marian::ExpressionGraph>,  std::shared_ptr<marian::models::ICriterionFunction>,  std::vector<std::shared_ptr<marian::Vocab>,std::allocator<std::shared_ptr<marian::Vocab>>> const&,  double) + 0xba3
[0x6489721a9710]    marian::Train<marian::AsyncGraphGroup>::  run  ()  + 0x1e50
[0x6489720c44a5]    mainTrainer  (int,  char**)                        + 0x2d5
[0x7b940ea29d90]                                                       + 0x29d90
[0x7b940ea29e40]    __libc_start_main                                  + 0x80
[0x6489720bd035]    _start                                             + 0x25

[2026-07-24 01:34:01] [marian] Marian v1.12.0 65bf82ff 2023-02-21 09:56:29 -0800
[2026-07-24 01:34:01] [marian] Running on LAPTOP-9DLBHLIH as process 7773 with command line:
[2026-07-24 01:34:01] [marian] marian -c /mnt/d/Job_Requirements/PracticalProjectsFromDrYe/AIE-F/assignment-submission/class-22/TheinGiKyaw_Assignment7/model.seq2seq.phmy/config.yml
[2026-07-24 01:34:01] [config] after: 0e
[2026-07-24 01:34:01] [config] after-batches: 0
[2026-07-24 01:34:01] [config] after-epochs: 0
[2026-07-24 01:34:01] [config] all-caps-every: 0
[2026-07-24 01:34:01] [config] allow-unk: false
[2026-07-24 01:34:01] [config] authors: false
[2026-07-24 01:34:01] [config] beam-size: 12
[2026-07-24 01:34:01] [config] bert-class-symbol: "[CLS]"
[2026-07-24 01:34:01] [config] bert-mask-symbol: "[MASK]"
[2026-07-24 01:34:01] [config] bert-masking-fraction: 0.15
[2026-07-24 01:34:01] [config] bert-sep-symbol: "[SEP]"
[2026-07-24 01:34:01] [config] bert-train-type-embeddings: true
[2026-07-24 01:34:01] [config] bert-type-vocab-size: 2
[2026-07-24 01:34:01] [config] build-info: ""
[2026-07-24 01:34:01] [config] check-gradient-nan: false
[2026-07-24 01:34:01] [config] check-nan: false
[2026-07-24 01:34:01] [config] cite: false
[2026-07-24 01:34:01] [config] clip-norm: 1
[2026-07-24 01:34:01] [config] cost-scaling:
[2026-07-24 01:34:01] [config]   []
[2026-07-24 01:34:01] [config] cost-type: ce-sum
[2026-07-24 01:34:01] [config] cpu-threads: 4
[2026-07-24 01:34:01] [config] data-threads: 8
[2026-07-24 01:34:01] [config] data-weighting: ""
[2026-07-24 01:34:01] [config] data-weighting-type: sentence
[2026-07-24 01:34:01] [config] dec-cell: lstm
[2026-07-24 01:34:01] [config] dec-cell-base-depth: 2
[2026-07-24 01:34:01] [config] dec-cell-high-depth: 2
[2026-07-24 01:34:01] [config] dec-depth: 2
[2026-07-24 01:34:01] [config] devices:
[2026-07-24 01:34:01] [config]   - 0
[2026-07-24 01:34:01] [config] dim-emb: 512
[2026-07-24 01:34:01] [config] dim-rnn: 1024
[2026-07-24 01:34:01] [config] dim-vocabs:
[2026-07-24 01:34:01] [config]   - 0
[2026-07-24 01:34:01] [config]   - 0
[2026-07-24 01:34:01] [config] disp-first: 0
[2026-07-24 01:34:01] [config] disp-freq: 500
[2026-07-24 01:34:01] [config] disp-label-counts: true
[2026-07-24 01:34:01] [config] dropout-rnn: 0.3
[2026-07-24 01:34:01] [config] dropout-src: 0.3
[2026-07-24 01:34:01] [config] dropout-trg: 0
[2026-07-24 01:34:01] [config] dump-config: ""
[2026-07-24 01:34:01] [config] dynamic-gradient-scaling:
[2026-07-24 01:34:01] [config]   []
[2026-07-24 01:34:01] [config] early-stopping: 10
[2026-07-24 01:34:01] [config] early-stopping-on: first
[2026-07-24 01:34:01] [config] embedding-fix-src: false
[2026-07-24 01:34:01] [config] embedding-fix-trg: false
[2026-07-24 01:34:01] [config] embedding-normalization: false
[2026-07-24 01:34:01] [config] embedding-vectors:
[2026-07-24 01:34:01] [config]   []
[2026-07-24 01:34:01] [config] enc-cell: lstm
[2026-07-24 01:34:01] [config] enc-cell-depth: 2
[2026-07-24 01:34:01] [config] enc-depth: 2
[2026-07-24 01:34:01] [config] enc-type: alternating
[2026-07-24 01:34:01] [config] english-title-case-every: 0
[2026-07-24 01:34:01] [config] exponential-smoothing: 0.0001
[2026-07-24 01:34:01] [config] factor-weight: 1
[2026-07-24 01:34:01] [config] factors-combine: sum
[2026-07-24 01:34:01] [config] factors-dim-emb: 0
[2026-07-24 01:34:01] [config] gradient-checkpointing: false
[2026-07-24 01:34:01] [config] gradient-norm-average-window: 100
[2026-07-24 01:34:01] [config] guided-alignment: none
[2026-07-24 01:34:01] [config] guided-alignment-cost: ce
[2026-07-24 01:34:01] [config] guided-alignment-weight: 0.1
[2026-07-24 01:34:01] [config] ignore-model-config: false
[2026-07-24 01:34:01] [config] input-types:
[2026-07-24 01:34:01] [config]   []
[2026-07-24 01:34:01] [config] interpolate-env-vars: false
[2026-07-24 01:34:01] [config] keep-best: false
[2026-07-24 01:34:01] [config] label-smoothing: 0
[2026-07-24 01:34:01] [config] layer-normalization: true
[2026-07-24 01:34:01] [config] learn-rate: 0.0001
[2026-07-24 01:34:01] [config] lemma-dependency: ""
[2026-07-24 01:34:01] [config] lemma-dim-emb: 0
[2026-07-24 01:34:01] [config] log: /mnt/d/Job_Requirements/PracticalProjectsFromDrYe/AIE-F/assignment-submission/class-22/TheinGiKyaw_Assignment7/model.seq2seq.phmy/train.log
[2026-07-24 01:34:01] [config] log-level: info
[2026-07-24 01:34:01] [config] log-time-zone: ""
[2026-07-24 01:34:01] [config] logical-epoch:
[2026-07-24 01:34:01] [config]   - 1e
[2026-07-24 01:34:01] [config]   - 0
[2026-07-24 01:34:01] [config] lr-decay: 0
[2026-07-24 01:34:01] [config] lr-decay-freq: 50000
[2026-07-24 01:34:01] [config] lr-decay-inv-sqrt:
[2026-07-24 01:34:01] [config]   - 0
[2026-07-24 01:34:01] [config] lr-decay-repeat-warmup: false
[2026-07-24 01:34:01] [config] lr-decay-reset-optimizer: false
[2026-07-24 01:34:01] [config] lr-decay-start:
[2026-07-24 01:34:01] [config]   - 10
[2026-07-24 01:34:01] [config]   - 1
[2026-07-24 01:34:01] [config] lr-decay-strategy: epoch+stalled
[2026-07-24 01:34:01] [config] lr-report: false
[2026-07-24 01:34:01] [config] lr-warmup: 0
[2026-07-24 01:34:01] [config] lr-warmup-at-reload: false
[2026-07-24 01:34:01] [config] lr-warmup-cycle: false
[2026-07-24 01:34:01] [config] lr-warmup-start-rate: 0
[2026-07-24 01:34:01] [config] max-length: 200
[2026-07-24 01:34:01] [config] max-length-crop: false
[2026-07-24 01:34:01] [config] max-length-factor: 3
[2026-07-24 01:34:01] [config] maxi-batch: 100
[2026-07-24 01:34:01] [config] maxi-batch-sort: trg
[2026-07-24 01:34:01] [config] mini-batch: 64
[2026-07-24 01:34:01] [config] mini-batch-fit: true
[2026-07-24 01:34:01] [config] mini-batch-fit-step: 10
[2026-07-24 01:34:01] [config] mini-batch-round-up: true
[2026-07-24 01:34:01] [config] mini-batch-track-lr: false
[2026-07-24 01:34:01] [config] mini-batch-warmup: 0
[2026-07-24 01:34:01] [config] mini-batch-words: 0
[2026-07-24 01:34:01] [config] mini-batch-words-ref: 0
[2026-07-24 01:34:01] [config] model: /mnt/d/Job_Requirements/PracticalProjectsFromDrYe/AIE-F/assignment-submission/class-22/TheinGiKyaw_Assignment7/model.seq2seq.phmy/model.npz
[2026-07-24 01:34:01] [config] multi-loss-type: sum
[2026-07-24 01:34:01] [config] n-best: false
[2026-07-24 01:34:01] [config] no-reload: false
[2026-07-24 01:34:01] [config] no-restore-corpus: false
[2026-07-24 01:34:01] [config] normalize: 0
[2026-07-24 01:34:01] [config] normalize-gradient: false
[2026-07-24 01:34:01] [config] num-devices: 0
[2026-07-24 01:34:01] [config] optimizer: adam
[2026-07-24 01:34:01] [config] optimizer-delay: 1
[2026-07-24 01:34:01] [config] optimizer-params:
[2026-07-24 01:34:01] [config]   []
[2026-07-24 01:34:01] [config] output-omit-bias: false
[2026-07-24 01:34:01] [config] overwrite: false
[2026-07-24 01:34:01] [config] precision:
[2026-07-24 01:34:01] [config]   - float32
[2026-07-24 01:34:01] [config]   - float32
[2026-07-24 01:34:01] [config] pretrained-model: ""
[2026-07-24 01:34:01] [config] quantize-biases: false
[2026-07-24 01:34:01] [config] quantize-bits: 0
[2026-07-24 01:34:01] [config] quantize-log-based: false
[2026-07-24 01:34:01] [config] quantize-optimization-steps: 0
[2026-07-24 01:34:01] [config] quiet: false
[2026-07-24 01:34:01] [config] quiet-translation: false
[2026-07-24 01:34:01] [config] relative-paths: false
[2026-07-24 01:34:01] [config] right-left: false
[2026-07-24 01:34:01] [config] save-freq: 5000
[2026-07-24 01:34:01] [config] seed: 1111
[2026-07-24 01:34:01] [config] sentencepiece-alphas:
[2026-07-24 01:34:01] [config]   []
[2026-07-24 01:34:01] [config] sentencepiece-max-lines: 2000000
[2026-07-24 01:34:01] [config] sentencepiece-options: ""
[2026-07-24 01:34:01] [config] shuffle: data
[2026-07-24 01:34:01] [config] shuffle-in-ram: false
[2026-07-24 01:34:01] [config] sigterm: save-and-exit
[2026-07-24 01:34:01] [config] skip: true
[2026-07-24 01:34:01] [config] sqlite: ""
[2026-07-24 01:34:01] [config] sqlite-drop: false
[2026-07-24 01:34:01] [config] sync-sgd: false
[2026-07-24 01:34:01] [config] tempdir: /tmp
[2026-07-24 01:34:01] [config] tied-embeddings: true
[2026-07-24 01:34:01] [config] tied-embeddings-all: false
[2026-07-24 01:34:01] [config] tied-embeddings-src: false
[2026-07-24 01:34:01] [config] train-embedder-rank:
[2026-07-24 01:34:01] [config]   []
[2026-07-24 01:34:01] [config] train-sets:
[2026-07-24 01:34:01] [config]   - /mnt/d/Job_Requirements/PracticalProjectsFromDrYe/AIE-F/assignment-submission/class-22/TheinGiKyaw_Assignment7/g2p-par/train.ph
[2026-07-24 01:34:01] [config]   - /mnt/d/Job_Requirements/PracticalProjectsFromDrYe/AIE-F/assignment-submission/class-22/TheinGiKyaw_Assignment7/g2p-par/train.my
[2026-07-24 01:34:01] [config] transformer-aan-activation: swish
[2026-07-24 01:34:01] [config] transformer-aan-depth: 2
[2026-07-24 01:34:01] [config] transformer-aan-nogate: false
[2026-07-24 01:34:01] [config] transformer-decoder-autoreg: self-attention
[2026-07-24 01:34:01] [config] transformer-decoder-dim-ffn: 0
[2026-07-24 01:34:01] [config] transformer-decoder-ffn-depth: 0
[2026-07-24 01:34:01] [config] transformer-depth-scaling: false
[2026-07-24 01:34:01] [config] transformer-dim-aan: 2048
[2026-07-24 01:34:01] [config] transformer-dim-ffn: 2048
[2026-07-24 01:34:01] [config] transformer-dropout: 0
[2026-07-24 01:34:01] [config] transformer-dropout-attention: 0
[2026-07-24 01:34:01] [config] transformer-dropout-ffn: 0
[2026-07-24 01:34:01] [config] transformer-ffn-activation: swish
[2026-07-24 01:34:01] [config] transformer-ffn-depth: 2
[2026-07-24 01:34:01] [config] transformer-guided-alignment-layer: last
[2026-07-24 01:34:01] [config] transformer-heads: 8
[2026-07-24 01:34:01] [config] transformer-no-projection: false
[2026-07-24 01:34:01] [config] transformer-pool: false
[2026-07-24 01:34:01] [config] transformer-postprocess: dan
[2026-07-24 01:34:01] [config] transformer-postprocess-emb: d
[2026-07-24 01:34:01] [config] transformer-postprocess-top: ""
[2026-07-24 01:34:01] [config] transformer-preprocess: ""
[2026-07-24 01:34:01] [config] transformer-rnn-projection: false
[2026-07-24 01:34:01] [config] transformer-tied-layers:
[2026-07-24 01:34:01] [config]   []
[2026-07-24 01:34:01] [config] transformer-train-position-embeddings: false
[2026-07-24 01:34:01] [config] tsv: false
[2026-07-24 01:34:01] [config] tsv-fields: 0
[2026-07-24 01:34:01] [config] type: s2s
[2026-07-24 01:34:01] [config] ulr: false
[2026-07-24 01:34:01] [config] ulr-dim-emb: 0
[2026-07-24 01:34:01] [config] ulr-dropout: 0
[2026-07-24 01:34:01] [config] ulr-keys-vectors: ""
[2026-07-24 01:34:01] [config] ulr-query-vectors: ""
[2026-07-24 01:34:01] [config] ulr-softmax-temperature: 1
[2026-07-24 01:34:01] [config] ulr-trainable-transformation: false
[2026-07-24 01:34:01] [config] unlikelihood-loss: false
[2026-07-24 01:34:01] [config] valid-freq: 5000
[2026-07-24 01:34:01] [config] valid-log: /mnt/d/Job_Requirements/PracticalProjectsFromDrYe/AIE-F/assignment-submission/class-22/TheinGiKyaw_Assignment7/model.seq2seq.phmy/valid.log
[2026-07-24 01:34:01] [config] valid-max-length: 1000
[2026-07-24 01:34:01] [config] valid-metrics:
[2026-07-24 01:34:01] [config]   - cross-entropy
[2026-07-24 01:34:01] [config]   - perplexity
[2026-07-24 01:34:01] [config]   - bleu
[2026-07-24 01:34:01] [config] valid-mini-batch: 32
[2026-07-24 01:34:01] [config] valid-reset-all: false
[2026-07-24 01:34:01] [config] valid-reset-stalled: false
[2026-07-24 01:34:01] [config] valid-script-args:
[2026-07-24 01:34:01] [config]   []
[2026-07-24 01:34:01] [config] valid-script-path: ""
[2026-07-24 01:34:01] [config] valid-sets:
[2026-07-24 01:34:01] [config]   - /mnt/d/Job_Requirements/PracticalProjectsFromDrYe/AIE-F/assignment-submission/class-22/TheinGiKyaw_Assignment7/g2p-par/dev.ph
[2026-07-24 01:34:01] [config]   - /mnt/d/Job_Requirements/PracticalProjectsFromDrYe/AIE-F/assignment-submission/class-22/TheinGiKyaw_Assignment7/g2p-par/dev.my
[2026-07-24 01:34:01] [config] valid-translation-output: ""
[2026-07-24 01:34:01] [config] vocabs:
[2026-07-24 01:34:01] [config]   - /mnt/d/Job_Requirements/PracticalProjectsFromDrYe/AIE-F/assignment-submission/class-22/TheinGiKyaw_Assignment7/g2p-par/vocab/vocab.ph.yml
[2026-07-24 01:34:01] [config]   - /mnt/d/Job_Requirements/PracticalProjectsFromDrYe/AIE-F/assignment-submission/class-22/TheinGiKyaw_Assignment7/g2p-par/vocab/vocab.my.yml
[2026-07-24 01:34:01] [config] word-penalty: 0
[2026-07-24 01:34:01] [config] word-scores: false
[2026-07-24 01:34:01] [config] workspace: 500
[2026-07-24 01:34:01] [config] Model is being created with Marian v1.12.0 65bf82ff 2023-02-21 09:56:29 -0800
[2026-07-24 01:34:01] Using asynchronous training
[2026-07-24 01:34:01] [comm] Compiled without MPI support. Running as a single process on LAPTOP-9DLBHLIH
[2026-07-24 01:34:01] Synced seed 1111
[2026-07-24 01:34:01] [data] Loading vocabulary from JSON/Yaml file /mnt/d/Job_Requirements/PracticalProjectsFromDrYe/AIE-F/assignment-submission/class-22/TheinGiKyaw_Assignment7/g2p-par/vocab/vocab.ph.yml
[2026-07-24 01:34:01] [data] Setting vocabulary size for input 0 to 1,851
[2026-07-24 01:34:01] [data] Loading vocabulary from JSON/Yaml file /mnt/d/Job_Requirements/PracticalProjectsFromDrYe/AIE-F/assignment-submission/class-22/TheinGiKyaw_Assignment7/g2p-par/vocab/vocab.my.yml
[2026-07-24 01:34:01] [data] Setting vocabulary size for input 1 to 2,300
[2026-07-24 01:34:01] [batching] Collecting statistics for batch fitting with step size 10
[2026-07-24 01:34:01] [memory] Extending reserved space to 512 MB (device cpu0)
[2026-07-24 01:34:01] [memory] Extending reserved space to 512 MB (device cpu1)
[2026-07-24 01:34:01] [memory] Extending reserved space to 512 MB (device cpu2)
[2026-07-24 01:34:01] [memory] Extending reserved space to 512 MB (device cpu3)
[2026-07-24 01:34:01] [training] Using 4 CPUs
[2026-07-24 01:34:01] [logits] Applying loss function for 1 factor(s)
[2026-07-24 01:34:01] [memory] Reserving 343 MB, device cpu0
[2026-07-24 01:34:13] [memory] Reserving 343 MB, device cpu0
[2026-07-24 01:41:04] [marian] Marian v1.12.0 65bf82ff 2023-02-21 09:56:29 -0800
[2026-07-24 01:41:04] [marian] Running on LAPTOP-9DLBHLIH as process 7827 with command line:
[2026-07-24 01:41:04] [marian] marian -c /mnt/d/Job_Requirements/PracticalProjectsFromDrYe/AIE-F/assignment-submission/class-22/TheinGiKyaw_Assignment7/model.seq2seq.phmy/config.yml
[2026-07-24 01:41:04] [config] after: 0e
[2026-07-24 01:41:04] [config] after-batches: 0
[2026-07-24 01:41:04] [config] after-epochs: 0
[2026-07-24 01:41:04] [config] all-caps-every: 0
[2026-07-24 01:41:04] [config] allow-unk: false
[2026-07-24 01:41:04] [config] authors: false
[2026-07-24 01:41:04] [config] beam-size: 12
[2026-07-24 01:41:04] [config] bert-class-symbol: "[CLS]"
[2026-07-24 01:41:04] [config] bert-mask-symbol: "[MASK]"
[2026-07-24 01:41:04] [config] bert-masking-fraction: 0.15
[2026-07-24 01:41:04] [config] bert-sep-symbol: "[SEP]"
[2026-07-24 01:41:04] [config] bert-train-type-embeddings: true
[2026-07-24 01:41:04] [config] bert-type-vocab-size: 2
[2026-07-24 01:41:04] [config] build-info: ""
[2026-07-24 01:41:04] [config] check-gradient-nan: false
[2026-07-24 01:41:04] [config] check-nan: false
[2026-07-24 01:41:04] [config] cite: false
[2026-07-24 01:41:04] [config] clip-norm: 1
[2026-07-24 01:41:04] [config] cost-scaling:
[2026-07-24 01:41:04] [config]   []
[2026-07-24 01:41:04] [config] cost-type: ce-sum
[2026-07-24 01:41:04] [config] cpu-threads: 2
[2026-07-24 01:41:04] [config] data-threads: 8
[2026-07-24 01:41:04] [config] data-weighting: ""
[2026-07-24 01:41:04] [config] data-weighting-type: sentence
[2026-07-24 01:41:04] [config] dec-cell: lstm
[2026-07-24 01:41:04] [config] dec-cell-base-depth: 2
[2026-07-24 01:41:04] [config] dec-cell-high-depth: 2
[2026-07-24 01:41:04] [config] dec-depth: 2
[2026-07-24 01:41:04] [config] devices:
[2026-07-24 01:41:04] [config]   - 0
[2026-07-24 01:41:04] [config] dim-emb: 512
[2026-07-24 01:41:04] [config] dim-rnn: 1024
[2026-07-24 01:41:04] [config] dim-vocabs:
[2026-07-24 01:41:04] [config]   - 0
[2026-07-24 01:41:04] [config]   - 0
[2026-07-24 01:41:04] [config] disp-first: 0
[2026-07-24 01:41:04] [config] disp-freq: 500
[2026-07-24 01:41:04] [config] disp-label-counts: true
[2026-07-24 01:41:04] [config] dropout-rnn: 0.3
[2026-07-24 01:41:04] [config] dropout-src: 0.3
[2026-07-24 01:41:04] [config] dropout-trg: 0
[2026-07-24 01:41:04] [config] dump-config: ""
[2026-07-24 01:41:04] [config] dynamic-gradient-scaling:
[2026-07-24 01:41:04] [config]   []
[2026-07-24 01:41:04] [config] early-stopping: 10
[2026-07-24 01:41:04] [config] early-stopping-on: first
[2026-07-24 01:41:04] [config] embedding-fix-src: false
[2026-07-24 01:41:04] [config] embedding-fix-trg: false
[2026-07-24 01:41:04] [config] embedding-normalization: false
[2026-07-24 01:41:04] [config] embedding-vectors:
[2026-07-24 01:41:04] [config]   []
[2026-07-24 01:41:04] [config] enc-cell: lstm
[2026-07-24 01:41:04] [config] enc-cell-depth: 2
[2026-07-24 01:41:04] [config] enc-depth: 2
[2026-07-24 01:41:04] [config] enc-type: alternating
[2026-07-24 01:41:04] [config] english-title-case-every: 0
[2026-07-24 01:41:04] [config] exponential-smoothing: 0.0001
[2026-07-24 01:41:04] [config] factor-weight: 1
[2026-07-24 01:41:04] [config] factors-combine: sum
[2026-07-24 01:41:04] [config] factors-dim-emb: 0
[2026-07-24 01:41:04] [config] gradient-checkpointing: false
[2026-07-24 01:41:04] [config] gradient-norm-average-window: 100
[2026-07-24 01:41:04] [config] guided-alignment: none
[2026-07-24 01:41:04] [config] guided-alignment-cost: ce
[2026-07-24 01:41:04] [config] guided-alignment-weight: 0.1
[2026-07-24 01:41:04] [config] ignore-model-config: false
[2026-07-24 01:41:04] [config] input-types:
[2026-07-24 01:41:04] [config]   []
[2026-07-24 01:41:04] [config] interpolate-env-vars: false
[2026-07-24 01:41:04] [config] keep-best: false
[2026-07-24 01:41:04] [config] label-smoothing: 0
[2026-07-24 01:41:04] [config] layer-normalization: true
[2026-07-24 01:41:04] [config] learn-rate: 0.0001
[2026-07-24 01:41:04] [config] lemma-dependency: ""
[2026-07-24 01:41:04] [config] lemma-dim-emb: 0
[2026-07-24 01:41:04] [config] log: /mnt/d/Job_Requirements/PracticalProjectsFromDrYe/AIE-F/assignment-submission/class-22/TheinGiKyaw_Assignment7/model.seq2seq.phmy/train.log
[2026-07-24 01:41:04] [config] log-level: info
[2026-07-24 01:41:04] [config] log-time-zone: ""
[2026-07-24 01:41:04] [config] logical-epoch:
[2026-07-24 01:41:04] [config]   - 1e
[2026-07-24 01:41:04] [config]   - 0
[2026-07-24 01:41:04] [config] lr-decay: 0
[2026-07-24 01:41:04] [config] lr-decay-freq: 50000
[2026-07-24 01:41:04] [config] lr-decay-inv-sqrt:
[2026-07-24 01:41:04] [config]   - 0
[2026-07-24 01:41:04] [config] lr-decay-repeat-warmup: false
[2026-07-24 01:41:04] [config] lr-decay-reset-optimizer: false
[2026-07-24 01:41:04] [config] lr-decay-start:
[2026-07-24 01:41:04] [config]   - 10
[2026-07-24 01:41:04] [config]   - 1
[2026-07-24 01:41:04] [config] lr-decay-strategy: epoch+stalled
[2026-07-24 01:41:04] [config] lr-report: false
[2026-07-24 01:41:04] [config] lr-warmup: 0
[2026-07-24 01:41:04] [config] lr-warmup-at-reload: false
[2026-07-24 01:41:04] [config] lr-warmup-cycle: false
[2026-07-24 01:41:04] [config] lr-warmup-start-rate: 0
[2026-07-24 01:41:04] [config] max-length: 200
[2026-07-24 01:41:04] [config] max-length-crop: false
[2026-07-24 01:41:04] [config] max-length-factor: 3
[2026-07-24 01:41:04] [config] maxi-batch: 100
[2026-07-24 01:41:04] [config] maxi-batch-sort: trg
[2026-07-24 01:41:04] [config] mini-batch: 64
[2026-07-24 01:41:04] [config] mini-batch-fit: true
[2026-07-24 01:41:04] [config] mini-batch-fit-step: 10
[2026-07-24 01:41:04] [config] mini-batch-round-up: true
[2026-07-24 01:41:04] [config] mini-batch-track-lr: false
[2026-07-24 01:41:04] [config] mini-batch-warmup: 0
[2026-07-24 01:41:04] [config] mini-batch-words: 0
[2026-07-24 01:41:04] [config] mini-batch-words-ref: 0
[2026-07-24 01:41:04] [config] model: /mnt/d/Job_Requirements/PracticalProjectsFromDrYe/AIE-F/assignment-submission/class-22/TheinGiKyaw_Assignment7/model.seq2seq.phmy/model.npz
[2026-07-24 01:41:04] [config] multi-loss-type: sum
[2026-07-24 01:41:04] [config] n-best: false
[2026-07-24 01:41:04] [config] no-reload: false
[2026-07-24 01:41:04] [config] no-restore-corpus: false
[2026-07-24 01:41:04] [config] normalize: 0
[2026-07-24 01:41:04] [config] normalize-gradient: false
[2026-07-24 01:41:04] [config] num-devices: 0
[2026-07-24 01:41:04] [config] optimizer: adam
[2026-07-24 01:41:04] [config] optimizer-delay: 1
[2026-07-24 01:41:04] [config] optimizer-params:
[2026-07-24 01:41:04] [config]   []
[2026-07-24 01:41:04] [config] output-omit-bias: false
[2026-07-24 01:41:04] [config] overwrite: false
[2026-07-24 01:41:04] [config] precision:
[2026-07-24 01:41:04] [config]   - float32
[2026-07-24 01:41:04] [config]   - float32
[2026-07-24 01:41:04] [config] pretrained-model: ""
[2026-07-24 01:41:04] [config] quantize-biases: false
[2026-07-24 01:41:04] [config] quantize-bits: 0
[2026-07-24 01:41:04] [config] quantize-log-based: false
[2026-07-24 01:41:04] [config] quantize-optimization-steps: 0
[2026-07-24 01:41:04] [config] quiet: false
[2026-07-24 01:41:04] [config] quiet-translation: false
[2026-07-24 01:41:04] [config] relative-paths: false
[2026-07-24 01:41:04] [config] right-left: false
[2026-07-24 01:41:04] [config] save-freq: 5000
[2026-07-24 01:41:04] [config] seed: 1111
[2026-07-24 01:41:04] [config] sentencepiece-alphas:
[2026-07-24 01:41:04] [config]   []
[2026-07-24 01:41:04] [config] sentencepiece-max-lines: 2000000
[2026-07-24 01:41:04] [config] sentencepiece-options: ""
[2026-07-24 01:41:04] [config] shuffle: data
[2026-07-24 01:41:04] [config] shuffle-in-ram: false
[2026-07-24 01:41:04] [config] sigterm: save-and-exit
[2026-07-24 01:41:04] [config] skip: true
[2026-07-24 01:41:04] [config] sqlite: ""
[2026-07-24 01:41:04] [config] sqlite-drop: false
[2026-07-24 01:41:04] [config] sync-sgd: false
[2026-07-24 01:41:04] [config] tempdir: /tmp
[2026-07-24 01:41:04] [config] tied-embeddings: true
[2026-07-24 01:41:04] [config] tied-embeddings-all: false
[2026-07-24 01:41:04] [config] tied-embeddings-src: false
[2026-07-24 01:41:04] [config] train-embedder-rank:
[2026-07-24 01:41:04] [config]   []
[2026-07-24 01:41:04] [config] train-sets:
[2026-07-24 01:41:04] [config]   - /mnt/d/Job_Requirements/PracticalProjectsFromDrYe/AIE-F/assignment-submission/class-22/TheinGiKyaw_Assignment7/g2p-par/train.ph
[2026-07-24 01:41:04] [config]   - /mnt/d/Job_Requirements/PracticalProjectsFromDrYe/AIE-F/assignment-submission/class-22/TheinGiKyaw_Assignment7/g2p-par/train.my
[2026-07-24 01:41:04] [config] transformer-aan-activation: swish
[2026-07-24 01:41:04] [config] transformer-aan-depth: 2
[2026-07-24 01:41:04] [config] transformer-aan-nogate: false
[2026-07-24 01:41:04] [config] transformer-decoder-autoreg: self-attention
[2026-07-24 01:41:04] [config] transformer-decoder-dim-ffn: 0
[2026-07-24 01:41:04] [config] transformer-decoder-ffn-depth: 0
[2026-07-24 01:41:04] [config] transformer-depth-scaling: false
[2026-07-24 01:41:04] [config] transformer-dim-aan: 2048
[2026-07-24 01:41:04] [config] transformer-dim-ffn: 2048
[2026-07-24 01:41:04] [config] transformer-dropout: 0
[2026-07-24 01:41:04] [config] transformer-dropout-attention: 0
[2026-07-24 01:41:04] [config] transformer-dropout-ffn: 0
[2026-07-24 01:41:04] [config] transformer-ffn-activation: swish
[2026-07-24 01:41:04] [config] transformer-ffn-depth: 2
[2026-07-24 01:41:04] [config] transformer-guided-alignment-layer: last
[2026-07-24 01:41:04] [config] transformer-heads: 8
[2026-07-24 01:41:04] [config] transformer-no-projection: false
[2026-07-24 01:41:04] [config] transformer-pool: false
[2026-07-24 01:41:04] [config] transformer-postprocess: dan
[2026-07-24 01:41:04] [config] transformer-postprocess-emb: d
[2026-07-24 01:41:04] [config] transformer-postprocess-top: ""
[2026-07-24 01:41:04] [config] transformer-preprocess: ""
[2026-07-24 01:41:04] [config] transformer-rnn-projection: false
[2026-07-24 01:41:04] [config] transformer-tied-layers:
[2026-07-24 01:41:04] [config]   []
[2026-07-24 01:41:04] [config] transformer-train-position-embeddings: false
[2026-07-24 01:41:04] [config] tsv: false
[2026-07-24 01:41:04] [config] tsv-fields: 0
[2026-07-24 01:41:04] [config] type: s2s
[2026-07-24 01:41:04] [config] ulr: false
[2026-07-24 01:41:04] [config] ulr-dim-emb: 0
[2026-07-24 01:41:04] [config] ulr-dropout: 0
[2026-07-24 01:41:04] [config] ulr-keys-vectors: ""
[2026-07-24 01:41:04] [config] ulr-query-vectors: ""
[2026-07-24 01:41:04] [config] ulr-softmax-temperature: 1
[2026-07-24 01:41:04] [config] ulr-trainable-transformation: false
[2026-07-24 01:41:04] [config] unlikelihood-loss: false
[2026-07-24 01:41:04] [config] valid-freq: 5000
[2026-07-24 01:41:04] [config] valid-log: /mnt/d/Job_Requirements/PracticalProjectsFromDrYe/AIE-F/assignment-submission/class-22/TheinGiKyaw_Assignment7/model.seq2seq.phmy/valid.log
[2026-07-24 01:41:04] [config] valid-max-length: 1000
[2026-07-24 01:41:04] [config] valid-metrics:
[2026-07-24 01:41:04] [config]   - cross-entropy
[2026-07-24 01:41:04] [config]   - perplexity
[2026-07-24 01:41:04] [config]   - bleu
[2026-07-24 01:41:04] [config] valid-mini-batch: 32
[2026-07-24 01:41:04] [config] valid-reset-all: false
[2026-07-24 01:41:04] [config] valid-reset-stalled: false
[2026-07-24 01:41:04] [config] valid-script-args:
[2026-07-24 01:41:04] [config]   []
[2026-07-24 01:41:04] [config] valid-script-path: ""
[2026-07-24 01:41:04] [config] valid-sets:
[2026-07-24 01:41:04] [config]   - /mnt/d/Job_Requirements/PracticalProjectsFromDrYe/AIE-F/assignment-submission/class-22/TheinGiKyaw_Assignment7/g2p-par/dev.ph
[2026-07-24 01:41:04] [config]   - /mnt/d/Job_Requirements/PracticalProjectsFromDrYe/AIE-F/assignment-submission/class-22/TheinGiKyaw_Assignment7/g2p-par/dev.my
[2026-07-24 01:41:04] [config] valid-translation-output: ""
[2026-07-24 01:41:04] [config] vocabs:
[2026-07-24 01:41:04] [config]   - /mnt/d/Job_Requirements/PracticalProjectsFromDrYe/AIE-F/assignment-submission/class-22/TheinGiKyaw_Assignment7/g2p-par/vocab/vocab.ph.yml
[2026-07-24 01:41:04] [config]   - /mnt/d/Job_Requirements/PracticalProjectsFromDrYe/AIE-F/assignment-submission/class-22/TheinGiKyaw_Assignment7/g2p-par/vocab/vocab.my.yml
[2026-07-24 01:41:04] [config] word-penalty: 0
[2026-07-24 01:41:04] [config] word-scores: false
[2026-07-24 01:41:04] [config] workspace: 500
[2026-07-24 01:41:04] [config] Model is being created with Marian v1.12.0 65bf82ff 2023-02-21 09:56:29 -0800
[2026-07-24 01:41:04] Using asynchronous training
[2026-07-24 01:41:04] [comm] Compiled without MPI support. Running as a single process on LAPTOP-9DLBHLIH
[2026-07-24 01:41:04] Synced seed 1111
[2026-07-24 01:41:04] [data] Loading vocabulary from JSON/Yaml file /mnt/d/Job_Requirements/PracticalProjectsFromDrYe/AIE-F/assignment-submission/class-22/TheinGiKyaw_Assignment7/g2p-par/vocab/vocab.ph.yml
[2026-07-24 01:41:04] [data] Setting vocabulary size for input 0 to 1,851
[2026-07-24 01:41:04] [data] Loading vocabulary from JSON/Yaml file /mnt/d/Job_Requirements/PracticalProjectsFromDrYe/AIE-F/assignment-submission/class-22/TheinGiKyaw_Assignment7/g2p-par/vocab/vocab.my.yml
[2026-07-24 01:41:04] [data] Setting vocabulary size for input 1 to 2,300
[2026-07-24 01:41:04] [batching] Collecting statistics for batch fitting with step size 10
[2026-07-24 01:41:04] [memory] Extending reserved space to 512 MB (device cpu0)
[2026-07-24 01:41:04] [memory] Extending reserved space to 512 MB (device cpu1)
[2026-07-24 01:41:04] [training] Using 2 CPUs
[2026-07-24 01:41:04] [logits] Applying loss function for 1 factor(s)
[2026-07-24 01:41:04] [memory] Reserving 343 MB, device cpu0
[2026-07-24 01:41:14] [memory] Reserving 343 MB, device cpu0
[2026-07-24 09:04:47] [marian] Marian v1.12.0 65bf82ff 2023-02-21 09:56:29 -0800
[2026-07-24 09:04:47] [marian] Running on LAPTOP-9DLBHLIH as process 668 with command line:
[2026-07-24 09:04:47] [marian] marian -c /mnt/d/Job_Requirements/PracticalProjectsFromDrYe/AIE-F/assignment-submission/class-22/TheinGiKyaw_Assignment7/model.seq2seq.phmy/config.yml
[2026-07-24 09:04:47] [config] after: 0e
[2026-07-24 09:04:47] [config] after-batches: 0
[2026-07-24 09:04:47] [config] after-epochs: 0
[2026-07-24 09:04:47] [config] all-caps-every: 0
[2026-07-24 09:04:47] [config] allow-unk: false
[2026-07-24 09:04:47] [config] authors: false
[2026-07-24 09:04:47] [config] beam-size: 12
[2026-07-24 09:04:47] [config] bert-class-symbol: "[CLS]"
[2026-07-24 09:04:47] [config] bert-mask-symbol: "[MASK]"
[2026-07-24 09:04:47] [config] bert-masking-fraction: 0.15
[2026-07-24 09:04:47] [config] bert-sep-symbol: "[SEP]"
[2026-07-24 09:04:47] [config] bert-train-type-embeddings: true
[2026-07-24 09:04:47] [config] bert-type-vocab-size: 2
[2026-07-24 09:04:47] [config] build-info: ""
[2026-07-24 09:04:47] [config] check-gradient-nan: false
[2026-07-24 09:04:47] [config] check-nan: false
[2026-07-24 09:04:47] [config] cite: false
[2026-07-24 09:04:47] [config] clip-norm: 1
[2026-07-24 09:04:47] [config] cost-scaling:
[2026-07-24 09:04:47] [config]   []
[2026-07-24 09:04:47] [config] cost-type: ce-sum
[2026-07-24 09:04:47] [config] cpu-threads: 4
[2026-07-24 09:04:47] [config] data-threads: 8
[2026-07-24 09:04:47] [config] data-weighting: ""
[2026-07-24 09:04:47] [config] data-weighting-type: sentence
[2026-07-24 09:04:47] [config] dec-cell: lstm
[2026-07-24 09:04:47] [config] dec-cell-base-depth: 2
[2026-07-24 09:04:47] [config] dec-cell-high-depth: 2
[2026-07-24 09:04:47] [config] dec-depth: 2
[2026-07-24 09:04:47] [config] devices:
[2026-07-24 09:04:47] [config]   - 0
[2026-07-24 09:04:47] [config] dim-emb: 512
[2026-07-24 09:04:47] [config] dim-rnn: 1024
[2026-07-24 09:04:47] [config] dim-vocabs:
[2026-07-24 09:04:47] [config]   - 0
[2026-07-24 09:04:47] [config]   - 0
[2026-07-24 09:04:47] [config] disp-first: 0
[2026-07-24 09:04:47] [config] disp-freq: 500
[2026-07-24 09:04:47] [config] disp-label-counts: true
[2026-07-24 09:04:47] [config] dropout-rnn: 0.3
[2026-07-24 09:04:47] [config] dropout-src: 0.3
[2026-07-24 09:04:47] [config] dropout-trg: 0
[2026-07-24 09:04:47] [config] dump-config: ""
[2026-07-24 09:04:47] [config] dynamic-gradient-scaling:
[2026-07-24 09:04:47] [config]   []
[2026-07-24 09:04:47] [config] early-stopping: 10
[2026-07-24 09:04:47] [config] early-stopping-on: first
[2026-07-24 09:04:47] [config] embedding-fix-src: false
[2026-07-24 09:04:47] [config] embedding-fix-trg: false
[2026-07-24 09:04:47] [config] embedding-normalization: false
[2026-07-24 09:04:47] [config] embedding-vectors:
[2026-07-24 09:04:47] [config]   []
[2026-07-24 09:04:47] [config] enc-cell: lstm
[2026-07-24 09:04:47] [config] enc-cell-depth: 2
[2026-07-24 09:04:47] [config] enc-depth: 2
[2026-07-24 09:04:47] [config] enc-type: alternating
[2026-07-24 09:04:47] [config] english-title-case-every: 0
[2026-07-24 09:04:47] [config] exponential-smoothing: 0.0001
[2026-07-24 09:04:47] [config] factor-weight: 1
[2026-07-24 09:04:47] [config] factors-combine: sum
[2026-07-24 09:04:47] [config] factors-dim-emb: 0
[2026-07-24 09:04:47] [config] gradient-checkpointing: false
[2026-07-24 09:04:47] [config] gradient-norm-average-window: 100
[2026-07-24 09:04:47] [config] guided-alignment: none
[2026-07-24 09:04:47] [config] guided-alignment-cost: ce
[2026-07-24 09:04:47] [config] guided-alignment-weight: 0.1
[2026-07-24 09:04:47] [config] ignore-model-config: false
[2026-07-24 09:04:47] [config] input-types:
[2026-07-24 09:04:47] [config]   []
[2026-07-24 09:04:47] [config] interpolate-env-vars: false
[2026-07-24 09:04:47] [config] keep-best: false
[2026-07-24 09:04:47] [config] label-smoothing: 0
[2026-07-24 09:04:47] [config] layer-normalization: true
[2026-07-24 09:04:47] [config] learn-rate: 0.0001
[2026-07-24 09:04:47] [config] lemma-dependency: ""
[2026-07-24 09:04:47] [config] lemma-dim-emb: 0
[2026-07-24 09:04:47] [config] log: /mnt/d/Job_Requirements/PracticalProjectsFromDrYe/AIE-F/assignment-submission/class-22/TheinGiKyaw_Assignment7/model.seq2seq.phmy/train.log
[2026-07-24 09:04:47] [config] log-level: info
[2026-07-24 09:04:47] [config] log-time-zone: ""
[2026-07-24 09:04:47] [config] logical-epoch:
[2026-07-24 09:04:47] [config]   - 1e
[2026-07-24 09:04:47] [config]   - 0
[2026-07-24 09:04:47] [config] lr-decay: 0
[2026-07-24 09:04:47] [config] lr-decay-freq: 50000
[2026-07-24 09:04:47] [config] lr-decay-inv-sqrt:
[2026-07-24 09:04:47] [config]   - 0
[2026-07-24 09:04:47] [config] lr-decay-repeat-warmup: false
[2026-07-24 09:04:47] [config] lr-decay-reset-optimizer: false
[2026-07-24 09:04:47] [config] lr-decay-start:
[2026-07-24 09:04:47] [config]   - 10
[2026-07-24 09:04:47] [config]   - 1
[2026-07-24 09:04:47] [config] lr-decay-strategy: epoch+stalled
[2026-07-24 09:04:47] [config] lr-report: false
[2026-07-24 09:04:47] [config] lr-warmup: 0
[2026-07-24 09:04:47] [config] lr-warmup-at-reload: false
[2026-07-24 09:04:47] [config] lr-warmup-cycle: false
[2026-07-24 09:04:47] [config] lr-warmup-start-rate: 0
[2026-07-24 09:04:47] [config] max-length: 200
[2026-07-24 09:04:47] [config] max-length-crop: false
[2026-07-24 09:04:47] [config] max-length-factor: 3
[2026-07-24 09:04:47] [config] maxi-batch: 100
[2026-07-24 09:04:47] [config] maxi-batch-sort: trg
[2026-07-24 09:04:47] [config] mini-batch: 64
[2026-07-24 09:04:47] [config] mini-batch-fit: true
[2026-07-24 09:04:47] [config] mini-batch-fit-step: 10
[2026-07-24 09:04:47] [config] mini-batch-round-up: true
[2026-07-24 09:04:47] [config] mini-batch-track-lr: false
[2026-07-24 09:04:47] [config] mini-batch-warmup: 0
[2026-07-24 09:04:47] [config] mini-batch-words: 0
[2026-07-24 09:04:47] [config] mini-batch-words-ref: 0
[2026-07-24 09:04:47] [config] model: /mnt/d/Job_Requirements/PracticalProjectsFromDrYe/AIE-F/assignment-submission/class-22/TheinGiKyaw_Assignment7/model.seq2seq.phmy/model.npz
[2026-07-24 09:04:47] [config] multi-loss-type: sum
[2026-07-24 09:04:47] [config] n-best: false
[2026-07-24 09:04:47] [config] no-reload: false
[2026-07-24 09:04:47] [config] no-restore-corpus: false
[2026-07-24 09:04:47] [config] normalize: 0
[2026-07-24 09:04:47] [config] normalize-gradient: false
[2026-07-24 09:04:47] [config] num-devices: 0
[2026-07-24 09:04:47] [config] optimizer: adam
[2026-07-24 09:04:47] [config] optimizer-delay: 1
[2026-07-24 09:04:47] [config] optimizer-params:
[2026-07-24 09:04:47] [config]   []
[2026-07-24 09:04:47] [config] output-omit-bias: false
[2026-07-24 09:04:47] [config] overwrite: false
[2026-07-24 09:04:47] [config] precision:
[2026-07-24 09:04:47] [config]   - float32
[2026-07-24 09:04:47] [config]   - float32
[2026-07-24 09:04:47] [config] pretrained-model: ""
[2026-07-24 09:04:47] [config] quantize-biases: false
[2026-07-24 09:04:47] [config] quantize-bits: 0
[2026-07-24 09:04:47] [config] quantize-log-based: false
[2026-07-24 09:04:47] [config] quantize-optimization-steps: 0
[2026-07-24 09:04:47] [config] quiet: false
[2026-07-24 09:04:47] [config] quiet-translation: false
[2026-07-24 09:04:47] [config] relative-paths: false
[2026-07-24 09:04:47] [config] right-left: false
[2026-07-24 09:04:47] [config] save-freq: 5000
[2026-07-24 09:04:47] [config] seed: 1111
[2026-07-24 09:04:47] [config] sentencepiece-alphas:
[2026-07-24 09:04:47] [config]   []
[2026-07-24 09:04:47] [config] sentencepiece-max-lines: 2000000
[2026-07-24 09:04:47] [config] sentencepiece-options: ""
[2026-07-24 09:04:47] [config] shuffle: data
[2026-07-24 09:04:47] [config] shuffle-in-ram: false
[2026-07-24 09:04:47] [config] sigterm: save-and-exit
[2026-07-24 09:04:47] [config] skip: true
[2026-07-24 09:04:47] [config] sqlite: ""
[2026-07-24 09:04:47] [config] sqlite-drop: false
[2026-07-24 09:04:47] [config] sync-sgd: false
[2026-07-24 09:04:47] [config] tempdir: /tmp
[2026-07-24 09:04:47] [config] tied-embeddings: true
[2026-07-24 09:04:47] [config] tied-embeddings-all: false
[2026-07-24 09:04:47] [config] tied-embeddings-src: false
[2026-07-24 09:04:47] [config] train-embedder-rank:
[2026-07-24 09:04:47] [config]   []
[2026-07-24 09:04:47] [config] train-sets:
[2026-07-24 09:04:47] [config]   - /mnt/d/Job_Requirements/PracticalProjectsFromDrYe/AIE-F/assignment-submission/class-22/TheinGiKyaw_Assignment7/g2p-par/train.ph
[2026-07-24 09:04:47] [config]   - /mnt/d/Job_Requirements/PracticalProjectsFromDrYe/AIE-F/assignment-submission/class-22/TheinGiKyaw_Assignment7/g2p-par/train.my
[2026-07-24 09:04:47] [config] transformer-aan-activation: swish
[2026-07-24 09:04:47] [config] transformer-aan-depth: 2
[2026-07-24 09:04:47] [config] transformer-aan-nogate: false
[2026-07-24 09:04:47] [config] transformer-decoder-autoreg: self-attention
[2026-07-24 09:04:47] [config] transformer-decoder-dim-ffn: 0
[2026-07-24 09:04:47] [config] transformer-decoder-ffn-depth: 0
[2026-07-24 09:04:47] [config] transformer-depth-scaling: false
[2026-07-24 09:04:47] [config] transformer-dim-aan: 2048
[2026-07-24 09:04:47] [config] transformer-dim-ffn: 2048
[2026-07-24 09:04:47] [config] transformer-dropout: 0
[2026-07-24 09:04:47] [config] transformer-dropout-attention: 0
[2026-07-24 09:04:47] [config] transformer-dropout-ffn: 0
[2026-07-24 09:04:47] [config] transformer-ffn-activation: swish
[2026-07-24 09:04:47] [config] transformer-ffn-depth: 2
[2026-07-24 09:04:47] [config] transformer-guided-alignment-layer: last
[2026-07-24 09:04:47] [config] transformer-heads: 8
[2026-07-24 09:04:47] [config] transformer-no-projection: false
[2026-07-24 09:04:47] [config] transformer-pool: false
[2026-07-24 09:04:47] [config] transformer-postprocess: dan
[2026-07-24 09:04:47] [config] transformer-postprocess-emb: d
[2026-07-24 09:04:47] [config] transformer-postprocess-top: ""
[2026-07-24 09:04:47] [config] transformer-preprocess: ""
[2026-07-24 09:04:47] [config] transformer-rnn-projection: false
[2026-07-24 09:04:47] [config] transformer-tied-layers:
[2026-07-24 09:04:47] [config]   []
[2026-07-24 09:04:47] [config] transformer-train-position-embeddings: false
[2026-07-24 09:04:47] [config] tsv: false
[2026-07-24 09:04:47] [config] tsv-fields: 0
[2026-07-24 09:04:47] [config] type: s2s
[2026-07-24 09:04:47] [config] ulr: false
[2026-07-24 09:04:47] [config] ulr-dim-emb: 0
[2026-07-24 09:04:47] [config] ulr-dropout: 0
[2026-07-24 09:04:47] [config] ulr-keys-vectors: ""
[2026-07-24 09:04:47] [config] ulr-query-vectors: ""
[2026-07-24 09:04:47] [config] ulr-softmax-temperature: 1
[2026-07-24 09:04:47] [config] ulr-trainable-transformation: false
[2026-07-24 09:04:47] [config] unlikelihood-loss: false
[2026-07-24 09:04:47] [config] valid-freq: 5000
[2026-07-24 09:04:47] [config] valid-log: /mnt/d/Job_Requirements/PracticalProjectsFromDrYe/AIE-F/assignment-submission/class-22/TheinGiKyaw_Assignment7/model.seq2seq.phmy/valid.log
[2026-07-24 09:04:47] [config] valid-max-length: 1000
[2026-07-24 09:04:47] [config] valid-metrics:
[2026-07-24 09:04:47] [config]   - cross-entropy
[2026-07-24 09:04:47] [config]   - perplexity
[2026-07-24 09:04:47] [config]   - bleu
[2026-07-24 09:04:47] [config] valid-mini-batch: 32
[2026-07-24 09:04:47] [config] valid-reset-all: false
[2026-07-24 09:04:47] [config] valid-reset-stalled: false
[2026-07-24 09:04:47] [config] valid-script-args:
[2026-07-24 09:04:47] [config]   []
[2026-07-24 09:04:47] [config] valid-script-path: ""
[2026-07-24 09:04:47] [config] valid-sets:
[2026-07-24 09:04:47] [config]   - /mnt/d/Job_Requirements/PracticalProjectsFromDrYe/AIE-F/assignment-submission/class-22/TheinGiKyaw_Assignment7/g2p-par/dev.ph
[2026-07-24 09:04:47] [config]   - /mnt/d/Job_Requirements/PracticalProjectsFromDrYe/AIE-F/assignment-submission/class-22/TheinGiKyaw_Assignment7/g2p-par/dev.my
[2026-07-24 09:04:47] [config] valid-translation-output: ""
[2026-07-24 09:04:47] [config] vocabs:
[2026-07-24 09:04:47] [config]   - /mnt/d/Job_Requirements/PracticalProjectsFromDrYe/AIE-F/assignment-submission/class-22/TheinGiKyaw_Assignment7/g2p-par/vocab/vocab.ph.yml
[2026-07-24 09:04:47] [config]   - /mnt/d/Job_Requirements/PracticalProjectsFromDrYe/AIE-F/assignment-submission/class-22/TheinGiKyaw_Assignment7/g2p-par/vocab/vocab.my.yml
[2026-07-24 09:04:47] [config] word-penalty: 0
[2026-07-24 09:04:47] [config] word-scores: false
[2026-07-24 09:04:47] [config] workspace: 500
[2026-07-24 09:04:47] [config] Model is being created with Marian v1.12.0 65bf82ff 2023-02-21 09:56:29 -0800
[2026-07-24 09:04:47] Using asynchronous training
[2026-07-24 09:04:47] [comm] Compiled without MPI support. Running as a single process on LAPTOP-9DLBHLIH
[2026-07-24 09:04:47] Synced seed 1111
[2026-07-24 09:04:47] [data] Loading vocabulary from JSON/Yaml file /mnt/d/Job_Requirements/PracticalProjectsFromDrYe/AIE-F/assignment-submission/class-22/TheinGiKyaw_Assignment7/g2p-par/vocab/vocab.ph.yml
[2026-07-24 09:04:47] [data] Setting vocabulary size for input 0 to 1,851
[2026-07-24 09:04:47] [data] Loading vocabulary from JSON/Yaml file /mnt/d/Job_Requirements/PracticalProjectsFromDrYe/AIE-F/assignment-submission/class-22/TheinGiKyaw_Assignment7/g2p-par/vocab/vocab.my.yml
[2026-07-24 09:04:47] [data] Setting vocabulary size for input 1 to 2,300
[2026-07-24 09:04:47] [batching] Collecting statistics for batch fitting with step size 10
[2026-07-24 09:04:47] [memory] Extending reserved space to 512 MB (device cpu0)
[2026-07-24 09:04:47] [memory] Extending reserved space to 512 MB (device cpu1)
[2026-07-24 09:04:47] [memory] Extending reserved space to 512 MB (device cpu2)
[2026-07-24 09:04:47] [memory] Extending reserved space to 512 MB (device cpu3)
[2026-07-24 09:04:47] [training] Using 4 CPUs
[2026-07-24 09:04:47] [logits] Applying loss function for 1 factor(s)
[2026-07-24 09:04:47] [memory] Reserving 343 MB, device cpu0
[2026-07-24 09:04:52] [memory] Reserving 343 MB, device cpu0
[2026-07-24 09:42:07] [batching] Done. Typical MB size is 516 target words
[2026-07-24 09:42:07] [memory] Extending reserved space to 512 MB (device cpu0)
[2026-07-24 09:42:07] [memory] Extending reserved space to 512 MB (device cpu1)
[2026-07-24 09:42:07] [memory] Extending reserved space to 512 MB (device cpu2)
[2026-07-24 09:42:07] [memory] Extending reserved space to 512 MB (device cpu3)
[2026-07-24 09:42:07] [training] Using 4 CPUs
[2026-07-24 09:42:07] Training started
[2026-07-24 09:42:07] [data] Shuffling data
[2026-07-24 09:42:07] [data] Done reading 20,000 sentences
[2026-07-24 09:42:07] [data] Done shuffling 20,000 sentences to temp files
[2026-07-24 09:42:07] [memory] Reserving 343 MB, device cpu0
[2026-07-24 09:42:07] [memory] Reserving 343 MB, device cpu2
[2026-07-24 09:42:07] [memory] Reserving 343 MB, device cpu1
[2026-07-24 09:42:07] [memory] Reserving 343 MB, device cpu3
[2026-07-24 09:42:13] [memory] Reserving 85 MB, device cpu0
[2026-07-24 09:42:13] [memory] Reserving 85 MB, device cpu1
[2026-07-24 09:42:13] [memory] Reserving 85 MB, device cpu2
[2026-07-24 09:42:13] [memory] Reserving 85 MB, device cpu3
[2026-07-24 09:42:13] [memory] Reserving 85 MB, device cpu0
[2026-07-24 09:42:13] [memory] Reserving 85 MB, device cpu1
[2026-07-24 09:42:13] [memory] Reserving 85 MB, device cpu2
[2026-07-24 09:42:13] [memory] Reserving 85 MB, device cpu3
[2026-07-24 09:42:13] Parameter type float32, optimization type float32, casting types false
[2026-07-24 09:42:13] Allocating memory for general optimizer shards
[2026-07-24 09:42:13] [memory] Reserving 85 MB, device cpu0
[2026-07-24 09:42:13] Allocating memory for Adam-specific shards
[2026-07-24 09:42:13] [memory] Reserving 171 MB, device cpu0
[2026-07-24 09:42:13] [memory] Reserving 85 MB, device cpu1
[2026-07-24 09:42:14] [memory] Reserving 171 MB, device cpu1
[2026-07-24 09:42:14] [memory] Reserving 85 MB, device cpu2
[2026-07-24 09:42:14] [memory] Reserving 171 MB, device cpu2
[2026-07-24 09:42:14] [memory] Reserving 85 MB, device cpu3
[2026-07-24 09:42:14] [memory] Reserving 171 MB, device cpu3
[2026-07-24 09:42:16] [memory] Reserving 343 MB, device cpu3
[2026-07-24 09:42:17] [memory] Reserving 343 MB, device cpu1
[2026-07-24 09:42:19] [memory] Reserving 343 MB, device cpu2
[2026-07-24 09:42:19] [memory] Reserving 343 MB, device cpu0
[2026-07-24 10:03:04] Seen 19,560 samples
[2026-07-24 10:03:04] Starting data epoch 2 in logical epoch 2
[2026-07-24 10:03:04] [data] Shuffling data
[2026-07-24 10:03:04] [data] Done reading 20,000 sentences
[2026-07-24 10:03:04] [data] Done shuffling 20,000 sentences to temp files
[2026-07-24 10:11:08] Ep. 2 : Up. 500 : Sen. 7,775 : Cost 5.46155071 * 105,688 @ 165 after 105,688 : Time 1729.60s : 61.11 words/s : gNorm 0.0000
[2026-07-24 10:22:34] Seen 20,025 samples
[2026-07-24 10:22:34] Starting data epoch 3 in logical epoch 3
[2026-07-24 10:22:34] [data] Shuffling data
[2026-07-24 10:22:34] [data] Done reading 20,000 sentences
[2026-07-24 10:22:34] [data] Done shuffling 20,000 sentences to temp files
[2026-07-24 10:36:31] Ep. 3 : Up. 1000 : Sen. 15,085 : Cost 4.48760509 * 106,324 @ 256 after 212,012 : Time 1522.16s : 69.85 words/s : gNorm 0.0000
[2026-07-24 10:45:58] Seen 20,002 samples
[2026-07-24 10:45:58] Starting data epoch 4 in logical epoch 4
[2026-07-24 10:45:58] [data] Shuffling data
[2026-07-24 10:45:58] [data] Done reading 20,000 sentences
[2026-07-24 10:45:58] [data] Done shuffling 20,000 sentences to temp files
[2026-07-24 11:05:09] Seen 19,998 samples
[2026-07-24 11:05:09] Starting data epoch 5 in logical epoch 5
[2026-07-24 11:05:09] [data] Shuffling data
[2026-07-24 11:05:09] [data] Done reading 20,000 sentences
[2026-07-24 11:05:09] [data] Done shuffling 20,000 sentences to temp files
[2026-07-24 11:07:09] Ep. 5 : Up. 1500 : Sen. 2,340 : Cost 3.91223526 * 104,652 @ 165 after 316,664 : Time 1537.66s : 68.06 words/s : gNorm 0.0000
[2026-07-24 11:23:13] Seen 20,000 samples
[2026-07-24 11:23:13] Starting data epoch 6 in logical epoch 6
[2026-07-24 11:23:13] [data] Shuffling data
[2026-07-24 11:23:13] [data] Done reading 20,000 sentences
[2026-07-24 11:23:13] [data] Done shuffling 20,000 sentences to temp files
[2026-07-24 11:34:16] Ep. 6 : Up. 2000 : Sen. 9,667 : Cost 3.47557092 * 105,900 @ 220 after 422,564 : Time 1545.27s : 68.53 words/s : gNorm 0.0000
[2026-07-24 11:44:29] Seen 19,975 samples
[2026-07-24 11:44:29] Starting data epoch 7 in logical epoch 7
[2026-07-24 11:44:29] [data] Shuffling data
[2026-07-24 11:44:29] [data] Done reading 20,000 sentences
[2026-07-24 11:44:29] [data] Done shuffling 20,000 sentences to temp files
[2026-07-24 12:01:53] Ep. 7 : Up. 2500 : Sen. 17,008 : Cost 3.07854748 * 105,306 @ 165 after 527,870 : Time 1657.04s : 63.55 words/s : gNorm 0.0000
[2026-07-24 12:05:04] Seen 20,000 samples
[2026-07-24 12:05:04] Starting data epoch 8 in logical epoch 8
[2026-07-24 12:05:04] [data] Shuffling data
[2026-07-24 12:05:04] [data] Done reading 20,000 sentences
[2026-07-24 12:05:05] [data] Done shuffling 20,000 sentences to temp files
[2026-07-24 12:25:10] Seen 20,025 samples
[2026-07-24 12:25:10] Starting data epoch 9 in logical epoch 9
[2026-07-24 12:25:10] [data] Shuffling data
[2026-07-24 12:25:11] [data] Done reading 20,000 sentences
[2026-07-24 12:25:11] [data] Done shuffling 20,000 sentences to temp files
[2026-07-24 12:33:46] Ep. 9 : Up. 3000 : Sen. 4,285 : Cost 2.80887127 * 105,942 @ 275 after 633,812 : Time 1719.96s : 61.60 words/s : gNorm 0.0000
[2026-07-24 12:53:35] Seen 20,000 samples
[2026-07-24 12:53:35] Starting data epoch 10 in logical epoch 10
[2026-07-24 12:53:35] [data] Shuffling data
[2026-07-24 12:53:35] [data] Done reading 20,000 sentences
[2026-07-24 12:53:35] [data] Done shuffling 20,000 sentences to temp files
[2026-07-24 13:05:21] Ep. 10 : Up. 3500 : Sen. 11,620 : Cost 2.52591062 * 105,415 @ 220 after 739,227 : Time 1840.97s : 57.26 words/s : gNorm 0.0000
[2026-07-24 14:20:56] Seen 19,975 samples
[2026-07-24 14:20:56] Starting data epoch 11 in logical epoch 11
[2026-07-24 14:20:56] [data] Shuffling data
[2026-07-24 14:20:56] [data] Done reading 20,000 sentences
[2026-07-24 14:20:56] [data] Done shuffling 20,000 sentences to temp files
[2026-07-24 14:40:23] Ep. 11 : Up. 4000 : Sen. 18,980 : Cost 2.21038485 * 105,364 @ 220 after 844,591 : Time 1689.02s : 62.38 words/s : gNorm 0.0000
[2026-07-24 14:41:34] Seen 20,027 samples
[2026-07-24 14:41:34] Starting data epoch 12 in logical epoch 12
[2026-07-24 14:41:34] [data] Shuffling data
[2026-07-24 14:41:35] [data] Done reading 20,000 sentences
[2026-07-24 14:41:35] [data] Done shuffling 20,000 sentences to temp files
[2026-07-24 15:11:39] Seen 19,973 samples
[2026-07-24 15:11:39] Starting data epoch 13 in logical epoch 13
[2026-07-24 15:11:39] [data] Shuffling data
[2026-07-24 15:11:39] [data] Done reading 20,000 sentences
[2026-07-24 15:11:39] [data] Done shuffling 20,000 sentences to temp files
[2026-07-24 15:17:54] Ep. 13 : Up. 4500 : Sen. 6,243 : Cost 2.00515318 * 105,692 @ 275 after 950,283 : Time 1619.82s : 65.25 words/s : gNorm 0.0000
[2026-07-24 15:30:43] Seen 20,000 samples
[2026-07-24 15:30:43] Starting data epoch 14 in logical epoch 14
[2026-07-24 15:30:43] [data] Shuffling data
[2026-07-24 15:30:43] [data] Done reading 20,000 sentences
[2026-07-24 15:30:43] [data] Done shuffling 20,000 sentences to temp files
[2026-07-24 15:43:11] Ep. 14 : Up. 5000 : Sen. 13,570 : Cost 1.81576192 * 105,727 @ 165 after 1,056,010 : Time 1516.92s : 69.70 words/s : gNorm 0.0000
[2026-07-24 15:43:14] TODO: implement exponential smoothing!
[2026-07-24 15:43:38] [valid] Ep. 14 : Up. 5000 : cross-entropy : 5.72493 : new best
[2026-07-24 15:44:01] [valid] Ep. 14 : Up. 5000 : perplexity : 4.43496 : new best
[2026-07-24 15:44:01] Translating validation set...
[2026-07-24 15:44:04] [valid] First sentence's tokens as scored:
[2026-07-24 15:44:04] [valid] DefaultVocab keeps original segments for scoring
[2026-07-24 15:44:04] [valid]   Hyp: ဝ ရ ဝ
[2026-07-24 15:44:04] [valid]   Ref: ဝ ရ ဇိန်
[2026-07-24 15:44:07] Best translation 0 : ရပ် မှု ထမ်း မှု
[2026-07-24 15:44:10] Best translation 1 : ဈေး ဆေး
[2026-07-24 15:44:10] Best translation 2 : မြင်း စား ကျက်
[2026-07-24 15:44:10] Best translation 3 : အ ပေး ပေး
[2026-07-24 15:44:10] Best translation 4 : အ နေ အ ထား
[2026-07-24 15:44:10] Best translation 5 : ကျား မိ ကြား မိ
[2026-07-24 15:44:10] Best translation 10 : ထ မင်း ချဉ်
[2026-07-24 15:44:10] Best translation 20 : စစ် ရဲ
[2026-07-24 15:44:10] Best translation 40 : အုပ် တိုက်
[2026-07-24 15:44:10] Best translation 80 : ဝက် သိုး ချ
[2026-07-24 15:44:10] Best translation 160 : နှစ် ပါး သွား
[2026-07-24 15:44:18] Best translation 320 : အ ခွန်
[2026-07-24 15:44:23] Best translation 640 : အ စွန်း ပြ
[2026-07-24 15:44:44] Best translation 1280 : စိုက် စိုက်
[2026-07-24 15:44:56] Total translation time: 54.89000s
[2026-07-24 15:44:56] [valid] Ep. 14 : Up. 5000 : bleu : 29.9891 : new best
[2026-07-24 15:44:56] Saving model weights and runtime parameters to /mnt/d/Job_Requirements/PracticalProjectsFromDrYe/AIE-F/assignment-submission/class-22/TheinGiKyaw_Assignment7/model.seq2seq.phmy/model.iter5000.npz
[2026-07-24 15:45:02] Saving model weights and runtime parameters to /mnt/d/Job_Requirements/PracticalProjectsFromDrYe/AIE-F/assignment-submission/class-22/TheinGiKyaw_Assignment7/model.seq2seq.phmy/model.npz
[2026-07-24 15:45:05] Saving Adam parameters
[2026-07-24 15:45:08] [training] Saving training checkpoint to /mnt/d/Job_Requirements/PracticalProjectsFromDrYe/AIE-F/assignment-submission/class-22/TheinGiKyaw_Assignment7/model.seq2seq.phmy/model.npz and /mnt/d/Job_Requirements/PracticalProjectsFromDrYe/AIE-F/assignment-submission/class-22/TheinGiKyaw_Assignment7/model.seq2seq.phmy/model.npz.optimizer.npz
[2026-07-24 15:52:24] Seen 20,000 samples
[2026-07-24 15:52:24] Starting data epoch 15 in logical epoch 15
[2026-07-24 15:52:24] [data] Shuffling data
[2026-07-24 15:52:24] [data] Done reading 20,000 sentences
[2026-07-24 15:52:24] [data] Done shuffling 20,000 sentences to temp files
[2026-07-24 16:14:37] Seen 20,000 samples
[2026-07-24 16:14:37] Starting data epoch 16 in logical epoch 16
[2026-07-24 16:14:37] [data] Shuffling data
[2026-07-24 16:14:37] [data] Done reading 20,000 sentences
[2026-07-24 16:14:37] [data] Done shuffling 20,000 sentences to temp files
[2026-07-24 16:15:43] Ep. 16 : Up. 5500 : Sen. 880 : Cost 1.63506377 * 105,980 @ 275 after 1,161,990 : Time 1952.22s : 54.29 words/s : gNorm 0.0000
[2026-07-24 16:36:16] Seen 20,025 samples
[2026-07-24 16:36:16] Starting data epoch 17 in logical epoch 17
[2026-07-24 16:36:16] [data] Shuffling data
[2026-07-24 16:36:16] [data] Done reading 20,000 sentences
[2026-07-24 16:36:16] [data] Done shuffling 20,000 sentences to temp files
[2026-07-24 16:44:36] Ep. 17 : Up. 6000 : Sen. 8,182 : Cost 1.48784721 * 105,292 @ 165 after 1,267,282 : Time 1732.97s : 60.76 words/s : gNorm 0.0000
[2026-07-24 16:57:30] Seen 19,975 samples
[2026-07-24 16:57:30] Starting data epoch 18 in logical epoch 18
[2026-07-24 16:57:30] [data] Shuffling data
[2026-07-24 16:57:30] [data] Done reading 20,000 sentences
[2026-07-24 16:57:30] [data] Done shuffling 20,000 sentences to temp files
[2026-07-24 17:12:14] Ep. 18 : Up. 6500 : Sen. 15,550 : Cost 1.36666191 * 105,847 @ 275 after 1,373,129 : Time 1657.96s : 63.84 words/s : gNorm 0.0000
[2026-07-24 17:16:36] Seen 20,027 samples
[2026-07-24 17:16:36] Starting data epoch 19 in logical epoch 19
[2026-07-24 17:16:36] [data] Shuffling data
[2026-07-24 17:16:36] [data] Done reading 20,000 sentences
[2026-07-24 17:16:36] [data] Done shuffling 20,000 sentences to temp files
[2026-07-24 17:34:49] Seen 19,998 samples
[2026-07-24 17:34:49] Starting data epoch 20 in logical epoch 20
[2026-07-24 17:34:49] [data] Shuffling data
[2026-07-24 17:34:49] [data] Done reading 20,000 sentences
[2026-07-24 17:34:49] [data] Done shuffling 20,000 sentences to temp files
[2026-07-24 17:37:17] Ep. 20 : Up. 7000 : Sen. 2,753 : Cost 1.29204798 * 105,544 @ 165 after 1,478,673 : Time 1502.91s : 70.23 words/s : gNorm 0.0000
[2026-07-24 17:53:15] Seen 19,975 samples
[2026-07-24 17:53:15] Starting data epoch 21 in logical epoch 21
[2026-07-24 17:53:15] [data] Shuffling data
[2026-07-24 17:53:15] [data] Done reading 20,000 sentences
[2026-07-24 17:53:15] [data] Done shuffling 20,000 sentences to temp files
[2026-07-24 18:32:32] Ep. 21 : Up. 7500 : Sen. 10,113 : Cost 1.20593238 * 105,819 @ 165 after 1,584,492 : Time 1497.62s : 70.66 words/s : gNorm 0.0000
[2026-07-24 19:05:46] Seen 20,000 samples
[2026-07-24 19:05:46] Starting data epoch 22 in logical epoch 22
[2026-07-24 19:05:46] [data] Shuffling data
[2026-07-24 19:05:47] [data] Done reading 20,000 sentences
[2026-07-24 19:05:47] [data] Done shuffling 20,000 sentences to temp files
[2026-07-24 19:25:55] Ep. 22 : Up. 8000 : Sen. 17,440 : Cost 1.17830610 * 105,346 @ 165 after 1,689,838 : Time 1813.70s : 58.08 words/s : gNorm 0.0000
[2026-07-24 19:28:47] Seen 20,000 samples
[2026-07-24 19:28:47] Starting data epoch 23 in logical epoch 23
[2026-07-24 19:28:47] [data] Shuffling data
[2026-07-24 19:28:47] [data] Done reading 20,000 sentences
[2026-07-24 19:28:47] [data] Done shuffling 20,000 sentences to temp files
[2026-07-24 19:51:25] Seen 20,000 samples
[2026-07-24 19:51:25] Starting data epoch 24 in logical epoch 24
[2026-07-24 19:51:25] [data] Shuffling data
[2026-07-24 19:51:25] [data] Done reading 20,000 sentences
[2026-07-24 19:51:26] [data] Done shuffling 20,000 sentences to temp files
[2026-07-24 19:56:40] Ep. 24 : Up. 8500 : Sen. 4,750 : Cost 1.05427742 * 106,111 @ 165 after 1,795,949 : Time 1845.25s : 57.50 words/s : gNorm 0.0000
[2026-07-24 20:13:33] Seen 20,025 samples
[2026-07-24 20:13:33] Starting data epoch 25 in logical epoch 25
[2026-07-24 20:13:33] [data] Shuffling data
[2026-07-24 20:13:33] [data] Done reading 20,000 sentences
[2026-07-24 20:13:33] [data] Done shuffling 20,000 sentences to temp files
[2026-07-24 20:32:16] Ep. 25 : Up. 9000 : Sen. 12,060 : Cost 1.02004778 * 105,428 @ 220 after 1,901,377 : Time 1874.97s : 56.23 words/s : gNorm 0.0000
[2026-07-24 20:40:29] Seen 20,000 samples
[2026-07-24 20:40:29] Starting data epoch 26 in logical epoch 26
[2026-07-24 20:40:29] [data] Shuffling data
[2026-07-24 20:40:29] [data] Done reading 20,000 sentences
[2026-07-24 20:40:30] [data] Done shuffling 20,000 sentences to temp files
[2026-07-24 21:00:28] Ep. 26 : Up. 9500 : Sen. 19,395 : Cost 0.99318147 * 105,710 @ 165 after 2,007,087 : Time 1681.76s : 62.86 words/s : gNorm 0.0000
[2026-07-24 21:01:03] Seen 19,975 samples
[2026-07-24 21:01:03] Starting data epoch 27 in logical epoch 27
[2026-07-24 21:01:03] [data] Shuffling data
[2026-07-24 21:01:03] [data] Done reading 20,000 sentences
[2026-07-24 21:01:03] [data] Done shuffling 20,000 sentences to temp files
[2026-07-24 21:19:36] Seen 20,027 samples
[2026-07-24 21:19:36] Starting data epoch 28 in logical epoch 28
[2026-07-24 21:19:36] [data] Shuffling data
[2026-07-24 21:19:36] [data] Done reading 20,000 sentences
[2026-07-24 21:19:37] [data] Done shuffling 20,000 sentences to temp files
[2026-07-24 21:26:21] Ep. 28 : Up. 10000 : Sen. 6,648 : Cost 0.88611132 * 105,355 @ 220 after 2,112,442 : Time 1553.02s : 67.84 words/s : gNorm 0.0000
[2026-07-24 21:26:26] TODO: implement exponential smoothing!
[2026-07-24 21:26:55] [valid] Ep. 28 : Up. 10000 : cross-entropy : 3.30174 : new best
[2026-07-24 21:27:23] [valid] Ep. 28 : Up. 10000 : perplexity : 2.36074 : new best
[2026-07-24 21:27:23] Translating validation set...
[2026-07-24 21:27:31] Best translation 0 : ရပ် မှု ထမ်း မှု
[2026-07-24 21:27:33] Best translation 1 : ပြီး ဆေး
[2026-07-24 21:27:33] Best translation 2 : မြင်း စား ကြူး
[2026-07-24 21:27:33] Best translation 3 : အ မိန့် ပေး
[2026-07-24 21:27:33] Best translation 4 : အ နေ အ ထား
[2026-07-24 21:27:33] Best translation 5 : ကျား မီး ကျား ဆွဲ
[2026-07-24 21:27:34] Best translation 10 : ထ မင်း ဆုပ်
[2026-07-24 21:27:34] Best translation 20 : စစ် ညောင်း
[2026-07-24 21:27:34] Best translation 40 : အုပ် တိုက်
[2026-07-24 21:27:34] Best translation 80 : ဝက် သိုး ချ
[2026-07-24 21:27:34] Best translation 160 : နှစ် ပါး သွား
[2026-07-24 21:27:42] Best translation 320 : အ မြုံ
[2026-07-24 21:27:47] Best translation 640 : အ စွမ်း ပြ
[2026-07-24 21:28:10] Best translation 1280 : စိုက် ခွ
[2026-07-24 21:28:25] Total translation time: 61.30904s
[2026-07-24 21:28:25] [valid] Ep. 28 : Up. 10000 : bleu : 50.163 : new best
[2026-07-24 21:28:25] Saving model weights and runtime parameters to /mnt/d/Job_Requirements/PracticalProjectsFromDrYe/AIE-F/assignment-submission/class-22/TheinGiKyaw_Assignment7/model.seq2seq.phmy/model.iter10000.npz
[2026-07-24 21:28:28] Saving model weights and runtime parameters to /mnt/d/Job_Requirements/PracticalProjectsFromDrYe/AIE-F/assignment-submission/class-22/TheinGiKyaw_Assignment7/model.seq2seq.phmy/model.npz
[2026-07-24 21:28:32] Saving Adam parameters
[2026-07-24 21:28:38] [training] Saving training checkpoint to /mnt/d/Job_Requirements/PracticalProjectsFromDrYe/AIE-F/assignment-submission/class-22/TheinGiKyaw_Assignment7/model.seq2seq.phmy/model.npz and /mnt/d/Job_Requirements/PracticalProjectsFromDrYe/AIE-F/assignment-submission/class-22/TheinGiKyaw_Assignment7/model.seq2seq.phmy/model.npz.optimizer.npz
[2026-07-24 21:44:29] Seen 19,998 samples
[2026-07-24 21:44:29] Starting data epoch 29 in logical epoch 29
[2026-07-24 21:44:29] [data] Shuffling data
[2026-07-24 21:44:29] [data] Done reading 20,000 sentences
[2026-07-24 21:44:29] [data] Done shuffling 20,000 sentences to temp files
[2026-07-24 22:29:27] Ep. 29 : Up. 10500 : Sen. 13,985 : Cost 0.91539294 * 105,746 @ 220 after 2,218,188 : Time 2024.47s : 52.23 words/s : gNorm 0.0000
[2026-07-24 22:35:51] Seen 19,975 samples
[2026-07-24 22:35:51] Starting data epoch 30 in logical epoch 30
[2026-07-24 22:35:51] [data] Shuffling data
[2026-07-24 22:35:52] [data] Done reading 20,000 sentences
[2026-07-24 22:35:52] [data] Done shuffling 20,000 sentences to temp files
[2026-07-24 22:57:09] Seen 20,027 samples
[2026-07-24 22:57:09] Starting data epoch 31 in logical epoch 31
[2026-07-24 22:57:09] [data] Shuffling data
[2026-07-24 22:57:09] [data] Done reading 20,000 sentences
[2026-07-24 22:57:09] [data] Done shuffling 20,000 sentences to temp files
[2026-07-24 22:58:25] Ep. 31 : Up. 11000 : Sen. 1,238 : Cost 0.86919862 * 105,059 @ 275 after 2,323,247 : Time 1680.10s : 62.53 words/s : gNorm 0.0000
[2026-07-24 23:15:34] Seen 19,973 samples
[2026-07-24 23:15:34] Starting data epoch 32 in logical epoch 32
[2026-07-24 23:15:34] [data] Shuffling data
[2026-07-24 23:15:34] [data] Done reading 20,000 sentences
[2026-07-24 23:15:34] [data] Done shuffling 20,000 sentences to temp files
[2026-07-24 23:23:42] Ep. 32 : Up. 11500 : Sen. 8,600 : Cost 0.81441367 * 106,027 @ 220 after 2,429,274 : Time 1516.22s : 69.93 words/s : gNorm 0.0000
[2026-07-24 23:34:45] Seen 20,025 samples
[2026-07-24 23:34:45] Starting data epoch 33 in logical epoch 33
[2026-07-24 23:34:45] [data] Shuffling data
[2026-07-24 23:34:45] [data] Done reading 20,000 sentences
[2026-07-24 23:34:45] [data] Done shuffling 20,000 sentences to temp files
[2026-07-24 23:49:26] Ep. 33 : Up. 12000 : Sen. 15,910 : Cost 0.77854705 * 105,993 @ 165 after 2,535,267 : Time 1544.64s : 68.62 words/s : gNorm 0.0000
[2026-07-24 23:53:09] Seen 20,000 samples
[2026-07-24 23:53:09] Starting data epoch 34 in logical epoch 34
[2026-07-24 23:53:09] [data] Shuffling data
[2026-07-24 23:53:09] [data] Done reading 20,000 sentences
[2026-07-24 23:53:09] [data] Done shuffling 20,000 sentences to temp files
[2026-07-25 00:11:48] Seen 20,000 samples
[2026-07-25 00:11:48] Starting data epoch 35 in logical epoch 35
[2026-07-25 00:11:48] [data] Shuffling data
[2026-07-25 00:11:48] [data] Done reading 20,000 sentences
[2026-07-25 00:11:48] [data] Done shuffling 20,000 sentences to temp files
[2026-07-25 00:15:06] Ep. 35 : Up. 12500 : Sen. 3,220 : Cost 0.75971794 * 104,863 @ 275 after 2,640,130 : Time 1528.19s : 68.62 words/s : gNorm 0.0000
[2026-07-25 00:30:49] Seen 19,975 samples
[2026-07-25 00:30:49] Starting data epoch 36 in logical epoch 36
[2026-07-25 00:30:49] [data] Shuffling data
[2026-07-25 00:30:49] [data] Done reading 20,000 sentences
[2026-07-25 00:30:49] [data] Done shuffling 20,000 sentences to temp files
[2026-07-25 00:41:30] Ep. 36 : Up. 13000 : Sen. 10,545 : Cost 0.71272165 * 105,635 @ 220 after 2,745,765 : Time 1584.43s : 66.67 words/s : gNorm 0.0000
[2026-07-25 00:50:25] Seen 20,025 samples
[2026-07-25 00:50:25] Starting data epoch 37 in logical epoch 37
[2026-07-25 00:50:25] [data] Shuffling data
[2026-07-25 00:50:25] [data] Done reading 20,000 sentences
[2026-07-25 00:50:25] [data] Done shuffling 20,000 sentences to temp files
[2026-07-25 01:09:50] Ep. 37 : Up. 13500 : Sen. 17,882 : Cost 0.71425140 * 105,571 @ 220 after 2,851,336 : Time 1699.85s : 62.11 words/s : gNorm 0.0000
[2026-07-25 01:12:44] Seen 19,975 samples
[2026-07-25 01:12:44] Starting data epoch 38 in logical epoch 38
[2026-07-25 01:12:44] [data] Shuffling data
[2026-07-25 01:12:45] [data] Done reading 20,000 sentences
[2026-07-25 01:12:46] [data] Done shuffling 20,000 sentences to temp files
[2026-07-25 01:37:08] Seen 20,027 samples
[2026-07-25 01:37:08] Starting data epoch 39 in logical epoch 39
[2026-07-25 01:37:08] [data] Shuffling data
[2026-07-25 01:37:08] [data] Done reading 20,000 sentences
[2026-07-25 01:37:08] [data] Done shuffling 20,000 sentences to temp files
[2026-07-25 01:42:40] Ep. 39 : Up. 14000 : Sen. 5,108 : Cost 0.66394436 * 105,392 @ 165 after 2,956,728 : Time 1969.47s : 53.51 words/s : gNorm 0.0000
[2026-07-25 02:00:23] Seen 19,998 samples
[2026-07-25 02:00:23] Starting data epoch 40 in logical epoch 40
[2026-07-25 02:00:23] [data] Shuffling data
[2026-07-25 02:00:23] [data] Done reading 20,000 sentences
[2026-07-25 02:00:24] [data] Done shuffling 20,000 sentences to temp files
[2026-07-25 02:14:54] Ep. 40 : Up. 14500 : Sen. 12,472 : Cost 0.66626328 * 106,599 @ 275 after 3,063,327 : Time 1934.91s : 55.09 words/s : gNorm 0.0000
[2026-07-25 02:24:21] Seen 19,975 samples
[2026-07-25 02:24:21] Starting data epoch 41 in logical epoch 41
[2026-07-25 02:24:21] [data] Shuffling data
[2026-07-25 02:24:21] [data] Done reading 20,000 sentences
[2026-07-25 02:24:22] [data] Done shuffling 20,000 sentences to temp files
[2026-07-25 02:44:11] Ep. 41 : Up. 15000 : Sen. 19,805 : Cost 0.66455877 * 105,291 @ 165 after 3,168,618 : Time 1756.79s : 59.93 words/s : gNorm 0.0000
[2026-07-25 02:44:19] TODO: implement exponential smoothing!
[2026-07-25 02:44:59] [valid] Ep. 41 : Up. 15000 : cross-entropy : 3.18052 : new best
[2026-07-25 02:45:31] [valid] Ep. 41 : Up. 15000 : perplexity : 2.28721 : new best
[2026-07-25 02:45:31] Translating validation set...
[2026-07-25 02:45:38] Best translation 0 : ရပ် မှု ရွာ မှု
[2026-07-25 02:45:42] Best translation 1 : ပြီး ဆေး
[2026-07-25 02:45:42] Best translation 2 : မြင်း စား ခို
[2026-07-25 02:45:42] Best translation 3 : အ မိန့် ပေး
[2026-07-25 02:45:42] Best translation 4 : အ နေ အ ထား
[2026-07-25 02:45:42] Best translation 5 : မြီး ဆွဲ ဖင် ထိုး
[2026-07-25 02:45:42] Best translation 10 : ထ မင်း ဆုပ်
[2026-07-25 02:45:42] Best translation 20 : စစ် ညောင်း
[2026-07-25 02:45:42] Best translation 40 : အုပ် တိုက်
[2026-07-25 02:45:42] Best translation 80 : ဝက် သစ် ချ
[2026-07-25 02:45:42] Best translation 160 : နှစ် ပါး သွား
[2026-07-25 02:45:52] Best translation 320 : အ မြုံ
[2026-07-25 02:45:59] Best translation 640 : အ စွန်း ပြ
[2026-07-25 02:46:25] Best translation 1280 : စိုက် ခွ
[2026-07-25 02:46:40] Total translation time: 68.77470s
[2026-07-25 02:46:40] [valid] Ep. 41 : Up. 15000 : bleu : 52.3146 : new best
[2026-07-25 02:46:40] Saving model weights and runtime parameters to /mnt/d/Job_Requirements/PracticalProjectsFromDrYe/AIE-F/assignment-submission/class-22/TheinGiKyaw_Assignment7/model.seq2seq.phmy/model.iter15000.npz
[2026-07-25 02:46:44] Saving model weights and runtime parameters to /mnt/d/Job_Requirements/PracticalProjectsFromDrYe/AIE-F/assignment-submission/class-22/TheinGiKyaw_Assignment7/model.seq2seq.phmy/model.npz
[2026-07-25 02:46:48] Saving Adam parameters
[2026-07-25 02:46:55] [training] Saving training checkpoint to /mnt/d/Job_Requirements/PracticalProjectsFromDrYe/AIE-F/assignment-submission/class-22/TheinGiKyaw_Assignment7/model.seq2seq.phmy/model.npz and /mnt/d/Job_Requirements/PracticalProjectsFromDrYe/AIE-F/assignment-submission/class-22/TheinGiKyaw_Assignment7/model.seq2seq.phmy/model.npz.optimizer.npz
[2026-07-25 02:47:30] Seen 20,025 samples
[2026-07-25 02:47:30] Starting data epoch 42 in logical epoch 42
[2026-07-25 02:47:30] [data] Shuffling data
[2026-07-25 02:47:30] [data] Done reading 20,000 sentences
[2026-07-25 02:47:30] [data] Done shuffling 20,000 sentences to temp files
[2026-07-25 09:13:33] Seen 19,975 samples
[2026-07-25 09:13:33] Starting data epoch 43 in logical epoch 43
[2026-07-25 09:13:33] [data] Shuffling data
[2026-07-25 09:13:33] [data] Done reading 20,000 sentences
[2026-07-25 09:13:34] [data] Done shuffling 20,000 sentences to temp files
[2026-07-25 09:22:31] Ep. 43 : Up. 15500 : Sen. 7,060 : Cost 0.64218861 * 105,706 @ 388 after 3,274,324 : Time 2334.49s : 45.28 words/s : gNorm 0.0000
[2026-07-25 09:40:36] Seen 20,080 samples
[2026-07-25 09:40:36] Starting data epoch 44 in logical epoch 44
[2026-07-25 09:40:36] [data] Shuffling data
[2026-07-25 09:40:37] [data] Done reading 20,000 sentences
[2026-07-25 09:40:37] [data] Done shuffling 20,000 sentences to temp files
[2026-07-25 09:57:05] Ep. 44 : Up. 16000 : Sen. 14,233 : Cost 0.64053655 * 105,170 @ 220 after 3,379,494 : Time 2073.76s : 50.71 words/s : gNorm 0.0000
[2026-07-25 10:03:43] Seen 19,920 samples
[2026-07-25 10:03:43] Starting data epoch 45 in logical epoch 45
[2026-07-25 10:03:43] [data] Shuffling data
[2026-07-25 10:03:43] [data] Done reading 20,000 sentences
[2026-07-25 10:03:44] [data] Done shuffling 20,000 sentences to temp files
[2026-07-25 10:27:08] Seen 20,025 samples
[2026-07-25 10:27:08] Starting data epoch 46 in logical epoch 46
[2026-07-25 10:27:08] [data] Shuffling data
[2026-07-25 10:27:09] [data] Done reading 20,000 sentences
[2026-07-25 10:27:09] [data] Done shuffling 20,000 sentences to temp files
[2026-07-25 10:28:56] Ep. 46 : Up. 16500 : Sen. 1,625 : Cost 0.69567072 * 105,814 @ 385 after 3,485,308 : Time 1911.32s : 55.36 words/s : gNorm 0.0000
[2026-07-25 10:49:16] Seen 20,055 samples
[2026-07-25 10:49:16] Starting data epoch 47 in logical epoch 47
[2026-07-25 10:49:16] [data] Shuffling data
[2026-07-25 10:49:16] [data] Done reading 20,000 sentences
[2026-07-25 10:49:16] [data] Done shuffling 20,000 sentences to temp files
[2026-07-25 10:59:49] Ep. 47 : Up. 17000 : Sen. 8,842 : Cost 0.55298609 * 105,176 @ 141 after 3,590,484 : Time 1852.57s : 56.77 words/s : gNorm 0.0000
[2026-07-25 11:12:05] Seen 19,920 samples
[2026-07-25 11:12:05] Starting data epoch 48 in logical epoch 48
[2026-07-25 11:12:05] [data] Shuffling data
[2026-07-25 11:12:05] [data] Done reading 20,000 sentences
[2026-07-25 11:12:05] [data] Done shuffling 20,000 sentences to temp files
[2026-07-25 11:30:10] Ep. 48 : Up. 17500 : Sen. 16,230 : Cost 0.62582505 * 105,748 @ 165 after 3,696,232 : Time 1821.13s : 58.07 words/s : gNorm 0.0000
[2026-07-25 11:34:14] Seen 20,025 samples
[2026-07-25 11:34:14] Starting data epoch 49 in logical epoch 49
[2026-07-25 11:34:14] [data] Shuffling data
[2026-07-25 11:34:15] [data] Done reading 20,000 sentences
[2026-07-25 11:34:15] [data] Done shuffling 20,000 sentences to temp files
[2026-07-25 11:55:20] Seen 19,975 samples
[2026-07-25 11:55:20] Starting data epoch 50 in logical epoch 50
[2026-07-25 11:55:20] [data] Shuffling data
[2026-07-25 11:55:20] [data] Done reading 20,000 sentences
[2026-07-25 11:55:21] [data] Done shuffling 20,000 sentences to temp files
[2026-07-25 11:58:42] Ep. 50 : Up. 18000 : Sen. 3,575 : Cost 0.58813709 * 105,118 @ 275 after 3,801,350 : Time 1711.72s : 61.41 words/s : gNorm 0.0000
[2026-07-25 12:15:20] Seen 20,000 samples
[2026-07-25 12:15:20] Starting data epoch 51 in logical epoch 51
[2026-07-25 12:15:20] [data] Shuffling data
[2026-07-25 12:15:20] [data] Done reading 20,000 sentences
[2026-07-25 12:15:20] [data] Done shuffling 20,000 sentences to temp files
[2026-07-25 12:26:47] Ep. 51 : Up. 18500 : Sen. 10,875 : Cost 0.57060522 * 106,324 @ 165 after 3,907,674 : Time 1685.36s : 63.09 words/s : gNorm 0.0000
[2026-07-25 12:36:28] Seen 20,027 samples
[2026-07-25 12:36:28] Starting data epoch 52 in logical epoch 52
[2026-07-25 12:36:28] [data] Shuffling data
[2026-07-25 12:36:28] [data] Done reading 20,000 sentences
[2026-07-25 12:36:28] [data] Done shuffling 20,000 sentences to temp files
[2026-07-25 12:55:29] Ep. 52 : Up. 19000 : Sen. 18,155 : Cost 0.55954885 * 105,483 @ 275 after 4,013,157 : Time 1722.18s : 61.25 words/s : gNorm 0.0000
[2026-07-25 12:57:10] Seen 19,973 samples
[2026-07-25 12:57:10] Starting data epoch 53 in logical epoch 53
[2026-07-25 12:57:10] [data] Shuffling data
[2026-07-25 12:57:11] [data] Done reading 20,000 sentences
[2026-07-25 12:57:11] [data] Done shuffling 20,000 sentences to temp files
[2026-07-25 13:19:21] Seen 20,025 samples
[2026-07-25 13:19:21] Starting data epoch 54 in logical epoch 54
[2026-07-25 13:19:21] [data] Shuffling data
[2026-07-25 13:19:21] [data] Done reading 20,000 sentences
[2026-07-25 13:19:22] [data] Done shuffling 20,000 sentences to temp files
[2026-07-25 13:25:19] Ep. 54 : Up. 19500 : Sen. 5,440 : Cost 0.54853618 * 105,966 @ 220 after 4,119,123 : Time 1789.55s : 59.21 words/s : gNorm 0.0000
[2026-07-25 13:41:45] Seen 20,055 samples
[2026-07-25 13:41:45] Starting data epoch 55 in logical epoch 55
[2026-07-25 13:41:45] [data] Shuffling data
[2026-07-25 13:41:45] [data] Done reading 20,000 sentences
[2026-07-25 13:41:45] [data] Done shuffling 20,000 sentences to temp files
[2026-07-25 14:09:19] Ep. 55 : Up. 20000 : Sen. 12,700 : Cost 0.58840305 * 104,965 @ 275 after 4,224,088 : Time 1752.99s : 59.88 words/s : gNorm 0.0000
[2026-07-25 14:09:28] TODO: implement exponential smoothing!
[2026-07-25 14:10:21] [valid] Ep. 55 : Up. 20000 : cross-entropy : 3.23546 : stalled 1 times (last best: 3.18052)
[2026-07-25 14:11:09] [valid] Ep. 55 : Up. 20000 : perplexity : 2.32145 : stalled 1 times (last best: 2.28721)
[2026-07-25 14:11:09] Translating validation set...
[2026-07-25 14:11:18] Best translation 0 : ရပ် မှု ထမ်း မှု
[2026-07-25 14:11:23] Best translation 1 : ပြီး ဆေး
[2026-07-25 14:11:23] Best translation 2 : မြင်း စား ကြုံ
[2026-07-25 14:11:23] Best translation 3 : အ မိန့် ပေး
[2026-07-25 14:11:23] Best translation 4 : အ နေ အ ထား
[2026-07-25 14:11:23] Best translation 5 : ကျား ကြီး လေး ပါး
[2026-07-25 14:11:23] Best translation 10 : ထ မင်း ဆုပ်
[2026-07-25 14:11:23] Best translation 20 : စစ် ညောင်း
[2026-07-25 14:11:23] Best translation 40 : အုပ် တိုက်
[2026-07-25 14:11:23] Best translation 80 : ဝက် သစ် ချ
[2026-07-25 14:11:23] Best translation 160 : နှစ် ပါး သွား
[2026-07-25 14:11:34] Best translation 320 : အ မြုံ
[2026-07-25 14:11:42] Best translation 640 : အ စွန်း ပြ
[2026-07-25 14:12:14] Best translation 1280 : စိုက် ခွ
[2026-07-25 14:12:34] Total translation time: 84.82391s
[2026-07-25 14:12:34] [valid] Ep. 55 : Up. 20000 : bleu : 50.7077 : stalled 1 times (last best: 52.3146)
[2026-07-25 14:12:34] Saving model weights and runtime parameters to /mnt/d/Job_Requirements/PracticalProjectsFromDrYe/AIE-F/assignment-submission/class-22/TheinGiKyaw_Assignment7/model.seq2seq.phmy/model.iter20000.npz
[2026-07-25 14:12:42] Saving model weights and runtime parameters to /mnt/d/Job_Requirements/PracticalProjectsFromDrYe/AIE-F/assignment-submission/class-22/TheinGiKyaw_Assignment7/model.seq2seq.phmy/model.npz
[2026-07-25 14:12:49] Saving Adam parameters
[2026-07-25 14:12:58] [training] Saving training checkpoint to /mnt/d/Job_Requirements/PracticalProjectsFromDrYe/AIE-F/assignment-submission/class-22/TheinGiKyaw_Assignment7/model.seq2seq.phmy/model.npz and /mnt/d/Job_Requirements/PracticalProjectsFromDrYe/AIE-F/assignment-submission/class-22/TheinGiKyaw_Assignment7/model.seq2seq.phmy/model.npz.optimizer.npz
[2026-07-25 14:22:13] Seen 19,973 samples
[2026-07-25 14:22:13] Starting data epoch 56 in logical epoch 56
[2026-07-25 14:22:13] [data] Shuffling data
[2026-07-25 14:22:14] [data] Done reading 20,000 sentences
[2026-07-25 14:22:14] [data] Done shuffling 20,000 sentences to temp files
[2026-07-25 14:46:12] Ep. 56 : Up. 20500 : Sen. 19,972 : Cost 0.57927841 * 105,653 @ 275 after 4,329,741 : Time 2212.49s : 47.75 words/s : gNorm 0.0000
[2026-07-25 14:46:12] Seen 19,972 samples
[2026-07-25 14:46:12] Starting data epoch 57 in logical epoch 57
[2026-07-25 14:46:12] [data] Shuffling data
[2026-07-25 14:46:12] [data] Done reading 20,000 sentences
[2026-07-25 14:46:12] [data] Done shuffling 20,000 sentences to temp files
[2026-07-25 15:10:56] Seen 19,975 samples
[2026-07-25 15:10:56] Starting data epoch 58 in logical epoch 58
[2026-07-25 15:10:56] [data] Shuffling data
[2026-07-25 15:10:56] [data] Done reading 20,000 sentences
[2026-07-25 15:10:56] [data] Done shuffling 20,000 sentences to temp files
[2026-07-25 15:18:31] Ep. 58 : Up. 21000 : Sen. 7,280 : Cost 0.55036539 * 105,438 @ 165 after 4,435,179 : Time 1938.76s : 54.38 words/s : gNorm 0.0000
[2026-07-25 15:31:54] Seen 20,000 samples
[2026-07-25 15:31:54] Starting data epoch 59 in logical epoch 59
[2026-07-25 15:31:54] [data] Shuffling data
[2026-07-25 15:31:55] [data] Done reading 20,000 sentences
[2026-07-25 15:31:55] [data] Done shuffling 20,000 sentences to temp files
[2026-07-25 15:52:07] Ep. 59 : Up. 21500 : Sen. 14,615 : Cost 0.53269446 * 105,290 @ 165 after 4,540,469 : Time 2016.63s : 52.21 words/s : gNorm 0.0000
[2026-07-25 15:59:18] Seen 20,025 samples
[2026-07-25 15:59:18] Starting data epoch 60 in logical epoch 60
[2026-07-25 15:59:18] [data] Shuffling data
[2026-07-25 15:59:22] [data] Done reading 20,000 sentences
[2026-07-25 15:59:26] [data] Done shuffling 20,000 sentences to temp files
[2026-07-25 16:24:13] Seen 19,975 samples
[2026-07-25 16:24:13] Starting data epoch 61 in logical epoch 61
[2026-07-25 16:24:13] [data] Shuffling data
[2026-07-25 16:24:15] [data] Done reading 20,000 sentences
[2026-07-25 16:24:15] [data] Done shuffling 20,000 sentences to temp files
[2026-07-25 16:26:18] Ep. 61 : Up. 22000 : Sen. 1,925 : Cost 0.58794957 * 105,841 @ 275 after 4,646,310 : Time 2050.81s : 51.61 words/s : gNorm 0.0000
[2026-07-25 16:45:42] Seen 20,025 samples
[2026-07-25 16:45:42] Starting data epoch 62 in logical epoch 62
[2026-07-25 16:45:42] [data] Shuffling data
[2026-07-25 16:45:43] [data] Done reading 20,000 sentences
[2026-07-25 16:45:43] [data] Done shuffling 20,000 sentences to temp files
[2026-07-25 16:55:49] Ep. 62 : Up. 22500 : Sen. 9,235 : Cost 0.56181735 * 105,950 @ 275 after 4,752,260 : Time 1756.49s : 60.32 words/s : gNorm 0.0000
[2026-07-25 17:05:48] Seen 20,002 samples
[2026-07-25 17:05:48] Starting data epoch 63 in logical epoch 63
[2026-07-25 17:05:48] [data] Shuffling data
[2026-07-25 17:05:49] [data] Done reading 20,000 sentences
[2026-07-25 17:05:49] [data] Done shuffling 20,000 sentences to temp files
[2026-07-25 17:25:18] Ep. 63 : Up. 23000 : Sen. 16,505 : Cost 0.51963878 * 105,111 @ 165 after 4,857,371 : Time 1769.42s : 59.40 words/s : gNorm 0.0000
[2026-07-25 17:29:42] Seen 19,998 samples
[2026-07-25 17:29:42] Starting data epoch 64 in logical epoch 64
[2026-07-25 17:29:42] [data] Shuffling data
[2026-07-25 17:29:43] [data] Done reading 20,000 sentences
[2026-07-25 17:29:43] [data] Done shuffling 20,000 sentences to temp files
[2026-07-25 17:53:31] Seen 19,975 samples
[2026-07-25 17:53:31] Starting data epoch 65 in logical epoch 65
[2026-07-25 17:53:31] [data] Shuffling data
[2026-07-25 17:53:31] [data] Done reading 20,000 sentences
[2026-07-25 17:53:32] [data] Done shuffling 20,000 sentences to temp files
[2026-07-25 17:57:57] Ep. 65 : Up. 23500 : Sen. 3,850 : Cost 0.50819659 * 105,997 @ 165 after 4,963,368 : Time 1958.54s : 54.12 words/s : gNorm 0.0000
[2026-07-25 19:33:52] Seen 20,000 samples
[2026-07-25 19:33:52] Starting data epoch 66 in logical epoch 66
[2026-07-25 19:33:52] [data] Shuffling data
[2026-07-25 19:33:53] [data] Done reading 20,000 sentences
[2026-07-25 19:33:53] [data] Done shuffling 20,000 sentences to temp files
[2026-07-25 19:47:52] Ep. 66 : Up. 24000 : Sen. 11,150 : Cost 0.51408070 * 105,151 @ 275 after 5,068,519 : Time 2062.15s : 50.99 words/s : gNorm 0.0000
[2026-07-25 19:57:19] Seen 20,027 samples
[2026-07-25 19:57:19] Starting data epoch 67 in logical epoch 67
[2026-07-25 19:57:19] [data] Shuffling data
[2026-07-25 19:57:19] [data] Done reading 20,000 sentences
[2026-07-25 19:57:19] [data] Done shuffling 20,000 sentences to temp files
[2026-07-25 20:15:37] Ep. 67 : Up. 24500 : Sen. 18,430 : Cost 0.53373367 * 105,800 @ 268 after 5,174,319 : Time 1654.95s : 63.93 words/s : gNorm 0.0000
[2026-07-25 20:17:16] Seen 19,998 samples
[2026-07-25 20:17:16] Starting data epoch 68 in logical epoch 68
[2026-07-25 20:17:16] [data] Shuffling data
[2026-07-25 20:17:16] [data] Done reading 20,000 sentences
[2026-07-25 20:17:16] [data] Done shuffling 20,000 sentences to temp files
[2026-07-25 20:37:31] Seen 19,975 samples
[2026-07-25 20:37:31] Starting data epoch 69 in logical epoch 69
[2026-07-25 20:37:31] [data] Shuffling data
[2026-07-25 20:37:31] [data] Done reading 20,000 sentences
[2026-07-25 20:37:31] [data] Done shuffling 20,000 sentences to temp files
[2026-07-25 20:43:06] Ep. 69 : Up. 25000 : Sen. 5,740 : Cost 0.50390041 * 105,926 @ 165 after 5,280,245 : Time 1649.93s : 64.20 words/s : gNorm 0.0000
[2026-07-25 20:43:10] TODO: implement exponential smoothing!
[2026-07-25 20:43:38] [valid] Ep. 69 : Up. 25000 : cross-entropy : 3.28876 : stalled 2 times (last best: 3.18052)
[2026-07-25 20:44:08] [valid] Ep. 69 : Up. 25000 : perplexity : 2.35385 : stalled 2 times (last best: 2.28721)
[2026-07-25 20:44:08] Translating validation set...
[2026-07-25 20:44:15] Best translation 0 : ရပ် မှု ရွာ မှု
[2026-07-25 20:44:18] Best translation 1 : ပြီး ဆေး
[2026-07-25 20:44:18] Best translation 2 : မြင်း စား ခို
[2026-07-25 20:44:18] Best translation 3 : အ မိန့် ပေး
[2026-07-25 20:44:18] Best translation 4 : အ နေ အ ထား
[2026-07-25 20:44:18] Best translation 5 : ကျား လိုက် တုတ် မိ
[2026-07-25 20:44:18] Best translation 10 : ထ မင်း ဆုပ်
[2026-07-25 20:44:18] Best translation 20 : စစ် ညောင်း
[2026-07-25 20:44:18] Best translation 40 : အုပ် တိုက်
[2026-07-25 20:44:18] Best translation 80 : ဝက် သစ် ချ
[2026-07-25 20:44:18] Best translation 160 : နှစ် ပါး သွား
[2026-07-25 20:44:26] Best translation 320 : အ မြုံ
[2026-07-25 20:44:31] Best translation 640 : အ စွန်း ပြ
[2026-07-25 20:44:55] Best translation 1280 : စိုက် ခွ
[2026-07-25 20:45:09] Total translation time: 61.09353s
[2026-07-25 20:45:09] [valid] Ep. 69 : Up. 25000 : bleu : 48.6384 : stalled 2 times (last best: 52.3146)
[2026-07-25 20:45:09] Saving model weights and runtime parameters to /mnt/d/Job_Requirements/PracticalProjectsFromDrYe/AIE-F/assignment-submission/class-22/TheinGiKyaw_Assignment7/model.seq2seq.phmy/model.iter25000.npz
[2026-07-25 20:45:12] Saving model weights and runtime parameters to /mnt/d/Job_Requirements/PracticalProjectsFromDrYe/AIE-F/assignment-submission/class-22/TheinGiKyaw_Assignment7/model.seq2seq.phmy/model.npz
[2026-07-25 20:45:15] Saving Adam parameters
[2026-07-25 20:45:24] [training] Saving training checkpoint to /mnt/d/Job_Requirements/PracticalProjectsFromDrYe/AIE-F/assignment-submission/class-22/TheinGiKyaw_Assignment7/model.seq2seq.phmy/model.npz and /mnt/d/Job_Requirements/PracticalProjectsFromDrYe/AIE-F/assignment-submission/class-22/TheinGiKyaw_Assignment7/model.seq2seq.phmy/model.npz.optimizer.npz
[2026-07-25 21:03:06] Seen 20,025 samples
[2026-07-25 21:03:06] Starting data epoch 70 in logical epoch 70
[2026-07-25 21:03:06] [data] Shuffling data
[2026-07-25 21:03:07] [data] Done reading 20,000 sentences
[2026-07-25 21:03:07] [data] Done shuffling 20,000 sentences to temp files
[2026-07-25 21:21:19] Ep. 70 : Up. 25500 : Sen. 13,050 : Cost 0.49264970 * 105,514 @ 165 after 5,385,759 : Time 2270.05s : 46.48 words/s : gNorm 0.0000
[2026-07-25 21:31:57] Seen 20,000 samples
[2026-07-25 21:31:57] Starting data epoch 71 in logical epoch 71
[2026-07-25 21:31:57] [data] Shuffling data
[2026-07-25 21:31:58] [data] Done reading 20,000 sentences
[2026-07-25 21:31:58] [data] Done shuffling 20,000 sentences to temp files
[2026-07-25 22:08:38] Seen 20,055 samples
[2026-07-25 22:08:38] Starting data epoch 72 in logical epoch 72
[2026-07-25 22:08:38] [data] Shuffling data
[2026-07-25 22:08:38] [data] Done reading 20,000 sentences
[2026-07-25 22:08:39] [data] Done shuffling 20,000 sentences to temp files
[2026-07-25 22:09:29] Ep. 72 : Up. 26000 : Sen. 277 : Cost 0.48433539 * 105,323 @ 220 after 5,491,082 : Time 2889.89s : 36.45 words/s : gNorm 0.0000
[2026-07-25 23:47:15] [marian] Marian v1.12.0 65bf82ff 2023-02-21 09:56:29 -0800
[2026-07-25 23:47:15] [marian] Running on LAPTOP-9DLBHLIH as process 3765 with command line:
[2026-07-25 23:47:15] [marian] marian -c /d/Job_Requirements/PracticalProjectsFromDrYe/AIE-F/assignment-submission/class-22/TheinGiKyaw_Assignment7/model.seq2seq.phmy/config.yml
[2026-07-25 23:47:15] [config] after: 0e
[2026-07-25 23:47:15] [config] after-batches: 0
[2026-07-25 23:47:15] [config] after-epochs: 0
[2026-07-25 23:47:15] [config] all-caps-every: 0
[2026-07-25 23:47:15] [config] allow-unk: false
[2026-07-25 23:47:15] [config] authors: false
[2026-07-25 23:47:15] [config] beam-size: 12
[2026-07-25 23:47:15] [config] bert-class-symbol: "[CLS]"
[2026-07-25 23:47:15] [config] bert-mask-symbol: "[MASK]"
[2026-07-25 23:47:15] [config] bert-masking-fraction: 0.15
[2026-07-25 23:47:15] [config] bert-sep-symbol: "[SEP]"
[2026-07-25 23:47:15] [config] bert-train-type-embeddings: true
[2026-07-25 23:47:15] [config] bert-type-vocab-size: 2
[2026-07-25 23:47:15] [config] build-info: ""
[2026-07-25 23:47:15] [config] check-gradient-nan: false
[2026-07-25 23:47:15] [config] check-nan: false
[2026-07-25 23:47:15] [config] cite: false
[2026-07-25 23:47:15] [config] clip-norm: 1
[2026-07-25 23:47:15] [config] cost-scaling:
[2026-07-25 23:47:15] [config]   []
[2026-07-25 23:47:15] [config] cost-type: ce-sum
[2026-07-25 23:47:15] [config] cpu-threads: 4
[2026-07-25 23:47:15] [config] data-threads: 8
[2026-07-25 23:47:15] [config] data-weighting: ""
[2026-07-25 23:47:15] [config] data-weighting-type: sentence
[2026-07-25 23:47:15] [config] dec-cell: lstm
[2026-07-25 23:47:15] [config] dec-cell-base-depth: 2
[2026-07-25 23:47:15] [config] dec-cell-high-depth: 2
[2026-07-25 23:47:15] [config] dec-depth: 2
[2026-07-25 23:47:15] [config] devices:
[2026-07-25 23:47:15] [config]   - 0
[2026-07-25 23:47:15] [config] dim-emb: 512
[2026-07-25 23:47:15] [config] dim-rnn: 1024
[2026-07-25 23:47:15] [config] dim-vocabs:
[2026-07-25 23:47:15] [config]   - 1851
[2026-07-25 23:47:15] [config]   - 2300
[2026-07-25 23:47:15] [config] disp-first: 0
[2026-07-25 23:47:15] [config] disp-freq: 500
[2026-07-25 23:47:15] [config] disp-label-counts: true
[2026-07-25 23:47:15] [config] dropout-rnn: 0.3
[2026-07-25 23:47:15] [config] dropout-src: 0.3
[2026-07-25 23:47:15] [config] dropout-trg: 0
[2026-07-25 23:47:15] [config] dump-config: ""
[2026-07-25 23:47:15] [config] dynamic-gradient-scaling:
[2026-07-25 23:47:15] [config]   []
[2026-07-25 23:47:15] [config] early-stopping: 10
[2026-07-25 23:47:15] [config] early-stopping-on: first
[2026-07-25 23:47:15] [config] embedding-fix-src: false
[2026-07-25 23:47:15] [config] embedding-fix-trg: false
[2026-07-25 23:47:15] [config] embedding-normalization: false
[2026-07-25 23:47:15] [config] embedding-vectors:
[2026-07-25 23:47:15] [config]   []
[2026-07-25 23:47:15] [config] enc-cell: lstm
[2026-07-25 23:47:15] [config] enc-cell-depth: 2
[2026-07-25 23:47:15] [config] enc-depth: 2
[2026-07-25 23:47:15] [config] enc-type: alternating
[2026-07-25 23:47:15] [config] english-title-case-every: 0
[2026-07-25 23:47:15] [config] exponential-smoothing: 0.0001
[2026-07-25 23:47:15] [config] factor-weight: 1
[2026-07-25 23:47:15] [config] factors-combine: sum
[2026-07-25 23:47:15] [config] factors-dim-emb: 0
[2026-07-25 23:47:15] [config] gradient-checkpointing: false
[2026-07-25 23:47:15] [config] gradient-norm-average-window: 100
[2026-07-25 23:47:15] [config] guided-alignment: none
[2026-07-25 23:47:15] [config] guided-alignment-cost: ce
[2026-07-25 23:47:15] [config] guided-alignment-weight: 0.1
[2026-07-25 23:47:15] [config] ignore-model-config: false
[2026-07-25 23:47:15] [config] input-types:
[2026-07-25 23:47:15] [config]   []
[2026-07-25 23:47:15] [config] interpolate-env-vars: false
[2026-07-25 23:47:15] [config] keep-best: false
[2026-07-25 23:47:15] [config] label-smoothing: 0
[2026-07-25 23:47:15] [config] layer-normalization: true
[2026-07-25 23:47:15] [config] learn-rate: 0.0001
[2026-07-25 23:47:15] [config] lemma-dependency: ""
[2026-07-25 23:47:15] [config] lemma-dim-emb: 0
[2026-07-25 23:47:15] [config] log: /d/Job_Requirements/PracticalProjectsFromDrYe/AIE-F/assignment-submission/class-22/TheinGiKyaw_Assignment7/model.seq2seq.phmy/train.log
[2026-07-25 23:47:15] [config] log-level: info
[2026-07-25 23:47:15] [config] log-time-zone: ""
[2026-07-25 23:47:15] [config] logical-epoch:
[2026-07-25 23:47:15] [config]   - 1e
[2026-07-25 23:47:15] [config]   - 0
[2026-07-25 23:47:15] [config] lr-decay: 0
[2026-07-25 23:47:15] [config] lr-decay-freq: 50000
[2026-07-25 23:47:15] [config] lr-decay-inv-sqrt:
[2026-07-25 23:47:15] [config]   - 0
[2026-07-25 23:47:15] [config] lr-decay-repeat-warmup: false
[2026-07-25 23:47:15] [config] lr-decay-reset-optimizer: false
[2026-07-25 23:47:15] [config] lr-decay-start:
[2026-07-25 23:47:15] [config]   - 10
[2026-07-25 23:47:15] [config]   - 1
[2026-07-25 23:47:15] [config] lr-decay-strategy: epoch+stalled
[2026-07-25 23:47:15] [config] lr-report: false
[2026-07-25 23:47:15] [config] lr-warmup: 0
[2026-07-25 23:47:15] [config] lr-warmup-at-reload: false
[2026-07-25 23:47:15] [config] lr-warmup-cycle: false
[2026-07-25 23:47:15] [config] lr-warmup-start-rate: 0
[2026-07-25 23:47:15] [config] max-length: 200
[2026-07-25 23:47:15] [config] max-length-crop: false
[2026-07-25 23:47:15] [config] max-length-factor: 3
[2026-07-25 23:47:15] [config] maxi-batch: 100
[2026-07-25 23:47:15] [config] maxi-batch-sort: trg
[2026-07-25 23:47:15] [config] mini-batch: 64
[2026-07-25 23:47:15] [config] mini-batch-fit: true
[2026-07-25 23:47:15] [config] mini-batch-fit-step: 10
[2026-07-25 23:47:15] [config] mini-batch-round-up: true
[2026-07-25 23:47:15] [config] mini-batch-track-lr: false
[2026-07-25 23:47:15] [config] mini-batch-warmup: 0
[2026-07-25 23:47:15] [config] mini-batch-words: 0
[2026-07-25 23:47:15] [config] mini-batch-words-ref: 0
[2026-07-25 23:47:15] [config] model: /d/Job_Requirements/PracticalProjectsFromDrYe/AIE-F/assignment-submission/class-22/TheinGiKyaw_Assignment7/model.seq2seq.phmy/model.npz
[2026-07-25 23:47:15] [config] multi-loss-type: sum
[2026-07-25 23:47:15] [config] n-best: false
[2026-07-25 23:47:15] [config] no-reload: false
[2026-07-25 23:47:15] [config] no-restore-corpus: false
[2026-07-25 23:47:15] [config] normalize: 0
[2026-07-25 23:47:15] [config] normalize-gradient: false
[2026-07-25 23:47:15] [config] num-devices: 0
[2026-07-25 23:47:15] [config] optimizer: adam
[2026-07-25 23:47:15] [config] optimizer-delay: 1
[2026-07-25 23:47:15] [config] optimizer-params:
[2026-07-25 23:47:15] [config]   []
[2026-07-25 23:47:15] [config] output-omit-bias: false
[2026-07-25 23:47:15] [config] overwrite: false
[2026-07-25 23:47:15] [config] precision:
[2026-07-25 23:47:15] [config]   - float32
[2026-07-25 23:47:15] [config]   - float32
[2026-07-25 23:47:15] [config] pretrained-model: ""
[2026-07-25 23:47:15] [config] quantize-biases: false
[2026-07-25 23:47:15] [config] quantize-bits: 0
[2026-07-25 23:47:15] [config] quantize-log-based: false
[2026-07-25 23:47:15] [config] quantize-optimization-steps: 0
[2026-07-25 23:47:15] [config] quiet: false
[2026-07-25 23:47:15] [config] quiet-translation: false
[2026-07-25 23:47:15] [config] relative-paths: false
[2026-07-25 23:47:15] [config] right-left: false
[2026-07-25 23:47:15] [config] save-freq: 5000
[2026-07-25 23:47:15] [config] seed: 1111
[2026-07-25 23:47:15] [config] sentencepiece-alphas:
[2026-07-25 23:47:15] [config]   []
[2026-07-25 23:47:15] [config] sentencepiece-max-lines: 2000000
[2026-07-25 23:47:15] [config] sentencepiece-options: ""
[2026-07-25 23:47:15] [config] shuffle: data
[2026-07-25 23:47:15] [config] shuffle-in-ram: false
[2026-07-25 23:47:15] [config] sigterm: save-and-exit
[2026-07-25 23:47:15] [config] skip: true
[2026-07-25 23:47:15] [config] sqlite: ""
[2026-07-25 23:47:15] [config] sqlite-drop: false
[2026-07-25 23:47:15] [config] sync-sgd: false
[2026-07-25 23:47:15] [config] tempdir: /tmp
[2026-07-25 23:47:15] [config] tied-embeddings: true
[2026-07-25 23:47:15] [config] tied-embeddings-all: false
[2026-07-25 23:47:15] [config] tied-embeddings-src: false
[2026-07-25 23:47:15] [config] train-embedder-rank:
[2026-07-25 23:47:15] [config]   []
[2026-07-25 23:47:15] [config] train-sets:
[2026-07-25 23:47:15] [config]   - /d/Job_Requirements/PracticalProjectsFromDrYe/AIE-F/assignment-submission/class-22/TheinGiKyaw_Assignment7/g2p-par/train.ph
[2026-07-25 23:47:15] [config]   - /d/Job_Requirements/PracticalProjectsFromDrYe/AIE-F/assignment-submission/class-22/TheinGiKyaw_Assignment7/g2p-par/train.my
[2026-07-25 23:47:15] [config] transformer-aan-activation: swish
[2026-07-25 23:47:15] [config] transformer-aan-depth: 2
[2026-07-25 23:47:15] [config] transformer-aan-nogate: false
[2026-07-25 23:47:15] [config] transformer-decoder-autoreg: self-attention
[2026-07-25 23:47:15] [config] transformer-decoder-dim-ffn: 0
[2026-07-25 23:47:15] [config] transformer-decoder-ffn-depth: 0
[2026-07-25 23:47:15] [config] transformer-depth-scaling: false
[2026-07-25 23:47:15] [config] transformer-dim-aan: 2048
[2026-07-25 23:47:15] [config] transformer-dim-ffn: 2048
[2026-07-25 23:47:15] [config] transformer-dropout: 0
[2026-07-25 23:47:15] [config] transformer-dropout-attention: 0
[2026-07-25 23:47:15] [config] transformer-dropout-ffn: 0
[2026-07-25 23:47:15] [config] transformer-ffn-activation: swish
[2026-07-25 23:47:15] [config] transformer-ffn-depth: 2
[2026-07-25 23:47:15] [config] transformer-guided-alignment-layer: last
[2026-07-25 23:47:15] [config] transformer-heads: 8
[2026-07-25 23:47:15] [config] transformer-no-projection: false
[2026-07-25 23:47:15] [config] transformer-pool: false
[2026-07-25 23:47:15] [config] transformer-postprocess: dan
[2026-07-25 23:47:15] [config] transformer-postprocess-emb: d
[2026-07-25 23:47:15] [config] transformer-postprocess-top: ""
[2026-07-25 23:47:15] [config] transformer-preprocess: ""
[2026-07-25 23:47:15] [config] transformer-rnn-projection: false
[2026-07-25 23:47:15] [config] transformer-tied-layers:
[2026-07-25 23:47:15] [config]   []
[2026-07-25 23:47:15] [config] transformer-train-position-embeddings: false
[2026-07-25 23:47:15] [config] tsv: false
[2026-07-25 23:47:15] [config] tsv-fields: 0
[2026-07-25 23:47:15] [config] type: s2s
[2026-07-25 23:47:15] [config] ulr: false
[2026-07-25 23:47:15] [config] ulr-dim-emb: 0
[2026-07-25 23:47:15] [config] ulr-dropout: 0
[2026-07-25 23:47:15] [config] ulr-keys-vectors: ""
[2026-07-25 23:47:15] [config] ulr-query-vectors: ""
[2026-07-25 23:47:15] [config] ulr-softmax-temperature: 1
[2026-07-25 23:47:15] [config] ulr-trainable-transformation: false
[2026-07-25 23:47:15] [config] unlikelihood-loss: false
[2026-07-25 23:47:15] [config] valid-freq: 5000
[2026-07-25 23:47:15] [config] valid-log: /d/Job_Requirements/PracticalProjectsFromDrYe/AIE-F/assignment-submission/class-22/TheinGiKyaw_Assignment7/model.seq2seq.phmy/valid.log
[2026-07-25 23:47:15] [config] valid-max-length: 1000
[2026-07-25 23:47:15] [config] valid-metrics:
[2026-07-25 23:47:15] [config]   - cross-entropy
[2026-07-25 23:47:15] [config]   - perplexity
[2026-07-25 23:47:15] [config]   - bleu
[2026-07-25 23:47:15] [config] valid-mini-batch: 32
[2026-07-25 23:47:15] [config] valid-reset-all: false
[2026-07-25 23:47:15] [config] valid-reset-stalled: false
[2026-07-25 23:47:15] [config] valid-script-args:
[2026-07-25 23:47:15] [config]   []
[2026-07-25 23:47:15] [config] valid-script-path: ""
[2026-07-25 23:47:15] [config] valid-sets:
[2026-07-25 23:47:15] [config]   - /d/Job_Requirements/PracticalProjectsFromDrYe/AIE-F/assignment-submission/class-22/TheinGiKyaw_Assignment7/g2p-par/dev.ph
[2026-07-25 23:47:15] [config]   - /d/Job_Requirements/PracticalProjectsFromDrYe/AIE-F/assignment-submission/class-22/TheinGiKyaw_Assignment7/g2p-par/dev.my
[2026-07-25 23:47:15] [config] valid-translation-output: ""
[2026-07-25 23:47:15] [config] version: v1.12.0 65bf82ff 2023-02-21 09:56:29 -0800
[2026-07-25 23:47:15] [config] vocabs:
[2026-07-25 23:47:15] [config]   - /d/Job_Requirements/PracticalProjectsFromDrYe/AIE-F/assignment-submission/class-22/TheinGiKyaw_Assignment7/g2p-par/vocab/vocab.ph.yml
[2026-07-25 23:47:15] [config]   - /d/Job_Requirements/PracticalProjectsFromDrYe/AIE-F/assignment-submission/class-22/TheinGiKyaw_Assignment7/g2p-par/vocab/vocab.my.yml
[2026-07-25 23:47:15] [config] word-penalty: 0
[2026-07-25 23:47:15] [config] word-scores: false
[2026-07-25 23:47:15] [config] workspace: 500
[2026-07-25 23:47:15] [config] Loaded model has been created with Marian v1.12.0 65bf82ff 2023-02-21 09:56:29 -0800
[2026-07-25 23:47:15] Using asynchronous training
[2026-07-25 23:47:15] [comm] Compiled without MPI support. Running as a single process on LAPTOP-9DLBHLIH
[2026-07-25 23:47:15] Synced seed 1111
[2026-07-25 23:47:15] [data] Loading vocabulary from JSON/Yaml file /d/Job_Requirements/PracticalProjectsFromDrYe/AIE-F/assignment-submission/class-22/TheinGiKyaw_Assignment7/g2p-par/vocab/vocab.ph.yml
[2026-07-25 23:47:15] [data] Setting vocabulary size for input 0 to 1,851
[2026-07-25 23:47:15] [data] Loading vocabulary from JSON/Yaml file /d/Job_Requirements/PracticalProjectsFromDrYe/AIE-F/assignment-submission/class-22/TheinGiKyaw_Assignment7/g2p-par/vocab/vocab.my.yml
[2026-07-25 23:47:15] [data] Setting vocabulary size for input 1 to 2,300
[2026-07-25 23:47:15] [batching] Collecting statistics for batch fitting with step size 10
[2026-07-25 23:47:15] [memory] Extending reserved space to 512 MB (device cpu0)
[2026-07-25 23:47:15] [memory] Extending reserved space to 512 MB (device cpu1)
[2026-07-25 23:47:16] [memory] Extending reserved space to 512 MB (device cpu2)
[2026-07-25 23:47:16] [memory] Extending reserved space to 512 MB (device cpu3)
[2026-07-25 23:47:16] [training] Using 4 CPUs
[2026-07-25 23:47:16] [logits] Applying loss function for 1 factor(s)
[2026-07-25 23:47:16] [memory] Reserving 343 MB, device cpu0
[2026-07-25 23:47:22] [memory] Reserving 343 MB, device cpu0
[2026-07-25 23:52:40] [marian] Marian v1.12.0 65bf82ff 2023-02-21 09:56:29 -0800
[2026-07-25 23:52:40] [marian] Running on LAPTOP-9DLBHLIH as process 3837 with command line:
[2026-07-25 23:52:40] [marian] marian -c /d/Job_Requirements/PracticalProjectsFromDrYe/AIE-F/assignment-submission/class-22/TheinGiKyaw_Assignment7/model.seq2seq.phmy/config.yml
[2026-07-25 23:52:40] [config] after: 0e
[2026-07-25 23:52:40] [config] after-batches: 0
[2026-07-25 23:52:40] [config] after-epochs: 0
[2026-07-25 23:52:40] [config] all-caps-every: 0
[2026-07-25 23:52:40] [config] allow-unk: false
[2026-07-25 23:52:40] [config] authors: false
[2026-07-25 23:52:40] [config] beam-size: 12
[2026-07-25 23:52:40] [config] bert-class-symbol: "[CLS]"
[2026-07-25 23:52:40] [config] bert-mask-symbol: "[MASK]"
[2026-07-25 23:52:40] [config] bert-masking-fraction: 0.15
[2026-07-25 23:52:40] [config] bert-sep-symbol: "[SEP]"
[2026-07-25 23:52:40] [config] bert-train-type-embeddings: true
[2026-07-25 23:52:40] [config] bert-type-vocab-size: 2
[2026-07-25 23:52:40] [config] build-info: ""
[2026-07-25 23:52:40] [config] check-gradient-nan: false
[2026-07-25 23:52:40] [config] check-nan: false
[2026-07-25 23:52:40] [config] cite: false
[2026-07-25 23:52:40] [config] clip-norm: 1
[2026-07-25 23:52:40] [config] cost-scaling:
[2026-07-25 23:52:40] [config]   []
[2026-07-25 23:52:40] [config] cost-type: ce-sum
[2026-07-25 23:52:40] [config] cpu-threads: 4
[2026-07-25 23:52:40] [config] data-threads: 8
[2026-07-25 23:52:40] [config] data-weighting: ""
[2026-07-25 23:52:40] [config] data-weighting-type: sentence
[2026-07-25 23:52:40] [config] dec-cell: lstm
[2026-07-25 23:52:40] [config] dec-cell-base-depth: 2
[2026-07-25 23:52:40] [config] dec-cell-high-depth: 2
[2026-07-25 23:52:40] [config] dec-depth: 2
[2026-07-25 23:52:40] [config] devices:
[2026-07-25 23:52:40] [config]   - 0
[2026-07-25 23:52:40] [config] dim-emb: 512
[2026-07-25 23:52:40] [config] dim-rnn: 1024
[2026-07-25 23:52:40] [config] dim-vocabs:
[2026-07-25 23:52:40] [config]   - 1851
[2026-07-25 23:52:40] [config]   - 2300
[2026-07-25 23:52:40] [config] disp-first: 0
[2026-07-25 23:52:40] [config] disp-freq: 500
[2026-07-25 23:52:40] [config] disp-label-counts: true
[2026-07-25 23:52:40] [config] dropout-rnn: 0.3
[2026-07-25 23:52:40] [config] dropout-src: 0.3
[2026-07-25 23:52:40] [config] dropout-trg: 0
[2026-07-25 23:52:40] [config] dump-config: ""
[2026-07-25 23:52:40] [config] dynamic-gradient-scaling:
[2026-07-25 23:52:40] [config]   []
[2026-07-25 23:52:40] [config] early-stopping: 10
[2026-07-25 23:52:40] [config] early-stopping-on: first
[2026-07-25 23:52:40] [config] embedding-fix-src: false
[2026-07-25 23:52:40] [config] embedding-fix-trg: false
[2026-07-25 23:52:40] [config] embedding-normalization: false
[2026-07-25 23:52:40] [config] embedding-vectors:
[2026-07-25 23:52:40] [config]   []
[2026-07-25 23:52:40] [config] enc-cell: lstm
[2026-07-25 23:52:40] [config] enc-cell-depth: 2
[2026-07-25 23:52:40] [config] enc-depth: 2
[2026-07-25 23:52:40] [config] enc-type: alternating
[2026-07-25 23:52:40] [config] english-title-case-every: 0
[2026-07-25 23:52:40] [config] exponential-smoothing: 0.0001
[2026-07-25 23:52:40] [config] factor-weight: 1
[2026-07-25 23:52:40] [config] factors-combine: sum
[2026-07-25 23:52:40] [config] factors-dim-emb: 0
[2026-07-25 23:52:40] [config] gradient-checkpointing: false
[2026-07-25 23:52:40] [config] gradient-norm-average-window: 100
[2026-07-25 23:52:40] [config] guided-alignment: none
[2026-07-25 23:52:40] [config] guided-alignment-cost: ce
[2026-07-25 23:52:40] [config] guided-alignment-weight: 0.1
[2026-07-25 23:52:40] [config] ignore-model-config: false
[2026-07-25 23:52:40] [config] input-types:
[2026-07-25 23:52:40] [config]   []
[2026-07-25 23:52:40] [config] interpolate-env-vars: false
[2026-07-25 23:52:40] [config] keep-best: false
[2026-07-25 23:52:40] [config] label-smoothing: 0
[2026-07-25 23:52:40] [config] layer-normalization: true
[2026-07-25 23:52:40] [config] learn-rate: 0.0001
[2026-07-25 23:52:40] [config] lemma-dependency: ""
[2026-07-25 23:52:40] [config] lemma-dim-emb: 0
[2026-07-25 23:52:40] [config] log: /d/Job_Requirements/PracticalProjectsFromDrYe/AIE-F/assignment-submission/class-22/TheinGiKyaw_Assignment7/model.seq2seq.phmy/train.log
[2026-07-25 23:52:40] [config] log-level: info
[2026-07-25 23:52:40] [config] log-time-zone: ""
[2026-07-25 23:52:40] [config] logical-epoch:
[2026-07-25 23:52:40] [config]   - 1e
[2026-07-25 23:52:40] [config]   - 0
[2026-07-25 23:52:40] [config] lr-decay: 0
[2026-07-25 23:52:40] [config] lr-decay-freq: 50000
[2026-07-25 23:52:40] [config] lr-decay-inv-sqrt:
[2026-07-25 23:52:40] [config]   - 0
[2026-07-25 23:52:40] [config] lr-decay-repeat-warmup: false
[2026-07-25 23:52:40] [config] lr-decay-reset-optimizer: false
[2026-07-25 23:52:40] [config] lr-decay-start:
[2026-07-25 23:52:40] [config]   - 10
[2026-07-25 23:52:40] [config]   - 1
[2026-07-25 23:52:40] [config] lr-decay-strategy: epoch+stalled
[2026-07-25 23:52:40] [config] lr-report: false
[2026-07-25 23:52:40] [config] lr-warmup: 0
[2026-07-25 23:52:40] [config] lr-warmup-at-reload: false
[2026-07-25 23:52:40] [config] lr-warmup-cycle: false
[2026-07-25 23:52:40] [config] lr-warmup-start-rate: 0
[2026-07-25 23:52:40] [config] max-length: 200
[2026-07-25 23:52:40] [config] max-length-crop: false
[2026-07-25 23:52:40] [config] max-length-factor: 3
[2026-07-25 23:52:40] [config] maxi-batch: 100
[2026-07-25 23:52:40] [config] maxi-batch-sort: trg
[2026-07-25 23:52:40] [config] mini-batch: 64
[2026-07-25 23:52:40] [config] mini-batch-fit: true
[2026-07-25 23:52:40] [config] mini-batch-fit-step: 10
[2026-07-25 23:52:40] [config] mini-batch-round-up: true
[2026-07-25 23:52:40] [config] mini-batch-track-lr: false
[2026-07-25 23:52:40] [config] mini-batch-warmup: 0
[2026-07-25 23:52:40] [config] mini-batch-words: 0
[2026-07-25 23:52:40] [config] mini-batch-words-ref: 0
[2026-07-25 23:52:40] [config] model: /d/Job_Requirements/PracticalProjectsFromDrYe/AIE-F/assignment-submission/class-22/TheinGiKyaw_Assignment7/model.seq2seq.phmy/model.npz
[2026-07-25 23:52:40] [config] multi-loss-type: sum
[2026-07-25 23:52:40] [config] n-best: false
[2026-07-25 23:52:40] [config] no-reload: false
[2026-07-25 23:52:40] [config] no-restore-corpus: false
[2026-07-25 23:52:40] [config] normalize: 0
[2026-07-25 23:52:40] [config] normalize-gradient: false
[2026-07-25 23:52:40] [config] num-devices: 0
[2026-07-25 23:52:40] [config] optimizer: adam
[2026-07-25 23:52:40] [config] optimizer-delay: 1
[2026-07-25 23:52:40] [config] optimizer-params:
[2026-07-25 23:52:40] [config]   []
[2026-07-25 23:52:40] [config] output-omit-bias: false
[2026-07-25 23:52:40] [config] overwrite: false
[2026-07-25 23:52:40] [config] precision:
[2026-07-25 23:52:40] [config]   - float32
[2026-07-25 23:52:40] [config]   - float32
[2026-07-25 23:52:40] [config] pretrained-model: ""
[2026-07-25 23:52:40] [config] quantize-biases: false
[2026-07-25 23:52:40] [config] quantize-bits: 0
[2026-07-25 23:52:40] [config] quantize-log-based: false
[2026-07-25 23:52:40] [config] quantize-optimization-steps: 0
[2026-07-25 23:52:40] [config] quiet: false
[2026-07-25 23:52:40] [config] quiet-translation: false
[2026-07-25 23:52:40] [config] relative-paths: false
[2026-07-25 23:52:40] [config] right-left: false
[2026-07-25 23:52:40] [config] save-freq: 5000
[2026-07-25 23:52:40] [config] seed: 1111
[2026-07-25 23:52:40] [config] sentencepiece-alphas:
[2026-07-25 23:52:40] [config]   []
[2026-07-25 23:52:40] [config] sentencepiece-max-lines: 2000000
[2026-07-25 23:52:40] [config] sentencepiece-options: ""
[2026-07-25 23:52:40] [config] shuffle: data
[2026-07-25 23:52:40] [config] shuffle-in-ram: false
[2026-07-25 23:52:40] [config] sigterm: save-and-exit
[2026-07-25 23:52:40] [config] skip: true
[2026-07-25 23:52:40] [config] sqlite: ""
[2026-07-25 23:52:40] [config] sqlite-drop: false
[2026-07-25 23:52:40] [config] sync-sgd: false
[2026-07-25 23:52:40] [config] tempdir: /tmp
[2026-07-25 23:52:40] [config] tied-embeddings: true
[2026-07-25 23:52:40] [config] tied-embeddings-all: false
[2026-07-25 23:52:40] [config] tied-embeddings-src: false
[2026-07-25 23:52:40] [config] train-embedder-rank:
[2026-07-25 23:52:40] [config]   []
[2026-07-25 23:52:40] [config] train-sets:
[2026-07-25 23:52:40] [config]   - /d/Job_Requirements/PracticalProjectsFromDrYe/AIE-F/assignment-submission/class-22/TheinGiKyaw_Assignment7/g2p-par/train.ph
[2026-07-25 23:52:40] [config]   - /d/Job_Requirements/PracticalProjectsFromDrYe/AIE-F/assignment-submission/class-22/TheinGiKyaw_Assignment7/g2p-par/train.my
[2026-07-25 23:52:40] [config] transformer-aan-activation: swish
[2026-07-25 23:52:40] [config] transformer-aan-depth: 2
[2026-07-25 23:52:40] [config] transformer-aan-nogate: false
[2026-07-25 23:52:40] [config] transformer-decoder-autoreg: self-attention
[2026-07-25 23:52:40] [config] transformer-decoder-dim-ffn: 0
[2026-07-25 23:52:40] [config] transformer-decoder-ffn-depth: 0
[2026-07-25 23:52:40] [config] transformer-depth-scaling: false
[2026-07-25 23:52:40] [config] transformer-dim-aan: 2048
[2026-07-25 23:52:40] [config] transformer-dim-ffn: 2048
[2026-07-25 23:52:40] [config] transformer-dropout: 0
[2026-07-25 23:52:40] [config] transformer-dropout-attention: 0
[2026-07-25 23:52:40] [config] transformer-dropout-ffn: 0
[2026-07-25 23:52:40] [config] transformer-ffn-activation: swish
[2026-07-25 23:52:40] [config] transformer-ffn-depth: 2
[2026-07-25 23:52:40] [config] transformer-guided-alignment-layer: last
[2026-07-25 23:52:40] [config] transformer-heads: 8
[2026-07-25 23:52:40] [config] transformer-no-projection: false
[2026-07-25 23:52:40] [config] transformer-pool: false
[2026-07-25 23:52:40] [config] transformer-postprocess: dan
[2026-07-25 23:52:40] [config] transformer-postprocess-emb: d
[2026-07-25 23:52:40] [config] transformer-postprocess-top: ""
[2026-07-25 23:52:40] [config] transformer-preprocess: ""
[2026-07-25 23:52:40] [config] transformer-rnn-projection: false
[2026-07-25 23:52:40] [config] transformer-tied-layers:
[2026-07-25 23:52:40] [config]   []
[2026-07-25 23:52:40] [config] transformer-train-position-embeddings: false
[2026-07-25 23:52:40] [config] tsv: false
[2026-07-25 23:52:40] [config] tsv-fields: 0
[2026-07-25 23:52:40] [config] type: s2s
[2026-07-25 23:52:40] [config] ulr: false
[2026-07-25 23:52:40] [config] ulr-dim-emb: 0
[2026-07-25 23:52:40] [config] ulr-dropout: 0
[2026-07-25 23:52:40] [config] ulr-keys-vectors: ""
[2026-07-25 23:52:40] [config] ulr-query-vectors: ""
[2026-07-25 23:52:40] [config] ulr-softmax-temperature: 1
[2026-07-25 23:52:40] [config] ulr-trainable-transformation: false
[2026-07-25 23:52:40] [config] unlikelihood-loss: false
[2026-07-25 23:52:40] [config] valid-freq: 5000
[2026-07-25 23:52:40] [config] valid-log: /d/Job_Requirements/PracticalProjectsFromDrYe/AIE-F/assignment-submission/class-22/TheinGiKyaw_Assignment7/model.seq2seq.phmy/valid.log
[2026-07-25 23:52:40] [config] valid-max-length: 1000
[2026-07-25 23:52:40] [config] valid-metrics:
[2026-07-25 23:52:40] [config]   - cross-entropy
[2026-07-25 23:52:40] [config]   - perplexity
[2026-07-25 23:52:40] [config]   - bleu
[2026-07-25 23:52:40] [config] valid-mini-batch: 32
[2026-07-25 23:52:40] [config] valid-reset-all: false
[2026-07-25 23:52:40] [config] valid-reset-stalled: false
[2026-07-25 23:52:40] [config] valid-script-args:
[2026-07-25 23:52:40] [config]   []
[2026-07-25 23:52:40] [config] valid-script-path: ""
[2026-07-25 23:52:40] [config] valid-sets:
[2026-07-25 23:52:40] [config]   - /d/Job_Requirements/PracticalProjectsFromDrYe/AIE-F/assignment-submission/class-22/TheinGiKyaw_Assignment7/g2p-par/dev.ph
[2026-07-25 23:52:40] [config]   - /d/Job_Requirements/PracticalProjectsFromDrYe/AIE-F/assignment-submission/class-22/TheinGiKyaw_Assignment7/g2p-par/dev.my
[2026-07-25 23:52:40] [config] valid-translation-output: ""
[2026-07-25 23:52:40] [config] version: v1.12.0 65bf82ff 2023-02-21 09:56:29 -0800
[2026-07-25 23:52:40] [config] vocabs:
[2026-07-25 23:52:40] [config]   - /d/Job_Requirements/PracticalProjectsFromDrYe/AIE-F/assignment-submission/class-22/TheinGiKyaw_Assignment7/g2p-par/vocab/vocab.ph.yml
[2026-07-25 23:52:40] [config]   - /d/Job_Requirements/PracticalProjectsFromDrYe/AIE-F/assignment-submission/class-22/TheinGiKyaw_Assignment7/g2p-par/vocab/vocab.my.yml
[2026-07-25 23:52:40] [config] word-penalty: 0
[2026-07-25 23:52:40] [config] word-scores: false
[2026-07-25 23:52:40] [config] workspace: 500
[2026-07-25 23:52:40] [config] Loaded model has been created with Marian v1.12.0 65bf82ff 2023-02-21 09:56:29 -0800
[2026-07-25 23:52:40] Using asynchronous training
[2026-07-25 23:52:40] [comm] Compiled without MPI support. Running as a single process on LAPTOP-9DLBHLIH
[2026-07-25 23:52:40] Synced seed 1111
[2026-07-25 23:52:40] [data] Loading vocabulary from JSON/Yaml file /d/Job_Requirements/PracticalProjectsFromDrYe/AIE-F/assignment-submission/class-22/TheinGiKyaw_Assignment7/g2p-par/vocab/vocab.ph.yml
[2026-07-25 23:52:40] [data] Setting vocabulary size for input 0 to 1,851
[2026-07-25 23:52:40] [data] Loading vocabulary from JSON/Yaml file /d/Job_Requirements/PracticalProjectsFromDrYe/AIE-F/assignment-submission/class-22/TheinGiKyaw_Assignment7/g2p-par/vocab/vocab.my.yml
[2026-07-25 23:52:40] [data] Setting vocabulary size for input 1 to 2,300
[2026-07-25 23:52:40] [batching] Collecting statistics for batch fitting with step size 10
[2026-07-25 23:52:40] [memory] Extending reserved space to 512 MB (device cpu0)
[2026-07-25 23:52:40] [memory] Extending reserved space to 512 MB (device cpu1)
[2026-07-25 23:52:40] [memory] Extending reserved space to 512 MB (device cpu2)
[2026-07-25 23:52:40] [memory] Extending reserved space to 512 MB (device cpu3)
[2026-07-25 23:52:40] [training] Using 4 CPUs
[2026-07-25 23:52:40] [logits] Applying loss function for 1 factor(s)
[2026-07-25 23:52:40] [memory] Reserving 343 MB, device cpu0
[2026-07-25 23:52:49] [memory] Reserving 343 MB, device cpu0
[2026-07-26 00:03:58] [marian] Marian v1.12.0 65bf82ff 2023-02-21 09:56:29 -0800
[2026-07-26 00:03:58] [marian] Running on LAPTOP-9DLBHLIH as process 4182 with command line:
[2026-07-26 00:03:58] [marian] marian -c /d/Job_Requirements/PracticalProjectsFromDrYe/AIE-F/assignment-submission/class-22/TheinGiKyaw_Assignment7/model.seq2seq.phmy/config.yml
[2026-07-26 00:03:58] [config] after: 0e
[2026-07-26 00:03:58] [config] after-batches: 0
[2026-07-26 00:03:58] [config] after-epochs: 0
[2026-07-26 00:03:58] [config] all-caps-every: 0
[2026-07-26 00:03:58] [config] allow-unk: false
[2026-07-26 00:03:58] [config] authors: false
[2026-07-26 00:03:58] [config] beam-size: 12
[2026-07-26 00:03:58] [config] bert-class-symbol: "[CLS]"
[2026-07-26 00:03:58] [config] bert-mask-symbol: "[MASK]"
[2026-07-26 00:03:58] [config] bert-masking-fraction: 0.15
[2026-07-26 00:03:58] [config] bert-sep-symbol: "[SEP]"
[2026-07-26 00:03:58] [config] bert-train-type-embeddings: true
[2026-07-26 00:03:58] [config] bert-type-vocab-size: 2
[2026-07-26 00:03:58] [config] build-info: ""
[2026-07-26 00:03:58] [config] check-gradient-nan: false
[2026-07-26 00:03:58] [config] check-nan: false
[2026-07-26 00:03:58] [config] cite: false
[2026-07-26 00:03:58] [config] clip-norm: 1
[2026-07-26 00:03:58] [config] cost-scaling:
[2026-07-26 00:03:58] [config]   []
[2026-07-26 00:03:58] [config] cost-type: ce-sum
[2026-07-26 00:03:58] [config] cpu-threads: 4
[2026-07-26 00:03:58] [config] data-threads: 8
[2026-07-26 00:03:58] [config] data-weighting: ""
[2026-07-26 00:03:58] [config] data-weighting-type: sentence
[2026-07-26 00:03:58] [config] dec-cell: lstm
[2026-07-26 00:03:58] [config] dec-cell-base-depth: 2
[2026-07-26 00:03:58] [config] dec-cell-high-depth: 2
[2026-07-26 00:03:58] [config] dec-depth: 2
[2026-07-26 00:03:58] [config] devices:
[2026-07-26 00:03:58] [config]   - 0
[2026-07-26 00:03:58] [config] dim-emb: 512
[2026-07-26 00:03:58] [config] dim-rnn: 1024
[2026-07-26 00:03:58] [config] dim-vocabs:
[2026-07-26 00:03:58] [config]   - 1851
[2026-07-26 00:03:58] [config]   - 2300
[2026-07-26 00:03:58] [config] disp-first: 0
[2026-07-26 00:03:58] [config] disp-freq: 500
[2026-07-26 00:03:58] [config] disp-label-counts: true
[2026-07-26 00:03:58] [config] dropout-rnn: 0.3
[2026-07-26 00:03:58] [config] dropout-src: 0.3
[2026-07-26 00:03:58] [config] dropout-trg: 0
[2026-07-26 00:03:58] [config] dump-config: ""
[2026-07-26 00:03:58] [config] dynamic-gradient-scaling:
[2026-07-26 00:03:58] [config]   []
[2026-07-26 00:03:58] [config] early-stopping: 10
[2026-07-26 00:03:58] [config] early-stopping-on: first
[2026-07-26 00:03:58] [config] embedding-fix-src: false
[2026-07-26 00:03:58] [config] embedding-fix-trg: false
[2026-07-26 00:03:58] [config] embedding-normalization: false
[2026-07-26 00:03:58] [config] embedding-vectors:
[2026-07-26 00:03:58] [config]   []
[2026-07-26 00:03:58] [config] enc-cell: lstm
[2026-07-26 00:03:58] [config] enc-cell-depth: 2
[2026-07-26 00:03:58] [config] enc-depth: 2
[2026-07-26 00:03:58] [config] enc-type: alternating
[2026-07-26 00:03:58] [config] english-title-case-every: 0
[2026-07-26 00:03:58] [config] exponential-smoothing: 0.0001
[2026-07-26 00:03:58] [config] factor-weight: 1
[2026-07-26 00:03:58] [config] factors-combine: sum
[2026-07-26 00:03:58] [config] factors-dim-emb: 0
[2026-07-26 00:03:58] [config] gradient-checkpointing: false
[2026-07-26 00:03:58] [config] gradient-norm-average-window: 100
[2026-07-26 00:03:58] [config] guided-alignment: none
[2026-07-26 00:03:58] [config] guided-alignment-cost: ce
[2026-07-26 00:03:58] [config] guided-alignment-weight: 0.1
[2026-07-26 00:03:58] [config] ignore-model-config: false
[2026-07-26 00:03:58] [config] input-types:
[2026-07-26 00:03:58] [config]   []
[2026-07-26 00:03:58] [config] interpolate-env-vars: false
[2026-07-26 00:03:58] [config] keep-best: false
[2026-07-26 00:03:58] [config] label-smoothing: 0
[2026-07-26 00:03:58] [config] layer-normalization: true
[2026-07-26 00:03:58] [config] learn-rate: 0.0001
[2026-07-26 00:03:58] [config] lemma-dependency: ""
[2026-07-26 00:03:58] [config] lemma-dim-emb: 0
[2026-07-26 00:03:58] [config] log: /d/Job_Requirements/PracticalProjectsFromDrYe/AIE-F/assignment-submission/class-22/TheinGiKyaw_Assignment7/model.seq2seq.phmy/train.log
[2026-07-26 00:03:58] [config] log-level: info
[2026-07-26 00:03:58] [config] log-time-zone: ""
[2026-07-26 00:03:58] [config] logical-epoch:
[2026-07-26 00:03:58] [config]   - 1e
[2026-07-26 00:03:58] [config]   - 0
[2026-07-26 00:03:58] [config] lr-decay: 0
[2026-07-26 00:03:58] [config] lr-decay-freq: 50000
[2026-07-26 00:03:58] [config] lr-decay-inv-sqrt:
[2026-07-26 00:03:58] [config]   - 0
[2026-07-26 00:03:58] [config] lr-decay-repeat-warmup: false
[2026-07-26 00:03:58] [config] lr-decay-reset-optimizer: false
[2026-07-26 00:03:58] [config] lr-decay-start:
[2026-07-26 00:03:58] [config]   - 10
[2026-07-26 00:03:58] [config]   - 1
[2026-07-26 00:03:58] [config] lr-decay-strategy: epoch+stalled
[2026-07-26 00:03:58] [config] lr-report: false
[2026-07-26 00:03:58] [config] lr-warmup: 0
[2026-07-26 00:03:58] [config] lr-warmup-at-reload: false
[2026-07-26 00:03:58] [config] lr-warmup-cycle: false
[2026-07-26 00:03:58] [config] lr-warmup-start-rate: 0
[2026-07-26 00:03:58] [config] max-length: 200
[2026-07-26 00:03:58] [config] max-length-crop: false
[2026-07-26 00:03:58] [config] max-length-factor: 3
[2026-07-26 00:03:58] [config] maxi-batch: 100
[2026-07-26 00:03:58] [config] maxi-batch-sort: trg
[2026-07-26 00:03:58] [config] mini-batch: 64
[2026-07-26 00:03:58] [config] mini-batch-fit: true
[2026-07-26 00:03:58] [config] mini-batch-fit-step: 10
[2026-07-26 00:03:58] [config] mini-batch-round-up: true
[2026-07-26 00:03:58] [config] mini-batch-track-lr: false
[2026-07-26 00:03:58] [config] mini-batch-warmup: 0
[2026-07-26 00:03:58] [config] mini-batch-words: 0
[2026-07-26 00:03:58] [config] mini-batch-words-ref: 0
[2026-07-26 00:03:58] [config] model: /d/Job_Requirements/PracticalProjectsFromDrYe/AIE-F/assignment-submission/class-22/TheinGiKyaw_Assignment7/model.seq2seq.phmy/model.npz
[2026-07-26 00:03:58] [config] multi-loss-type: sum
[2026-07-26 00:03:58] [config] n-best: false
[2026-07-26 00:03:58] [config] no-reload: false
[2026-07-26 00:03:58] [config] no-restore-corpus: false
[2026-07-26 00:03:58] [config] normalize: 0
[2026-07-26 00:03:58] [config] normalize-gradient: false
[2026-07-26 00:03:58] [config] num-devices: 0
[2026-07-26 00:03:58] [config] optimizer: adam
[2026-07-26 00:03:58] [config] optimizer-delay: 1
[2026-07-26 00:03:58] [config] optimizer-params:
[2026-07-26 00:03:58] [config]   []
[2026-07-26 00:03:58] [config] output-omit-bias: false
[2026-07-26 00:03:58] [config] overwrite: false
[2026-07-26 00:03:58] [config] precision:
[2026-07-26 00:03:58] [config]   - float32
[2026-07-26 00:03:58] [config]   - float32
[2026-07-26 00:03:58] [config] pretrained-model: ""
[2026-07-26 00:03:58] [config] quantize-biases: false
[2026-07-26 00:03:58] [config] quantize-bits: 0
[2026-07-26 00:03:58] [config] quantize-log-based: false
[2026-07-26 00:03:58] [config] quantize-optimization-steps: 0
[2026-07-26 00:03:58] [config] quiet: false
[2026-07-26 00:03:58] [config] quiet-translation: false
[2026-07-26 00:03:58] [config] relative-paths: false
[2026-07-26 00:03:58] [config] right-left: false
[2026-07-26 00:03:58] [config] save-freq: 5000
[2026-07-26 00:03:58] [config] seed: 1111
[2026-07-26 00:03:58] [config] sentencepiece-alphas:
[2026-07-26 00:03:58] [config]   []
[2026-07-26 00:03:58] [config] sentencepiece-max-lines: 2000000
[2026-07-26 00:03:58] [config] sentencepiece-options: ""
[2026-07-26 00:03:58] [config] shuffle: data
[2026-07-26 00:03:58] [config] shuffle-in-ram: false
[2026-07-26 00:03:58] [config] sigterm: save-and-exit
[2026-07-26 00:03:58] [config] skip: true
[2026-07-26 00:03:58] [config] sqlite: ""
[2026-07-26 00:03:58] [config] sqlite-drop: false
[2026-07-26 00:03:58] [config] sync-sgd: false
[2026-07-26 00:03:58] [config] tempdir: /tmp
[2026-07-26 00:03:58] [config] tied-embeddings: true
[2026-07-26 00:03:58] [config] tied-embeddings-all: false
[2026-07-26 00:03:58] [config] tied-embeddings-src: false
[2026-07-26 00:03:58] [config] train-embedder-rank:
[2026-07-26 00:03:58] [config]   []
[2026-07-26 00:03:58] [config] train-sets:
[2026-07-26 00:03:58] [config]   - /d/Job_Requirements/PracticalProjectsFromDrYe/AIE-F/assignment-submission/class-22/TheinGiKyaw_Assignment7/g2p-par/train.ph
[2026-07-26 00:03:58] [config]   - /d/Job_Requirements/PracticalProjectsFromDrYe/AIE-F/assignment-submission/class-22/TheinGiKyaw_Assignment7/g2p-par/train.my
[2026-07-26 00:03:58] [config] transformer-aan-activation: swish
[2026-07-26 00:03:58] [config] transformer-aan-depth: 2
[2026-07-26 00:03:58] [config] transformer-aan-nogate: false
[2026-07-26 00:03:58] [config] transformer-decoder-autoreg: self-attention
[2026-07-26 00:03:58] [config] transformer-decoder-dim-ffn: 0
[2026-07-26 00:03:58] [config] transformer-decoder-ffn-depth: 0
[2026-07-26 00:03:58] [config] transformer-depth-scaling: false
[2026-07-26 00:03:58] [config] transformer-dim-aan: 2048
[2026-07-26 00:03:58] [config] transformer-dim-ffn: 2048
[2026-07-26 00:03:58] [config] transformer-dropout: 0
[2026-07-26 00:03:58] [config] transformer-dropout-attention: 0
[2026-07-26 00:03:58] [config] transformer-dropout-ffn: 0
[2026-07-26 00:03:58] [config] transformer-ffn-activation: swish
[2026-07-26 00:03:58] [config] transformer-ffn-depth: 2
[2026-07-26 00:03:58] [config] transformer-guided-alignment-layer: last
[2026-07-26 00:03:58] [config] transformer-heads: 8
[2026-07-26 00:03:58] [config] transformer-no-projection: false
[2026-07-26 00:03:58] [config] transformer-pool: false
[2026-07-26 00:03:58] [config] transformer-postprocess: dan
[2026-07-26 00:03:58] [config] transformer-postprocess-emb: d
[2026-07-26 00:03:58] [config] transformer-postprocess-top: ""
[2026-07-26 00:03:58] [config] transformer-preprocess: ""
[2026-07-26 00:03:58] [config] transformer-rnn-projection: false
[2026-07-26 00:03:58] [config] transformer-tied-layers:
[2026-07-26 00:03:58] [config]   []
[2026-07-26 00:03:58] [config] transformer-train-position-embeddings: false
[2026-07-26 00:03:58] [config] tsv: false
[2026-07-26 00:03:58] [config] tsv-fields: 0
[2026-07-26 00:03:58] [config] type: s2s
[2026-07-26 00:03:58] [config] ulr: false
[2026-07-26 00:03:58] [config] ulr-dim-emb: 0
[2026-07-26 00:03:58] [config] ulr-dropout: 0
[2026-07-26 00:03:58] [config] ulr-keys-vectors: ""
[2026-07-26 00:03:58] [config] ulr-query-vectors: ""
[2026-07-26 00:03:58] [config] ulr-softmax-temperature: 1
[2026-07-26 00:03:58] [config] ulr-trainable-transformation: false
[2026-07-26 00:03:58] [config] unlikelihood-loss: false
[2026-07-26 00:03:58] [config] valid-freq: 5000
[2026-07-26 00:03:58] [config] valid-log: /d/Job_Requirements/PracticalProjectsFromDrYe/AIE-F/assignment-submission/class-22/TheinGiKyaw_Assignment7/model.seq2seq.phmy/valid.log
[2026-07-26 00:03:58] [config] valid-max-length: 1000
[2026-07-26 00:03:58] [config] valid-metrics:
[2026-07-26 00:03:58] [config]   - cross-entropy
[2026-07-26 00:03:58] [config]   - perplexity
[2026-07-26 00:03:58] [config]   - bleu
[2026-07-26 00:03:58] [config] valid-mini-batch: 32
[2026-07-26 00:03:58] [config] valid-reset-all: false
[2026-07-26 00:03:58] [config] valid-reset-stalled: false
[2026-07-26 00:03:58] [config] valid-script-args:
[2026-07-26 00:03:58] [config]   []
[2026-07-26 00:03:58] [config] valid-script-path: ""
[2026-07-26 00:03:58] [config] valid-sets:
[2026-07-26 00:03:58] [config]   - /d/Job_Requirements/PracticalProjectsFromDrYe/AIE-F/assignment-submission/class-22/TheinGiKyaw_Assignment7/g2p-par/dev.ph
[2026-07-26 00:03:58] [config]   - /d/Job_Requirements/PracticalProjectsFromDrYe/AIE-F/assignment-submission/class-22/TheinGiKyaw_Assignment7/g2p-par/dev.my
[2026-07-26 00:03:58] [config] valid-translation-output: ""
[2026-07-26 00:03:58] [config] version: v1.12.0 65bf82ff 2023-02-21 09:56:29 -0800
[2026-07-26 00:03:58] [config] vocabs:
[2026-07-26 00:03:58] [config]   - /d/Job_Requirements/PracticalProjectsFromDrYe/AIE-F/assignment-submission/class-22/TheinGiKyaw_Assignment7/g2p-par/vocab/vocab.ph.yml
[2026-07-26 00:03:58] [config]   - /d/Job_Requirements/PracticalProjectsFromDrYe/AIE-F/assignment-submission/class-22/TheinGiKyaw_Assignment7/g2p-par/vocab/vocab.my.yml
[2026-07-26 00:03:58] [config] word-penalty: 0
[2026-07-26 00:03:58] [config] word-scores: false
[2026-07-26 00:03:58] [config] workspace: 500
[2026-07-26 00:03:58] [config] Loaded model has been created with Marian v1.12.0 65bf82ff 2023-02-21 09:56:29 -0800
[2026-07-26 00:03:58] Using asynchronous training
[2026-07-26 00:03:58] [comm] Compiled without MPI support. Running as a single process on LAPTOP-9DLBHLIH
[2026-07-26 00:03:58] Synced seed 1111
[2026-07-26 00:03:58] [data] Loading vocabulary from JSON/Yaml file /d/Job_Requirements/PracticalProjectsFromDrYe/AIE-F/assignment-submission/class-22/TheinGiKyaw_Assignment7/g2p-par/vocab/vocab.ph.yml
[2026-07-26 00:03:58] [data] Setting vocabulary size for input 0 to 1,851
[2026-07-26 00:03:58] [data] Loading vocabulary from JSON/Yaml file /d/Job_Requirements/PracticalProjectsFromDrYe/AIE-F/assignment-submission/class-22/TheinGiKyaw_Assignment7/g2p-par/vocab/vocab.my.yml
[2026-07-26 00:03:58] [data] Setting vocabulary size for input 1 to 2,300
[2026-07-26 00:03:58] [batching] Collecting statistics for batch fitting with step size 10
[2026-07-26 00:03:58] [memory] Extending reserved space to 512 MB (device cpu0)
[2026-07-26 00:03:58] [memory] Extending reserved space to 512 MB (device cpu1)
[2026-07-26 00:03:58] [memory] Extending reserved space to 512 MB (device cpu2)
[2026-07-26 00:03:58] [memory] Extending reserved space to 512 MB (device cpu3)
[2026-07-26 00:03:58] [training] Using 4 CPUs
[2026-07-26 00:03:58] [logits] Applying loss function for 1 factor(s)
[2026-07-26 00:03:58] [memory] Reserving 343 MB, device cpu0
[2026-07-26 00:04:06] [memory] Reserving 343 MB, device cpu0
[2026-07-26 00:09:48] [marian] Marian v1.12.0 65bf82ff 2023-02-21 09:56:29 -0800
[2026-07-26 00:09:48] [marian] Running on LAPTOP-9DLBHLIH as process 4328 with command line:
[2026-07-26 00:09:48] [marian] /mnt/d/Job_Requirements/PracticalProjectsFromDrYe/marian/build/marian -c /d/Job_Requirements/PracticalProjectsFromDrYe/AIE-F/assignment-submission/class-22/TheinGiKyaw_Assignment7/model.seq2seq.phmy/config.yml
[2026-07-26 00:09:48] [config] after: 0e
[2026-07-26 00:09:48] [config] after-batches: 0
[2026-07-26 00:09:48] [config] after-epochs: 0
[2026-07-26 00:09:48] [config] all-caps-every: 0
[2026-07-26 00:09:48] [config] allow-unk: false
[2026-07-26 00:09:48] [config] authors: false
[2026-07-26 00:09:48] [config] beam-size: 12
[2026-07-26 00:09:48] [config] bert-class-symbol: "[CLS]"
[2026-07-26 00:09:48] [config] bert-mask-symbol: "[MASK]"
[2026-07-26 00:09:48] [config] bert-masking-fraction: 0.15
[2026-07-26 00:09:48] [config] bert-sep-symbol: "[SEP]"
[2026-07-26 00:09:48] [config] bert-train-type-embeddings: true
[2026-07-26 00:09:48] [config] bert-type-vocab-size: 2
[2026-07-26 00:09:48] [config] build-info: ""
[2026-07-26 00:09:48] [config] check-gradient-nan: false
[2026-07-26 00:09:48] [config] check-nan: false
[2026-07-26 00:09:48] [config] cite: false
[2026-07-26 00:09:48] [config] clip-norm: 1
[2026-07-26 00:09:48] [config] cost-scaling:
[2026-07-26 00:09:48] [config]   []
[2026-07-26 00:09:48] [config] cost-type: ce-sum
[2026-07-26 00:09:48] [config] cpu-threads: 4
[2026-07-26 00:09:48] [config] data-threads: 8
[2026-07-26 00:09:48] [config] data-weighting: ""
[2026-07-26 00:09:48] [config] data-weighting-type: sentence
[2026-07-26 00:09:48] [config] dec-cell: lstm
[2026-07-26 00:09:48] [config] dec-cell-base-depth: 2
[2026-07-26 00:09:48] [config] dec-cell-high-depth: 2
[2026-07-26 00:09:48] [config] dec-depth: 2
[2026-07-26 00:09:48] [config] devices:
[2026-07-26 00:09:48] [config]   - 0
[2026-07-26 00:09:48] [config] dim-emb: 512
[2026-07-26 00:09:48] [config] dim-rnn: 1024
[2026-07-26 00:09:48] [config] dim-vocabs:
[2026-07-26 00:09:48] [config]   - 1851
[2026-07-26 00:09:48] [config]   - 2300
[2026-07-26 00:09:48] [config] disp-first: 0
[2026-07-26 00:09:48] [config] disp-freq: 500
[2026-07-26 00:09:48] [config] disp-label-counts: true
[2026-07-26 00:09:48] [config] dropout-rnn: 0.3
[2026-07-26 00:09:48] [config] dropout-src: 0.3
[2026-07-26 00:09:48] [config] dropout-trg: 0
[2026-07-26 00:09:48] [config] dump-config: ""
[2026-07-26 00:09:48] [config] dynamic-gradient-scaling:
[2026-07-26 00:09:48] [config]   []
[2026-07-26 00:09:48] [config] early-stopping: 10
[2026-07-26 00:09:48] [config] early-stopping-on: first
[2026-07-26 00:09:48] [config] embedding-fix-src: false
[2026-07-26 00:09:48] [config] embedding-fix-trg: false
[2026-07-26 00:09:48] [config] embedding-normalization: false
[2026-07-26 00:09:48] [config] embedding-vectors:
[2026-07-26 00:09:48] [config]   []
[2026-07-26 00:09:48] [config] enc-cell: lstm
[2026-07-26 00:09:48] [config] enc-cell-depth: 2
[2026-07-26 00:09:48] [config] enc-depth: 2
[2026-07-26 00:09:48] [config] enc-type: alternating
[2026-07-26 00:09:48] [config] english-title-case-every: 0
[2026-07-26 00:09:48] [config] exponential-smoothing: 0.0001
[2026-07-26 00:09:48] [config] factor-weight: 1
[2026-07-26 00:09:48] [config] factors-combine: sum
[2026-07-26 00:09:48] [config] factors-dim-emb: 0
[2026-07-26 00:09:48] [config] gradient-checkpointing: false
[2026-07-26 00:09:48] [config] gradient-norm-average-window: 100
[2026-07-26 00:09:48] [config] guided-alignment: none
[2026-07-26 00:09:48] [config] guided-alignment-cost: ce
[2026-07-26 00:09:48] [config] guided-alignment-weight: 0.1
[2026-07-26 00:09:48] [config] ignore-model-config: false
[2026-07-26 00:09:48] [config] input-types:
[2026-07-26 00:09:48] [config]   []
[2026-07-26 00:09:48] [config] interpolate-env-vars: false
[2026-07-26 00:09:48] [config] keep-best: false
[2026-07-26 00:09:48] [config] label-smoothing: 0
[2026-07-26 00:09:48] [config] layer-normalization: true
[2026-07-26 00:09:48] [config] learn-rate: 0.0001
[2026-07-26 00:09:48] [config] lemma-dependency: ""
[2026-07-26 00:09:48] [config] lemma-dim-emb: 0
[2026-07-26 00:09:48] [config] log: /d/Job_Requirements/PracticalProjectsFromDrYe/AIE-F/assignment-submission/class-22/TheinGiKyaw_Assignment7/model.seq2seq.phmy/train.log
[2026-07-26 00:09:48] [config] log-level: info
[2026-07-26 00:09:48] [config] log-time-zone: ""
[2026-07-26 00:09:48] [config] logical-epoch:
[2026-07-26 00:09:48] [config]   - 1e
[2026-07-26 00:09:48] [config]   - 0
[2026-07-26 00:09:48] [config] lr-decay: 0
[2026-07-26 00:09:48] [config] lr-decay-freq: 50000
[2026-07-26 00:09:48] [config] lr-decay-inv-sqrt:
[2026-07-26 00:09:48] [config]   - 0
[2026-07-26 00:09:48] [config] lr-decay-repeat-warmup: false
[2026-07-26 00:09:48] [config] lr-decay-reset-optimizer: false
[2026-07-26 00:09:48] [config] lr-decay-start:
[2026-07-26 00:09:48] [config]   - 10
[2026-07-26 00:09:48] [config]   - 1
[2026-07-26 00:09:48] [config] lr-decay-strategy: epoch+stalled
[2026-07-26 00:09:48] [config] lr-report: false
[2026-07-26 00:09:48] [config] lr-warmup: 0
[2026-07-26 00:09:48] [config] lr-warmup-at-reload: false
[2026-07-26 00:09:48] [config] lr-warmup-cycle: false
[2026-07-26 00:09:48] [config] lr-warmup-start-rate: 0
[2026-07-26 00:09:48] [config] max-length: 200
[2026-07-26 00:09:48] [config] max-length-crop: false
[2026-07-26 00:09:48] [config] max-length-factor: 3
[2026-07-26 00:09:48] [config] maxi-batch: 100
[2026-07-26 00:09:48] [config] maxi-batch-sort: trg
[2026-07-26 00:09:48] [config] mini-batch: 64
[2026-07-26 00:09:48] [config] mini-batch-fit: true
[2026-07-26 00:09:48] [config] mini-batch-fit-step: 10
[2026-07-26 00:09:48] [config] mini-batch-round-up: true
[2026-07-26 00:09:48] [config] mini-batch-track-lr: false
[2026-07-26 00:09:48] [config] mini-batch-warmup: 0
[2026-07-26 00:09:48] [config] mini-batch-words: 0
[2026-07-26 00:09:48] [config] mini-batch-words-ref: 0
[2026-07-26 00:09:48] [config] model: /d/Job_Requirements/PracticalProjectsFromDrYe/AIE-F/assignment-submission/class-22/TheinGiKyaw_Assignment7/model.seq2seq.phmy/model.npz
[2026-07-26 00:09:48] [config] multi-loss-type: sum
[2026-07-26 00:09:48] [config] n-best: false
[2026-07-26 00:09:48] [config] no-reload: false
[2026-07-26 00:09:48] [config] no-restore-corpus: false
[2026-07-26 00:09:48] [config] normalize: 0
[2026-07-26 00:09:48] [config] normalize-gradient: false
[2026-07-26 00:09:48] [config] num-devices: 0
[2026-07-26 00:09:48] [config] optimizer: adam
[2026-07-26 00:09:48] [config] optimizer-delay: 1
[2026-07-26 00:09:48] [config] optimizer-params:
[2026-07-26 00:09:48] [config]   []
[2026-07-26 00:09:48] [config] output-omit-bias: false
[2026-07-26 00:09:48] [config] overwrite: false
[2026-07-26 00:09:48] [config] precision:
[2026-07-26 00:09:48] [config]   - float32
[2026-07-26 00:09:48] [config]   - float32
[2026-07-26 00:09:48] [config] pretrained-model: ""
[2026-07-26 00:09:48] [config] quantize-biases: false
[2026-07-26 00:09:48] [config] quantize-bits: 0
[2026-07-26 00:09:48] [config] quantize-log-based: false
[2026-07-26 00:09:48] [config] quantize-optimization-steps: 0
[2026-07-26 00:09:48] [config] quiet: false
[2026-07-26 00:09:48] [config] quiet-translation: false
[2026-07-26 00:09:48] [config] relative-paths: false
[2026-07-26 00:09:48] [config] right-left: false
[2026-07-26 00:09:48] [config] save-freq: 5000
[2026-07-26 00:09:48] [config] seed: 1111
[2026-07-26 00:09:48] [config] sentencepiece-alphas:
[2026-07-26 00:09:48] [config]   []
[2026-07-26 00:09:48] [config] sentencepiece-max-lines: 2000000
[2026-07-26 00:09:48] [config] sentencepiece-options: ""
[2026-07-26 00:09:48] [config] shuffle: data
[2026-07-26 00:09:48] [config] shuffle-in-ram: false
[2026-07-26 00:09:48] [config] sigterm: save-and-exit
[2026-07-26 00:09:48] [config] skip: true
[2026-07-26 00:09:48] [config] sqlite: ""
[2026-07-26 00:09:48] [config] sqlite-drop: false
[2026-07-26 00:09:48] [config] sync-sgd: false
[2026-07-26 00:09:48] [config] tempdir: /tmp
[2026-07-26 00:09:48] [config] tied-embeddings: true
[2026-07-26 00:09:48] [config] tied-embeddings-all: false
[2026-07-26 00:09:48] [config] tied-embeddings-src: false
[2026-07-26 00:09:48] [config] train-embedder-rank:
[2026-07-26 00:09:48] [config]   []
[2026-07-26 00:09:48] [config] train-sets:
[2026-07-26 00:09:48] [config]   - /d/Job_Requirements/PracticalProjectsFromDrYe/AIE-F/assignment-submission/class-22/TheinGiKyaw_Assignment7/g2p-par/train.ph
[2026-07-26 00:09:48] [config]   - /d/Job_Requirements/PracticalProjectsFromDrYe/AIE-F/assignment-submission/class-22/TheinGiKyaw_Assignment7/g2p-par/train.my
[2026-07-26 00:09:48] [config] transformer-aan-activation: swish
[2026-07-26 00:09:48] [config] transformer-aan-depth: 2
[2026-07-26 00:09:48] [config] transformer-aan-nogate: false
[2026-07-26 00:09:48] [config] transformer-decoder-autoreg: self-attention
[2026-07-26 00:09:48] [config] transformer-decoder-dim-ffn: 0
[2026-07-26 00:09:48] [config] transformer-decoder-ffn-depth: 0
[2026-07-26 00:09:48] [config] transformer-depth-scaling: false
[2026-07-26 00:09:48] [config] transformer-dim-aan: 2048
[2026-07-26 00:09:48] [config] transformer-dim-ffn: 2048
[2026-07-26 00:09:48] [config] transformer-dropout: 0
[2026-07-26 00:09:48] [config] transformer-dropout-attention: 0
[2026-07-26 00:09:48] [config] transformer-dropout-ffn: 0
[2026-07-26 00:09:48] [config] transformer-ffn-activation: swish
[2026-07-26 00:09:48] [config] transformer-ffn-depth: 2
[2026-07-26 00:09:48] [config] transformer-guided-alignment-layer: last
[2026-07-26 00:09:48] [config] transformer-heads: 8
[2026-07-26 00:09:48] [config] transformer-no-projection: false
[2026-07-26 00:09:48] [config] transformer-pool: false
[2026-07-26 00:09:48] [config] transformer-postprocess: dan
[2026-07-26 00:09:48] [config] transformer-postprocess-emb: d
[2026-07-26 00:09:48] [config] transformer-postprocess-top: ""
[2026-07-26 00:09:48] [config] transformer-preprocess: ""
[2026-07-26 00:09:48] [config] transformer-rnn-projection: false
[2026-07-26 00:09:48] [config] transformer-tied-layers:
[2026-07-26 00:09:48] [config]   []
[2026-07-26 00:09:48] [config] transformer-train-position-embeddings: false
[2026-07-26 00:09:48] [config] tsv: false
[2026-07-26 00:09:48] [config] tsv-fields: 0
[2026-07-26 00:09:48] [config] type: s2s
[2026-07-26 00:09:48] [config] ulr: false
[2026-07-26 00:09:48] [config] ulr-dim-emb: 0
[2026-07-26 00:09:48] [config] ulr-dropout: 0
[2026-07-26 00:09:48] [config] ulr-keys-vectors: ""
[2026-07-26 00:09:48] [config] ulr-query-vectors: ""
[2026-07-26 00:09:48] [config] ulr-softmax-temperature: 1
[2026-07-26 00:09:48] [config] ulr-trainable-transformation: false
[2026-07-26 00:09:48] [config] unlikelihood-loss: false
[2026-07-26 00:09:48] [config] valid-freq: 5000
[2026-07-26 00:09:48] [config] valid-log: /d/Job_Requirements/PracticalProjectsFromDrYe/AIE-F/assignment-submission/class-22/TheinGiKyaw_Assignment7/model.seq2seq.phmy/valid.log
[2026-07-26 00:09:48] [config] valid-max-length: 1000
[2026-07-26 00:09:48] [config] valid-metrics:
[2026-07-26 00:09:48] [config]   - cross-entropy
[2026-07-26 00:09:48] [config]   - perplexity
[2026-07-26 00:09:48] [config]   - bleu
[2026-07-26 00:09:48] [config] valid-mini-batch: 32
[2026-07-26 00:09:48] [config] valid-reset-all: false
[2026-07-26 00:09:48] [config] valid-reset-stalled: false
[2026-07-26 00:09:48] [config] valid-script-args:
[2026-07-26 00:09:48] [config]   []
[2026-07-26 00:09:48] [config] valid-script-path: ""
[2026-07-26 00:09:48] [config] valid-sets:
[2026-07-26 00:09:48] [config]   - /d/Job_Requirements/PracticalProjectsFromDrYe/AIE-F/assignment-submission/class-22/TheinGiKyaw_Assignment7/g2p-par/dev.ph
[2026-07-26 00:09:48] [config]   - /d/Job_Requirements/PracticalProjectsFromDrYe/AIE-F/assignment-submission/class-22/TheinGiKyaw_Assignment7/g2p-par/dev.my
[2026-07-26 00:09:48] [config] valid-translation-output: ""
[2026-07-26 00:09:48] [config] version: v1.12.0 65bf82ff 2023-02-21 09:56:29 -0800
[2026-07-26 00:09:48] [config] vocabs:
[2026-07-26 00:09:48] [config]   - /d/Job_Requirements/PracticalProjectsFromDrYe/AIE-F/assignment-submission/class-22/TheinGiKyaw_Assignment7/g2p-par/vocab/vocab.ph.yml
[2026-07-26 00:09:48] [config]   - /d/Job_Requirements/PracticalProjectsFromDrYe/AIE-F/assignment-submission/class-22/TheinGiKyaw_Assignment7/g2p-par/vocab/vocab.my.yml
[2026-07-26 00:09:48] [config] word-penalty: 0
[2026-07-26 00:09:48] [config] word-scores: false
[2026-07-26 00:09:48] [config] workspace: 500
[2026-07-26 00:09:48] [config] Loaded model has been created with Marian v1.12.0 65bf82ff 2023-02-21 09:56:29 -0800
[2026-07-26 00:09:48] Using asynchronous training
[2026-07-26 00:09:48] [comm] Compiled without MPI support. Running as a single process on LAPTOP-9DLBHLIH
[2026-07-26 00:09:48] Synced seed 1111
[2026-07-26 00:09:48] [data] Loading vocabulary from JSON/Yaml file /d/Job_Requirements/PracticalProjectsFromDrYe/AIE-F/assignment-submission/class-22/TheinGiKyaw_Assignment7/g2p-par/vocab/vocab.ph.yml
[2026-07-26 00:09:48] [data] Setting vocabulary size for input 0 to 1,851
[2026-07-26 00:09:48] [data] Loading vocabulary from JSON/Yaml file /d/Job_Requirements/PracticalProjectsFromDrYe/AIE-F/assignment-submission/class-22/TheinGiKyaw_Assignment7/g2p-par/vocab/vocab.my.yml
[2026-07-26 00:09:48] [data] Setting vocabulary size for input 1 to 2,300
[2026-07-26 00:09:48] [batching] Collecting statistics for batch fitting with step size 10
[2026-07-26 00:09:48] [memory] Extending reserved space to 512 MB (device cpu0)
[2026-07-26 00:09:48] [memory] Extending reserved space to 512 MB (device cpu1)
[2026-07-26 00:09:48] [memory] Extending reserved space to 512 MB (device cpu2)
[2026-07-26 00:09:48] [memory] Extending reserved space to 512 MB (device cpu3)
[2026-07-26 00:09:48] [training] Using 4 CPUs
[2026-07-26 00:09:48] [logits] Applying loss function for 1 factor(s)
[2026-07-26 00:09:48] [memory] Reserving 343 MB, device cpu0
[2026-07-26 00:09:56] [memory] Reserving 343 MB, device cpu0
[2026-07-26 00:12:36] [marian] Marian v1.12.0 65bf82ff 2023-02-21 09:56:29 -0800
[2026-07-26 00:12:36] [marian] Running on LAPTOP-9DLBHLIH as process 4408 with command line:
[2026-07-26 00:12:36] [marian] /mnt/d/Job_Requirements/PracticalProjectsFromDrYe/marian/build/marian -c /d/Job_Requirements/PracticalProjectsFromDrYe/AIE-F/assignment-submission/class-22/TheinGiKyaw_Assignment7/model.seq2seq.phmy/config.yml
[2026-07-26 00:12:36] [config] after: 0e
[2026-07-26 00:12:36] [config] after-batches: 0
[2026-07-26 00:12:36] [config] after-epochs: 0
[2026-07-26 00:12:36] [config] all-caps-every: 0
[2026-07-26 00:12:36] [config] allow-unk: false
[2026-07-26 00:12:36] [config] authors: false
[2026-07-26 00:12:36] [config] beam-size: 12
[2026-07-26 00:12:36] [config] bert-class-symbol: "[CLS]"
[2026-07-26 00:12:36] [config] bert-mask-symbol: "[MASK]"
[2026-07-26 00:12:36] [config] bert-masking-fraction: 0.15
[2026-07-26 00:12:36] [config] bert-sep-symbol: "[SEP]"
[2026-07-26 00:12:36] [config] bert-train-type-embeddings: true
[2026-07-26 00:12:36] [config] bert-type-vocab-size: 2
[2026-07-26 00:12:36] [config] build-info: ""
[2026-07-26 00:12:36] [config] check-gradient-nan: false
[2026-07-26 00:12:36] [config] check-nan: false
[2026-07-26 00:12:36] [config] cite: false
[2026-07-26 00:12:36] [config] clip-norm: 1
[2026-07-26 00:12:36] [config] cost-scaling:
[2026-07-26 00:12:36] [config]   []
[2026-07-26 00:12:36] [config] cost-type: ce-sum
[2026-07-26 00:12:36] [config] cpu-threads: 4
[2026-07-26 00:12:36] [config] data-threads: 8
[2026-07-26 00:12:36] [config] data-weighting: ""
[2026-07-26 00:12:36] [config] data-weighting-type: sentence
[2026-07-26 00:12:36] [config] dec-cell: lstm
[2026-07-26 00:12:36] [config] dec-cell-base-depth: 2
[2026-07-26 00:12:36] [config] dec-cell-high-depth: 2
[2026-07-26 00:12:36] [config] dec-depth: 2
[2026-07-26 00:12:36] [config] devices:
[2026-07-26 00:12:36] [config]   - 0
[2026-07-26 00:12:36] [config] dim-emb: 512
[2026-07-26 00:12:36] [config] dim-rnn: 1024
[2026-07-26 00:12:36] [config] dim-vocabs:
[2026-07-26 00:12:36] [config]   - 1851
[2026-07-26 00:12:36] [config]   - 2300
[2026-07-26 00:12:36] [config] disp-first: 0
[2026-07-26 00:12:36] [config] disp-freq: 500
[2026-07-26 00:12:36] [config] disp-label-counts: true
[2026-07-26 00:12:36] [config] dropout-rnn: 0.3
[2026-07-26 00:12:36] [config] dropout-src: 0.3
[2026-07-26 00:12:36] [config] dropout-trg: 0
[2026-07-26 00:12:36] [config] dump-config: ""
[2026-07-26 00:12:36] [config] dynamic-gradient-scaling:
[2026-07-26 00:12:36] [config]   []
[2026-07-26 00:12:36] [config] early-stopping: 10
[2026-07-26 00:12:36] [config] early-stopping-on: first
[2026-07-26 00:12:36] [config] embedding-fix-src: false
[2026-07-26 00:12:36] [config] embedding-fix-trg: false
[2026-07-26 00:12:36] [config] embedding-normalization: false
[2026-07-26 00:12:36] [config] embedding-vectors:
[2026-07-26 00:12:36] [config]   []
[2026-07-26 00:12:36] [config] enc-cell: lstm
[2026-07-26 00:12:36] [config] enc-cell-depth: 2
[2026-07-26 00:12:36] [config] enc-depth: 2
[2026-07-26 00:12:36] [config] enc-type: alternating
[2026-07-26 00:12:36] [config] english-title-case-every: 0
[2026-07-26 00:12:36] [config] exponential-smoothing: 0.0001
[2026-07-26 00:12:36] [config] factor-weight: 1
[2026-07-26 00:12:36] [config] factors-combine: sum
[2026-07-26 00:12:36] [config] factors-dim-emb: 0
[2026-07-26 00:12:36] [config] gradient-checkpointing: false
[2026-07-26 00:12:36] [config] gradient-norm-average-window: 100
[2026-07-26 00:12:36] [config] guided-alignment: none
[2026-07-26 00:12:36] [config] guided-alignment-cost: ce
[2026-07-26 00:12:36] [config] guided-alignment-weight: 0.1
[2026-07-26 00:12:36] [config] ignore-model-config: false
[2026-07-26 00:12:36] [config] input-types:
[2026-07-26 00:12:36] [config]   []
[2026-07-26 00:12:36] [config] interpolate-env-vars: false
[2026-07-26 00:12:36] [config] keep-best: false
[2026-07-26 00:12:36] [config] label-smoothing: 0
[2026-07-26 00:12:36] [config] layer-normalization: true
[2026-07-26 00:12:36] [config] learn-rate: 0.0001
[2026-07-26 00:12:36] [config] lemma-dependency: ""
[2026-07-26 00:12:36] [config] lemma-dim-emb: 0
[2026-07-26 00:12:36] [config] log: /d/Job_Requirements/PracticalProjectsFromDrYe/AIE-F/assignment-submission/class-22/TheinGiKyaw_Assignment7/model.seq2seq.phmy/train.log
[2026-07-26 00:12:36] [config] log-level: info
[2026-07-26 00:12:36] [config] log-time-zone: ""
[2026-07-26 00:12:36] [config] logical-epoch:
[2026-07-26 00:12:36] [config]   - 1e
[2026-07-26 00:12:36] [config]   - 0
[2026-07-26 00:12:36] [config] lr-decay: 0
[2026-07-26 00:12:36] [config] lr-decay-freq: 50000
[2026-07-26 00:12:36] [config] lr-decay-inv-sqrt:
[2026-07-26 00:12:36] [config]   - 0
[2026-07-26 00:12:36] [config] lr-decay-repeat-warmup: false
[2026-07-26 00:12:36] [config] lr-decay-reset-optimizer: false
[2026-07-26 00:12:36] [config] lr-decay-start:
[2026-07-26 00:12:36] [config]   - 10
[2026-07-26 00:12:36] [config]   - 1
[2026-07-26 00:12:36] [config] lr-decay-strategy: epoch+stalled
[2026-07-26 00:12:36] [config] lr-report: false
[2026-07-26 00:12:36] [config] lr-warmup: 0
[2026-07-26 00:12:36] [config] lr-warmup-at-reload: false
[2026-07-26 00:12:36] [config] lr-warmup-cycle: false
[2026-07-26 00:12:36] [config] lr-warmup-start-rate: 0
[2026-07-26 00:12:36] [config] max-length: 200
[2026-07-26 00:12:36] [config] max-length-crop: false
[2026-07-26 00:12:36] [config] max-length-factor: 3
[2026-07-26 00:12:36] [config] maxi-batch: 100
[2026-07-26 00:12:36] [config] maxi-batch-sort: trg
[2026-07-26 00:12:36] [config] mini-batch: 64
[2026-07-26 00:12:36] [config] mini-batch-fit: true
[2026-07-26 00:12:36] [config] mini-batch-fit-step: 10
[2026-07-26 00:12:36] [config] mini-batch-round-up: true
[2026-07-26 00:12:36] [config] mini-batch-track-lr: false
[2026-07-26 00:12:36] [config] mini-batch-warmup: 0
[2026-07-26 00:12:36] [config] mini-batch-words: 0
[2026-07-26 00:12:36] [config] mini-batch-words-ref: 0
[2026-07-26 00:12:36] [config] model: /d/Job_Requirements/PracticalProjectsFromDrYe/AIE-F/assignment-submission/class-22/TheinGiKyaw_Assignment7/model.seq2seq.phmy/model.npz
[2026-07-26 00:12:36] [config] multi-loss-type: sum
[2026-07-26 00:12:36] [config] n-best: false
[2026-07-26 00:12:36] [config] no-reload: false
[2026-07-26 00:12:36] [config] no-restore-corpus: false
[2026-07-26 00:12:36] [config] normalize: 0
[2026-07-26 00:12:36] [config] normalize-gradient: false
[2026-07-26 00:12:36] [config] num-devices: 0
[2026-07-26 00:12:36] [config] optimizer: adam
[2026-07-26 00:12:36] [config] optimizer-delay: 1
[2026-07-26 00:12:36] [config] optimizer-params:
[2026-07-26 00:12:36] [config]   []
[2026-07-26 00:12:36] [config] output-omit-bias: false
[2026-07-26 00:12:36] [config] overwrite: false
[2026-07-26 00:12:36] [config] precision:
[2026-07-26 00:12:36] [config]   - float32
[2026-07-26 00:12:36] [config]   - float32
[2026-07-26 00:12:36] [config] pretrained-model: ""
[2026-07-26 00:12:36] [config] quantize-biases: false
[2026-07-26 00:12:36] [config] quantize-bits: 0
[2026-07-26 00:12:36] [config] quantize-log-based: false
[2026-07-26 00:12:36] [config] quantize-optimization-steps: 0
[2026-07-26 00:12:36] [config] quiet: false
[2026-07-26 00:12:36] [config] quiet-translation: false
[2026-07-26 00:12:36] [config] relative-paths: false
[2026-07-26 00:12:36] [config] right-left: false
[2026-07-26 00:12:36] [config] save-freq: 5000
[2026-07-26 00:12:36] [config] seed: 1111
[2026-07-26 00:12:36] [config] sentencepiece-alphas:
[2026-07-26 00:12:36] [config]   []
[2026-07-26 00:12:36] [config] sentencepiece-max-lines: 2000000
[2026-07-26 00:12:36] [config] sentencepiece-options: ""
[2026-07-26 00:12:36] [config] shuffle: data
[2026-07-26 00:12:36] [config] shuffle-in-ram: false
[2026-07-26 00:12:36] [config] sigterm: save-and-exit
[2026-07-26 00:12:36] [config] skip: true
[2026-07-26 00:12:36] [config] sqlite: ""
[2026-07-26 00:12:36] [config] sqlite-drop: false
[2026-07-26 00:12:36] [config] sync-sgd: false
[2026-07-26 00:12:36] [config] tempdir: /tmp
[2026-07-26 00:12:36] [config] tied-embeddings: true
[2026-07-26 00:12:36] [config] tied-embeddings-all: false
[2026-07-26 00:12:36] [config] tied-embeddings-src: false
[2026-07-26 00:12:36] [config] train-embedder-rank:
[2026-07-26 00:12:36] [config]   []
[2026-07-26 00:12:36] [config] train-sets:
[2026-07-26 00:12:36] [config]   - /d/Job_Requirements/PracticalProjectsFromDrYe/AIE-F/assignment-submission/class-22/TheinGiKyaw_Assignment7/g2p-par/train.ph
[2026-07-26 00:12:36] [config]   - /d/Job_Requirements/PracticalProjectsFromDrYe/AIE-F/assignment-submission/class-22/TheinGiKyaw_Assignment7/g2p-par/train.my
[2026-07-26 00:12:36] [config] transformer-aan-activation: swish
[2026-07-26 00:12:36] [config] transformer-aan-depth: 2
[2026-07-26 00:12:36] [config] transformer-aan-nogate: false
[2026-07-26 00:12:36] [config] transformer-decoder-autoreg: self-attention
[2026-07-26 00:12:36] [config] transformer-decoder-dim-ffn: 0
[2026-07-26 00:12:36] [config] transformer-decoder-ffn-depth: 0
[2026-07-26 00:12:36] [config] transformer-depth-scaling: false
[2026-07-26 00:12:36] [config] transformer-dim-aan: 2048
[2026-07-26 00:12:36] [config] transformer-dim-ffn: 2048
[2026-07-26 00:12:36] [config] transformer-dropout: 0
[2026-07-26 00:12:36] [config] transformer-dropout-attention: 0
[2026-07-26 00:12:36] [config] transformer-dropout-ffn: 0
[2026-07-26 00:12:36] [config] transformer-ffn-activation: swish
[2026-07-26 00:12:36] [config] transformer-ffn-depth: 2
[2026-07-26 00:12:36] [config] transformer-guided-alignment-layer: last
[2026-07-26 00:12:36] [config] transformer-heads: 8
[2026-07-26 00:12:36] [config] transformer-no-projection: false
[2026-07-26 00:12:36] [config] transformer-pool: false
[2026-07-26 00:12:36] [config] transformer-postprocess: dan
[2026-07-26 00:12:36] [config] transformer-postprocess-emb: d
[2026-07-26 00:12:36] [config] transformer-postprocess-top: ""
[2026-07-26 00:12:36] [config] transformer-preprocess: ""
[2026-07-26 00:12:36] [config] transformer-rnn-projection: false
[2026-07-26 00:12:36] [config] transformer-tied-layers:
[2026-07-26 00:12:36] [config]   []
[2026-07-26 00:12:36] [config] transformer-train-position-embeddings: false
[2026-07-26 00:12:36] [config] tsv: false
[2026-07-26 00:12:36] [config] tsv-fields: 0
[2026-07-26 00:12:36] [config] type: s2s
[2026-07-26 00:12:36] [config] ulr: false
[2026-07-26 00:12:36] [config] ulr-dim-emb: 0
[2026-07-26 00:12:36] [config] ulr-dropout: 0
[2026-07-26 00:12:36] [config] ulr-keys-vectors: ""
[2026-07-26 00:12:36] [config] ulr-query-vectors: ""
[2026-07-26 00:12:36] [config] ulr-softmax-temperature: 1
[2026-07-26 00:12:36] [config] ulr-trainable-transformation: false
[2026-07-26 00:12:36] [config] unlikelihood-loss: false
[2026-07-26 00:12:36] [config] valid-freq: 5000
[2026-07-26 00:12:36] [config] valid-log: /d/Job_Requirements/PracticalProjectsFromDrYe/AIE-F/assignment-submission/class-22/TheinGiKyaw_Assignment7/model.seq2seq.phmy/valid.log
[2026-07-26 00:12:36] [config] valid-max-length: 1000
[2026-07-26 00:12:36] [config] valid-metrics:
[2026-07-26 00:12:36] [config]   - cross-entropy
[2026-07-26 00:12:36] [config]   - perplexity
[2026-07-26 00:12:36] [config]   - bleu
[2026-07-26 00:12:36] [config] valid-mini-batch: 32
[2026-07-26 00:12:36] [config] valid-reset-all: false
[2026-07-26 00:12:36] [config] valid-reset-stalled: false
[2026-07-26 00:12:36] [config] valid-script-args:
[2026-07-26 00:12:36] [config]   []
[2026-07-26 00:12:36] [config] valid-script-path: ""
[2026-07-26 00:12:36] [config] valid-sets:
[2026-07-26 00:12:36] [config]   - /d/Job_Requirements/PracticalProjectsFromDrYe/AIE-F/assignment-submission/class-22/TheinGiKyaw_Assignment7/g2p-par/dev.ph
[2026-07-26 00:12:36] [config]   - /d/Job_Requirements/PracticalProjectsFromDrYe/AIE-F/assignment-submission/class-22/TheinGiKyaw_Assignment7/g2p-par/dev.my
[2026-07-26 00:12:36] [config] valid-translation-output: ""
[2026-07-26 00:12:36] [config] version: v1.12.0 65bf82ff 2023-02-21 09:56:29 -0800
[2026-07-26 00:12:36] [config] vocabs:
[2026-07-26 00:12:36] [config]   - /d/Job_Requirements/PracticalProjectsFromDrYe/AIE-F/assignment-submission/class-22/TheinGiKyaw_Assignment7/g2p-par/vocab/vocab.ph.yml
[2026-07-26 00:12:36] [config]   - /d/Job_Requirements/PracticalProjectsFromDrYe/AIE-F/assignment-submission/class-22/TheinGiKyaw_Assignment7/g2p-par/vocab/vocab.my.yml
[2026-07-26 00:12:36] [config] word-penalty: 0
[2026-07-26 00:12:36] [config] word-scores: false
[2026-07-26 00:12:36] [config] workspace: 500
[2026-07-26 00:12:36] [config] Loaded model has been created with Marian v1.12.0 65bf82ff 2023-02-21 09:56:29 -0800
[2026-07-26 00:12:36] Using asynchronous training
[2026-07-26 00:12:36] [comm] Compiled without MPI support. Running as a single process on LAPTOP-9DLBHLIH
[2026-07-26 00:12:36] Synced seed 1111
[2026-07-26 00:12:36] [data] Loading vocabulary from JSON/Yaml file /d/Job_Requirements/PracticalProjectsFromDrYe/AIE-F/assignment-submission/class-22/TheinGiKyaw_Assignment7/g2p-par/vocab/vocab.ph.yml
[2026-07-26 00:12:36] [data] Setting vocabulary size for input 0 to 1,851
[2026-07-26 00:12:36] [data] Loading vocabulary from JSON/Yaml file /d/Job_Requirements/PracticalProjectsFromDrYe/AIE-F/assignment-submission/class-22/TheinGiKyaw_Assignment7/g2p-par/vocab/vocab.my.yml
[2026-07-26 00:12:36] [data] Setting vocabulary size for input 1 to 2,300
[2026-07-26 00:12:36] [batching] Collecting statistics for batch fitting with step size 10
[2026-07-26 00:12:36] [memory] Extending reserved space to 512 MB (device cpu0)
[2026-07-26 00:12:36] [memory] Extending reserved space to 512 MB (device cpu1)
[2026-07-26 00:12:36] [memory] Extending reserved space to 512 MB (device cpu2)
[2026-07-26 00:12:36] [memory] Extending reserved space to 512 MB (device cpu3)
[2026-07-26 00:12:36] [training] Using 4 CPUs
[2026-07-26 00:12:36] [logits] Applying loss function for 1 factor(s)
[2026-07-26 00:12:36] [memory] Reserving 343 MB, device cpu0
[2026-07-26 00:12:44] [memory] Reserving 343 MB, device cpu0
[2026-07-26 00:19:42] [marian] Marian v1.12.0 65bf82ff 2023-02-21 09:56:29 -0800
[2026-07-26 00:19:42] [marian] Running on LAPTOP-9DLBHLIH as process 4910 with command line:
[2026-07-26 00:19:42] [marian] marian -c /d/Job_Requirements/PracticalProjectsFromDrYe/AIE-F/assignment-submission/class-22/TheinGiKyaw_Assignment7/model.seq2seq.phmy/config.yml
[2026-07-26 00:19:42] [config] after: 0e
[2026-07-26 00:19:42] [config] after-batches: 0
[2026-07-26 00:19:42] [config] after-epochs: 0
[2026-07-26 00:19:42] [config] all-caps-every: 0
[2026-07-26 00:19:42] [config] allow-unk: false
[2026-07-26 00:19:42] [config] authors: false
[2026-07-26 00:19:42] [config] beam-size: 12
[2026-07-26 00:19:42] [config] bert-class-symbol: "[CLS]"
[2026-07-26 00:19:42] [config] bert-mask-symbol: "[MASK]"
[2026-07-26 00:19:42] [config] bert-masking-fraction: 0.15
[2026-07-26 00:19:42] [config] bert-sep-symbol: "[SEP]"
[2026-07-26 00:19:42] [config] bert-train-type-embeddings: true
[2026-07-26 00:19:42] [config] bert-type-vocab-size: 2
[2026-07-26 00:19:42] [config] build-info: ""
[2026-07-26 00:19:42] [config] check-gradient-nan: false
[2026-07-26 00:19:42] [config] check-nan: false
[2026-07-26 00:19:42] [config] cite: false
[2026-07-26 00:19:42] [config] clip-norm: 1
[2026-07-26 00:19:42] [config] cost-scaling:
[2026-07-26 00:19:42] [config]   []
[2026-07-26 00:19:42] [config] cost-type: ce-sum
[2026-07-26 00:19:42] [config] cpu-threads: 0
[2026-07-26 00:19:42] [config] data-threads: 8
[2026-07-26 00:19:42] [config] data-weighting: ""
[2026-07-26 00:19:42] [config] data-weighting-type: sentence
[2026-07-26 00:19:42] [config] dec-cell: lstm
[2026-07-26 00:19:42] [config] dec-cell-base-depth: 2
[2026-07-26 00:19:42] [config] dec-cell-high-depth: 2
[2026-07-26 00:19:42] [config] dec-depth: 2
[2026-07-26 00:19:42] [config] devices:
[2026-07-26 00:19:42] [config]   - 0
[2026-07-26 00:19:42] [config] dim-emb: 512
[2026-07-26 00:19:42] [config] dim-rnn: 1024
[2026-07-26 00:19:42] [config] dim-vocabs:
[2026-07-26 00:19:42] [config]   - 1851
[2026-07-26 00:19:42] [config]   - 2300
[2026-07-26 00:19:42] [config] disp-first: 0
[2026-07-26 00:19:42] [config] disp-freq: 500
[2026-07-26 00:19:42] [config] disp-label-counts: true
[2026-07-26 00:19:42] [config] dropout-rnn: 0.3
[2026-07-26 00:19:42] [config] dropout-src: 0.3
[2026-07-26 00:19:42] [config] dropout-trg: 0
[2026-07-26 00:19:42] [config] dump-config: ""
[2026-07-26 00:19:42] [config] dynamic-gradient-scaling:
[2026-07-26 00:19:42] [config]   []
[2026-07-26 00:19:42] [config] early-stopping: 10
[2026-07-26 00:19:42] [config] early-stopping-on: first
[2026-07-26 00:19:42] [config] embedding-fix-src: false
[2026-07-26 00:19:42] [config] embedding-fix-trg: false
[2026-07-26 00:19:42] [config] embedding-normalization: false
[2026-07-26 00:19:42] [config] embedding-vectors:
[2026-07-26 00:19:42] [config]   []
[2026-07-26 00:19:42] [config] enc-cell: lstm
[2026-07-26 00:19:42] [config] enc-cell-depth: 2
[2026-07-26 00:19:42] [config] enc-depth: 2
[2026-07-26 00:19:42] [config] enc-type: alternating
[2026-07-26 00:19:42] [config] english-title-case-every: 0
[2026-07-26 00:19:42] [config] exponential-smoothing: 0.0001
[2026-07-26 00:19:42] [config] factor-weight: 1
[2026-07-26 00:19:42] [config] factors-combine: sum
[2026-07-26 00:19:42] [config] factors-dim-emb: 0
[2026-07-26 00:19:42] [config] gradient-checkpointing: false
[2026-07-26 00:19:42] [config] gradient-norm-average-window: 100
[2026-07-26 00:19:42] [config] guided-alignment: none
[2026-07-26 00:19:42] [config] guided-alignment-cost: ce
[2026-07-26 00:19:42] [config] guided-alignment-weight: 0.1
[2026-07-26 00:19:42] [config] ignore-model-config: false
[2026-07-26 00:19:42] [config] input-types:
[2026-07-26 00:19:42] [config]   []
[2026-07-26 00:19:42] [config] interpolate-env-vars: false
[2026-07-26 00:19:42] [config] keep-best: false
[2026-07-26 00:19:42] [config] label-smoothing: 0
[2026-07-26 00:19:42] [config] layer-normalization: true
[2026-07-26 00:19:42] [config] learn-rate: 0.0001
[2026-07-26 00:19:42] [config] lemma-dependency: ""
[2026-07-26 00:19:42] [config] lemma-dim-emb: 0
[2026-07-26 00:19:42] [config] log: /d/Job_Requirements/PracticalProjectsFromDrYe/AIE-F/assignment-submission/class-22/TheinGiKyaw_Assignment7/model.seq2seq.phmy/train.log
[2026-07-26 00:19:42] [config] log-level: info
[2026-07-26 00:19:42] [config] log-time-zone: ""
[2026-07-26 00:19:42] [config] logical-epoch:
[2026-07-26 00:19:42] [config]   - 1e
[2026-07-26 00:19:42] [config]   - 0
[2026-07-26 00:19:42] [config] lr-decay: 0
[2026-07-26 00:19:42] [config] lr-decay-freq: 50000
[2026-07-26 00:19:42] [config] lr-decay-inv-sqrt:
[2026-07-26 00:19:42] [config]   - 0
[2026-07-26 00:19:42] [config] lr-decay-repeat-warmup: false
[2026-07-26 00:19:42] [config] lr-decay-reset-optimizer: false
[2026-07-26 00:19:42] [config] lr-decay-start:
[2026-07-26 00:19:42] [config]   - 10
[2026-07-26 00:19:42] [config]   - 1
[2026-07-26 00:19:42] [config] lr-decay-strategy: epoch+stalled
[2026-07-26 00:19:42] [config] lr-report: false
[2026-07-26 00:19:42] [config] lr-warmup: 0
[2026-07-26 00:19:42] [config] lr-warmup-at-reload: false
[2026-07-26 00:19:42] [config] lr-warmup-cycle: false
[2026-07-26 00:19:42] [config] lr-warmup-start-rate: 0
[2026-07-26 00:19:42] [config] max-length: 200
[2026-07-26 00:19:42] [config] max-length-crop: false
[2026-07-26 00:19:42] [config] max-length-factor: 3
[2026-07-26 00:19:42] [config] maxi-batch: 100
[2026-07-26 00:19:42] [config] maxi-batch-sort: trg
[2026-07-26 00:19:42] [config] mini-batch: 64
[2026-07-26 00:19:42] [config] mini-batch-fit: true
[2026-07-26 00:19:42] [config] mini-batch-fit-step: 10
[2026-07-26 00:19:42] [config] mini-batch-round-up: true
[2026-07-26 00:19:42] [config] mini-batch-track-lr: false
[2026-07-26 00:19:42] [config] mini-batch-warmup: 0
[2026-07-26 00:19:42] [config] mini-batch-words: 0
[2026-07-26 00:19:42] [config] mini-batch-words-ref: 0
[2026-07-26 00:19:42] [config] model: /d/Job_Requirements/PracticalProjectsFromDrYe/AIE-F/assignment-submission/class-22/TheinGiKyaw_Assignment7/model.seq2seq.phmy/model.npz
[2026-07-26 00:19:42] [config] multi-loss-type: sum
[2026-07-26 00:19:42] [config] n-best: false
[2026-07-26 00:19:42] [config] no-reload: false
[2026-07-26 00:19:42] [config] no-restore-corpus: false
[2026-07-26 00:19:42] [config] normalize: 0
[2026-07-26 00:19:42] [config] normalize-gradient: false
[2026-07-26 00:19:42] [config] num-devices: 0
[2026-07-26 00:19:42] [config] optimizer: adam
[2026-07-26 00:19:42] [config] optimizer-delay: 1
[2026-07-26 00:19:42] [config] optimizer-params:
[2026-07-26 00:19:42] [config]   []
[2026-07-26 00:19:42] [config] output-omit-bias: false
[2026-07-26 00:19:42] [config] overwrite: false
[2026-07-26 00:19:42] [config] precision:
[2026-07-26 00:19:42] [config]   - float32
[2026-07-26 00:19:42] [config]   - float32
[2026-07-26 00:19:42] [config] pretrained-model: ""
[2026-07-26 00:19:42] [config] quantize-biases: false
[2026-07-26 00:19:42] [config] quantize-bits: 0
[2026-07-26 00:19:42] [config] quantize-log-based: false
[2026-07-26 00:19:42] [config] quantize-optimization-steps: 0
[2026-07-26 00:19:42] [config] quiet: false
[2026-07-26 00:19:42] [config] quiet-translation: false
[2026-07-26 00:19:42] [config] relative-paths: false
[2026-07-26 00:19:42] [config] right-left: false
[2026-07-26 00:19:42] [config] save-freq: 5000
[2026-07-26 00:19:42] [config] seed: 1111
[2026-07-26 00:19:42] [config] sentencepiece-alphas:
[2026-07-26 00:19:42] [config]   []
[2026-07-26 00:19:42] [config] sentencepiece-max-lines: 2000000
[2026-07-26 00:19:42] [config] sentencepiece-options: ""
[2026-07-26 00:19:42] [config] shuffle: data
[2026-07-26 00:19:42] [config] shuffle-in-ram: false
[2026-07-26 00:19:42] [config] sigterm: save-and-exit
[2026-07-26 00:19:42] [config] skip: true
[2026-07-26 00:19:42] [config] sqlite: ""
[2026-07-26 00:19:42] [config] sqlite-drop: false
[2026-07-26 00:19:42] [config] sync-sgd: false
[2026-07-26 00:19:42] [config] tempdir: /tmp
[2026-07-26 00:19:42] [config] tied-embeddings: true
[2026-07-26 00:19:42] [config] tied-embeddings-all: false
[2026-07-26 00:19:42] [config] tied-embeddings-src: false
[2026-07-26 00:19:42] [config] train-embedder-rank:
[2026-07-26 00:19:42] [config]   []
[2026-07-26 00:19:42] [config] train-sets:
[2026-07-26 00:19:42] [config]   - /d/Job_Requirements/PracticalProjectsFromDrYe/AIE-F/assignment-submission/class-22/TheinGiKyaw_Assignment7/g2p-par/train.ph
[2026-07-26 00:19:42] [config]   - /d/Job_Requirements/PracticalProjectsFromDrYe/AIE-F/assignment-submission/class-22/TheinGiKyaw_Assignment7/g2p-par/train.my
[2026-07-26 00:19:42] [config] transformer-aan-activation: swish
[2026-07-26 00:19:42] [config] transformer-aan-depth: 2
[2026-07-26 00:19:42] [config] transformer-aan-nogate: false
[2026-07-26 00:19:42] [config] transformer-decoder-autoreg: self-attention
[2026-07-26 00:19:42] [config] transformer-decoder-dim-ffn: 0
[2026-07-26 00:19:42] [config] transformer-decoder-ffn-depth: 0
[2026-07-26 00:19:42] [config] transformer-depth-scaling: false
[2026-07-26 00:19:42] [config] transformer-dim-aan: 2048
[2026-07-26 00:19:42] [config] transformer-dim-ffn: 2048
[2026-07-26 00:19:42] [config] transformer-dropout: 0
[2026-07-26 00:19:42] [config] transformer-dropout-attention: 0
[2026-07-26 00:19:42] [config] transformer-dropout-ffn: 0
[2026-07-26 00:19:42] [config] transformer-ffn-activation: swish
[2026-07-26 00:19:42] [config] transformer-ffn-depth: 2
[2026-07-26 00:19:42] [config] transformer-guided-alignment-layer: last
[2026-07-26 00:19:42] [config] transformer-heads: 8
[2026-07-26 00:19:42] [config] transformer-no-projection: false
[2026-07-26 00:19:42] [config] transformer-pool: false
[2026-07-26 00:19:42] [config] transformer-postprocess: dan
[2026-07-26 00:19:42] [config] transformer-postprocess-emb: d
[2026-07-26 00:19:42] [config] transformer-postprocess-top: ""
[2026-07-26 00:19:42] [config] transformer-preprocess: ""
[2026-07-26 00:19:42] [config] transformer-rnn-projection: false
[2026-07-26 00:19:42] [config] transformer-tied-layers:
[2026-07-26 00:19:42] [config]   []
[2026-07-26 00:19:42] [config] transformer-train-position-embeddings: false
[2026-07-26 00:19:42] [config] tsv: false
[2026-07-26 00:19:42] [config] tsv-fields: 0
[2026-07-26 00:19:42] [config] type: s2s
[2026-07-26 00:19:42] [config] ulr: false
[2026-07-26 00:19:42] [config] ulr-dim-emb: 0
[2026-07-26 00:19:42] [config] ulr-dropout: 0
[2026-07-26 00:19:42] [config] ulr-keys-vectors: ""
[2026-07-26 00:19:42] [config] ulr-query-vectors: ""
[2026-07-26 00:19:42] [config] ulr-softmax-temperature: 1
[2026-07-26 00:19:42] [config] ulr-trainable-transformation: false
[2026-07-26 00:19:42] [config] unlikelihood-loss: false
[2026-07-26 00:19:42] [config] valid-freq: 5000
[2026-07-26 00:19:42] [config] valid-log: /d/Job_Requirements/PracticalProjectsFromDrYe/AIE-F/assignment-submission/class-22/TheinGiKyaw_Assignment7/model.seq2seq.phmy/valid.log
[2026-07-26 00:19:42] [config] valid-max-length: 1000
[2026-07-26 00:19:42] [config] valid-metrics:
[2026-07-26 00:19:42] [config]   - cross-entropy
[2026-07-26 00:19:42] [config]   - perplexity
[2026-07-26 00:19:42] [config]   - bleu
[2026-07-26 00:19:42] [config] valid-mini-batch: 32
[2026-07-26 00:19:42] [config] valid-reset-all: false
[2026-07-26 00:19:42] [config] valid-reset-stalled: false
[2026-07-26 00:19:42] [config] valid-script-args:
[2026-07-26 00:19:42] [config]   []
[2026-07-26 00:19:42] [config] valid-script-path: ""
[2026-07-26 00:19:42] [config] valid-sets:
[2026-07-26 00:19:42] [config]   - /d/Job_Requirements/PracticalProjectsFromDrYe/AIE-F/assignment-submission/class-22/TheinGiKyaw_Assignment7/g2p-par/dev.ph
[2026-07-26 00:19:42] [config]   - /d/Job_Requirements/PracticalProjectsFromDrYe/AIE-F/assignment-submission/class-22/TheinGiKyaw_Assignment7/g2p-par/dev.my
[2026-07-26 00:19:42] [config] valid-translation-output: ""
[2026-07-26 00:19:42] [config] version: v1.12.0 65bf82ff 2023-02-21 09:56:29 -0800
[2026-07-26 00:19:42] [config] vocabs:
[2026-07-26 00:19:42] [config]   - /d/Job_Requirements/PracticalProjectsFromDrYe/AIE-F/assignment-submission/class-22/TheinGiKyaw_Assignment7/g2p-par/vocab/vocab.ph.yml
[2026-07-26 00:19:42] [config]   - /d/Job_Requirements/PracticalProjectsFromDrYe/AIE-F/assignment-submission/class-22/TheinGiKyaw_Assignment7/g2p-par/vocab/vocab.my.yml
[2026-07-26 00:19:42] [config] word-penalty: 0
[2026-07-26 00:19:42] [config] word-scores: false
[2026-07-26 00:19:42] [config] workspace: 500
[2026-07-26 00:19:42] [config] Loaded model has been created with Marian v1.12.0 65bf82ff 2023-02-21 09:56:29 -0800
[2026-07-26 00:19:42] [training] Using single-device training
[2026-07-26 00:19:42] [comm] Compiled without MPI support. Running as a single process on LAPTOP-9DLBHLIH
[2026-07-26 00:19:42] Synced seed 1111
[2026-07-26 00:19:42] [data] Loading vocabulary from JSON/Yaml file /d/Job_Requirements/PracticalProjectsFromDrYe/AIE-F/assignment-submission/class-22/TheinGiKyaw_Assignment7/g2p-par/vocab/vocab.ph.yml
[2026-07-26 00:19:42] [data] Setting vocabulary size for input 0 to 1,851
[2026-07-26 00:19:42] [data] Loading vocabulary from JSON/Yaml file /d/Job_Requirements/PracticalProjectsFromDrYe/AIE-F/assignment-submission/class-22/TheinGiKyaw_Assignment7/g2p-par/vocab/vocab.my.yml
[2026-07-26 00:19:42] [data] Setting vocabulary size for input 1 to 2,300
[2026-07-26 00:19:42] [batching] Collecting statistics for batch fitting with step size 10
[2026-07-26 00:19:44] [memory] Extending reserved space to 512 MB (device gpu0)
[2026-07-26 00:19:44] [training] Using 1 GPUs
[2026-07-26 00:19:44] [logits] Applying loss function for 1 factor(s)
[2026-07-26 00:19:44] [memory] Reserving 343 MB, device gpu0
[2026-07-26 00:19:44] [gpu] 16-bit TensorCores enabled for float32 matrix operations
[2026-07-26 00:19:44] [memory] Reserving 343 MB, device gpu0
[2026-07-26 00:21:44] [batching] Done. Typical MB size is 516 target words
[2026-07-26 00:21:44] [memory] Extending reserved space to 512 MB (device gpu0)
[2026-07-26 00:21:44] [training] Using 1 GPUs
[2026-07-26 00:21:44] Loading model from /d/Job_Requirements/PracticalProjectsFromDrYe/AIE-F/assignment-submission/class-22/TheinGiKyaw_Assignment7/model.seq2seq.phmy/model.npz
[2026-07-26 00:22:01] Allocating memory for general optimizer shards
[2026-07-26 00:22:01] [memory] Reserving 343 MB, device gpu0
[2026-07-26 00:22:01] Loading Adam parameters
[2026-07-26 00:22:02] [memory] Reserving 687 MB, device gpu0
[2026-07-26 00:22:02] [memory] Reserving 343 MB, device gpu0
[2026-07-26 00:22:02] [training] Master parameters and optimizers restored from training checkpoint /d/Job_Requirements/PracticalProjectsFromDrYe/AIE-F/assignment-submission/class-22/TheinGiKyaw_Assignment7/model.seq2seq.phmy/model.npz and /d/Job_Requirements/PracticalProjectsFromDrYe/AIE-F/assignment-submission/class-22/TheinGiKyaw_Assignment7/model.seq2seq.phmy/model.npz.optimizer.npz
[2026-07-26 00:22:02] [data] Restoring the corpus state to epoch 69, batch 25000
[2026-07-26 00:22:02] [data] Shuffling data
[2026-07-26 00:22:02] [data] Done reading 20,000 sentences
[2026-07-26 00:22:02] [data] Done shuffling 20,000 sentences to temp files
[2026-07-26 00:22:02] Training started
[2026-07-26 00:22:02] [training] Batches are processed as 1 process(es) x 1 devices/process
[2026-07-26 00:22:02] [memory] Reserving 343 MB, device gpu0
[2026-07-26 00:22:03] [memory] Reserving 343 MB, device gpu0
[2026-07-26 00:22:03] Parameter type float32, optimization type float32, casting types false
[2026-07-26 00:22:44] Seen 20,000 samples
[2026-07-26 00:22:44] Starting data epoch 70 in logical epoch 70
[2026-07-26 00:22:44] [data] Shuffling data
[2026-07-26 00:22:44] [data] Done reading 20,000 sentences
[2026-07-26 00:22:44] [data] Done shuffling 20,000 sentences to temp files
[2026-07-26 00:23:29] Ep. 70 : Up. 25500 : Sen. 13,075 : Cost 0.52192307 * 105,646 @ 165 after 5,385,891 : Time 105.35s : 1002.83 words/s : gNorm 1.3163
[2026-07-26 00:23:50] Seen 20,000 samples
[2026-07-26 00:23:50] Starting data epoch 71 in logical epoch 71
[2026-07-26 00:23:50] [data] Shuffling data
[2026-07-26 00:23:50] [data] Done reading 20,000 sentences
[2026-07-26 00:23:50] [data] Done shuffling 20,000 sentences to temp files
[2026-07-26 00:24:54] Seen 20,000 samples
[2026-07-26 00:24:54] Starting data epoch 72 in logical epoch 72
[2026-07-26 00:24:54] [data] Shuffling data
[2026-07-26 00:24:54] [data] Done reading 20,000 sentences
[2026-07-26 00:24:54] [data] Done shuffling 20,000 sentences to temp files
[2026-07-26 00:24:55] Ep. 72 : Up. 26000 : Sen. 330 : Cost 0.48079896 * 105,109 @ 165 after 5,491,000 : Time 85.94s : 1223.01 words/s : gNorm 1.5880
[2026-07-26 00:25:57] Seen 20,000 samples
[2026-07-26 00:25:57] Starting data epoch 73 in logical epoch 73
[2026-07-26 00:25:57] [data] Shuffling data
[2026-07-26 00:25:57] [data] Done reading 20,000 sentences
[2026-07-26 00:25:57] [data] Done shuffling 20,000 sentences to temp files
[2026-07-26 00:26:24] Ep. 73 : Up. 26500 : Sen. 7,665 : Cost 0.47568029 * 105,431 @ 275 after 5,596,431 : Time 88.75s : 1187.99 words/s : gNorm 1.3232
[2026-07-26 00:27:02] Seen 20,000 samples
[2026-07-26 00:27:02] Starting data epoch 74 in logical epoch 74
[2026-07-26 00:27:02] [data] Shuffling data
[2026-07-26 00:27:02] [data] Done reading 20,000 sentences
[2026-07-26 00:27:02] [data] Done shuffling 20,000 sentences to temp files
[2026-07-26 00:27:49] Ep. 74 : Up. 27000 : Sen. 14,965 : Cost 0.45815268 * 106,222 @ 141 after 5,702,653 : Time 84.84s : 1251.96 words/s : gNorm 1.2022
[2026-07-26 00:28:05] Seen 20,000 samples
[2026-07-26 00:28:05] Starting data epoch 75 in logical epoch 75
[2026-07-26 00:28:05] [data] Shuffling data
[2026-07-26 00:28:05] [data] Done reading 20,000 sentences
[2026-07-26 00:28:05] [data] Done shuffling 20,000 sentences to temp files
[2026-07-26 00:29:12] Seen 20,000 samples
[2026-07-26 00:29:12] Starting data epoch 76 in logical epoch 76
[2026-07-26 00:29:12] [data] Shuffling data
[2026-07-26 00:29:12] [data] Done reading 20,000 sentences
[2026-07-26 00:29:12] [data] Done shuffling 20,000 sentences to temp files
[2026-07-26 00:29:22] Ep. 76 : Up. 27500 : Sen. 2,310 : Cost 0.49471644 * 105,667 @ 165 after 5,808,320 : Time 93.19s : 1133.93 words/s : gNorm 1.2764
[2026-07-26 00:30:25] Seen 20,000 samples
[2026-07-26 00:30:25] Starting data epoch 77 in logical epoch 77
[2026-07-26 00:30:25] [data] Shuffling data
[2026-07-26 00:30:25] [data] Done reading 20,000 sentences
[2026-07-26 00:30:25] [data] Done shuffling 20,000 sentences to temp files
[2026-07-26 00:30:55] Ep. 77 : Up. 28000 : Sen. 9,610 : Cost 0.45104414 * 105,057 @ 165 after 5,913,377 : Time 93.47s : 1124.01 words/s : gNorm 1.1337
[2026-07-26 00:31:27] Seen 20,000 samples
[2026-07-26 00:31:27] Starting data epoch 78 in logical epoch 78
[2026-07-26 00:31:27] [data] Shuffling data
[2026-07-26 00:31:27] [data] Done reading 20,000 sentences
[2026-07-26 00:31:27] [data] Done shuffling 20,000 sentences to temp files
[2026-07-26 00:32:24] Ep. 78 : Up. 28500 : Sen. 16,972 : Cost 0.47206497 * 106,179 @ 330 after 6,019,556 : Time 89.13s : 1191.31 words/s : gNorm 1.3705
[2026-07-26 00:32:34] Seen 20,000 samples
[2026-07-26 00:32:34] Starting data epoch 79 in logical epoch 79
[2026-07-26 00:32:34] [data] Shuffling data
[2026-07-26 00:32:34] [data] Done reading 20,000 sentences
[2026-07-26 00:32:34] [data] Done shuffling 20,000 sentences to temp files
[2026-07-26 00:33:39] Seen 20,000 samples
[2026-07-26 00:33:39] Starting data epoch 80 in logical epoch 80
[2026-07-26 00:33:39] [data] Shuffling data
[2026-07-26 00:33:39] [data] Done reading 20,000 sentences
[2026-07-26 00:33:39] [data] Done shuffling 20,000 sentences to temp files
[2026-07-26 00:33:51] Ep. 80 : Up. 29000 : Sen. 4,208 : Cost 0.47229815 * 105,344 @ 165 after 6,124,900 : Time 86.63s : 1215.95 words/s : gNorm 1.3588
[2026-07-26 00:34:44] Seen 20,000 samples
[2026-07-26 00:34:44] Starting data epoch 81 in logical epoch 81
[2026-07-26 00:34:44] [data] Shuffling data
[2026-07-26 00:34:44] [data] Done reading 20,000 sentences
[2026-07-26 00:34:44] [data] Done shuffling 20,000 sentences to temp files
[2026-07-26 00:35:27] Ep. 81 : Up. 29500 : Sen. 11,562 : Cost 0.47654548 * 105,861 @ 220 after 6,230,761 : Time 95.77s : 1105.32 words/s : gNorm 1.2750
[2026-07-26 00:36:02] Seen 20,000 samples
[2026-07-26 00:36:02] Starting data epoch 82 in logical epoch 82
[2026-07-26 00:36:02] [data] Shuffling data
[2026-07-26 00:36:02] [data] Done reading 20,000 sentences
[2026-07-26 00:36:02] [data] Done shuffling 20,000 sentences to temp files
[2026-07-26 00:37:17] Ep. 82 : Up. 30000 : Sen. 18,870 : Cost 0.48313910 * 105,521 @ 165 after 6,336,282 : Time 110.04s : 958.89 words/s : gNorm 1.3800
[2026-07-26 00:37:17] Saving model weights and runtime parameters to /d/Job_Requirements/PracticalProjectsFromDrYe/AIE-F/assignment-submission/class-22/TheinGiKyaw_Assignment7/model.seq2seq.phmy/model.iter30000.npz
[2026-07-26 00:37:22] Saving model weights and runtime parameters to /d/Job_Requirements/PracticalProjectsFromDrYe/AIE-F/assignment-submission/class-22/TheinGiKyaw_Assignment7/model.seq2seq.phmy/model.npz
[2026-07-26 00:37:25] Saving Adam parameters
[2026-07-26 00:37:27] [training] Saving training checkpoint to /d/Job_Requirements/PracticalProjectsFromDrYe/AIE-F/assignment-submission/class-22/TheinGiKyaw_Assignment7/model.seq2seq.phmy/model.npz and /d/Job_Requirements/PracticalProjectsFromDrYe/AIE-F/assignment-submission/class-22/TheinGiKyaw_Assignment7/model.seq2seq.phmy/model.npz.optimizer.npz
[2026-07-26 00:37:40] [valid] Ep. 82 : Up. 30000 : cross-entropy : 3.1886 : stalled 3 times (last best: 3.18052)
[2026-07-26 00:37:41] [valid] Ep. 82 : Up. 30000 : perplexity : 2.29242 : stalled 3 times (last best: 2.28721)
[2026-07-26 00:37:41] Translating validation set...
[2026-07-26 00:37:41] [valid] First sentence's tokens as scored:
[2026-07-26 00:37:41] [valid] DefaultVocab keeps original segments for scoring
[2026-07-26 00:37:41] [valid]   Hyp: ဥတ် တ ရ ဘ ဒြ ပိုဒ်
[2026-07-26 00:37:41] [valid]   Ref: ဥတ် တ ရ ဖ လ ဂု နီ
[2026-07-26 00:37:41] Best translation 0 : ရပ် မှု ရွာ မှု
[2026-07-26 00:37:42] Best translation 1 : ပြီး ဆေး
[2026-07-26 00:37:42] Best translation 2 : မြင်း စား ကြုံ
[2026-07-26 00:37:42] Best translation 3 : အ မိန့် ပေး
[2026-07-26 00:37:42] Best translation 4 : အ နေ အ ထား
[2026-07-26 00:37:42] Best translation 5 : ကြား ဖူး နား ဆွဲ
[2026-07-26 00:37:42] Best translation 10 : ထ မင်း ဆုပ်
[2026-07-26 00:37:42] Best translation 20 : စစ် ညောင်း
[2026-07-26 00:37:42] Best translation 40 : အုပ် တိုက်
[2026-07-26 00:37:42] Best translation 80 : ဝက် သစ် ချ
[2026-07-26 00:37:42] Best translation 160 : နှစ် ပါး သွား
[2026-07-26 00:37:42] Best translation 320 : အ မြုံ
[2026-07-26 00:37:42] Best translation 640 : အ စွမ်း ပြ
[2026-07-26 00:37:43] Best translation 1280 : စိုက် ခွ
[2026-07-26 00:37:44] Total translation time: 2.59759s
[2026-07-26 00:37:44] [valid] Ep. 82 : Up. 30000 : bleu : 50.6486 : stalled 3 times (last best: 52.3146)
[2026-07-26 00:37:47] Seen 20,000 samples
[2026-07-26 00:37:47] Starting data epoch 83 in logical epoch 83
[2026-07-26 00:37:47] [data] Shuffling data
[2026-07-26 00:37:47] [data] Done reading 20,000 sentences
[2026-07-26 00:37:47] [data] Done shuffling 20,000 sentences to temp files
[2026-07-26 00:39:12] Seen 20,000 samples
[2026-07-26 00:39:12] Starting data epoch 84 in logical epoch 84
[2026-07-26 00:39:12] [data] Shuffling data
[2026-07-26 00:39:13] [data] Done reading 20,000 sentences
[2026-07-26 00:39:13] [data] Done shuffling 20,000 sentences to temp files
[2026-07-26 00:39:38] Ep. 84 : Up. 30500 : Sen. 6,180 : Cost 0.49872011 * 105,676 @ 275 after 6,441,958 : Time 141.48s : 746.93 words/s : gNorm 1.2184
[2026-07-26 00:40:34] Seen 20,000 samples
[2026-07-26 00:40:34] Starting data epoch 85 in logical epoch 85
[2026-07-26 00:40:34] [data] Shuffling data
[2026-07-26 00:40:34] [data] Done reading 20,000 sentences
[2026-07-26 00:40:34] [data] Done shuffling 20,000 sentences to temp files
[2026-07-26 00:41:34] Ep. 85 : Up. 31000 : Sen. 13,515 : Cost 0.44351572 * 105,445 @ 220 after 6,547,403 : Time 115.99s : 909.06 words/s : gNorm 1.1983
[2026-07-26 00:41:58] Seen 20,000 samples
[2026-07-26 00:41:58] Starting data epoch 86 in logical epoch 86
[2026-07-26 00:41:58] [data] Shuffling data
[2026-07-26 00:41:58] [data] Done reading 20,000 sentences
[2026-07-26 00:41:58] [data] Done shuffling 20,000 sentences to temp files
[2026-07-26 00:43:03] Seen 20,000 samples
[2026-07-26 00:43:03] Starting data epoch 87 in logical epoch 87
[2026-07-26 00:43:03] [data] Shuffling data
[2026-07-26 00:43:03] [data] Done reading 20,000 sentences
[2026-07-26 00:43:03] [data] Done shuffling 20,000 sentences to temp files
[2026-07-26 00:43:05] Ep. 87 : Up. 31500 : Sen. 770 : Cost 0.44282877 * 105,559 @ 165 after 6,652,962 : Time 90.41s : 1167.60 words/s : gNorm 1.2757
[2026-07-26 00:43:34] Seen 20,000 samples
[2026-07-26 00:43:34] Starting data epoch 88 in logical epoch 88
[2026-07-26 00:43:34] [data] Shuffling data
[2026-07-26 00:43:34] [data] Done reading 20,000 sentences
[2026-07-26 00:43:34] [data] Done shuffling 20,000 sentences to temp files
[2026-07-26 00:43:47] Ep. 88 : Up. 32000 : Sen. 8,105 : Cost 0.47829872 * 105,288 @ 220 after 6,758,250 : Time 41.87s : 2514.34 words/s : gNorm 1.3475
[2026-07-26 00:44:05] Seen 20,000 samples
[2026-07-26 00:44:05] Starting data epoch 89 in logical epoch 89
[2026-07-26 00:44:05] [data] Shuffling data
[2026-07-26 00:44:05] [data] Done reading 20,000 sentences
[2026-07-26 00:44:05] [data] Done shuffling 20,000 sentences to temp files
[2026-07-26 00:44:30] Ep. 89 : Up. 32500 : Sen. 15,405 : Cost 0.47702703 * 105,787 @ 141 after 6,864,037 : Time 43.36s : 2439.79 words/s : gNorm 1.4784
[2026-07-26 00:44:37] Seen 20,000 samples
[2026-07-26 00:44:37] Starting data epoch 90 in logical epoch 90
[2026-07-26 00:44:37] [data] Shuffling data
[2026-07-26 00:44:37] [data] Done reading 20,000 sentences
[2026-07-26 00:44:37] [data] Done shuffling 20,000 sentences to temp files
[2026-07-26 00:45:10] Seen 20,000 samples
[2026-07-26 00:45:10] Starting data epoch 91 in logical epoch 91
[2026-07-26 00:45:10] [data] Shuffling data
[2026-07-26 00:45:10] [data] Done reading 20,000 sentences
[2026-07-26 00:45:10] [data] Done shuffling 20,000 sentences to temp files
[2026-07-26 00:45:15] Ep. 91 : Up. 33000 : Sen. 2,723 : Cost 0.42268142 * 105,642 @ 220 after 6,969,679 : Time 45.18s : 2338.33 words/s : gNorm 1.2508
[2026-07-26 00:45:45] Seen 20,000 samples
[2026-07-26 00:45:45] Starting data epoch 92 in logical epoch 92
[2026-07-26 00:45:45] [data] Shuffling data
[2026-07-26 00:45:45] [data] Done reading 20,000 sentences
[2026-07-26 00:45:45] [data] Done shuffling 20,000 sentences to temp files
[2026-07-26 00:46:02] Ep. 92 : Up. 33500 : Sen. 10,077 : Cost 0.44025889 * 105,430 @ 165 after 7,075,109 : Time 47.04s : 2241.05 words/s : gNorm 1.1995
[2026-07-26 00:46:19] Seen 20,000 samples
[2026-07-26 00:46:19] Starting data epoch 93 in logical epoch 93
[2026-07-26 00:46:19] [data] Shuffling data
[2026-07-26 00:46:19] [data] Done reading 20,000 sentences
[2026-07-26 00:46:19] [data] Done shuffling 20,000 sentences to temp files
[2026-07-26 00:46:49] Ep. 93 : Up. 34000 : Sen. 17,385 : Cost 0.42685753 * 106,201 @ 275 after 7,181,310 : Time 47.11s : 2254.50 words/s : gNorm 1.0961
[2026-07-26 00:46:54] Seen 20,000 samples
[2026-07-26 00:46:54] Starting data epoch 94 in logical epoch 94
[2026-07-26 00:46:54] [data] Shuffling data
[2026-07-26 00:46:54] [data] Done reading 20,000 sentences
[2026-07-26 00:46:54] [data] Done shuffling 20,000 sentences to temp files
[2026-07-26 00:47:28] Seen 20,000 samples
[2026-07-26 00:47:28] Starting data epoch 95 in logical epoch 95
[2026-07-26 00:47:28] [data] Shuffling data
[2026-07-26 00:47:28] [data] Done reading 20,000 sentences
[2026-07-26 00:47:28] [data] Done shuffling 20,000 sentences to temp files
[2026-07-26 00:47:36] Ep. 95 : Up. 34500 : Sen. 4,703 : Cost 0.47141048 * 105,413 @ 165 after 7,286,723 : Time 47.02s : 2242.04 words/s : gNorm 1.0394
[2026-07-26 00:48:03] Seen 20,000 samples
[2026-07-26 00:48:03] Starting data epoch 96 in logical epoch 96
[2026-07-26 00:48:03] [data] Shuffling data
[2026-07-26 00:48:03] [data] Done reading 20,000 sentences
[2026-07-26 00:48:03] [data] Done shuffling 20,000 sentences to temp files
[2026-07-26 00:48:24] Ep. 96 : Up. 35000 : Sen. 12,030 : Cost 0.45892000 * 106,138 @ 220 after 7,392,861 : Time 47.53s : 2233.11 words/s : gNorm 1.1962
[2026-07-26 00:48:24] Saving model weights and runtime parameters to /d/Job_Requirements/PracticalProjectsFromDrYe/AIE-F/assignment-submission/class-22/TheinGiKyaw_Assignment7/model.seq2seq.phmy/model.iter35000.npz
[2026-07-26 00:48:26] Saving model weights and runtime parameters to /d/Job_Requirements/PracticalProjectsFromDrYe/AIE-F/assignment-submission/class-22/TheinGiKyaw_Assignment7/model.seq2seq.phmy/model.npz
[2026-07-26 00:48:28] Saving Adam parameters
[2026-07-26 00:48:29] [training] Saving training checkpoint to /d/Job_Requirements/PracticalProjectsFromDrYe/AIE-F/assignment-submission/class-22/TheinGiKyaw_Assignment7/model.seq2seq.phmy/model.npz and /d/Job_Requirements/PracticalProjectsFromDrYe/AIE-F/assignment-submission/class-22/TheinGiKyaw_Assignment7/model.seq2seq.phmy/model.npz.optimizer.npz
[2026-07-26 00:48:38] [valid] Ep. 96 : Up. 35000 : cross-entropy : 3.25489 : stalled 4 times (last best: 3.18052)
[2026-07-26 00:48:39] [valid] Ep. 96 : Up. 35000 : perplexity : 2.3323 : stalled 4 times (last best: 2.28721)
[2026-07-26 00:48:39] Translating validation set...
[2026-07-26 00:48:39] Best translation 0 : ရပ် မှု ရွာ မှု
[2026-07-26 00:48:39] Best translation 1 : ပြီး ဆေး
[2026-07-26 00:48:39] Best translation 2 : မြင်း စား ခြုံ
[2026-07-26 00:48:39] Best translation 3 : အ မိန့် ပေး
[2026-07-26 00:48:39] Best translation 4 : အ နေ အ ထား
[2026-07-26 00:48:39] Best translation 5 : ကြား ဖူး နား ဆွဲ
[2026-07-26 00:48:39] Best translation 10 : ထ မင်း ဆုပ်
[2026-07-26 00:48:39] Best translation 20 : စစ် ညောင်း
[2026-07-26 00:48:39] Best translation 40 : အုပ် တိုက်
[2026-07-26 00:48:39] Best translation 80 : ဝက် သစ် ချ
[2026-07-26 00:48:39] Best translation 160 : နှစ် ပါး သွား
[2026-07-26 00:48:40] Best translation 320 : အ မြုံ
[2026-07-26 00:48:40] Best translation 640 : အ စွမ်း ပြ
[2026-07-26 00:48:41] Best translation 1280 : စိုက် ခွ
[2026-07-26 00:48:41] Total translation time: 2.04707s
[2026-07-26 00:48:41] [valid] Ep. 96 : Up. 35000 : bleu : 50.0096 : stalled 4 times (last best: 52.3146)
[2026-07-26 00:48:54] Seen 20,000 samples
[2026-07-26 00:48:54] Starting data epoch 97 in logical epoch 97
[2026-07-26 00:48:54] [data] Shuffling data
[2026-07-26 00:48:54] [data] Done reading 20,000 sentences
[2026-07-26 00:48:55] [data] Done shuffling 20,000 sentences to temp files
[2026-07-26 00:49:28] Ep. 97 : Up. 35500 : Sen. 19,340 : Cost 0.47814408 * 105,249 @ 165 after 7,498,110 : Time 63.94s : 1646.10 words/s : gNorm 1.3275
[2026-07-26 00:49:29] Seen 20,000 samples
[2026-07-26 00:49:29] Starting data epoch 98 in logical epoch 98
[2026-07-26 00:49:29] [data] Shuffling data
[2026-07-26 00:49:29] [data] Done reading 20,000 sentences
[2026-07-26 00:49:29] [data] Done shuffling 20,000 sentences to temp files
[2026-07-26 00:50:04] Seen 20,000 samples
[2026-07-26 00:50:04] Starting data epoch 99 in logical epoch 99
[2026-07-26 00:50:04] [data] Shuffling data
[2026-07-26 00:50:04] [data] Done reading 20,000 sentences
[2026-07-26 00:50:04] [data] Done shuffling 20,000 sentences to temp files
[2026-07-26 00:50:16] Ep. 99 : Up. 36000 : Sen. 6,675 : Cost 0.43746650 * 105,691 @ 220 after 7,603,801 : Time 47.90s : 2206.35 words/s : gNorm 1.1101
[2026-07-26 00:50:39] Seen 20,000 samples
[2026-07-26 00:50:39] Starting data epoch 100 in logical epoch 100
[2026-07-26 00:50:39] [data] Shuffling data
[2026-07-26 00:50:39] [data] Done reading 20,000 sentences
[2026-07-26 00:50:39] [data] Done shuffling 20,000 sentences to temp files
[2026-07-26 00:51:03] Ep. 100 : Up. 36500 : Sen. 13,955 : Cost 0.42050725 * 106,267 @ 220 after 7,710,068 : Time 47.62s : 2231.67 words/s : gNorm 1.0859
[2026-07-26 00:51:14] Seen 20,000 samples
[2026-07-26 00:51:14] Starting data epoch 101 in logical epoch 101
[2026-07-26 00:51:14] [data] Shuffling data
[2026-07-26 00:51:14] [data] Done reading 20,000 sentences
[2026-07-26 00:51:14] [data] Done shuffling 20,000 sentences to temp files
[2026-07-26 00:51:49] Seen 20,000 samples
[2026-07-26 00:51:49] Starting data epoch 102 in logical epoch 102
[2026-07-26 00:51:49] [data] Shuffling data
[2026-07-26 00:51:49] [data] Done reading 20,000 sentences
[2026-07-26 00:51:49] [data] Done shuffling 20,000 sentences to temp files
[2026-07-26 00:51:51] Ep. 102 : Up. 37000 : Sen. 1,265 : Cost 0.45327207 * 104,676 @ 165 after 7,814,744 : Time 47.97s : 2181.89 words/s : gNorm 1.1592
[2026-07-26 00:52:25] Seen 20,000 samples
[2026-07-26 00:52:25] Starting data epoch 103 in logical epoch 103
[2026-07-26 00:52:25] [data] Shuffling data
[2026-07-26 00:52:25] [data] Done reading 20,000 sentences
[2026-07-26 00:52:25] [data] Done shuffling 20,000 sentences to temp files
[2026-07-26 00:52:40] Ep. 103 : Up. 37500 : Sen. 8,510 : Cost 0.46825522 * 105,664 @ 165 after 7,920,408 : Time 48.87s : 2162.28 words/s : gNorm 1.2793
[2026-07-26 00:53:01] Seen 20,000 samples
[2026-07-26 00:53:01] Starting data epoch 104 in logical epoch 104
[2026-07-26 00:53:01] [data] Shuffling data
[2026-07-26 00:53:01] [data] Done reading 20,000 sentences
[2026-07-26 00:53:01] [data] Done shuffling 20,000 sentences to temp files
[2026-07-26 00:53:30] Ep. 104 : Up. 38000 : Sen. 15,880 : Cost 0.42419288 * 105,874 @ 275 after 8,026,282 : Time 49.71s : 2129.87 words/s : gNorm 1.1289
[2026-07-26 00:53:38] Seen 20,000 samples
[2026-07-26 00:53:38] Starting data epoch 105 in logical epoch 105
[2026-07-26 00:53:38] [data] Shuffling data
[2026-07-26 00:53:38] [data] Done reading 20,000 sentences
[2026-07-26 00:53:38] [data] Done shuffling 20,000 sentences to temp files
[2026-07-26 00:54:15] Seen 20,000 samples
[2026-07-26 00:54:15] Starting data epoch 106 in logical epoch 106
[2026-07-26 00:54:15] [data] Shuffling data
[2026-07-26 00:54:15] [data] Done reading 20,000 sentences
[2026-07-26 00:54:15] [data] Done shuffling 20,000 sentences to temp files
[2026-07-26 00:54:21] Ep. 106 : Up. 38500 : Sen. 3,053 : Cost 0.45729765 * 105,603 @ 297 after 8,131,885 : Time 51.52s : 2049.87 words/s : gNorm 1.0920
[2026-07-26 00:54:52] Seen 20,000 samples
[2026-07-26 00:54:52] Starting data epoch 107 in logical epoch 107
[2026-07-26 00:54:52] [data] Shuffling data
[2026-07-26 00:54:52] [data] Done reading 20,000 sentences
[2026-07-26 00:54:52] [data] Done shuffling 20,000 sentences to temp files
[2026-07-26 00:55:12] Ep. 107 : Up. 39000 : Sen. 10,360 : Cost 0.46615478 * 104,700 @ 165 after 8,236,585 : Time 50.36s : 2079.06 words/s : gNorm 1.2570
[2026-07-26 00:55:29] Seen 20,000 samples
[2026-07-26 00:55:29] Starting data epoch 108 in logical epoch 108
[2026-07-26 00:55:29] [data] Shuffling data
[2026-07-26 00:55:29] [data] Done reading 20,000 sentences
[2026-07-26 00:55:29] [data] Done shuffling 20,000 sentences to temp files
[2026-07-26 00:56:01] Ep. 108 : Up. 39500 : Sen. 17,687 : Cost 0.42215526 * 105,793 @ 220 after 8,342,378 : Time 49.73s : 2127.30 words/s : gNorm 1.0376
[2026-07-26 00:56:06] Seen 20,000 samples
[2026-07-26 00:56:06] Starting data epoch 109 in logical epoch 109
[2026-07-26 00:56:06] [data] Shuffling data
[2026-07-26 00:56:06] [data] Done reading 20,000 sentences
[2026-07-26 00:56:06] [data] Done shuffling 20,000 sentences to temp files
[2026-07-26 00:56:43] Seen 20,000 samples
[2026-07-26 00:56:43] Starting data epoch 110 in logical epoch 110
[2026-07-26 00:56:43] [data] Shuffling data
[2026-07-26 00:56:43] [data] Done reading 20,000 sentences
[2026-07-26 00:56:43] [data] Done shuffling 20,000 sentences to temp files
[2026-07-26 00:56:52] Ep. 110 : Up. 40000 : Sen. 4,950 : Cost 0.44433263 * 105,800 @ 220 after 8,448,178 : Time 50.42s : 2098.49 words/s : gNorm 1.1445
[2026-07-26 00:56:52] Saving model weights and runtime parameters to /d/Job_Requirements/PracticalProjectsFromDrYe/AIE-F/assignment-submission/class-22/TheinGiKyaw_Assignment7/model.seq2seq.phmy/model.iter40000.npz
[2026-07-26 00:56:54] Saving model weights and runtime parameters to /d/Job_Requirements/PracticalProjectsFromDrYe/AIE-F/assignment-submission/class-22/TheinGiKyaw_Assignment7/model.seq2seq.phmy/model.npz
[2026-07-26 00:56:56] Saving Adam parameters
[2026-07-26 00:56:57] [training] Saving training checkpoint to /d/Job_Requirements/PracticalProjectsFromDrYe/AIE-F/assignment-submission/class-22/TheinGiKyaw_Assignment7/model.seq2seq.phmy/model.npz and /d/Job_Requirements/PracticalProjectsFromDrYe/AIE-F/assignment-submission/class-22/TheinGiKyaw_Assignment7/model.seq2seq.phmy/model.npz.optimizer.npz
[2026-07-26 00:57:06] [valid] Ep. 110 : Up. 40000 : cross-entropy : 3.31568 : stalled 5 times (last best: 3.18052)
[2026-07-26 00:57:07] [valid] Ep. 110 : Up. 40000 : perplexity : 2.36948 : stalled 5 times (last best: 2.28721)
[2026-07-26 00:57:07] Translating validation set...
[2026-07-26 00:57:07] Best translation 0 : ရပ် မှု ကိစ် မှု
[2026-07-26 00:57:07] Best translation 1 : ပြီး ဆေး
[2026-07-26 00:57:07] Best translation 2 : မြင်း စား ခို
[2026-07-26 00:57:07] Best translation 3 : အ မိန့် ပေး
[2026-07-26 00:57:07] Best translation 4 : အ နေ အ ထား
[2026-07-26 00:57:07] Best translation 5 : ကြား ဖူး နား ဆွဲ
[2026-07-26 00:57:07] Best translation 10 : ထ မင်း ဆုပ်
[2026-07-26 00:57:07] Best translation 20 : စစ် ညောင်း
[2026-07-26 00:57:07] Best translation 40 : အုပ် တိုက်
[2026-07-26 00:57:07] Best translation 80 : ဝက် သစ် ချ
[2026-07-26 00:57:07] Best translation 160 : နှစ် ပါး သွား
[2026-07-26 00:57:08] Best translation 320 : အ မြုံ
[2026-07-26 00:57:08] Best translation 640 : အ စွန်း ပြ
[2026-07-26 00:57:09] Best translation 1280 : စိုက် ခွ
[2026-07-26 00:57:09] Total translation time: 2.11795s
[2026-07-26 00:57:09] [valid] Ep. 110 : Up. 40000 : bleu : 49.4858 : stalled 5 times (last best: 52.3146)
[2026-07-26 00:57:36] Seen 20,000 samples
[2026-07-26 00:57:36] Starting data epoch 111 in logical epoch 111
[2026-07-26 00:57:36] [data] Shuffling data
[2026-07-26 00:57:36] [data] Done reading 20,000 sentences
[2026-07-26 00:57:36] [data] Done shuffling 20,000 sentences to temp files
[2026-07-26 00:57:58] Ep. 111 : Up. 40500 : Sen. 12,250 : Cost 0.39647812 * 105,630 @ 165 after 8,553,808 : Time 65.78s : 1605.86 words/s : gNorm 1.1123
[2026-07-26 00:58:11] Seen 20,000 samples
[2026-07-26 00:58:11] Starting data epoch 112 in logical epoch 112
[2026-07-26 00:58:11] [data] Shuffling data
[2026-07-26 00:58:11] [data] Done reading 20,000 sentences
[2026-07-26 00:58:12] [data] Done shuffling 20,000 sentences to temp files
[2026-07-26 00:58:47] Ep. 112 : Up. 41000 : Sen. 19,585 : Cost 0.43181655 * 105,705 @ 264 after 8,659,513 : Time 48.94s : 2159.71 words/s : gNorm 1.2820
[2026-07-26 00:58:47] Seen 20,000 samples
[2026-07-26 00:58:47] Starting data epoch 113 in logical epoch 113
[2026-07-26 00:58:47] [data] Shuffling data
[2026-07-26 00:58:48] [data] Done reading 20,000 sentences
[2026-07-26 00:58:48] [data] Done shuffling 20,000 sentences to temp files
[2026-07-26 00:59:24] Seen 20,000 samples
[2026-07-26 00:59:24] Starting data epoch 114 in logical epoch 114
[2026-07-26 00:59:24] [data] Shuffling data
[2026-07-26 00:59:24] [data] Done reading 20,000 sentences
[2026-07-26 00:59:24] [data] Done shuffling 20,000 sentences to temp files
[2026-07-26 00:59:36] Ep. 114 : Up. 41500 : Sen. 6,840 : Cost 0.47035187 * 105,186 @ 165 after 8,764,699 : Time 49.56s : 2122.46 words/s : gNorm 1.0915
[2026-07-26 01:00:01] Seen 20,000 samples
[2026-07-26 01:00:01] Starting data epoch 115 in logical epoch 115
[2026-07-26 01:00:01] [data] Shuffling data
[2026-07-26 01:00:01] [data] Done reading 20,000 sentences
[2026-07-26 01:00:01] [data] Done shuffling 20,000 sentences to temp files
[2026-07-26 01:00:27] Ep. 115 : Up. 42000 : Sen. 14,175 : Cost 0.41159558 * 105,844 @ 220 after 8,870,543 : Time 50.77s : 2084.73 words/s : gNorm 0.9585
[2026-07-26 01:00:38] Seen 20,000 samples
[2026-07-26 01:00:38] Starting data epoch 116 in logical epoch 116
[2026-07-26 01:00:38] [data] Shuffling data
[2026-07-26 01:00:38] [data] Done reading 20,000 sentences
[2026-07-26 01:00:38] [data] Done shuffling 20,000 sentences to temp files
[2026-07-26 01:01:14] Seen 20,000 samples
[2026-07-26 01:01:14] Starting data epoch 117 in logical epoch 117
[2026-07-26 01:01:14] [data] Shuffling data
[2026-07-26 01:01:15] [data] Done reading 20,000 sentences
[2026-07-26 01:01:15] [data] Done shuffling 20,000 sentences to temp files
[2026-07-26 01:01:17] Ep. 117 : Up. 42500 : Sen. 1,458 : Cost 0.46981344 * 105,261 @ 165 after 8,975,804 : Time 50.47s : 2085.54 words/s : gNorm 1.0856
[2026-07-26 01:01:52] Seen 20,000 samples
[2026-07-26 01:01:52] Starting data epoch 118 in logical epoch 118
[2026-07-26 01:01:52] [data] Shuffling data
[2026-07-26 01:01:52] [data] Done reading 20,000 sentences
[2026-07-26 01:01:52] [data] Done shuffling 20,000 sentences to temp files
[2026-07-26 01:02:09] Ep. 118 : Up. 43000 : Sen. 8,793 : Cost 0.44351760 * 106,108 @ 165 after 9,081,912 : Time 51.17s : 2073.72 words/s : gNorm 1.1279
[2026-07-26 01:02:29] Seen 20,000 samples
[2026-07-26 01:02:29] Starting data epoch 119 in logical epoch 119
[2026-07-26 01:02:29] [data] Shuffling data
[2026-07-26 01:02:29] [data] Done reading 20,000 sentences
[2026-07-26 01:02:29] [data] Done shuffling 20,000 sentences to temp files
[2026-07-26 01:02:59] Ep. 119 : Up. 43500 : Sen. 16,100 : Cost 0.42106098 * 105,047 @ 330 after 9,186,959 : Time 50.79s : 2068.42 words/s : gNorm 1.2864
[2026-07-26 01:03:07] Seen 20,000 samples
[2026-07-26 01:03:07] Starting data epoch 120 in logical epoch 120
[2026-07-26 01:03:07] [data] Shuffling data
[2026-07-26 01:03:07] [data] Done reading 20,000 sentences
[2026-07-26 01:03:07] [data] Done shuffling 20,000 sentences to temp files
[2026-07-26 01:03:44] Seen 20,000 samples
[2026-07-26 01:03:44] Starting data epoch 121 in logical epoch 121
[2026-07-26 01:03:44] [data] Shuffling data
[2026-07-26 01:03:44] [data] Done reading 20,000 sentences
[2026-07-26 01:03:44] [data] Done shuffling 20,000 sentences to temp files
[2026-07-26 01:03:51] Ep. 121 : Up. 44000 : Sen. 3,402 : Cost 0.38849506 * 106,083 @ 165 after 9,293,042 : Time 51.42s : 2063.24 words/s : gNorm 1.0512
[2026-07-26 01:04:23] Seen 20,000 samples
[2026-07-26 01:04:23] Starting data epoch 122 in logical epoch 122
[2026-07-26 01:04:23] [data] Shuffling data
[2026-07-26 01:04:23] [data] Done reading 20,000 sentences
[2026-07-26 01:04:23] [data] Done shuffling 20,000 sentences to temp files
[2026-07-26 01:04:43] Ep. 122 : Up. 44500 : Sen. 10,710 : Cost 0.43589175 * 105,049 @ 165 after 9,398,091 : Time 52.35s : 2006.83 words/s : gNorm 1.1262
[2026-07-26 01:05:00] Seen 20,000 samples
[2026-07-26 01:05:00] Starting data epoch 123 in logical epoch 123
[2026-07-26 01:05:00] [data] Shuffling data
[2026-07-26 01:05:00] [data] Done reading 20,000 sentences
[2026-07-26 01:05:00] [data] Done shuffling 20,000 sentences to temp files
[2026-07-26 01:05:34] Ep. 123 : Up. 45000 : Sen. 17,990 : Cost 0.45352787 * 106,074 @ 220 after 9,504,165 : Time 51.35s : 2065.77 words/s : gNorm 1.0713
[2026-07-26 01:05:34] Saving model weights and runtime parameters to /d/Job_Requirements/PracticalProjectsFromDrYe/AIE-F/assignment-submission/class-22/TheinGiKyaw_Assignment7/model.seq2seq.phmy/model.iter45000.npz
[2026-07-26 01:05:37] Saving model weights and runtime parameters to /d/Job_Requirements/PracticalProjectsFromDrYe/AIE-F/assignment-submission/class-22/TheinGiKyaw_Assignment7/model.seq2seq.phmy/model.npz
[2026-07-26 01:05:39] Saving Adam parameters
[2026-07-26 01:05:40] [training] Saving training checkpoint to /d/Job_Requirements/PracticalProjectsFromDrYe/AIE-F/assignment-submission/class-22/TheinGiKyaw_Assignment7/model.seq2seq.phmy/model.npz and /d/Job_Requirements/PracticalProjectsFromDrYe/AIE-F/assignment-submission/class-22/TheinGiKyaw_Assignment7/model.seq2seq.phmy/model.npz.optimizer.npz
[2026-07-26 01:05:48] [valid] Ep. 123 : Up. 45000 : cross-entropy : 3.37272 : stalled 6 times (last best: 3.18052)
[2026-07-26 01:05:50] [valid] Ep. 123 : Up. 45000 : perplexity : 2.40491 : stalled 6 times (last best: 2.28721)
[2026-07-26 01:05:50] Translating validation set...
[2026-07-26 01:05:50] Best translation 0 : ရပ် မှု လက် မှု
[2026-07-26 01:05:50] Best translation 1 : ပြီး ဆေး
[2026-07-26 01:05:50] Best translation 2 : မြင်း စား ခို
[2026-07-26 01:05:50] Best translation 3 : အ မိန့် ပေး
[2026-07-26 01:05:50] Best translation 4 : အ နေ အ ထား
[2026-07-26 01:05:50] Best translation 5 : ကြား ဖူး နား ဆွဲ
[2026-07-26 01:05:50] Best translation 10 : ထ မင်း ဆုပ်
[2026-07-26 01:05:50] Best translation 20 : စစ် ညောင်း
[2026-07-26 01:05:50] Best translation 40 : အုပ် တိုက်
[2026-07-26 01:05:50] Best translation 80 : ဝက် သစ် ချ
[2026-07-26 01:05:50] Best translation 160 : နှစ် ပါး သွား
[2026-07-26 01:05:50] Best translation 320 : အ မြုံ
[2026-07-26 01:05:50] Best translation 640 : အ စွမ်း ပြ
[2026-07-26 01:05:51] Best translation 1280 : စိုက် ခွ
[2026-07-26 01:05:52] Total translation time: 2.14911s
[2026-07-26 01:05:52] [valid] Ep. 123 : Up. 45000 : bleu : 49.4342 : stalled 6 times (last best: 52.3146)
[2026-07-26 01:05:56] Seen 20,000 samples
[2026-07-26 01:05:56] Starting data epoch 124 in logical epoch 124
[2026-07-26 01:05:56] [data] Shuffling data
[2026-07-26 01:05:56] [data] Done reading 20,000 sentences
[2026-07-26 01:05:56] [data] Done shuffling 20,000 sentences to temp files
[2026-07-26 01:06:31] Seen 20,000 samples
[2026-07-26 01:06:31] Starting data epoch 125 in logical epoch 125
[2026-07-26 01:06:31] [data] Shuffling data
[2026-07-26 01:06:31] [data] Done reading 20,000 sentences
[2026-07-26 01:06:31] [data] Done shuffling 20,000 sentences to temp files
[2026-07-26 01:06:40] Ep. 125 : Up. 45500 : Sen. 5,300 : Cost 0.40626043 * 105,270 @ 275 after 9,609,435 : Time 65.64s : 1603.87 words/s : gNorm 1.1298
[2026-07-26 01:07:06] Seen 20,000 samples
[2026-07-26 01:07:06] Starting data epoch 126 in logical epoch 126
[2026-07-26 01:07:06] [data] Shuffling data
[2026-07-26 01:07:06] [data] Done reading 20,000 sentences
[2026-07-26 01:07:06] [data] Done shuffling 20,000 sentences to temp files
[2026-07-26 01:07:30] Ep. 126 : Up. 46000 : Sen. 12,635 : Cost 0.42686513 * 105,757 @ 275 after 9,715,192 : Time 49.82s : 2122.95 words/s : gNorm 0.9373
[2026-07-26 01:07:43] Seen 20,000 samples
[2026-07-26 01:07:43] Starting data epoch 127 in logical epoch 127
[2026-07-26 01:07:43] [data] Shuffling data
[2026-07-26 01:07:43] [data] Done reading 20,000 sentences
[2026-07-26 01:07:43] [data] Done shuffling 20,000 sentences to temp files
[2026-07-26 01:08:21] Ep. 127 : Up. 46500 : Sen. 19,890 : Cost 0.45825750 * 105,423 @ 165 after 9,820,615 : Time 50.61s : 2082.93 words/s : gNorm 1.1293
[2026-07-26 01:08:21] Seen 20,000 samples
[2026-07-26 01:08:21] Starting data epoch 128 in logical epoch 128
[2026-07-26 01:08:21] [data] Shuffling data
[2026-07-26 01:08:21] [data] Done reading 20,000 sentences
[2026-07-26 01:08:21] [data] Done shuffling 20,000 sentences to temp files
[2026-07-26 01:08:58] Seen 20,000 samples
[2026-07-26 01:08:58] Starting data epoch 129 in logical epoch 129
[2026-07-26 01:08:58] [data] Shuffling data
[2026-07-26 01:08:58] [data] Done reading 20,000 sentences
[2026-07-26 01:08:58] [data] Done shuffling 20,000 sentences to temp files
[2026-07-26 01:09:11] Ep. 129 : Up. 47000 : Sen. 7,198 : Cost 0.46922594 * 105,660 @ 233 after 9,926,275 : Time 50.85s : 2077.90 words/s : gNorm 1.0423
[2026-07-26 01:09:35] Seen 20,000 samples
[2026-07-26 01:09:35] Starting data epoch 130 in logical epoch 130
[2026-07-26 01:09:35] [data] Shuffling data
[2026-07-26 01:09:35] [data] Done reading 20,000 sentences
[2026-07-26 01:09:35] [data] Done shuffling 20,000 sentences to temp files
[2026-07-26 01:10:02] Ep. 130 : Up. 47500 : Sen. 14,560 : Cost 0.40654832 * 105,315 @ 220 after 10,031,590 : Time 50.67s : 2078.39 words/s : gNorm 0.9211
[2026-07-26 01:10:12] Seen 20,000 samples
[2026-07-26 01:10:12] Starting data epoch 131 in logical epoch 131
[2026-07-26 01:10:12] [data] Shuffling data
[2026-07-26 01:10:12] [data] Done reading 20,000 sentences
[2026-07-26 01:10:12] [data] Done shuffling 20,000 sentences to temp files
[2026-07-26 01:10:49] Seen 20,000 samples
[2026-07-26 01:10:49] Starting data epoch 132 in logical epoch 132
[2026-07-26 01:10:49] [data] Shuffling data
[2026-07-26 01:10:49] [data] Done reading 20,000 sentences
[2026-07-26 01:10:49] [data] Done shuffling 20,000 sentences to temp files
[2026-07-26 01:10:53] Ep. 132 : Up. 48000 : Sen. 1,870 : Cost 0.44331536 * 106,380 @ 165 after 10,137,970 : Time 50.91s : 2089.67 words/s : gNorm 0.9833
[2026-07-26 01:11:27] Seen 20,000 samples
[2026-07-26 01:11:27] Starting data epoch 133 in logical epoch 133
[2026-07-26 01:11:27] [data] Shuffling data
[2026-07-26 01:11:27] [data] Done reading 20,000 sentences
[2026-07-26 01:11:27] [data] Done shuffling 20,000 sentences to temp files
[2026-07-26 01:11:44] Ep. 133 : Up. 48500 : Sen. 9,205 : Cost 0.43684754 * 105,723 @ 275 after 10,243,693 : Time 51.11s : 2068.36 words/s : gNorm 0.9768
[2026-07-26 01:12:04] Seen 20,000 samples
[2026-07-26 01:12:04] Starting data epoch 134 in logical epoch 134
[2026-07-26 01:12:04] [data] Shuffling data
[2026-07-26 01:12:04] [data] Done reading 20,000 sentences
[2026-07-26 01:12:04] [data] Done shuffling 20,000 sentences to temp files
[2026-07-26 01:12:35] Ep. 134 : Up. 49000 : Sen. 16,505 : Cost 0.44153434 * 104,899 @ 220 after 10,348,592 : Time 50.60s : 2073.16 words/s : gNorm 1.0508
[2026-07-26 01:12:41] Seen 20,000 samples
[2026-07-26 01:12:41] Starting data epoch 135 in logical epoch 135
[2026-07-26 01:12:41] [data] Shuffling data
[2026-07-26 01:12:41] [data] Done reading 20,000 sentences
[2026-07-26 01:12:41] [data] Done shuffling 20,000 sentences to temp files
[2026-07-26 01:13:18] Seen 20,000 samples
[2026-07-26 01:13:18] Starting data epoch 136 in logical epoch 136
[2026-07-26 01:13:18] [data] Shuffling data
[2026-07-26 01:13:18] [data] Done reading 20,000 sentences
[2026-07-26 01:13:18] [data] Done shuffling 20,000 sentences to temp files
[2026-07-26 01:13:25] Ep. 136 : Up. 49500 : Sen. 3,705 : Cost 0.41059765 * 105,339 @ 165 after 10,453,931 : Time 50.43s : 2088.95 words/s : gNorm 1.1188
[2026-07-26 01:13:56] Seen 20,000 samples
[2026-07-26 01:13:56] Starting data epoch 137 in logical epoch 137
[2026-07-26 01:13:56] [data] Shuffling data
[2026-07-26 01:13:56] [data] Done reading 20,000 sentences
[2026-07-26 01:13:56] [data] Done shuffling 20,000 sentences to temp files
[2026-07-26 01:14:17] Ep. 137 : Up. 50000 : Sen. 11,048 : Cost 0.40858972 * 106,212 @ 220 after 10,560,143 : Time 51.78s : 2051.07 words/s : gNorm 0.9385
[2026-07-26 01:14:17] Saving model weights and runtime parameters to /d/Job_Requirements/PracticalProjectsFromDrYe/AIE-F/assignment-submission/class-22/TheinGiKyaw_Assignment7/model.seq2seq.phmy/model.iter50000.npz
[2026-07-26 01:14:19] Saving model weights and runtime parameters to /d/Job_Requirements/PracticalProjectsFromDrYe/AIE-F/assignment-submission/class-22/TheinGiKyaw_Assignment7/model.seq2seq.phmy/model.npz
[2026-07-26 01:14:21] Saving Adam parameters
[2026-07-26 01:14:22] [training] Saving training checkpoint to /d/Job_Requirements/PracticalProjectsFromDrYe/AIE-F/assignment-submission/class-22/TheinGiKyaw_Assignment7/model.seq2seq.phmy/model.npz and /d/Job_Requirements/PracticalProjectsFromDrYe/AIE-F/assignment-submission/class-22/TheinGiKyaw_Assignment7/model.seq2seq.phmy/model.npz.optimizer.npz
[2026-07-26 01:14:31] [valid] Ep. 137 : Up. 50000 : cross-entropy : 3.39545 : stalled 7 times (last best: 3.18052)
[2026-07-26 01:14:32] [valid] Ep. 137 : Up. 50000 : perplexity : 2.41917 : stalled 7 times (last best: 2.28721)
[2026-07-26 01:14:32] Translating validation set...
[2026-07-26 01:14:32] Best translation 0 : ရပ် မှု လက် မှု
[2026-07-26 01:14:33] Best translation 1 : ပြီး ဆေး
[2026-07-26 01:14:33] Best translation 2 : မြင်း စား ခို
[2026-07-26 01:14:33] Best translation 3 : အ သား ပေး
[2026-07-26 01:14:33] Best translation 4 : အ နေ အ ထား
[2026-07-26 01:14:33] Best translation 5 : ကြား ဖူး နား ဆွဲ
[2026-07-26 01:14:33] Best translation 10 : ထ မင်း ဆုပ်
[2026-07-26 01:14:33] Best translation 20 : စစ် ညောင်း
[2026-07-26 01:14:33] Best translation 40 : အုပ် တိုက်
[2026-07-26 01:14:33] Best translation 80 : ဝက် သစ် ချ
[2026-07-26 01:14:33] Best translation 160 : နှစ် ပါး သွား
[2026-07-26 01:14:33] Best translation 320 : အ မြုံ
[2026-07-26 01:14:33] Best translation 640 : အ စွမ်း ပြ
[2026-07-26 01:14:34] Best translation 1280 : စိုက် ခွ
[2026-07-26 01:14:34] Total translation time: 2.14245s
[2026-07-26 01:14:35] [valid] Ep. 137 : Up. 50000 : bleu : 49.7305 : stalled 7 times (last best: 52.3146)
[2026-07-26 01:14:50] Seen 20,000 samples
[2026-07-26 01:14:50] Starting data epoch 138 in logical epoch 138
[2026-07-26 01:14:50] [data] Shuffling data
[2026-07-26 01:14:50] [data] Done reading 20,000 sentences
[2026-07-26 01:14:50] [data] Done shuffling 20,000 sentences to temp files
[2026-07-26 01:15:22] Ep. 138 : Up. 50500 : Sen. 18,375 : Cost 0.38770041 * 105,422 @ 330 after 10,665,565 : Time 65.24s : 1616.01 words/s : gNorm 1.2655
[2026-07-26 01:15:25] Seen 20,000 samples
[2026-07-26 01:15:25] Starting data epoch 139 in logical epoch 139
[2026-07-26 01:15:25] [data] Shuffling data
[2026-07-26 01:15:25] [data] Done reading 20,000 sentences
[2026-07-26 01:15:25] [data] Done shuffling 20,000 sentences to temp files
[2026-07-26 01:16:01] Seen 20,000 samples
[2026-07-26 01:16:01] Starting data epoch 140 in logical epoch 140
[2026-07-26 01:16:01] [data] Shuffling data
[2026-07-26 01:16:01] [data] Done reading 20,000 sentences
[2026-07-26 01:16:01] [data] Done shuffling 20,000 sentences to temp files
[2026-07-26 01:16:12] Ep. 140 : Up. 51000 : Sen. 5,630 : Cost 0.43417767 * 105,378 @ 165 after 10,770,943 : Time 49.66s : 2122.02 words/s : gNorm 1.1449
[2026-07-26 01:16:38] Seen 20,000 samples
[2026-07-26 01:16:38] Starting data epoch 141 in logical epoch 141
[2026-07-26 01:16:38] [data] Shuffling data
[2026-07-26 01:16:38] [data] Done reading 20,000 sentences
[2026-07-26 01:16:38] [data] Done shuffling 20,000 sentences to temp files
[2026-07-26 01:17:02] Ep. 141 : Up. 51500 : Sen. 12,965 : Cost 0.39205632 * 105,853 @ 220 after 10,876,796 : Time 50.07s : 2113.96 words/s : gNorm 0.8503
[2026-07-26 01:17:15] Seen 20,000 samples
[2026-07-26 01:17:15] Starting data epoch 142 in logical epoch 142
[2026-07-26 01:17:15] [data] Shuffling data
[2026-07-26 01:17:15] [data] Done reading 20,000 sentences
[2026-07-26 01:17:15] [data] Done shuffling 20,000 sentences to temp files
[2026-07-26 01:17:52] Seen 20,000 samples
[2026-07-26 01:17:52] Starting data epoch 143 in logical epoch 143
[2026-07-26 01:17:52] [data] Shuffling data
[2026-07-26 01:17:52] [data] Done reading 20,000 sentences
[2026-07-26 01:17:52] [data] Done shuffling 20,000 sentences to temp files
[2026-07-26 01:17:52] Ep. 143 : Up. 52000 : Sen. 275 : Cost 0.44161740 * 105,503 @ 275 after 10,982,299 : Time 50.40s : 2093.11 words/s : gNorm 1.1458
[2026-07-26 01:18:29] Seen 20,000 samples
[2026-07-26 01:18:29] Starting data epoch 144 in logical epoch 144
[2026-07-26 01:18:29] [data] Shuffling data
[2026-07-26 01:18:29] [data] Done reading 20,000 sentences
[2026-07-26 01:18:29] [data] Done shuffling 20,000 sentences to temp files
[2026-07-26 01:18:43] Ep. 144 : Up. 52500 : Sen. 7,555 : Cost 0.40950435 * 105,251 @ 220 after 11,087,550 : Time 50.63s : 2078.81 words/s : gNorm 0.8997
[2026-07-26 01:19:06] Seen 20,000 samples
[2026-07-26 01:19:06] Starting data epoch 145 in logical epoch 145
[2026-07-26 01:19:06] [data] Shuffling data
[2026-07-26 01:19:06] [data] Done reading 20,000 sentences
[2026-07-26 01:19:06] [data] Done shuffling 20,000 sentences to temp files
[2026-07-26 01:19:34] Ep. 145 : Up. 53000 : Sen. 14,800 : Cost 0.42751035 * 105,643 @ 165 after 11,193,193 : Time 50.76s : 2081.03 words/s : gNorm 1.1995
[2026-07-26 01:19:43] Seen 20,000 samples
[2026-07-26 01:19:43] Starting data epoch 146 in logical epoch 146
[2026-07-26 01:19:43] [data] Shuffling data
[2026-07-26 01:19:43] [data] Done reading 20,000 sentences
[2026-07-26 01:19:43] [data] Done shuffling 20,000 sentences to temp files
[2026-07-26 01:20:20] Seen 20,000 samples
[2026-07-26 01:20:20] Starting data epoch 147 in logical epoch 147
[2026-07-26 01:20:20] [data] Shuffling data
[2026-07-26 01:20:20] [data] Done reading 20,000 sentences
[2026-07-26 01:20:20] [data] Done shuffling 20,000 sentences to temp files
[2026-07-26 01:20:25] Ep. 147 : Up. 53500 : Sen. 2,055 : Cost 0.42471215 * 105,667 @ 297 after 11,298,860 : Time 51.00s : 2072.08 words/s : gNorm 0.8457
[2026-07-26 01:20:58] Seen 20,000 samples
[2026-07-26 01:20:58] Starting data epoch 148 in logical epoch 148
[2026-07-26 01:20:58] [data] Shuffling data
[2026-07-26 01:20:58] [data] Done reading 20,000 sentences
[2026-07-26 01:20:58] [data] Done shuffling 20,000 sentences to temp files
[2026-07-26 01:21:15] Ep. 148 : Up. 54000 : Sen. 9,417 : Cost 0.44273308 * 105,237 @ 330 after 11,404,097 : Time 50.77s : 2072.70 words/s : gNorm 0.9684
[2026-07-26 01:21:36] Seen 20,000 samples
[2026-07-26 01:21:36] Starting data epoch 149 in logical epoch 149
[2026-07-26 01:21:36] [data] Shuffling data
[2026-07-26 01:21:36] [data] Done reading 20,000 sentences
[2026-07-26 01:21:36] [data] Done shuffling 20,000 sentences to temp files
[2026-07-26 01:22:07] Ep. 149 : Up. 54500 : Sen. 16,705 : Cost 0.38001829 * 105,946 @ 165 after 11,510,043 : Time 52.01s : 2037.19 words/s : gNorm 0.8444
[2026-07-26 01:22:14] Seen 20,000 samples
[2026-07-26 01:22:14] Starting data epoch 150 in logical epoch 150
[2026-07-26 01:22:14] [data] Shuffling data
[2026-07-26 01:22:14] [data] Done reading 20,000 sentences
[2026-07-26 01:22:14] [data] Done shuffling 20,000 sentences to temp files
[2026-07-26 01:22:51] Seen 20,000 samples
[2026-07-26 01:22:52] Starting data epoch 151 in logical epoch 151
[2026-07-26 01:22:52] [data] Shuffling data
[2026-07-26 01:22:52] [data] Done reading 20,000 sentences
[2026-07-26 01:22:52] [data] Done shuffling 20,000 sentences to temp files
[2026-07-26 01:22:59] Ep. 151 : Up. 55000 : Sen. 3,952 : Cost 0.41362759 * 105,313 @ 165 after 11,615,356 : Time 51.67s : 2038.03 words/s : gNorm 0.9938
[2026-07-26 01:22:59] Saving model weights and runtime parameters to /d/Job_Requirements/PracticalProjectsFromDrYe/AIE-F/assignment-submission/class-22/TheinGiKyaw_Assignment7/model.seq2seq.phmy/model.iter55000.npz
[2026-07-26 01:23:01] Saving model weights and runtime parameters to /d/Job_Requirements/PracticalProjectsFromDrYe/AIE-F/assignment-submission/class-22/TheinGiKyaw_Assignment7/model.seq2seq.phmy/model.npz
[2026-07-26 01:23:04] Saving Adam parameters
[2026-07-26 01:23:05] [training] Saving training checkpoint to /d/Job_Requirements/PracticalProjectsFromDrYe/AIE-F/assignment-submission/class-22/TheinGiKyaw_Assignment7/model.seq2seq.phmy/model.npz and /d/Job_Requirements/PracticalProjectsFromDrYe/AIE-F/assignment-submission/class-22/TheinGiKyaw_Assignment7/model.seq2seq.phmy/model.npz.optimizer.npz
[2026-07-26 01:23:14] [valid] Ep. 151 : Up. 55000 : cross-entropy : 3.4272 : stalled 8 times (last best: 3.18052)
[2026-07-26 01:23:15] [valid] Ep. 151 : Up. 55000 : perplexity : 2.43924 : stalled 8 times (last best: 2.28721)
[2026-07-26 01:23:15] Translating validation set...
[2026-07-26 01:23:15] Best translation 0 : ရပ် မှု လက် မှု
[2026-07-26 01:23:16] Best translation 1 : ပြီး ဆေး
[2026-07-26 01:23:16] Best translation 2 : မြင်း စား ခို
[2026-07-26 01:23:16] Best translation 3 : အ မိန့် ပေး
[2026-07-26 01:23:16] Best translation 4 : အ နေ အ ထား
[2026-07-26 01:23:16] Best translation 5 : ကျား လိုက် တုတ် မိ
[2026-07-26 01:23:16] Best translation 10 : ထ မင်း ဆုပ်
[2026-07-26 01:23:16] Best translation 20 : စစ် ညောင်း
[2026-07-26 01:23:16] Best translation 40 : အုပ် တိုက်
[2026-07-26 01:23:16] Best translation 80 : ဝက် သစ် ချ
[2026-07-26 01:23:16] Best translation 160 : နှစ် ပါး သွား
[2026-07-26 01:23:16] Best translation 320 : အ မြုံ
[2026-07-26 01:23:16] Best translation 640 : အ စွမ်း ပြ
[2026-07-26 01:23:17] Best translation 1280 : စိုက် ခွ
[2026-07-26 01:23:17] Total translation time: 2.14242s
[2026-07-26 01:23:17] [valid] Ep. 151 : Up. 55000 : bleu : 50.1012 : stalled 8 times (last best: 52.3146)
[2026-07-26 01:23:45] Seen 20,000 samples
[2026-07-26 01:23:45] Starting data epoch 152 in logical epoch 152
[2026-07-26 01:23:45] [data] Shuffling data
[2026-07-26 01:23:45] [data] Done reading 20,000 sentences
[2026-07-26 01:23:45] [data] Done shuffling 20,000 sentences to temp files
[2026-07-26 01:24:05] Ep. 152 : Up. 55500 : Sen. 11,260 : Cost 0.41827253 * 105,590 @ 165 after 11,720,946 : Time 65.64s : 1608.55 words/s : gNorm 0.9984
[2026-07-26 01:24:20] Seen 20,000 samples
[2026-07-26 01:24:20] Starting data epoch 153 in logical epoch 153
[2026-07-26 01:24:20] [data] Shuffling data
[2026-07-26 01:24:20] [data] Done reading 20,000 sentences
[2026-07-26 01:24:20] [data] Done shuffling 20,000 sentences to temp files
[2026-07-26 01:24:55] Ep. 153 : Up. 56000 : Sen. 18,595 : Cost 0.44010800 * 105,476 @ 165 after 11,826,422 : Time 50.09s : 2105.72 words/s : gNorm 0.9602
[2026-07-26 01:24:58] Seen 20,000 samples
[2026-07-26 01:24:58] Starting data epoch 154 in logical epoch 154
[2026-07-26 01:24:58] [data] Shuffling data
[2026-07-26 01:24:58] [data] Done reading 20,000 sentences
[2026-07-26 01:24:58] [data] Done shuffling 20,000 sentences to temp files
[2026-07-26 01:25:35] Seen 20,000 samples
[2026-07-26 01:25:35] Starting data epoch 155 in logical epoch 155
[2026-07-26 01:25:35] [data] Shuffling data
[2026-07-26 01:25:35] [data] Done reading 20,000 sentences
[2026-07-26 01:25:35] [data] Done shuffling 20,000 sentences to temp files
[2026-07-26 01:25:46] Ep. 155 : Up. 56500 : Sen. 5,850 : Cost 0.38977858 * 105,960 @ 330 after 11,932,382 : Time 51.30s : 2065.49 words/s : gNorm 0.9717
[2026-07-26 01:26:40] Seen 20,000 samples
[2026-07-26 01:26:40] Starting data epoch 156 in logical epoch 156
[2026-07-26 01:26:40] [data] Shuffling data
[2026-07-26 01:26:40] [data] Done reading 20,000 sentences
[2026-07-26 01:26:40] [data] Done shuffling 20,000 sentences to temp files
[2026-07-26 01:27:26] Ep. 156 : Up. 57000 : Sen. 13,185 : Cost 0.37372285 * 105,364 @ 165 after 12,037,746 : Time 89.35s : 1179.22 words/s : gNorm 0.8355
[2026-07-26 01:27:40] Seen 20,000 samples
[2026-07-26 01:27:40] Starting data epoch 157 in logical epoch 157
[2026-07-26 01:27:40] [data] Shuffling data
[2026-07-26 01:27:40] [data] Done reading 20,000 sentences
[2026-07-26 01:27:40] [data] Done shuffling 20,000 sentences to temp files
[2026-07-26 01:28:19] Seen 20,000 samples
[2026-07-26 01:28:19] Starting data epoch 158 in logical epoch 158
[2026-07-26 01:28:19] [data] Shuffling data
[2026-07-26 01:28:19] [data] Done reading 20,000 sentences
[2026-07-26 01:28:19] [data] Done shuffling 20,000 sentences to temp files
[2026-07-26 01:28:21] Ep. 158 : Up. 57500 : Sen. 495 : Cost 0.41681531 * 105,642 @ 165 after 12,143,388 : Time 54.32s : 1944.76 words/s : gNorm 0.9389
[2026-07-26 01:28:59] Seen 20,000 samples
[2026-07-26 01:28:59] Starting data epoch 159 in logical epoch 159
[2026-07-26 01:28:59] [data] Shuffling data
[2026-07-26 01:28:59] [data] Done reading 20,000 sentences
[2026-07-26 01:28:59] [data] Done shuffling 20,000 sentences to temp files
[2026-07-26 01:29:15] Ep. 159 : Up. 58000 : Sen. 7,822 : Cost 0.38626546 * 105,745 @ 275 after 12,249,133 : Time 54.02s : 1957.58 words/s : gNorm 0.8953
[2026-07-26 01:29:38] Seen 20,000 samples
[2026-07-26 01:29:38] Starting data epoch 160 in logical epoch 160
[2026-07-26 01:29:38] [data] Shuffling data
[2026-07-26 01:29:38] [data] Done reading 20,000 sentences
[2026-07-26 01:29:38] [data] Done shuffling 20,000 sentences to temp files
[2026-07-26 01:30:07] Ep. 160 : Up. 58500 : Sen. 15,165 : Cost 0.40538827 * 105,633 @ 165 after 12,354,766 : Time 52.88s : 1997.50 words/s : gNorm 0.9442
[2026-07-26 01:30:17] Seen 20,000 samples
[2026-07-26 01:30:17] Starting data epoch 161 in logical epoch 161
[2026-07-26 01:30:17] [data] Shuffling data
[2026-07-26 01:30:17] [data] Done reading 20,000 sentences
[2026-07-26 01:30:17] [data] Done shuffling 20,000 sentences to temp files
[2026-07-26 01:30:56] Seen 20,000 samples
[2026-07-26 01:30:56] Starting data epoch 162 in logical epoch 162
[2026-07-26 01:30:56] [data] Shuffling data
[2026-07-26 01:30:56] [data] Done reading 20,000 sentences
[2026-07-26 01:30:56] [data] Done shuffling 20,000 sentences to temp files
[2026-07-26 01:31:00] Ep. 162 : Up. 59000 : Sen. 2,475 : Cost 0.45981568 * 105,203 @ 165 after 12,459,969 : Time 53.04s : 1983.43 words/s : gNorm 0.9272
[2026-07-26 01:31:34] Seen 20,000 samples
[2026-07-26 01:31:34] Starting data epoch 163 in logical epoch 163
[2026-07-26 01:31:34] [data] Shuffling data
[2026-07-26 01:31:34] [data] Done reading 20,000 sentences
[2026-07-26 01:31:34] [data] Done shuffling 20,000 sentences to temp files
[2026-07-26 01:31:54] Ep. 163 : Up. 59500 : Sen. 9,783 : Cost 0.37041670 * 106,153 @ 165 after 12,566,122 : Time 53.29s : 1991.87 words/s : gNorm 0.9291
[2026-07-26 01:32:14] Seen 20,000 samples
[2026-07-26 01:32:14] Starting data epoch 164 in logical epoch 164
[2026-07-26 01:32:14] [data] Shuffling data
[2026-07-26 01:32:14] [data] Done reading 20,000 sentences
[2026-07-26 01:32:14] [data] Done shuffling 20,000 sentences to temp files
[2026-07-26 01:32:46] Ep. 164 : Up. 60000 : Sen. 17,110 : Cost 0.41200349 * 105,373 @ 220 after 12,671,495 : Time 52.39s : 2011.29 words/s : gNorm 0.8927
[2026-07-26 01:32:46] Saving model weights and runtime parameters to /d/Job_Requirements/PracticalProjectsFromDrYe/AIE-F/assignment-submission/class-22/TheinGiKyaw_Assignment7/model.seq2seq.phmy/model.iter60000.npz
[2026-07-26 01:32:48] Saving model weights and runtime parameters to /d/Job_Requirements/PracticalProjectsFromDrYe/AIE-F/assignment-submission/class-22/TheinGiKyaw_Assignment7/model.seq2seq.phmy/model.npz
[2026-07-26 01:32:50] Saving Adam parameters
[2026-07-26 01:32:51] [training] Saving training checkpoint to /d/Job_Requirements/PracticalProjectsFromDrYe/AIE-F/assignment-submission/class-22/TheinGiKyaw_Assignment7/model.seq2seq.phmy/model.npz and /d/Job_Requirements/PracticalProjectsFromDrYe/AIE-F/assignment-submission/class-22/TheinGiKyaw_Assignment7/model.seq2seq.phmy/model.npz.optimizer.npz
[2026-07-26 01:33:00] [valid] Ep. 164 : Up. 60000 : cross-entropy : 3.45689 : stalled 9 times (last best: 3.18052)
[2026-07-26 01:33:01] [valid] Ep. 164 : Up. 60000 : perplexity : 2.45816 : stalled 9 times (last best: 2.28721)
[2026-07-26 01:33:01] Translating validation set...
[2026-07-26 01:33:02] Best translation 0 : ရပ် မှု ရွာ မှု
[2026-07-26 01:33:02] Best translation 1 : ပြီး ဆေး
[2026-07-26 01:33:02] Best translation 2 : မြင်း စား ခို
[2026-07-26 01:33:02] Best translation 3 : အ မိန့် ပေး
[2026-07-26 01:33:02] Best translation 4 : အ နေ အ ထား
[2026-07-26 01:33:02] Best translation 5 : ကျား လိုက် တုတ် မိ
[2026-07-26 01:33:02] Best translation 10 : ထ မင်း ဆုပ်
[2026-07-26 01:33:02] Best translation 20 : စစ် ညောင်း
[2026-07-26 01:33:02] Best translation 40 : အုပ် တိုက်
[2026-07-26 01:33:02] Best translation 80 : ဝက် သစ် ချ
[2026-07-26 01:33:02] Best translation 160 : နှစ် ပါး သွား
[2026-07-26 01:33:02] Best translation 320 : အ မြုံ
[2026-07-26 01:33:02] Best translation 640 : အ စွမ်း ပြ
[2026-07-26 01:33:03] Best translation 1280 : စိုက် ခွ
[2026-07-26 01:33:04] Total translation time: 2.23626s
[2026-07-26 01:33:04] [valid] Ep. 164 : Up. 60000 : bleu : 49.7739 : stalled 9 times (last best: 52.3146)
[2026-07-26 01:33:09] Seen 20,000 samples
[2026-07-26 01:33:09] Starting data epoch 165 in logical epoch 165
[2026-07-26 01:33:09] [data] Shuffling data
[2026-07-26 01:33:09] [data] Done reading 20,000 sentences
[2026-07-26 01:33:09] [data] Done shuffling 20,000 sentences to temp files
[2026-07-26 01:33:44] Seen 20,000 samples
[2026-07-26 01:33:44] Starting data epoch 166 in logical epoch 166
[2026-07-26 01:33:44] [data] Shuffling data
[2026-07-26 01:33:44] [data] Done reading 20,000 sentences
[2026-07-26 01:33:44] [data] Done shuffling 20,000 sentences to temp files
[2026-07-26 01:33:52] Ep. 166 : Up. 60500 : Sen. 4,428 : Cost 0.42121610 * 105,670 @ 165 after 12,777,165 : Time 65.97s : 1601.83 words/s : gNorm 0.9562
[2026-07-26 01:34:21] Seen 20,000 samples
[2026-07-26 01:34:21] Starting data epoch 167 in logical epoch 167
[2026-07-26 01:34:21] [data] Shuffling data
[2026-07-26 01:34:21] [data] Done reading 20,000 sentences
[2026-07-26 01:34:21] [data] Done shuffling 20,000 sentences to temp files
[2026-07-26 01:34:43] Ep. 167 : Up. 61000 : Sen. 11,755 : Cost 0.39495063 * 105,785 @ 220 after 12,882,950 : Time 50.49s : 2095.02 words/s : gNorm 1.0429
[2026-07-26 01:34:58] Seen 20,000 samples
[2026-07-26 01:34:58] Starting data epoch 168 in logical epoch 168
[2026-07-26 01:34:58] [data] Shuffling data
[2026-07-26 01:34:58] [data] Done reading 20,000 sentences
[2026-07-26 01:34:58] [data] Done shuffling 20,000 sentences to temp files
[2026-07-26 01:35:33] Ep. 168 : Up. 61500 : Sen. 19,090 : Cost 0.41077116 * 105,804 @ 220 after 12,988,754 : Time 50.11s : 2111.29 words/s : gNorm 0.9873
[2026-07-26 01:35:35] Seen 20,000 samples
[2026-07-26 01:35:35] Starting data epoch 169 in logical epoch 169
[2026-07-26 01:35:35] [data] Shuffling data
[2026-07-26 01:35:35] [data] Done reading 20,000 sentences
[2026-07-26 01:35:35] [data] Done shuffling 20,000 sentences to temp files
[2026-07-26 01:36:10] Seen 20,000 samples
[2026-07-26 01:36:10] Starting data epoch 170 in logical epoch 170
[2026-07-26 01:36:10] [data] Shuffling data
[2026-07-26 01:36:10] [data] Done reading 20,000 sentences
[2026-07-26 01:36:10] [data] Done shuffling 20,000 sentences to temp files
[2026-07-26 01:36:22] Ep. 170 : Up. 62000 : Sen. 6,345 : Cost 0.39700714 * 105,471 @ 165 after 13,094,225 : Time 49.20s : 2143.66 words/s : gNorm 0.9691
[2026-07-26 01:36:46] Seen 20,000 samples
[2026-07-26 01:36:46] Starting data epoch 171 in logical epoch 171
[2026-07-26 01:36:46] [data] Shuffling data
[2026-07-26 01:36:46] [data] Done reading 20,000 sentences
[2026-07-26 01:36:46] [data] Done shuffling 20,000 sentences to temp files
[2026-07-26 01:37:11] Ep. 171 : Up. 62500 : Sen. 13,617 : Cost 0.40761667 * 105,405 @ 220 after 13,199,630 : Time 48.72s : 2163.61 words/s : gNorm 0.8041
[2026-07-26 01:37:22] Seen 20,000 samples
[2026-07-26 01:37:22] Starting data epoch 172 in logical epoch 172
[2026-07-26 01:37:22] [data] Shuffling data
[2026-07-26 01:37:22] [data] Done reading 20,000 sentences
[2026-07-26 01:37:22] [data] Done shuffling 20,000 sentences to temp files
[2026-07-26 01:37:57] Seen 20,000 samples
[2026-07-26 01:37:57] Starting data epoch 173 in logical epoch 173
[2026-07-26 01:37:57] [data] Shuffling data
[2026-07-26 01:37:57] [data] Done reading 20,000 sentences
[2026-07-26 01:37:57] [data] Done shuffling 20,000 sentences to temp files
[2026-07-26 01:37:59] Ep. 173 : Up. 63000 : Sen. 880 : Cost 0.40721110 * 105,580 @ 220 after 13,305,210 : Time 48.39s : 2181.67 words/s : gNorm 0.9868
[2026-07-26 01:38:34] Seen 20,000 samples
[2026-07-26 01:38:34] Starting data epoch 174 in logical epoch 174
[2026-07-26 01:38:34] [data] Shuffling data
[2026-07-26 01:38:34] [data] Done reading 20,000 sentences
[2026-07-26 01:38:34] [data] Done shuffling 20,000 sentences to temp files
[2026-07-26 01:38:48] Ep. 174 : Up. 63500 : Sen. 8,207 : Cost 0.38240096 * 105,693 @ 165 after 13,410,903 : Time 49.29s : 2144.27 words/s : gNorm 0.7605
[2026-07-26 01:39:09] Seen 20,000 samples
[2026-07-26 01:39:09] Starting data epoch 175 in logical epoch 175
[2026-07-26 01:39:09] [data] Shuffling data
[2026-07-26 01:39:09] [data] Done reading 20,000 sentences
[2026-07-26 01:39:09] [data] Done shuffling 20,000 sentences to temp files
[2026-07-26 01:39:37] Ep. 175 : Up. 64000 : Sen. 15,515 : Cost 0.38405198 * 105,635 @ 220 after 13,516,538 : Time 48.98s : 2156.65 words/s : gNorm 0.7430
[2026-07-26 01:39:45] Seen 20,000 samples
[2026-07-26 01:39:45] Starting data epoch 176 in logical epoch 176
[2026-07-26 01:39:45] [data] Shuffling data
[2026-07-26 01:39:45] [data] Done reading 20,000 sentences
[2026-07-26 01:39:45] [data] Done shuffling 20,000 sentences to temp files
[2026-07-26 01:40:21] Seen 20,000 samples
[2026-07-26 01:40:21] Starting data epoch 177 in logical epoch 177
[2026-07-26 01:40:21] [data] Shuffling data
[2026-07-26 01:40:21] [data] Done reading 20,000 sentences
[2026-07-26 01:40:21] [data] Done shuffling 20,000 sentences to temp files
[2026-07-26 01:40:26] Ep. 177 : Up. 64500 : Sen. 2,860 : Cost 0.44314307 * 105,461 @ 220 after 13,621,999 : Time 48.25s : 2185.64 words/s : gNorm 0.9284
[2026-07-26 01:40:56] Seen 20,000 samples
[2026-07-26 01:40:56] Starting data epoch 178 in logical epoch 178
[2026-07-26 01:40:56] [data] Shuffling data
[2026-07-26 01:40:56] [data] Done reading 20,000 sentences
[2026-07-26 01:40:56] [data] Done shuffling 20,000 sentences to temp files
[2026-07-26 01:41:15] Ep. 178 : Up. 65000 : Sen. 10,113 : Cost 0.40927193 * 105,505 @ 275 after 13,727,504 : Time 48.98s : 2154.05 words/s : gNorm 0.9365
[2026-07-26 01:41:15] Saving model weights and runtime parameters to /d/Job_Requirements/PracticalProjectsFromDrYe/AIE-F/assignment-submission/class-22/TheinGiKyaw_Assignment7/model.seq2seq.phmy/model.iter65000.npz
[2026-07-26 01:41:16] Saving model weights and runtime parameters to /d/Job_Requirements/PracticalProjectsFromDrYe/AIE-F/assignment-submission/class-22/TheinGiKyaw_Assignment7/model.seq2seq.phmy/model.npz
[2026-07-26 01:41:19] Saving Adam parameters
[2026-07-26 01:41:19] [training] Saving training checkpoint to /d/Job_Requirements/PracticalProjectsFromDrYe/AIE-F/assignment-submission/class-22/TheinGiKyaw_Assignment7/model.seq2seq.phmy/model.npz and /d/Job_Requirements/PracticalProjectsFromDrYe/AIE-F/assignment-submission/class-22/TheinGiKyaw_Assignment7/model.seq2seq.phmy/model.npz.optimizer.npz
[2026-07-26 01:41:27] [valid] Ep. 178 : Up. 65000 : cross-entropy : 3.47895 : stalled 10 times (last best: 3.18052)
[2026-07-26 01:41:29] [valid] Ep. 178 : Up. 65000 : perplexity : 2.47231 : stalled 10 times (last best: 2.28721)
[2026-07-26 01:41:29] Translating validation set...
[2026-07-26 01:41:29] Best translation 0 : ရပ် မှု ရွာ မှု
[2026-07-26 01:41:29] Best translation 1 : ပြီး ဆေး
[2026-07-26 01:41:29] Best translation 2 : မြင်း စား ကြုံ
[2026-07-26 01:41:29] Best translation 3 : အ မိန့် ပေး
[2026-07-26 01:41:29] Best translation 4 : အ နေ အ ထား
[2026-07-26 01:41:29] Best translation 5 : ကျား လိုက် တုတ် ခုတ်
[2026-07-26 01:41:29] Best translation 10 : ထ မင်း ဆုပ်
[2026-07-26 01:41:29] Best translation 20 : စစ် ညောင်း
[2026-07-26 01:41:29] Best translation 40 : အုပ် တိုက်
[2026-07-26 01:41:29] Best translation 80 : ဝက် သစ် ချ
[2026-07-26 01:41:29] Best translation 160 : နှစ် ပါး သွား
[2026-07-26 01:41:29] Best translation 320 : အ မြုံ
[2026-07-26 01:41:29] Best translation 640 : အ စွမ်း ပြ
[2026-07-26 01:41:30] Best translation 1280 : စိုက် ခွ
[2026-07-26 01:41:31] Total translation time: 2.01114s
[2026-07-26 01:41:31] [valid] Ep. 178 : Up. 65000 : bleu : 49.919 : stalled 10 times (last best: 52.3146)
[2026-07-26 01:41:31] Training finished
[2026-07-26 01:41:31] Saving model weights and runtime parameters to /d/Job_Requirements/PracticalProjectsFromDrYe/AIE-F/assignment-submission/class-22/TheinGiKyaw_Assignment7/model.seq2seq.phmy/model.npz
[2026-07-26 01:41:33] Saving Adam parameters
[2026-07-26 01:41:33] [training] Saving training checkpoint to /d/Job_Requirements/PracticalProjectsFromDrYe/AIE-F/assignment-submission/class-22/TheinGiKyaw_Assignment7/model.seq2seq.phmy/model.npz and /d/Job_Requirements/PracticalProjectsFromDrYe/AIE-F/assignment-submission/class-22/TheinGiKyaw_Assignment7/model.seq2seq.phmy/model.npz.optimizer.npz
