[2026-07-26 02:53:56] [marian] Marian v1.12.0 65bf82ff 2023-02-21 09:56:29 -0800
[2026-07-26 02:53:56] [marian] Running on LAPTOP-9DLBHLIH as process 6457 with command line:
[2026-07-26 02:53:56] [marian] /mnt/d/Job_Requirements/PracticalProjectsFromDrYe/marian/build/marian --config /d/Job_Requirements/PracticalProjectsFromDrYe/AIE-F/assignment-submission/class-22/TheinGiKyaw_Assignment7/model.transformer.warmup4000_dropout01.phmy/config.yml
[2026-07-26 02:53:56] [config] after: 0e
[2026-07-26 02:53:56] [config] after-batches: 0
[2026-07-26 02:53:56] [config] after-epochs: 0
[2026-07-26 02:53:56] [config] all-caps-every: 0
[2026-07-26 02:53:56] [config] allow-unk: false
[2026-07-26 02:53:56] [config] authors: false
[2026-07-26 02:53:56] [config] beam-size: 6
[2026-07-26 02:53:56] [config] bert-class-symbol: "[CLS]"
[2026-07-26 02:53:56] [config] bert-mask-symbol: "[MASK]"
[2026-07-26 02:53:56] [config] bert-masking-fraction: 0.15
[2026-07-26 02:53:56] [config] bert-sep-symbol: "[SEP]"
[2026-07-26 02:53:56] [config] bert-train-type-embeddings: true
[2026-07-26 02:53:56] [config] bert-type-vocab-size: 2
[2026-07-26 02:53:56] [config] build-info: ""
[2026-07-26 02:53:56] [config] check-gradient-nan: false
[2026-07-26 02:53:56] [config] check-nan: false
[2026-07-26 02:53:56] [config] cite: false
[2026-07-26 02:53:56] [config] clip-norm: 5
[2026-07-26 02:53:56] [config] cost-scaling:
[2026-07-26 02:53:56] [config]   []
[2026-07-26 02:53:56] [config] cost-type: ce-sum
[2026-07-26 02:53:56] [config] cpu-threads: 0
[2026-07-26 02:53:56] [config] data-threads: 8
[2026-07-26 02:53:56] [config] data-weighting: ""
[2026-07-26 02:53:56] [config] data-weighting-type: sentence
[2026-07-26 02:53:56] [config] dec-cell: gru
[2026-07-26 02:53:56] [config] dec-cell-base-depth: 2
[2026-07-26 02:53:56] [config] dec-cell-high-depth: 1
[2026-07-26 02:53:56] [config] dec-depth: 2
[2026-07-26 02:53:56] [config] devices:
[2026-07-26 02:53:56] [config]   - 0
[2026-07-26 02:53:56] [config] dim-emb: 512
[2026-07-26 02:53:56] [config] dim-rnn: 1024
[2026-07-26 02:53:56] [config] dim-vocabs:
[2026-07-26 02:53:56] [config]   - 0
[2026-07-26 02:53:56] [config]   - 0
[2026-07-26 02:53:56] [config] disp-first: 0
[2026-07-26 02:53:56] [config] disp-freq: 500
[2026-07-26 02:53:56] [config] disp-label-counts: true
[2026-07-26 02:53:56] [config] dropout-rnn: 0
[2026-07-26 02:53:56] [config] dropout-src: 0
[2026-07-26 02:53:56] [config] dropout-trg: 0
[2026-07-26 02:53:56] [config] dump-config: ""
[2026-07-26 02:53:56] [config] dynamic-gradient-scaling:
[2026-07-26 02:53:56] [config]   []
[2026-07-26 02:53:56] [config] early-stopping: 10
[2026-07-26 02:53:56] [config] early-stopping-on: first
[2026-07-26 02:53:56] [config] embedding-fix-src: false
[2026-07-26 02:53:56] [config] embedding-fix-trg: false
[2026-07-26 02:53:56] [config] embedding-normalization: false
[2026-07-26 02:53:56] [config] embedding-vectors:
[2026-07-26 02:53:56] [config]   []
[2026-07-26 02:53:56] [config] enc-cell: gru
[2026-07-26 02:53:56] [config] enc-cell-depth: 1
[2026-07-26 02:53:56] [config] enc-depth: 2
[2026-07-26 02:53:56] [config] enc-type: bidirectional
[2026-07-26 02:53:56] [config] english-title-case-every: 0
[2026-07-26 02:53:56] [config] exponential-smoothing: 0
[2026-07-26 02:53:56] [config] factor-weight: 1
[2026-07-26 02:53:56] [config] factors-combine: sum
[2026-07-26 02:53:56] [config] factors-dim-emb: 0
[2026-07-26 02:53:56] [config] gradient-checkpointing: false
[2026-07-26 02:53:56] [config] gradient-norm-average-window: 100
[2026-07-26 02:53:56] [config] guided-alignment: none
[2026-07-26 02:53:56] [config] guided-alignment-cost: ce
[2026-07-26 02:53:56] [config] guided-alignment-weight: 0.1
[2026-07-26 02:53:56] [config] ignore-model-config: false
[2026-07-26 02:53:56] [config] input-types:
[2026-07-26 02:53:56] [config]   []
[2026-07-26 02:53:56] [config] interpolate-env-vars: false
[2026-07-26 02:53:56] [config] keep-best: true
[2026-07-26 02:53:56] [config] label-smoothing: 0.1
[2026-07-26 02:53:56] [config] layer-normalization: false
[2026-07-26 02:53:56] [config] learn-rate: 0.0003
[2026-07-26 02:53:56] [config] lemma-dependency: ""
[2026-07-26 02:53:56] [config] lemma-dim-emb: 0
[2026-07-26 02:53:56] [config] log: /d/Job_Requirements/PracticalProjectsFromDrYe/AIE-F/assignment-submission/class-22/TheinGiKyaw_Assignment7/model.transformer.warmup4000_dropout01.phmy/train.log
[2026-07-26 02:53:56] [config] log-level: info
[2026-07-26 02:53:56] [config] log-time-zone: ""
[2026-07-26 02:53:56] [config] logical-epoch:
[2026-07-26 02:53:56] [config]   - 1e
[2026-07-26 02:53:56] [config]   - 0
[2026-07-26 02:53:56] [config] lr-decay: 0
[2026-07-26 02:53:56] [config] lr-decay-freq: 50000
[2026-07-26 02:53:56] [config] lr-decay-inv-sqrt:
[2026-07-26 02:53:56] [config]   - 16000
[2026-07-26 02:53:56] [config] lr-decay-repeat-warmup: false
[2026-07-26 02:53:56] [config] lr-decay-reset-optimizer: false
[2026-07-26 02:53:56] [config] lr-decay-start:
[2026-07-26 02:53:56] [config]   - 10
[2026-07-26 02:53:56] [config]   - 1
[2026-07-26 02:53:56] [config] lr-decay-strategy: epoch+stalled
[2026-07-26 02:53:56] [config] lr-report: true
[2026-07-26 02:53:56] [config] lr-warmup: 4000
[2026-07-26 02:53:56] [config] lr-warmup-at-reload: false
[2026-07-26 02:53:56] [config] lr-warmup-cycle: false
[2026-07-26 02:53:56] [config] lr-warmup-start-rate: 0
[2026-07-26 02:53:56] [config] max-length: 100
[2026-07-26 02:53:56] [config] max-length-crop: false
[2026-07-26 02:53:56] [config] max-length-factor: 3
[2026-07-26 02:53:56] [config] maxi-batch: 100
[2026-07-26 02:53:56] [config] maxi-batch-sort: trg
[2026-07-26 02:53:56] [config] mini-batch: 64
[2026-07-26 02:53:56] [config] mini-batch-fit: true
[2026-07-26 02:53:56] [config] mini-batch-fit-step: 10
[2026-07-26 02:53:56] [config] mini-batch-round-up: true
[2026-07-26 02:53:56] [config] mini-batch-track-lr: false
[2026-07-26 02:53:56] [config] mini-batch-warmup: 0
[2026-07-26 02:53:56] [config] mini-batch-words: 0
[2026-07-26 02:53:56] [config] mini-batch-words-ref: 0
[2026-07-26 02:53:56] [config] model: /d/Job_Requirements/PracticalProjectsFromDrYe/AIE-F/assignment-submission/class-22/TheinGiKyaw_Assignment7/model.transformer.warmup4000_dropout01.phmy/model.npz
[2026-07-26 02:53:56] [config] multi-loss-type: sum
[2026-07-26 02:53:56] [config] n-best: false
[2026-07-26 02:53:56] [config] no-reload: false
[2026-07-26 02:53:56] [config] no-restore-corpus: false
[2026-07-26 02:53:56] [config] normalize: 0.6
[2026-07-26 02:53:56] [config] normalize-gradient: false
[2026-07-26 02:53:56] [config] num-devices: 0
[2026-07-26 02:53:56] [config] optimizer: adam
[2026-07-26 02:53:56] [config] optimizer-delay: 1
[2026-07-26 02:53:56] [config] optimizer-params:
[2026-07-26 02:53:56] [config]   []
[2026-07-26 02:53:56] [config] output-omit-bias: false
[2026-07-26 02:53:56] [config] overwrite: true
[2026-07-26 02:53:56] [config] precision:
[2026-07-26 02:53:56] [config]   - float32
[2026-07-26 02:53:56] [config]   - float32
[2026-07-26 02:53:56] [config] pretrained-model: ""
[2026-07-26 02:53:56] [config] quantize-biases: false
[2026-07-26 02:53:56] [config] quantize-bits: 0
[2026-07-26 02:53:56] [config] quantize-log-based: false
[2026-07-26 02:53:56] [config] quantize-optimization-steps: 0
[2026-07-26 02:53:56] [config] quiet: false
[2026-07-26 02:53:56] [config] quiet-translation: true
[2026-07-26 02:53:56] [config] relative-paths: false
[2026-07-26 02:53:56] [config] right-left: false
[2026-07-26 02:53:56] [config] save-freq: 5000
[2026-07-26 02:53:56] [config] seed: 1111
[2026-07-26 02:53:56] [config] sentencepiece-alphas:
[2026-07-26 02:53:56] [config]   []
[2026-07-26 02:53:56] [config] sentencepiece-max-lines: 2000000
[2026-07-26 02:53:56] [config] sentencepiece-options: ""
[2026-07-26 02:53:56] [config] shuffle: data
[2026-07-26 02:53:56] [config] shuffle-in-ram: false
[2026-07-26 02:53:56] [config] sigterm: save-and-exit
[2026-07-26 02:53:56] [config] skip: false
[2026-07-26 02:53:56] [config] sqlite: ""
[2026-07-26 02:53:56] [config] sqlite-drop: false
[2026-07-26 02:53:56] [config] sync-sgd: false
[2026-07-26 02:53:56] [config] tempdir: /tmp
[2026-07-26 02:53:56] [config] tied-embeddings: false
[2026-07-26 02:53:56] [config] tied-embeddings-all: true
[2026-07-26 02:53:56] [config] tied-embeddings-src: false
[2026-07-26 02:53:56] [config] train-embedder-rank:
[2026-07-26 02:53:56] [config]   []
[2026-07-26 02:53:56] [config] train-sets:
[2026-07-26 02:53:56] [config]   - /d/Job_Requirements/PracticalProjectsFromDrYe/AIE-F/assignment-submission/class-22/TheinGiKyaw_Assignment7/g2p-par/train.ph
[2026-07-26 02:53:56] [config]   - /d/Job_Requirements/PracticalProjectsFromDrYe/AIE-F/assignment-submission/class-22/TheinGiKyaw_Assignment7/g2p-par/train.my
[2026-07-26 02:53:56] [config] transformer-aan-activation: swish
[2026-07-26 02:53:56] [config] transformer-aan-depth: 2
[2026-07-26 02:53:56] [config] transformer-aan-nogate: false
[2026-07-26 02:53:56] [config] transformer-decoder-autoreg: self-attention
[2026-07-26 02:53:56] [config] transformer-decoder-dim-ffn: 0
[2026-07-26 02:53:56] [config] transformer-decoder-ffn-depth: 0
[2026-07-26 02:53:56] [config] transformer-depth-scaling: false
[2026-07-26 02:53:56] [config] transformer-dim-aan: 2048
[2026-07-26 02:53:56] [config] transformer-dim-ffn: 2048
[2026-07-26 02:53:56] [config] transformer-dropout: 0.1
[2026-07-26 02:53:56] [config] transformer-dropout-attention: 0
[2026-07-26 02:53:56] [config] transformer-dropout-ffn: 0
[2026-07-26 02:53:56] [config] transformer-ffn-activation: swish
[2026-07-26 02:53:56] [config] transformer-ffn-depth: 2
[2026-07-26 02:53:56] [config] transformer-guided-alignment-layer: last
[2026-07-26 02:53:56] [config] transformer-heads: 8
[2026-07-26 02:53:56] [config] transformer-no-projection: false
[2026-07-26 02:53:56] [config] transformer-pool: false
[2026-07-26 02:53:56] [config] transformer-postprocess: dan
[2026-07-26 02:53:56] [config] transformer-postprocess-emb: d
[2026-07-26 02:53:56] [config] transformer-postprocess-top: ""
[2026-07-26 02:53:56] [config] transformer-preprocess: ""
[2026-07-26 02:53:56] [config] transformer-rnn-projection: false
[2026-07-26 02:53:56] [config] transformer-tied-layers:
[2026-07-26 02:53:56] [config]   []
[2026-07-26 02:53:56] [config] transformer-train-position-embeddings: false
[2026-07-26 02:53:56] [config] tsv: false
[2026-07-26 02:53:56] [config] tsv-fields: 0
[2026-07-26 02:53:56] [config] type: transformer
[2026-07-26 02:53:56] [config] ulr: false
[2026-07-26 02:53:56] [config] ulr-dim-emb: 0
[2026-07-26 02:53:56] [config] ulr-dropout: 0
[2026-07-26 02:53:56] [config] ulr-keys-vectors: ""
[2026-07-26 02:53:56] [config] ulr-query-vectors: ""
[2026-07-26 02:53:56] [config] ulr-softmax-temperature: 1
[2026-07-26 02:53:56] [config] ulr-trainable-transformation: false
[2026-07-26 02:53:56] [config] unlikelihood-loss: false
[2026-07-26 02:53:56] [config] valid-freq: 5000
[2026-07-26 02:53:56] [config] valid-log: /d/Job_Requirements/PracticalProjectsFromDrYe/AIE-F/assignment-submission/class-22/TheinGiKyaw_Assignment7/model.transformer.warmup4000_dropout01.phmy/valid.log
[2026-07-26 02:53:56] [config] valid-max-length: 1000
[2026-07-26 02:53:56] [config] valid-metrics:
[2026-07-26 02:53:56] [config]   - cross-entropy
[2026-07-26 02:53:56] [config]   - perplexity
[2026-07-26 02:53:56] [config]   - bleu
[2026-07-26 02:53:56] [config] valid-mini-batch: 32
[2026-07-26 02:53:56] [config] valid-reset-all: false
[2026-07-26 02:53:56] [config] valid-reset-stalled: false
[2026-07-26 02:53:56] [config] valid-script-args:
[2026-07-26 02:53:56] [config]   []
[2026-07-26 02:53:56] [config] valid-script-path: ""
[2026-07-26 02:53:56] [config] valid-sets:
[2026-07-26 02:53:56] [config]   - /d/Job_Requirements/PracticalProjectsFromDrYe/AIE-F/assignment-submission/class-22/TheinGiKyaw_Assignment7/g2p-par/dev.ph
[2026-07-26 02:53:56] [config]   - /d/Job_Requirements/PracticalProjectsFromDrYe/AIE-F/assignment-submission/class-22/TheinGiKyaw_Assignment7/g2p-par/dev.my
[2026-07-26 02:53:56] [config] valid-translation-output: /d/Job_Requirements/PracticalProjectsFromDrYe/AIE-F/assignment-submission/class-22/TheinGiKyaw_Assignment7/model.transformer.warmup4000_dropout01.phmy/valid.ph-my.output
[2026-07-26 02:53:56] [config] vocabs:
[2026-07-26 02:53:56] [config]   - /d/Job_Requirements/PracticalProjectsFromDrYe/AIE-F/assignment-submission/class-22/TheinGiKyaw_Assignment7/g2p-par/vocab/vocab.shared.yml
[2026-07-26 02:53:56] [config]   - /d/Job_Requirements/PracticalProjectsFromDrYe/AIE-F/assignment-submission/class-22/TheinGiKyaw_Assignment7/g2p-par/vocab/vocab.shared.yml
[2026-07-26 02:53:56] [config] word-penalty: 0
[2026-07-26 02:53:56] [config] word-scores: false
[2026-07-26 02:53:56] [config] workspace: 3000
[2026-07-26 02:53:56] [config] Model is being created with Marian v1.12.0 65bf82ff 2023-02-21 09:56:29 -0800
[2026-07-26 02:53:56] [training] Using single-device training
[2026-07-26 02:53:56] [comm] Compiled without MPI support. Running as a single process on LAPTOP-9DLBHLIH
[2026-07-26 02:53:56] Synced seed 1111
[2026-07-26 02:53:56] [data] Loading vocabulary from JSON/Yaml file /d/Job_Requirements/PracticalProjectsFromDrYe/AIE-F/assignment-submission/class-22/TheinGiKyaw_Assignment7/g2p-par/vocab/vocab.shared.yml
[2026-07-26 02:53:56] [data] Setting vocabulary size for input 0 to 4,148
[2026-07-26 02:53:56] [data] Loading vocabulary from JSON/Yaml file /d/Job_Requirements/PracticalProjectsFromDrYe/AIE-F/assignment-submission/class-22/TheinGiKyaw_Assignment7/g2p-par/vocab/vocab.shared.yml
[2026-07-26 02:53:56] [data] Setting vocabulary size for input 1 to 4,148
[2026-07-26 02:53:56] [batching] Collecting statistics for batch fitting with step size 10
[2026-07-26 02:53:57] [memory] Extending reserved space to 3072 MB (device gpu0)
[2026-07-26 02:53:58] [training] Using 1 GPUs
[2026-07-26 02:53:58] [logits] Applying loss function for 1 factor(s)
[2026-07-26 02:53:58] [memory] Reserving 64 MB, device gpu0
[2026-07-26 02:54:16] [gpu] 16-bit TensorCores enabled for float32 matrix operations
[2026-07-26 02:54:17] [memory] Reserving 64 MB, device gpu0
[2026-07-26 02:55:44] [batching] Done. Typical MB size is 8,861 target words
[2026-07-26 02:55:45] [memory] Extending reserved space to 3072 MB (device gpu0)
[2026-07-26 02:55:45] [training] Using 1 GPUs
[2026-07-26 02:55:45] Training started
[2026-07-26 02:55:45] [data] Shuffling data
[2026-07-26 02:55:45] [data] Done reading 20,000 sentences
[2026-07-26 02:55:45] [data] Done shuffling 20,000 sentences to temp files
[2026-07-26 02:55:45] [training] Batches are processed as 1 process(es) x 1 devices/process
[2026-07-26 02:55:45] [memory] Reserving 64 MB, device gpu0
[2026-07-26 02:55:45] [memory] Reserving 64 MB, device gpu0
[2026-07-26 02:55:45] [memory] Reserving 64 MB, device gpu0
[2026-07-26 02:55:45] Parameter type float32, optimization type float32, casting types false
[2026-07-26 02:55:45] Allocating memory for Adam-specific shards
[2026-07-26 02:55:45] [memory] Reserving 128 MB, device gpu0
[2026-07-26 02:56:05] Seen 20,000 samples
[2026-07-26 02:56:05] Starting data epoch 2 in logical epoch 2
[2026-07-26 02:56:05] [data] Shuffling data
[2026-07-26 02:56:05] [data] Done reading 20,000 sentences
[2026-07-26 02:56:05] [data] Done shuffling 20,000 sentences to temp files
[2026-07-26 02:56:26] Seen 20,000 samples
[2026-07-26 02:56:26] Starting data epoch 3 in logical epoch 3
[2026-07-26 02:56:26] [data] Shuffling data
[2026-07-26 02:56:26] [data] Done reading 20,000 sentences
[2026-07-26 02:56:26] [data] Done shuffling 20,000 sentences to temp files
[2026-07-26 02:56:40] Seen 20,000 samples
[2026-07-26 02:56:40] Starting data epoch 4 in logical epoch 4
[2026-07-26 02:56:40] [data] Shuffling data
[2026-07-26 02:56:40] [data] Done reading 20,000 sentences
[2026-07-26 02:56:40] [data] Done shuffling 20,000 sentences to temp files
[2026-07-26 02:57:00] Seen 20,000 samples
[2026-07-26 02:57:00] Starting data epoch 5 in logical epoch 5
[2026-07-26 02:57:00] [data] Shuffling data
[2026-07-26 02:57:00] [data] Done reading 20,000 sentences
[2026-07-26 02:57:00] [data] Done shuffling 20,000 sentences to temp files
[2026-07-26 02:57:20] Seen 20,000 samples
[2026-07-26 02:57:20] Starting data epoch 6 in logical epoch 6
[2026-07-26 02:57:20] [data] Shuffling data
[2026-07-26 02:57:20] [data] Done reading 20,000 sentences
[2026-07-26 02:57:20] [data] Done shuffling 20,000 sentences to temp files
[2026-07-26 02:57:35] Seen 20,000 samples
[2026-07-26 02:57:35] Starting data epoch 7 in logical epoch 7
[2026-07-26 02:57:35] [data] Shuffling data
[2026-07-26 02:57:35] [data] Done reading 20,000 sentences
[2026-07-26 02:57:35] [data] Done shuffling 20,000 sentences to temp files
[2026-07-26 02:57:55] Seen 20,000 samples
[2026-07-26 02:57:55] Starting data epoch 8 in logical epoch 8
[2026-07-26 02:57:55] [data] Shuffling data
[2026-07-26 02:57:55] [data] Done reading 20,000 sentences
[2026-07-26 02:57:55] [data] Done shuffling 20,000 sentences to temp files
[2026-07-26 02:58:15] Seen 20,000 samples
[2026-07-26 02:58:15] Starting data epoch 9 in logical epoch 9
[2026-07-26 02:58:15] [data] Shuffling data
[2026-07-26 02:58:15] [data] Done reading 20,000 sentences
[2026-07-26 02:58:15] [data] Done shuffling 20,000 sentences to temp files
[2026-07-26 02:58:29] Seen 20,000 samples
[2026-07-26 02:58:29] Starting data epoch 10 in logical epoch 10
[2026-07-26 02:58:29] [data] Shuffling data
[2026-07-26 02:58:29] [data] Done reading 20,000 sentences
[2026-07-26 02:58:29] [data] Done shuffling 20,000 sentences to temp files
[2026-07-26 02:58:49] Seen 20,000 samples
[2026-07-26 02:58:49] Starting data epoch 11 in logical epoch 11
[2026-07-26 02:58:49] [data] Shuffling data
[2026-07-26 02:58:49] [data] Done reading 20,000 sentences
[2026-07-26 02:58:49] [data] Done shuffling 20,000 sentences to temp files
[2026-07-26 02:59:10] Seen 20,000 samples
[2026-07-26 02:59:10] Starting data epoch 12 in logical epoch 12
[2026-07-26 02:59:10] [data] Shuffling data
[2026-07-26 02:59:10] [data] Done reading 20,000 sentences
[2026-07-26 02:59:10] [data] Done shuffling 20,000 sentences to temp files
[2026-07-26 02:59:25] Seen 20,000 samples
[2026-07-26 02:59:25] Starting data epoch 13 in logical epoch 13
[2026-07-26 02:59:25] [data] Shuffling data
[2026-07-26 02:59:25] [data] Done reading 20,000 sentences
[2026-07-26 02:59:25] [data] Done shuffling 20,000 sentences to temp files
[2026-07-26 02:59:46] Seen 20,000 samples
[2026-07-26 02:59:46] Starting data epoch 14 in logical epoch 14
[2026-07-26 02:59:46] [data] Shuffling data
[2026-07-26 02:59:46] [data] Done reading 20,000 sentences
[2026-07-26 02:59:46] [data] Done shuffling 20,000 sentences to temp files
[2026-07-26 03:00:06] Seen 20,000 samples
[2026-07-26 03:00:06] Starting data epoch 15 in logical epoch 15
[2026-07-26 03:00:06] [data] Shuffling data
[2026-07-26 03:00:06] [data] Done reading 20,000 sentences
[2026-07-26 03:00:06] [data] Done shuffling 20,000 sentences to temp files
[2026-07-26 03:00:21] Seen 20,000 samples
[2026-07-26 03:00:21] Starting data epoch 16 in logical epoch 16
[2026-07-26 03:00:21] [data] Shuffling data
[2026-07-26 03:00:21] [data] Done reading 20,000 sentences
[2026-07-26 03:00:21] [data] Done shuffling 20,000 sentences to temp files
[2026-07-26 03:00:42] Seen 20,000 samples
[2026-07-26 03:00:42] Starting data epoch 17 in logical epoch 17
[2026-07-26 03:00:42] [data] Shuffling data
[2026-07-26 03:00:42] [data] Done reading 20,000 sentences
[2026-07-26 03:00:42] [data] Done shuffling 20,000 sentences to temp files
[2026-07-26 03:01:02] Seen 20,000 samples
[2026-07-26 03:01:02] Starting data epoch 18 in logical epoch 18
[2026-07-26 03:01:02] [data] Shuffling data
[2026-07-26 03:01:02] [data] Done reading 20,000 sentences
[2026-07-26 03:01:02] [data] Done shuffling 20,000 sentences to temp files
[2026-07-26 03:01:23] Seen 20,000 samples
[2026-07-26 03:01:23] Starting data epoch 19 in logical epoch 19
[2026-07-26 03:01:23] [data] Shuffling data
[2026-07-26 03:01:23] [data] Done reading 20,000 sentences
[2026-07-26 03:01:23] [data] Done shuffling 20,000 sentences to temp files
[2026-07-26 03:01:38] Seen 20,000 samples
[2026-07-26 03:01:38] Starting data epoch 20 in logical epoch 20
[2026-07-26 03:01:38] [data] Shuffling data
[2026-07-26 03:01:38] [data] Done reading 20,000 sentences
[2026-07-26 03:01:38] [data] Done shuffling 20,000 sentences to temp files
[2026-07-26 03:01:59] Seen 20,000 samples
[2026-07-26 03:01:59] Starting data epoch 21 in logical epoch 21
[2026-07-26 03:01:59] [data] Shuffling data
[2026-07-26 03:01:59] [data] Done reading 20,000 sentences
[2026-07-26 03:01:59] [data] Done shuffling 20,000 sentences to temp files
[2026-07-26 03:02:06] Ep. 21 : Up. 500 : Sen. 2,871 : Cost 5.75867605 * 1,556,790 @ 2,871 after 1,556,790 : Time 381.38s : 4082.00 words/s : gNorm 3.4508 : L.r. 3.7500e-05
[2026-07-26 03:02:21] Seen 20,000 samples
[2026-07-26 03:02:21] Starting data epoch 22 in logical epoch 22
[2026-07-26 03:02:21] [data] Shuffling data
[2026-07-26 03:02:21] [data] Done reading 20,000 sentences
[2026-07-26 03:02:21] [data] Done shuffling 20,000 sentences to temp files
[2026-07-26 03:02:42] Seen 20,000 samples
[2026-07-26 03:02:42] Starting data epoch 23 in logical epoch 23
[2026-07-26 03:02:42] [data] Shuffling data
[2026-07-26 03:02:42] [data] Done reading 20,000 sentences
[2026-07-26 03:02:42] [data] Done shuffling 20,000 sentences to temp files
[2026-07-26 03:02:56] Seen 20,000 samples
[2026-07-26 03:02:56] Starting data epoch 24 in logical epoch 24
[2026-07-26 03:02:56] [data] Shuffling data
[2026-07-26 03:02:56] [data] Done reading 20,000 sentences
[2026-07-26 03:02:56] [data] Done shuffling 20,000 sentences to temp files
[2026-07-26 03:03:16] Seen 20,000 samples
[2026-07-26 03:03:16] Starting data epoch 25 in logical epoch 25
[2026-07-26 03:03:16] [data] Shuffling data
[2026-07-26 03:03:17] [data] Done reading 20,000 sentences
[2026-07-26 03:03:17] [data] Done shuffling 20,000 sentences to temp files
[2026-07-26 03:03:38] Seen 20,000 samples
[2026-07-26 03:03:38] Starting data epoch 26 in logical epoch 26
[2026-07-26 03:03:38] [data] Shuffling data
[2026-07-26 03:03:38] [data] Done reading 20,000 sentences
[2026-07-26 03:03:38] [data] Done shuffling 20,000 sentences to temp files
[2026-07-26 03:03:52] Seen 20,000 samples
[2026-07-26 03:03:52] Starting data epoch 27 in logical epoch 27
[2026-07-26 03:03:52] [data] Shuffling data
[2026-07-26 03:03:53] [data] Done reading 20,000 sentences
[2026-07-26 03:03:53] [data] Done shuffling 20,000 sentences to temp files
[2026-07-26 03:04:14] Seen 20,000 samples
[2026-07-26 03:04:14] Starting data epoch 28 in logical epoch 28
[2026-07-26 03:04:14] [data] Shuffling data
[2026-07-26 03:04:14] [data] Done reading 20,000 sentences
[2026-07-26 03:04:14] [data] Done shuffling 20,000 sentences to temp files
[2026-07-26 03:04:36] Seen 20,000 samples
[2026-07-26 03:04:36] Starting data epoch 29 in logical epoch 29
[2026-07-26 03:04:36] [data] Shuffling data
[2026-07-26 03:04:36] [data] Done reading 20,000 sentences
[2026-07-26 03:04:36] [data] Done shuffling 20,000 sentences to temp files
[2026-07-26 03:04:58] Seen 20,000 samples
[2026-07-26 03:04:58] Starting data epoch 30 in logical epoch 30
[2026-07-26 03:04:58] [data] Shuffling data
[2026-07-26 03:04:58] [data] Done reading 20,000 sentences
[2026-07-26 03:04:58] [data] Done shuffling 20,000 sentences to temp files
[2026-07-26 03:05:13] Seen 20,000 samples
[2026-07-26 03:05:13] Starting data epoch 31 in logical epoch 31
[2026-07-26 03:05:13] [data] Shuffling data
[2026-07-26 03:05:14] [data] Done reading 20,000 sentences
[2026-07-26 03:05:14] [data] Done shuffling 20,000 sentences to temp files
[2026-07-26 03:05:34] Seen 20,000 samples
[2026-07-26 03:05:34] Starting data epoch 32 in logical epoch 32
[2026-07-26 03:05:34] [data] Shuffling data
[2026-07-26 03:05:34] [data] Done reading 20,000 sentences
[2026-07-26 03:05:34] [data] Done shuffling 20,000 sentences to temp files
[2026-07-26 03:05:56] Seen 20,000 samples
[2026-07-26 03:05:56] Starting data epoch 33 in logical epoch 33
[2026-07-26 03:05:56] [data] Shuffling data
[2026-07-26 03:05:56] [data] Done reading 20,000 sentences
[2026-07-26 03:05:56] [data] Done shuffling 20,000 sentences to temp files
[2026-07-26 03:06:17] Seen 20,000 samples
[2026-07-26 03:06:17] Starting data epoch 34 in logical epoch 34
[2026-07-26 03:06:17] [data] Shuffling data
[2026-07-26 03:06:17] [data] Done reading 20,000 sentences
[2026-07-26 03:06:18] [data] Done shuffling 20,000 sentences to temp files
[2026-07-26 03:06:33] Seen 20,000 samples
[2026-07-26 03:06:33] Starting data epoch 35 in logical epoch 35
[2026-07-26 03:06:33] [data] Shuffling data
[2026-07-26 03:06:33] [data] Done reading 20,000 sentences
[2026-07-26 03:06:33] [data] Done shuffling 20,000 sentences to temp files
[2026-07-26 03:06:54] Seen 20,000 samples
[2026-07-26 03:06:54] Starting data epoch 36 in logical epoch 36
[2026-07-26 03:06:54] [data] Shuffling data
[2026-07-26 03:06:54] [data] Done reading 20,000 sentences
[2026-07-26 03:06:54] [data] Done shuffling 20,000 sentences to temp files
[2026-07-26 03:07:15] Seen 20,000 samples
[2026-07-26 03:07:15] Starting data epoch 37 in logical epoch 37
[2026-07-26 03:07:15] [data] Shuffling data
[2026-07-26 03:07:15] [data] Done reading 20,000 sentences
[2026-07-26 03:07:15] [data] Done shuffling 20,000 sentences to temp files
[2026-07-26 03:07:30] Seen 20,000 samples
[2026-07-26 03:07:30] Starting data epoch 38 in logical epoch 38
[2026-07-26 03:07:30] [data] Shuffling data
[2026-07-26 03:07:30] [data] Done reading 20,000 sentences
[2026-07-26 03:07:30] [data] Done shuffling 20,000 sentences to temp files
[2026-07-26 03:07:51] Seen 20,000 samples
[2026-07-26 03:07:51] Starting data epoch 39 in logical epoch 39
[2026-07-26 03:07:51] [data] Shuffling data
[2026-07-26 03:07:51] [data] Done reading 20,000 sentences
[2026-07-26 03:07:51] [data] Done shuffling 20,000 sentences to temp files
[2026-07-26 03:08:13] Seen 20,000 samples
[2026-07-26 03:08:13] Starting data epoch 40 in logical epoch 40
[2026-07-26 03:08:13] [data] Shuffling data
[2026-07-26 03:08:13] [data] Done reading 20,000 sentences
[2026-07-26 03:08:13] [data] Done shuffling 20,000 sentences to temp files
[2026-07-26 03:08:35] Seen 20,000 samples
[2026-07-26 03:08:35] Starting data epoch 41 in logical epoch 41
[2026-07-26 03:08:35] [data] Shuffling data
[2026-07-26 03:08:35] [data] Done reading 20,000 sentences
[2026-07-26 03:08:35] [data] Done shuffling 20,000 sentences to temp files
[2026-07-26 03:08:36] Ep. 41 : Up. 1000 : Sen. 5,930 : Cost 2.75050759 * 1,558,931 @ 2,871 after 3,115,721 : Time 390.24s : 3994.79 words/s : gNorm 5.9448 : L.r. 7.5000e-05
[2026-07-26 03:08:51] Seen 20,000 samples
[2026-07-26 03:08:51] Starting data epoch 42 in logical epoch 42
[2026-07-26 03:08:51] [data] Shuffling data
[2026-07-26 03:08:51] [data] Done reading 20,000 sentences
[2026-07-26 03:08:51] [data] Done shuffling 20,000 sentences to temp files
[2026-07-26 03:09:12] Seen 20,000 samples
[2026-07-26 03:09:12] Starting data epoch 43 in logical epoch 43
[2026-07-26 03:09:12] [data] Shuffling data
[2026-07-26 03:09:12] [data] Done reading 20,000 sentences
[2026-07-26 03:09:12] [data] Done shuffling 20,000 sentences to temp files
[2026-07-26 03:09:34] Seen 20,000 samples
[2026-07-26 03:09:34] Starting data epoch 44 in logical epoch 44
[2026-07-26 03:09:34] [data] Shuffling data
[2026-07-26 03:09:34] [data] Done reading 20,000 sentences
[2026-07-26 03:09:34] [data] Done shuffling 20,000 sentences to temp files
[2026-07-26 03:09:56] Seen 20,000 samples
[2026-07-26 03:09:56] Starting data epoch 45 in logical epoch 45
[2026-07-26 03:09:56] [data] Shuffling data
[2026-07-26 03:09:56] [data] Done reading 20,000 sentences
[2026-07-26 03:09:56] [data] Done shuffling 20,000 sentences to temp files
[2026-07-26 03:10:18] Seen 20,000 samples
[2026-07-26 03:10:18] Starting data epoch 46 in logical epoch 46
[2026-07-26 03:10:18] [data] Shuffling data
[2026-07-26 03:10:18] [data] Done reading 20,000 sentences
[2026-07-26 03:10:18] [data] Done shuffling 20,000 sentences to temp files
[2026-07-26 03:10:34] Seen 20,000 samples
[2026-07-26 03:10:34] Starting data epoch 47 in logical epoch 47
[2026-07-26 03:10:34] [data] Shuffling data
[2026-07-26 03:10:34] [data] Done reading 20,000 sentences
[2026-07-26 03:10:34] [data] Done shuffling 20,000 sentences to temp files
[2026-07-26 03:10:56] Seen 20,000 samples
[2026-07-26 03:10:56] Starting data epoch 48 in logical epoch 48
[2026-07-26 03:10:56] [data] Shuffling data
[2026-07-26 03:10:56] [data] Done reading 20,000 sentences
[2026-07-26 03:10:56] [data] Done shuffling 20,000 sentences to temp files
[2026-07-26 03:11:17] Seen 20,000 samples
[2026-07-26 03:11:17] Starting data epoch 49 in logical epoch 49
[2026-07-26 03:11:17] [data] Shuffling data
[2026-07-26 03:11:17] [data] Done reading 20,000 sentences
[2026-07-26 03:11:17] [data] Done shuffling 20,000 sentences to temp files
[2026-07-26 03:11:39] Seen 20,000 samples
[2026-07-26 03:11:39] Starting data epoch 50 in logical epoch 50
[2026-07-26 03:11:39] [data] Shuffling data
[2026-07-26 03:11:39] [data] Done reading 20,000 sentences
[2026-07-26 03:11:39] [data] Done shuffling 20,000 sentences to temp files
[2026-07-26 03:12:00] Seen 20,000 samples
[2026-07-26 03:12:00] Starting data epoch 51 in logical epoch 51
[2026-07-26 03:12:00] [data] Shuffling data
[2026-07-26 03:12:00] [data] Done reading 20,000 sentences
[2026-07-26 03:12:01] [data] Done shuffling 20,000 sentences to temp files
[2026-07-26 03:12:16] Seen 20,000 samples
[2026-07-26 03:12:16] Starting data epoch 52 in logical epoch 52
[2026-07-26 03:12:16] [data] Shuffling data
[2026-07-26 03:12:16] [data] Done reading 20,000 sentences
[2026-07-26 03:12:16] [data] Done shuffling 20,000 sentences to temp files
[2026-07-26 03:12:38] Seen 20,000 samples
[2026-07-26 03:12:38] Starting data epoch 53 in logical epoch 53
[2026-07-26 03:12:38] [data] Shuffling data
[2026-07-26 03:12:38] [data] Done reading 20,000 sentences
[2026-07-26 03:12:38] [data] Done shuffling 20,000 sentences to temp files
[2026-07-26 03:12:59] Seen 20,000 samples
[2026-07-26 03:12:59] Starting data epoch 54 in logical epoch 54
[2026-07-26 03:12:59] [data] Shuffling data
[2026-07-26 03:12:59] [data] Done reading 20,000 sentences
[2026-07-26 03:12:59] [data] Done shuffling 20,000 sentences to temp files
[2026-07-26 03:13:22] Seen 20,000 samples
[2026-07-26 03:13:22] Starting data epoch 55 in logical epoch 55
[2026-07-26 03:13:22] [data] Shuffling data
[2026-07-26 03:13:22] [data] Done reading 20,000 sentences
[2026-07-26 03:13:22] [data] Done shuffling 20,000 sentences to temp files
[2026-07-26 03:13:44] Seen 20,000 samples
[2026-07-26 03:13:44] Starting data epoch 56 in logical epoch 56
[2026-07-26 03:13:44] [data] Shuffling data
[2026-07-26 03:13:44] [data] Done reading 20,000 sentences
[2026-07-26 03:13:44] [data] Done shuffling 20,000 sentences to temp files
[2026-07-26 03:14:06] Seen 20,000 samples
[2026-07-26 03:14:06] Starting data epoch 57 in logical epoch 57
[2026-07-26 03:14:06] [data] Shuffling data
[2026-07-26 03:14:07] [data] Done reading 20,000 sentences
[2026-07-26 03:14:07] [data] Done shuffling 20,000 sentences to temp files
[2026-07-26 03:14:28] Seen 20,000 samples
[2026-07-26 03:14:28] Starting data epoch 58 in logical epoch 58
[2026-07-26 03:14:28] [data] Shuffling data
[2026-07-26 03:14:28] [data] Done reading 20,000 sentences
[2026-07-26 03:14:28] [data] Done shuffling 20,000 sentences to temp files
[2026-07-26 03:14:44] Seen 20,000 samples
[2026-07-26 03:14:44] Starting data epoch 59 in logical epoch 59
[2026-07-26 03:14:44] [data] Shuffling data
[2026-07-26 03:14:44] [data] Done reading 20,000 sentences
[2026-07-26 03:14:44] [data] Done shuffling 20,000 sentences to temp files
[2026-07-26 03:15:06] Seen 20,000 samples
[2026-07-26 03:15:06] Starting data epoch 60 in logical epoch 60
[2026-07-26 03:15:06] [data] Shuffling data
[2026-07-26 03:15:07] [data] Done reading 20,000 sentences
[2026-07-26 03:15:07] [data] Done shuffling 20,000 sentences to temp files
[2026-07-26 03:15:28] Seen 20,000 samples
[2026-07-26 03:15:28] Starting data epoch 61 in logical epoch 61
[2026-07-26 03:15:28] [data] Shuffling data
[2026-07-26 03:15:29] [data] Done reading 20,000 sentences
[2026-07-26 03:15:29] [data] Done shuffling 20,000 sentences to temp files
[2026-07-26 03:15:36] Ep. 61 : Up. 1500 : Sen. 4,486 : Cost 1.77494824 * 1,543,074 @ 2,868 after 4,658,795 : Time 419.59s : 3677.55 words/s : gNorm 4.3402 : L.r. 1.1250e-04
[2026-07-26 03:15:51] Seen 20,000 samples
[2026-07-26 03:15:51] Starting data epoch 62 in logical epoch 62
[2026-07-26 03:15:51] [data] Shuffling data
[2026-07-26 03:15:51] [data] Done reading 20,000 sentences
[2026-07-26 03:15:51] [data] Done shuffling 20,000 sentences to temp files
[2026-07-26 03:16:14] Seen 20,000 samples
[2026-07-26 03:16:14] Starting data epoch 63 in logical epoch 63
[2026-07-26 03:16:14] [data] Shuffling data
[2026-07-26 03:16:14] [data] Done reading 20,000 sentences
[2026-07-26 03:16:14] [data] Done shuffling 20,000 sentences to temp files
[2026-07-26 03:16:37] Seen 20,000 samples
[2026-07-26 03:16:37] Starting data epoch 64 in logical epoch 64
[2026-07-26 03:16:37] [data] Shuffling data
[2026-07-26 03:16:37] [data] Done reading 20,000 sentences
[2026-07-26 03:16:37] [data] Done shuffling 20,000 sentences to temp files
[2026-07-26 03:16:53] Seen 20,000 samples
[2026-07-26 03:16:53] Starting data epoch 65 in logical epoch 65
[2026-07-26 03:16:53] [data] Shuffling data
[2026-07-26 03:16:54] [data] Done reading 20,000 sentences
[2026-07-26 03:16:54] [data] Done shuffling 20,000 sentences to temp files
[2026-07-26 03:17:16] Seen 20,000 samples
[2026-07-26 03:17:16] Starting data epoch 66 in logical epoch 66
[2026-07-26 03:17:16] [data] Shuffling data
[2026-07-26 03:17:16] [data] Done reading 20,000 sentences
[2026-07-26 03:17:17] [data] Done shuffling 20,000 sentences to temp files
[2026-07-26 03:17:39] Seen 20,000 samples
[2026-07-26 03:17:39] Starting data epoch 67 in logical epoch 67
[2026-07-26 03:17:39] [data] Shuffling data
[2026-07-26 03:17:39] [data] Done reading 20,000 sentences
[2026-07-26 03:17:39] [data] Done shuffling 20,000 sentences to temp files
[2026-07-26 03:18:01] Seen 20,000 samples
[2026-07-26 03:18:01] Starting data epoch 68 in logical epoch 68
[2026-07-26 03:18:01] [data] Shuffling data
[2026-07-26 03:18:01] [data] Done reading 20,000 sentences
[2026-07-26 03:18:01] [data] Done shuffling 20,000 sentences to temp files
[2026-07-26 03:18:23] Seen 20,000 samples
[2026-07-26 03:18:23] Starting data epoch 69 in logical epoch 69
[2026-07-26 03:18:23] [data] Shuffling data
[2026-07-26 03:18:23] [data] Done reading 20,000 sentences
[2026-07-26 03:18:23] [data] Done shuffling 20,000 sentences to temp files
[2026-07-26 03:18:38] Seen 20,000 samples
[2026-07-26 03:18:38] Starting data epoch 70 in logical epoch 70
[2026-07-26 03:18:38] [data] Shuffling data
[2026-07-26 03:18:39] [data] Done reading 20,000 sentences
[2026-07-26 03:18:39] [data] Done shuffling 20,000 sentences to temp files
[2026-07-26 03:19:00] Seen 20,000 samples
[2026-07-26 03:19:00] Starting data epoch 71 in logical epoch 71
[2026-07-26 03:19:00] [data] Shuffling data
[2026-07-26 03:19:00] [data] Done reading 20,000 sentences
[2026-07-26 03:19:00] [data] Done shuffling 20,000 sentences to temp files
[2026-07-26 03:19:22] Seen 20,000 samples
[2026-07-26 03:19:22] Starting data epoch 72 in logical epoch 72
[2026-07-26 03:19:22] [data] Shuffling data
[2026-07-26 03:19:22] [data] Done reading 20,000 sentences
[2026-07-26 03:19:22] [data] Done shuffling 20,000 sentences to temp files
[2026-07-26 03:19:45] Seen 20,000 samples
[2026-07-26 03:19:45] Starting data epoch 73 in logical epoch 73
[2026-07-26 03:19:45] [data] Shuffling data
[2026-07-26 03:19:45] [data] Done reading 20,000 sentences
[2026-07-26 03:19:45] [data] Done shuffling 20,000 sentences to temp files
[2026-07-26 03:20:07] Seen 20,000 samples
[2026-07-26 03:20:07] Starting data epoch 74 in logical epoch 74
[2026-07-26 03:20:07] [data] Shuffling data
[2026-07-26 03:20:07] [data] Done reading 20,000 sentences
[2026-07-26 03:20:07] [data] Done shuffling 20,000 sentences to temp files
[2026-07-26 03:20:30] Seen 20,000 samples
[2026-07-26 03:20:30] Starting data epoch 75 in logical epoch 75
[2026-07-26 03:20:30] [data] Shuffling data
[2026-07-26 03:20:31] [data] Done reading 20,000 sentences
[2026-07-26 03:20:31] [data] Done shuffling 20,000 sentences to temp files
[2026-07-26 03:20:54] Seen 20,000 samples
[2026-07-26 03:20:54] Starting data epoch 76 in logical epoch 76
[2026-07-26 03:20:54] [data] Shuffling data
[2026-07-26 03:20:54] [data] Done reading 20,000 sentences
[2026-07-26 03:20:54] [data] Done shuffling 20,000 sentences to temp files
[2026-07-26 03:21:17] Seen 20,000 samples
[2026-07-26 03:21:17] Starting data epoch 77 in logical epoch 77
[2026-07-26 03:21:17] [data] Shuffling data
[2026-07-26 03:21:18] [data] Done reading 20,000 sentences
[2026-07-26 03:21:18] [data] Done shuffling 20,000 sentences to temp files
[2026-07-26 03:21:34] Seen 20,000 samples
[2026-07-26 03:21:34] Starting data epoch 78 in logical epoch 78
[2026-07-26 03:21:34] [data] Shuffling data
[2026-07-26 03:21:34] [data] Done reading 20,000 sentences
[2026-07-26 03:21:34] [data] Done shuffling 20,000 sentences to temp files
[2026-07-26 03:21:57] Seen 20,000 samples
[2026-07-26 03:21:57] Starting data epoch 79 in logical epoch 79
[2026-07-26 03:21:57] [data] Shuffling data
[2026-07-26 03:21:57] [data] Done reading 20,000 sentences
[2026-07-26 03:21:57] [data] Done shuffling 20,000 sentences to temp files
[2026-07-26 03:22:19] Seen 20,000 samples
[2026-07-26 03:22:19] Starting data epoch 80 in logical epoch 80
[2026-07-26 03:22:19] [data] Shuffling data
[2026-07-26 03:22:19] [data] Done reading 20,000 sentences
[2026-07-26 03:22:19] [data] Done shuffling 20,000 sentences to temp files
[2026-07-26 03:22:42] Seen 20,000 samples
[2026-07-26 03:22:42] Starting data epoch 81 in logical epoch 81
[2026-07-26 03:22:42] [data] Shuffling data
[2026-07-26 03:22:42] [data] Done reading 20,000 sentences
[2026-07-26 03:22:42] [data] Done shuffling 20,000 sentences to temp files
[2026-07-26 03:22:49] Ep. 81 : Up. 2000 : Sen. 6,400 : Cost 1.51104033 * 1,553,481 @ 2,871 after 6,212,276 : Time 433.11s : 3586.84 words/s : gNorm 1.8248 : L.r. 1.5000e-04
[2026-07-26 03:23:04] Seen 20,000 samples
[2026-07-26 03:23:04] Starting data epoch 82 in logical epoch 82
[2026-07-26 03:23:04] [data] Shuffling data
[2026-07-26 03:23:04] [data] Done reading 20,000 sentences
[2026-07-26 03:23:04] [data] Done shuffling 20,000 sentences to temp files
[2026-07-26 03:23:21] Seen 20,000 samples
[2026-07-26 03:23:21] Starting data epoch 83 in logical epoch 83
[2026-07-26 03:23:21] [data] Shuffling data
[2026-07-26 03:23:21] [data] Done reading 20,000 sentences
[2026-07-26 03:23:21] [data] Done shuffling 20,000 sentences to temp files
[2026-07-26 03:23:44] Seen 20,000 samples
[2026-07-26 03:23:44] Starting data epoch 84 in logical epoch 84
[2026-07-26 03:23:44] [data] Shuffling data
[2026-07-26 03:23:44] [data] Done reading 20,000 sentences
[2026-07-26 03:23:44] [data] Done shuffling 20,000 sentences to temp files
[2026-07-26 03:24:07] Seen 20,000 samples
[2026-07-26 03:24:07] Starting data epoch 85 in logical epoch 85
[2026-07-26 03:24:07] [data] Shuffling data
[2026-07-26 03:24:07] [data] Done reading 20,000 sentences
[2026-07-26 03:24:07] [data] Done shuffling 20,000 sentences to temp files
[2026-07-26 03:24:30] Seen 20,000 samples
[2026-07-26 03:24:30] Starting data epoch 86 in logical epoch 86
[2026-07-26 03:24:30] [data] Shuffling data
[2026-07-26 03:24:30] [data] Done reading 20,000 sentences
[2026-07-26 03:24:30] [data] Done shuffling 20,000 sentences to temp files
[2026-07-26 03:24:53] Seen 20,000 samples
[2026-07-26 03:24:53] Starting data epoch 87 in logical epoch 87
[2026-07-26 03:24:53] [data] Shuffling data
[2026-07-26 03:24:54] [data] Done reading 20,000 sentences
[2026-07-26 03:24:54] [data] Done shuffling 20,000 sentences to temp files
[2026-07-26 03:25:16] Seen 20,000 samples
[2026-07-26 03:25:16] Starting data epoch 88 in logical epoch 88
[2026-07-26 03:25:16] [data] Shuffling data
[2026-07-26 03:25:17] [data] Done reading 20,000 sentences
[2026-07-26 03:25:17] [data] Done shuffling 20,000 sentences to temp files
[2026-07-26 03:25:32] Seen 20,000 samples
[2026-07-26 03:25:32] Starting data epoch 89 in logical epoch 89
[2026-07-26 03:25:32] [data] Shuffling data
[2026-07-26 03:25:33] [data] Done reading 20,000 sentences
[2026-07-26 03:25:33] [data] Done shuffling 20,000 sentences to temp files
[2026-07-26 03:25:54] Seen 20,000 samples
[2026-07-26 03:25:54] Starting data epoch 90 in logical epoch 90
[2026-07-26 03:25:54] [data] Shuffling data
[2026-07-26 03:25:54] [data] Done reading 20,000 sentences
[2026-07-26 03:25:54] [data] Done shuffling 20,000 sentences to temp files
[2026-07-26 03:26:16] Seen 20,000 samples
[2026-07-26 03:26:16] Starting data epoch 91 in logical epoch 91
[2026-07-26 03:26:16] [data] Shuffling data
[2026-07-26 03:26:16] [data] Done reading 20,000 sentences
[2026-07-26 03:26:17] [data] Done shuffling 20,000 sentences to temp files
[2026-07-26 03:26:39] Seen 20,000 samples
[2026-07-26 03:26:39] Starting data epoch 92 in logical epoch 92
[2026-07-26 03:26:39] [data] Shuffling data
[2026-07-26 03:26:39] [data] Done reading 20,000 sentences
[2026-07-26 03:26:39] [data] Done shuffling 20,000 sentences to temp files
[2026-07-26 03:27:01] Seen 20,000 samples
[2026-07-26 03:27:01] Starting data epoch 93 in logical epoch 93
[2026-07-26 03:27:01] [data] Shuffling data
[2026-07-26 03:27:01] [data] Done reading 20,000 sentences
[2026-07-26 03:27:01] [data] Done shuffling 20,000 sentences to temp files
[2026-07-26 03:27:18] Seen 20,000 samples
[2026-07-26 03:27:18] Starting data epoch 94 in logical epoch 94
[2026-07-26 03:27:18] [data] Shuffling data
[2026-07-26 03:27:18] [data] Done reading 20,000 sentences
[2026-07-26 03:27:18] [data] Done shuffling 20,000 sentences to temp files
[2026-07-26 03:27:41] Seen 20,000 samples
[2026-07-26 03:27:41] Starting data epoch 95 in logical epoch 95
[2026-07-26 03:27:41] [data] Shuffling data
[2026-07-26 03:27:41] [data] Done reading 20,000 sentences
[2026-07-26 03:27:41] [data] Done shuffling 20,000 sentences to temp files
[2026-07-26 03:28:03] Seen 20,000 samples
[2026-07-26 03:28:03] Starting data epoch 96 in logical epoch 96
[2026-07-26 03:28:03] [data] Shuffling data
[2026-07-26 03:28:03] [data] Done reading 20,000 sentences
[2026-07-26 03:28:03] [data] Done shuffling 20,000 sentences to temp files
[2026-07-26 03:28:26] Seen 20,000 samples
[2026-07-26 03:28:26] Starting data epoch 97 in logical epoch 97
[2026-07-26 03:28:26] [data] Shuffling data
[2026-07-26 03:28:26] [data] Done reading 20,000 sentences
[2026-07-26 03:28:26] [data] Done shuffling 20,000 sentences to temp files
[2026-07-26 03:28:50] Seen 20,000 samples
[2026-07-26 03:28:50] Starting data epoch 98 in logical epoch 98
[2026-07-26 03:28:50] [data] Shuffling data
[2026-07-26 03:28:50] [data] Done reading 20,000 sentences
[2026-07-26 03:28:50] [data] Done shuffling 20,000 sentences to temp files
[2026-07-26 03:29:15] Seen 20,000 samples
[2026-07-26 03:29:15] Starting data epoch 99 in logical epoch 99
[2026-07-26 03:29:15] [data] Shuffling data
[2026-07-26 03:29:15] [data] Done reading 20,000 sentences
[2026-07-26 03:29:15] [data] Done shuffling 20,000 sentences to temp files
[2026-07-26 03:29:38] Seen 20,000 samples
[2026-07-26 03:29:38] Starting data epoch 100 in logical epoch 100
[2026-07-26 03:29:38] [data] Shuffling data
[2026-07-26 03:29:38] [data] Done reading 20,000 sentences
[2026-07-26 03:29:38] [data] Done shuffling 20,000 sentences to temp files
[2026-07-26 03:30:00] Seen 20,000 samples
[2026-07-26 03:30:00] Starting data epoch 101 in logical epoch 101
[2026-07-26 03:30:00] [data] Shuffling data
[2026-07-26 03:30:00] [data] Done reading 20,000 sentences
[2026-07-26 03:30:01] [data] Done shuffling 20,000 sentences to temp files
[2026-07-26 03:30:08] Ep. 101 : Up. 2500 : Sen. 8,972 : Cost 1.35816038 * 1,558,147 @ 4,785 after 7,770,423 : Time 439.35s : 3546.46 words/s : gNorm 1.6308 : L.r. 1.8750e-04
[2026-07-26 03:30:17] Seen 20,000 samples
[2026-07-26 03:30:17] Starting data epoch 102 in logical epoch 102
[2026-07-26 03:30:17] [data] Shuffling data
[2026-07-26 03:30:17] [data] Done reading 20,000 sentences
[2026-07-26 03:30:17] [data] Done shuffling 20,000 sentences to temp files
[2026-07-26 03:30:40] Seen 20,000 samples
[2026-07-26 03:30:40] Starting data epoch 103 in logical epoch 103
[2026-07-26 03:30:40] [data] Shuffling data
[2026-07-26 03:30:40] [data] Done reading 20,000 sentences
[2026-07-26 03:30:40] [data] Done shuffling 20,000 sentences to temp files
[2026-07-26 03:31:03] Seen 20,000 samples
[2026-07-26 03:31:03] Starting data epoch 104 in logical epoch 104
[2026-07-26 03:31:03] [data] Shuffling data
[2026-07-26 03:31:03] [data] Done reading 20,000 sentences
[2026-07-26 03:31:03] [data] Done shuffling 20,000 sentences to temp files
[2026-07-26 03:31:26] Seen 20,000 samples
[2026-07-26 03:31:26] Starting data epoch 105 in logical epoch 105
[2026-07-26 03:31:26] [data] Shuffling data
[2026-07-26 03:31:26] [data] Done reading 20,000 sentences
[2026-07-26 03:31:26] [data] Done shuffling 20,000 sentences to temp files
[2026-07-26 03:31:49] Seen 20,000 samples
[2026-07-26 03:31:49] Starting data epoch 106 in logical epoch 106
[2026-07-26 03:31:49] [data] Shuffling data
[2026-07-26 03:31:49] [data] Done reading 20,000 sentences
[2026-07-26 03:31:49] [data] Done shuffling 20,000 sentences to temp files
[2026-07-26 03:32:12] Seen 20,000 samples
[2026-07-26 03:32:12] Starting data epoch 107 in logical epoch 107
[2026-07-26 03:32:12] [data] Shuffling data
[2026-07-26 03:32:12] [data] Done reading 20,000 sentences
[2026-07-26 03:32:12] [data] Done shuffling 20,000 sentences to temp files
[2026-07-26 03:32:37] Seen 20,000 samples
[2026-07-26 03:32:37] Starting data epoch 108 in logical epoch 108
[2026-07-26 03:32:37] [data] Shuffling data
[2026-07-26 03:32:37] [data] Done reading 20,000 sentences
[2026-07-26 03:32:37] [data] Done shuffling 20,000 sentences to temp files
[2026-07-26 03:33:04] Seen 20,000 samples
[2026-07-26 03:33:04] Starting data epoch 109 in logical epoch 109
[2026-07-26 03:33:04] [data] Shuffling data
[2026-07-26 03:33:05] [data] Done reading 20,000 sentences
[2026-07-26 03:33:05] [data] Done shuffling 20,000 sentences to temp files
[2026-07-26 03:33:32] Seen 20,000 samples
[2026-07-26 03:33:32] Starting data epoch 110 in logical epoch 110
[2026-07-26 03:33:32] [data] Shuffling data
[2026-07-26 03:33:32] [data] Done reading 20,000 sentences
[2026-07-26 03:33:32] [data] Done shuffling 20,000 sentences to temp files
[2026-07-26 03:33:57] Seen 20,000 samples
[2026-07-26 03:33:57] Starting data epoch 111 in logical epoch 111
[2026-07-26 03:33:57] [data] Shuffling data
[2026-07-26 03:33:57] [data] Done reading 20,000 sentences
[2026-07-26 03:33:57] [data] Done shuffling 20,000 sentences to temp files
[2026-07-26 03:34:24] Seen 20,000 samples
[2026-07-26 03:34:24] Starting data epoch 112 in logical epoch 112
[2026-07-26 03:34:24] [data] Shuffling data
[2026-07-26 03:34:24] [data] Done reading 20,000 sentences
[2026-07-26 03:34:24] [data] Done shuffling 20,000 sentences to temp files
[2026-07-26 03:34:51] Seen 20,000 samples
[2026-07-26 03:34:51] Starting data epoch 113 in logical epoch 113
[2026-07-26 03:34:51] [data] Shuffling data
[2026-07-26 03:34:51] [data] Done reading 20,000 sentences
[2026-07-26 03:34:51] [data] Done shuffling 20,000 sentences to temp files
[2026-07-26 03:35:11] Seen 20,000 samples
[2026-07-26 03:35:11] Starting data epoch 114 in logical epoch 114
[2026-07-26 03:35:11] [data] Shuffling data
[2026-07-26 03:35:11] [data] Done reading 20,000 sentences
[2026-07-26 03:35:11] [data] Done shuffling 20,000 sentences to temp files
[2026-07-26 03:35:37] Seen 20,000 samples
[2026-07-26 03:35:37] Starting data epoch 115 in logical epoch 115
[2026-07-26 03:35:37] [data] Shuffling data
[2026-07-26 03:35:37] [data] Done reading 20,000 sentences
[2026-07-26 03:35:37] [data] Done shuffling 20,000 sentences to temp files
[2026-07-26 03:36:04] Seen 20,000 samples
[2026-07-26 03:36:04] Starting data epoch 116 in logical epoch 116
[2026-07-26 03:36:04] [data] Shuffling data
[2026-07-26 03:36:04] [data] Done reading 20,000 sentences
[2026-07-26 03:36:04] [data] Done shuffling 20,000 sentences to temp files
[2026-07-26 03:36:22] Seen 20,000 samples
[2026-07-26 03:36:22] Starting data epoch 117 in logical epoch 117
[2026-07-26 03:36:22] [data] Shuffling data
[2026-07-26 03:36:22] [data] Done reading 20,000 sentences
[2026-07-26 03:36:22] [data] Done shuffling 20,000 sentences to temp files
[2026-07-26 03:36:48] Seen 20,000 samples
[2026-07-26 03:36:48] Starting data epoch 118 in logical epoch 118
[2026-07-26 03:36:48] [data] Shuffling data
[2026-07-26 03:36:48] [data] Done reading 20,000 sentences
[2026-07-26 03:36:48] [data] Done shuffling 20,000 sentences to temp files
[2026-07-26 03:37:15] Seen 20,000 samples
[2026-07-26 03:37:15] Starting data epoch 119 in logical epoch 119
[2026-07-26 03:37:15] [data] Shuffling data
[2026-07-26 03:37:15] [data] Done reading 20,000 sentences
[2026-07-26 03:37:15] [data] Done shuffling 20,000 sentences to temp files
[2026-07-26 03:37:42] Seen 20,000 samples
[2026-07-26 03:37:42] Starting data epoch 120 in logical epoch 120
[2026-07-26 03:37:42] [data] Shuffling data
[2026-07-26 03:37:42] [data] Done reading 20,000 sentences
[2026-07-26 03:37:42] [data] Done shuffling 20,000 sentences to temp files
[2026-07-26 03:37:57] Seen 20,000 samples
[2026-07-26 03:37:57] Starting data epoch 121 in logical epoch 121
[2026-07-26 03:37:57] [data] Shuffling data
[2026-07-26 03:37:57] [data] Done reading 20,000 sentences
[2026-07-26 03:37:57] [data] Done shuffling 20,000 sentences to temp files
[2026-07-26 03:38:04] Ep. 121 : Up. 3000 : Sen. 9,929 : Cost 1.28164577 * 1,549,755 @ 564 after 9,320,178 : Time 475.61s : 3258.44 words/s : gNorm 0.6539 : L.r. 2.2500e-04
[2026-07-26 03:38:12] Seen 20,000 samples
[2026-07-26 03:38:12] Starting data epoch 122 in logical epoch 122
[2026-07-26 03:38:12] [data] Shuffling data
[2026-07-26 03:38:12] [data] Done reading 20,000 sentences
[2026-07-26 03:38:12] [data] Done shuffling 20,000 sentences to temp files
[2026-07-26 03:38:34] Seen 20,000 samples
[2026-07-26 03:38:34] Starting data epoch 123 in logical epoch 123
[2026-07-26 03:38:34] [data] Shuffling data
[2026-07-26 03:38:34] [data] Done reading 20,000 sentences
[2026-07-26 03:38:34] [data] Done shuffling 20,000 sentences to temp files
[2026-07-26 03:38:50] Seen 20,000 samples
[2026-07-26 03:38:50] Starting data epoch 124 in logical epoch 124
[2026-07-26 03:38:50] [data] Shuffling data
[2026-07-26 03:38:50] [data] Done reading 20,000 sentences
[2026-07-26 03:38:50] [data] Done shuffling 20,000 sentences to temp files
[2026-07-26 03:39:13] Seen 20,000 samples
[2026-07-26 03:39:13] Starting data epoch 125 in logical epoch 125
[2026-07-26 03:39:13] [data] Shuffling data
[2026-07-26 03:39:13] [data] Done reading 20,000 sentences
[2026-07-26 03:39:13] [data] Done shuffling 20,000 sentences to temp files
[2026-07-26 03:39:36] Seen 20,000 samples
[2026-07-26 03:39:36] Starting data epoch 126 in logical epoch 126
[2026-07-26 03:39:36] [data] Shuffling data
[2026-07-26 03:39:36] [data] Done reading 20,000 sentences
[2026-07-26 03:39:36] [data] Done shuffling 20,000 sentences to temp files
[2026-07-26 03:39:52] Seen 20,000 samples
[2026-07-26 03:39:52] Starting data epoch 127 in logical epoch 127
[2026-07-26 03:39:52] [data] Shuffling data
[2026-07-26 03:39:52] [data] Done reading 20,000 sentences
[2026-07-26 03:39:52] [data] Done shuffling 20,000 sentences to temp files
[2026-07-26 03:40:08] Seen 20,000 samples
[2026-07-26 03:40:08] Starting data epoch 128 in logical epoch 128
[2026-07-26 03:40:08] [data] Shuffling data
[2026-07-26 03:40:08] [data] Done reading 20,000 sentences
[2026-07-26 03:40:08] [data] Done shuffling 20,000 sentences to temp files
[2026-07-26 03:40:30] Seen 20,000 samples
[2026-07-26 03:40:30] Starting data epoch 129 in logical epoch 129
[2026-07-26 03:40:30] [data] Shuffling data
[2026-07-26 03:40:30] [data] Done reading 20,000 sentences
[2026-07-26 03:40:30] [data] Done shuffling 20,000 sentences to temp files
[2026-07-26 03:40:52] Seen 20,000 samples
[2026-07-26 03:40:52] Starting data epoch 130 in logical epoch 130
[2026-07-26 03:40:52] [data] Shuffling data
[2026-07-26 03:40:52] [data] Done reading 20,000 sentences
[2026-07-26 03:40:52] [data] Done shuffling 20,000 sentences to temp files
[2026-07-26 03:41:08] Seen 20,000 samples
[2026-07-26 03:41:08] Starting data epoch 131 in logical epoch 131
[2026-07-26 03:41:08] [data] Shuffling data
[2026-07-26 03:41:08] [data] Done reading 20,000 sentences
[2026-07-26 03:41:08] [data] Done shuffling 20,000 sentences to temp files
[2026-07-26 03:41:30] Seen 20,000 samples
[2026-07-26 03:41:30] Starting data epoch 132 in logical epoch 132
[2026-07-26 03:41:30] [data] Shuffling data
[2026-07-26 03:41:30] [data] Done reading 20,000 sentences
[2026-07-26 03:41:30] [data] Done shuffling 20,000 sentences to temp files
[2026-07-26 03:41:52] Seen 20,000 samples
[2026-07-26 03:41:52] Starting data epoch 133 in logical epoch 133
[2026-07-26 03:41:52] [data] Shuffling data
[2026-07-26 03:41:52] [data] Done reading 20,000 sentences
[2026-07-26 03:41:52] [data] Done shuffling 20,000 sentences to temp files
[2026-07-26 03:42:07] Seen 20,000 samples
[2026-07-26 03:42:07] Starting data epoch 134 in logical epoch 134
[2026-07-26 03:42:07] [data] Shuffling data
[2026-07-26 03:42:07] [data] Done reading 20,000 sentences
[2026-07-26 03:42:07] [data] Done shuffling 20,000 sentences to temp files
[2026-07-26 03:42:29] Seen 20,000 samples
[2026-07-26 03:42:29] Starting data epoch 135 in logical epoch 135
[2026-07-26 03:42:29] [data] Shuffling data
[2026-07-26 03:42:29] [data] Done reading 20,000 sentences
[2026-07-26 03:42:29] [data] Done shuffling 20,000 sentences to temp files
[2026-07-26 03:42:50] Seen 20,000 samples
[2026-07-26 03:42:50] Starting data epoch 136 in logical epoch 136
[2026-07-26 03:42:50] [data] Shuffling data
[2026-07-26 03:42:50] [data] Done reading 20,000 sentences
[2026-07-26 03:42:50] [data] Done shuffling 20,000 sentences to temp files
[2026-07-26 03:43:06] Seen 20,000 samples
[2026-07-26 03:43:06] Starting data epoch 137 in logical epoch 137
[2026-07-26 03:43:06] [data] Shuffling data
[2026-07-26 03:43:06] [data] Done reading 20,000 sentences
[2026-07-26 03:43:06] [data] Done shuffling 20,000 sentences to temp files
[2026-07-26 03:43:28] Seen 20,000 samples
[2026-07-26 03:43:28] Starting data epoch 138 in logical epoch 138
[2026-07-26 03:43:28] [data] Shuffling data
[2026-07-26 03:43:28] [data] Done reading 20,000 sentences
[2026-07-26 03:43:28] [data] Done shuffling 20,000 sentences to temp files
[2026-07-26 03:43:43] Seen 20,000 samples
[2026-07-26 03:43:43] Starting data epoch 139 in logical epoch 139
[2026-07-26 03:43:43] [data] Shuffling data
[2026-07-26 03:43:43] [data] Done reading 20,000 sentences
[2026-07-26 03:43:43] [data] Done shuffling 20,000 sentences to temp files
[2026-07-26 03:44:05] Seen 20,000 samples
[2026-07-26 03:44:05] Starting data epoch 140 in logical epoch 140
[2026-07-26 03:44:05] [data] Shuffling data
[2026-07-26 03:44:05] [data] Done reading 20,000 sentences
[2026-07-26 03:44:05] [data] Done shuffling 20,000 sentences to temp files
[2026-07-26 03:44:20] Seen 20,000 samples
[2026-07-26 03:44:20] Starting data epoch 141 in logical epoch 141
[2026-07-26 03:44:20] [data] Shuffling data
[2026-07-26 03:44:20] [data] Done reading 20,000 sentences
[2026-07-26 03:44:20] [data] Done shuffling 20,000 sentences to temp files
[2026-07-26 03:44:35] Ep. 141 : Up. 3500 : Sen. 13,945 : Cost 1.25093997 * 1,563,012 @ 4,785 after 10,883,190 : Time 391.07s : 3996.80 words/s : gNorm 0.4380 : L.r. 2.6250e-04
[2026-07-26 03:44:43] Seen 20,000 samples
[2026-07-26 03:44:43] Starting data epoch 142 in logical epoch 142
[2026-07-26 03:44:43] [data] Shuffling data
[2026-07-26 03:44:43] [data] Done reading 20,000 sentences
[2026-07-26 03:44:43] [data] Done shuffling 20,000 sentences to temp files
[2026-07-26 03:44:59] Seen 20,000 samples
[2026-07-26 03:44:59] Starting data epoch 143 in logical epoch 143
[2026-07-26 03:44:59] [data] Shuffling data
[2026-07-26 03:44:59] [data] Done reading 20,000 sentences
[2026-07-26 03:44:59] [data] Done shuffling 20,000 sentences to temp files
[2026-07-26 03:45:22] Seen 20,000 samples
[2026-07-26 03:45:22] Starting data epoch 144 in logical epoch 144
[2026-07-26 03:45:22] [data] Shuffling data
[2026-07-26 03:45:22] [data] Done reading 20,000 sentences
[2026-07-26 03:45:22] [data] Done shuffling 20,000 sentences to temp files
[2026-07-26 03:45:45] Seen 20,000 samples
[2026-07-26 03:45:45] Starting data epoch 145 in logical epoch 145
[2026-07-26 03:45:45] [data] Shuffling data
[2026-07-26 03:45:45] [data] Done reading 20,000 sentences
[2026-07-26 03:45:45] [data] Done shuffling 20,000 sentences to temp files
[2026-07-26 03:46:01] Seen 20,000 samples
[2026-07-26 03:46:01] Starting data epoch 146 in logical epoch 146
[2026-07-26 03:46:01] [data] Shuffling data
[2026-07-26 03:46:02] [data] Done reading 20,000 sentences
[2026-07-26 03:46:02] [data] Done shuffling 20,000 sentences to temp files
[2026-07-26 03:46:25] Seen 20,000 samples
[2026-07-26 03:46:25] Starting data epoch 147 in logical epoch 147
[2026-07-26 03:46:25] [data] Shuffling data
[2026-07-26 03:46:25] [data] Done reading 20,000 sentences
[2026-07-26 03:46:25] [data] Done shuffling 20,000 sentences to temp files
[2026-07-26 03:46:39] Seen 20,000 samples
[2026-07-26 03:46:39] Starting data epoch 148 in logical epoch 148
[2026-07-26 03:46:39] [data] Shuffling data
[2026-07-26 03:46:40] [data] Done reading 20,000 sentences
[2026-07-26 03:46:40] [data] Done shuffling 20,000 sentences to temp files
[2026-07-26 03:46:48] Seen 20,000 samples
[2026-07-26 03:46:48] Starting data epoch 149 in logical epoch 149
[2026-07-26 03:46:48] [data] Shuffling data
[2026-07-26 03:46:48] [data] Done reading 20,000 sentences
[2026-07-26 03:46:48] [data] Done shuffling 20,000 sentences to temp files
[2026-07-26 03:47:03] Seen 20,000 samples
[2026-07-26 03:47:03] Starting data epoch 150 in logical epoch 150
[2026-07-26 03:47:03] [data] Shuffling data
[2026-07-26 03:47:03] [data] Done reading 20,000 sentences
[2026-07-26 03:47:03] [data] Done shuffling 20,000 sentences to temp files
[2026-07-26 03:47:16] Seen 20,000 samples
[2026-07-26 03:47:16] Starting data epoch 151 in logical epoch 151
[2026-07-26 03:47:16] [data] Shuffling data
[2026-07-26 03:47:16] [data] Done reading 20,000 sentences
[2026-07-26 03:47:16] [data] Done shuffling 20,000 sentences to temp files
[2026-07-26 03:47:35] Seen 20,000 samples
[2026-07-26 03:47:35] Starting data epoch 152 in logical epoch 152
[2026-07-26 03:47:35] [data] Shuffling data
[2026-07-26 03:47:35] [data] Done reading 20,000 sentences
[2026-07-26 03:47:35] [data] Done shuffling 20,000 sentences to temp files
[2026-07-26 03:47:48] Seen 20,000 samples
[2026-07-26 03:47:48] Starting data epoch 153 in logical epoch 153
[2026-07-26 03:47:48] [data] Shuffling data
[2026-07-26 03:47:48] [data] Done reading 20,000 sentences
[2026-07-26 03:47:48] [data] Done shuffling 20,000 sentences to temp files
[2026-07-26 03:48:06] Seen 20,000 samples
[2026-07-26 03:48:06] Starting data epoch 154 in logical epoch 154
[2026-07-26 03:48:06] [data] Shuffling data
[2026-07-26 03:48:06] [data] Done reading 20,000 sentences
[2026-07-26 03:48:06] [data] Done shuffling 20,000 sentences to temp files
[2026-07-26 03:48:19] Seen 20,000 samples
[2026-07-26 03:48:19] Starting data epoch 155 in logical epoch 155
[2026-07-26 03:48:19] [data] Shuffling data
[2026-07-26 03:48:19] [data] Done reading 20,000 sentences
[2026-07-26 03:48:19] [data] Done shuffling 20,000 sentences to temp files
[2026-07-26 03:48:38] Seen 20,000 samples
[2026-07-26 03:48:38] Starting data epoch 156 in logical epoch 156
[2026-07-26 03:48:38] [data] Shuffling data
[2026-07-26 03:48:38] [data] Done reading 20,000 sentences
[2026-07-26 03:48:38] [data] Done shuffling 20,000 sentences to temp files
[2026-07-26 03:48:56] Seen 20,000 samples
[2026-07-26 03:48:56] Starting data epoch 157 in logical epoch 157
[2026-07-26 03:48:56] [data] Shuffling data
[2026-07-26 03:48:56] [data] Done reading 20,000 sentences
[2026-07-26 03:48:56] [data] Done shuffling 20,000 sentences to temp files
[2026-07-26 03:49:11] Seen 20,000 samples
[2026-07-26 03:49:11] Starting data epoch 158 in logical epoch 158
[2026-07-26 03:49:11] [data] Shuffling data
[2026-07-26 03:49:11] [data] Done reading 20,000 sentences
[2026-07-26 03:49:11] [data] Done shuffling 20,000 sentences to temp files
[2026-07-26 03:49:30] Seen 20,000 samples
[2026-07-26 03:49:30] Starting data epoch 159 in logical epoch 159
[2026-07-26 03:49:30] [data] Shuffling data
[2026-07-26 03:49:30] [data] Done reading 20,000 sentences
[2026-07-26 03:49:30] [data] Done shuffling 20,000 sentences to temp files
[2026-07-26 03:49:44] Seen 20,000 samples
[2026-07-26 03:49:44] Starting data epoch 160 in logical epoch 160
[2026-07-26 03:49:44] [data] Shuffling data
[2026-07-26 03:49:44] [data] Done reading 20,000 sentences
[2026-07-26 03:49:44] [data] Done shuffling 20,000 sentences to temp files
[2026-07-26 03:50:02] Seen 20,000 samples
[2026-07-26 03:50:02] Starting data epoch 161 in logical epoch 161
[2026-07-26 03:50:02] [data] Shuffling data
[2026-07-26 03:50:02] [data] Done reading 20,000 sentences
[2026-07-26 03:50:02] [data] Done shuffling 20,000 sentences to temp files
[2026-07-26 03:50:14] Ep. 161 : Up. 4000 : Sen. 14,714 : Cost 1.22860885 * 1,548,208 @ 3,890 after 12,431,398 : Time 339.26s : 4563.46 words/s : gNorm 0.4851 : L.r. 3.0000e-04
[2026-07-26 03:50:20] Seen 20,000 samples
[2026-07-26 03:50:20] Starting data epoch 162 in logical epoch 162
[2026-07-26 03:50:20] [data] Shuffling data
[2026-07-26 03:50:20] [data] Done reading 20,000 sentences
[2026-07-26 03:50:20] [data] Done shuffling 20,000 sentences to temp files
[2026-07-26 03:50:33] Seen 20,000 samples
[2026-07-26 03:50:33] Starting data epoch 163 in logical epoch 163
[2026-07-26 03:50:33] [data] Shuffling data
[2026-07-26 03:50:34] [data] Done reading 20,000 sentences
[2026-07-26 03:50:34] [data] Done shuffling 20,000 sentences to temp files
[2026-07-26 03:50:52] Seen 20,000 samples
[2026-07-26 03:50:52] Starting data epoch 164 in logical epoch 164
[2026-07-26 03:50:52] [data] Shuffling data
[2026-07-26 03:50:52] [data] Done reading 20,000 sentences
[2026-07-26 03:50:52] [data] Done shuffling 20,000 sentences to temp files
[2026-07-26 03:51:05] Seen 20,000 samples
[2026-07-26 03:51:05] Starting data epoch 165 in logical epoch 165
[2026-07-26 03:51:05] [data] Shuffling data
[2026-07-26 03:51:05] [data] Done reading 20,000 sentences
[2026-07-26 03:51:05] [data] Done shuffling 20,000 sentences to temp files
[2026-07-26 03:51:23] Seen 20,000 samples
[2026-07-26 03:51:23] Starting data epoch 166 in logical epoch 166
[2026-07-26 03:51:23] [data] Shuffling data
[2026-07-26 03:51:23] [data] Done reading 20,000 sentences
[2026-07-26 03:51:23] [data] Done shuffling 20,000 sentences to temp files
[2026-07-26 03:51:38] Seen 20,000 samples
[2026-07-26 03:51:38] Starting data epoch 167 in logical epoch 167
[2026-07-26 03:51:38] [data] Shuffling data
[2026-07-26 03:51:38] [data] Done reading 20,000 sentences
[2026-07-26 03:51:38] [data] Done shuffling 20,000 sentences to temp files
[2026-07-26 03:51:58] Seen 20,000 samples
[2026-07-26 03:51:58] Starting data epoch 168 in logical epoch 168
[2026-07-26 03:51:58] [data] Shuffling data
[2026-07-26 03:51:58] [data] Done reading 20,000 sentences
[2026-07-26 03:51:58] [data] Done shuffling 20,000 sentences to temp files
[2026-07-26 03:52:18] Seen 20,000 samples
[2026-07-26 03:52:18] Starting data epoch 169 in logical epoch 169
[2026-07-26 03:52:18] [data] Shuffling data
[2026-07-26 03:52:18] [data] Done reading 20,000 sentences
[2026-07-26 03:52:18] [data] Done shuffling 20,000 sentences to temp files
[2026-07-26 03:52:31] Seen 20,000 samples
[2026-07-26 03:52:31] Starting data epoch 170 in logical epoch 170
[2026-07-26 03:52:31] [data] Shuffling data
[2026-07-26 03:52:31] [data] Done reading 20,000 sentences
[2026-07-26 03:52:31] [data] Done shuffling 20,000 sentences to temp files
[2026-07-26 03:52:50] Seen 20,000 samples
[2026-07-26 03:52:50] Starting data epoch 171 in logical epoch 171
[2026-07-26 03:52:50] [data] Shuffling data
[2026-07-26 03:52:50] [data] Done reading 20,000 sentences
[2026-07-26 03:52:50] [data] Done shuffling 20,000 sentences to temp files
[2026-07-26 03:53:09] Seen 20,000 samples
[2026-07-26 03:53:09] Starting data epoch 172 in logical epoch 172
[2026-07-26 03:53:09] [data] Shuffling data
[2026-07-26 03:53:09] [data] Done reading 20,000 sentences
[2026-07-26 03:53:09] [data] Done shuffling 20,000 sentences to temp files
[2026-07-26 03:53:29] Seen 20,000 samples
[2026-07-26 03:53:29] Starting data epoch 173 in logical epoch 173
[2026-07-26 03:53:29] [data] Shuffling data
[2026-07-26 03:53:29] [data] Done reading 20,000 sentences
[2026-07-26 03:53:29] [data] Done shuffling 20,000 sentences to temp files
[2026-07-26 03:53:44] Seen 20,000 samples
[2026-07-26 03:53:44] Starting data epoch 174 in logical epoch 174
[2026-07-26 03:53:44] [data] Shuffling data
[2026-07-26 03:53:44] [data] Done reading 20,000 sentences
[2026-07-26 03:53:44] [data] Done shuffling 20,000 sentences to temp files
[2026-07-26 03:54:04] Seen 20,000 samples
[2026-07-26 03:54:04] Starting data epoch 175 in logical epoch 175
[2026-07-26 03:54:04] [data] Shuffling data
[2026-07-26 03:54:04] [data] Done reading 20,000 sentences
[2026-07-26 03:54:04] [data] Done shuffling 20,000 sentences to temp files
[2026-07-26 03:54:24] Seen 20,000 samples
[2026-07-26 03:54:24] Starting data epoch 176 in logical epoch 176
[2026-07-26 03:54:24] [data] Shuffling data
[2026-07-26 03:54:24] [data] Done reading 20,000 sentences
[2026-07-26 03:54:24] [data] Done shuffling 20,000 sentences to temp files
[2026-07-26 03:54:38] Seen 20,000 samples
[2026-07-26 03:54:38] Starting data epoch 177 in logical epoch 177
[2026-07-26 03:54:38] [data] Shuffling data
[2026-07-26 03:54:38] [data] Done reading 20,000 sentences
[2026-07-26 03:54:39] [data] Done shuffling 20,000 sentences to temp files
[2026-07-26 03:55:00] Seen 20,000 samples
[2026-07-26 03:55:00] Starting data epoch 178 in logical epoch 178
[2026-07-26 03:55:00] [data] Shuffling data
[2026-07-26 03:55:00] [data] Done reading 20,000 sentences
[2026-07-26 03:55:00] [data] Done shuffling 20,000 sentences to temp files
[2026-07-26 03:55:19] Seen 20,000 samples
[2026-07-26 03:55:19] Starting data epoch 179 in logical epoch 179
[2026-07-26 03:55:19] [data] Shuffling data
[2026-07-26 03:55:19] [data] Done reading 20,000 sentences
[2026-07-26 03:55:19] [data] Done shuffling 20,000 sentences to temp files
[2026-07-26 03:55:38] Seen 20,000 samples
[2026-07-26 03:55:38] Starting data epoch 180 in logical epoch 180
[2026-07-26 03:55:38] [data] Shuffling data
[2026-07-26 03:55:38] [data] Done reading 20,000 sentences
[2026-07-26 03:55:38] [data] Done shuffling 20,000 sentences to temp files
[2026-07-26 03:55:51] Seen 20,000 samples
[2026-07-26 03:55:51] Starting data epoch 181 in logical epoch 181
[2026-07-26 03:55:51] [data] Shuffling data
[2026-07-26 03:55:51] [data] Done reading 20,000 sentences
[2026-07-26 03:55:51] [data] Done shuffling 20,000 sentences to temp files
[2026-07-26 03:56:06] Ep. 181 : Up. 4500 : Sen. 13,757 : Cost 1.21858132 * 1,545,488 @ 5,283 after 13,976,886 : Time 351.86s : 4392.40 words/s : gNorm 0.3860 : L.r. 3.0000e-04
[2026-07-26 03:56:12] Seen 20,000 samples
[2026-07-26 03:56:12] Starting data epoch 182 in logical epoch 182
[2026-07-26 03:56:12] [data] Shuffling data
[2026-07-26 03:56:13] [data] Done reading 20,000 sentences
[2026-07-26 03:56:13] [data] Done shuffling 20,000 sentences to temp files
[2026-07-26 03:56:32] Seen 20,000 samples
[2026-07-26 03:56:32] Starting data epoch 183 in logical epoch 183
[2026-07-26 03:56:32] [data] Shuffling data
[2026-07-26 03:56:32] [data] Done reading 20,000 sentences
[2026-07-26 03:56:32] [data] Done shuffling 20,000 sentences to temp files
[2026-07-26 03:56:46] Seen 20,000 samples
[2026-07-26 03:56:46] Starting data epoch 184 in logical epoch 184
[2026-07-26 03:56:46] [data] Shuffling data
[2026-07-26 03:56:46] [data] Done reading 20,000 sentences
[2026-07-26 03:56:46] [data] Done shuffling 20,000 sentences to temp files
[2026-07-26 03:57:07] Seen 20,000 samples
[2026-07-26 03:57:07] Starting data epoch 185 in logical epoch 185
[2026-07-26 03:57:07] [data] Shuffling data
[2026-07-26 03:57:07] [data] Done reading 20,000 sentences
[2026-07-26 03:57:07] [data] Done shuffling 20,000 sentences to temp files
[2026-07-26 03:57:19] Error: CUDA error 2 'out of memory' - /mnt/d/Job_Requirements/PracticalProjectsFromDrYe/marian/src/tensors/gpu/algorithm.cu:54: cudaStreamSynchronize(0)
[2026-07-26 03:57:19] Error: Aborted from void marian::gpu::fill(marian::Ptr<marian::Backend>, T*, T*, T) [with T = float; marian::Ptr<marian::Backend> = std::shared_ptr<marian::Backend>] in /mnt/d/Job_Requirements/PracticalProjectsFromDrYe/marian/src/tensors/gpu/algorithm.cu:54

[CALL STACK]
[0x5cc9877c2b6c]    void marian::gpu::  fill  <float>(std::shared_ptr<marian::Backend>,  float*,  float*,  float) + 0x68c
[0x5cc986f1662d]    void marian::TensorBase::  set  <float>(float)     + 0x25d
[0x5cc9871f8380]    void marian::  Reduce  <marian::functional::Assignee<1>,IntrusivePtr<marian::TensorBase>>(marian::functional::Assignee<1>,  IntrusivePtr<marian::TensorBase>,  IntrusivePtr<marian::TensorBase>) + 0x20
[0x5cc9871f85c9]    std::_Function_handler<void (),marian::ReduceNodeOp::forwardOps()::{lambda()#1}>::  _M_invoke  (std::_Any_data const&) + 0x89
[0x5cc98729a496]    marian::Node::  forward  ()                        + 0x176
[0x5cc98713c4b9]    marian::ExpressionGraph::  forward  (std::__cxx11::list<IntrusivePtr<marian::Chainable<IntrusivePtr<marian::TensorBase>>>,std::allocator<IntrusivePtr<marian::Chainable<IntrusivePtr<marian::TensorBase>>>>>&,  bool) + 0x1e9
[0x5cc9874562c0]                                                       + 0x9a52c0
[0x5cc9874676be]    bool marian::DefaultCommunicator::  foreachAcc  <bool>(std::function<bool (unsigned long,unsigned long,unsigned long)> const&,  std::function<void (bool&,bool)> const&,  bool,  bool) const + 0x9ce
[0x5cc9874683d0]    marian::DefaultCommunicator::  foreach  (std::function<bool (unsigned long,unsigned long,unsigned long)> const&,  bool) const + 0x50
[0x5cc987459469]    marian::SyncGraphGroup::  update  (std::vector<std::shared_ptr<marian::data::Batch>,std::allocator<std::shared_ptr<marian::data::Batch>>>,  unsigned long) + 0x5b9
[0x5cc98745aac3]    marian::SyncGraphGroup::  update  (std::shared_ptr<marian::data::Batch>) + 0x203
[0x5cc986f44185]    marian::Train<marian::SyncGraphGroup>::  run  ()   + 0xc95
[0x5cc986e620fc]    mainTrainer  (int,  char**)                        + 0x3cc
[0x747e42629d90]                                                       + 0x29d90
[0x747e42629e40]    __libc_start_main                                  + 0x80
[0x5cc986e5ac55]    _start                                             + 0x25

[2026-07-26 17:19:02] [marian] Marian v1.12.0 65bf82ff 2023-02-21 09:56:29 -0800
[2026-07-26 17:19:02] [marian] Running on LAPTOP-9DLBHLIH as process 7813 with command line:
[2026-07-26 17:19:02] [marian] /mnt/d/Job_Requirements/PracticalProjectsFromDrYe/marian/build/marian --config /d/Job_Requirements/PracticalProjectsFromDrYe/AIE-F/assignment-submission/class-22/TheinGiKyaw_Assignment7/model.transformer.warmup4000_dropout01.phmy/config.yml
[2026-07-26 17:19:02] [config] after: 0e
[2026-07-26 17:19:02] [config] after-batches: 0
[2026-07-26 17:19:02] [config] after-epochs: 0
[2026-07-26 17:19:02] [config] all-caps-every: 0
[2026-07-26 17:19:02] [config] allow-unk: false
[2026-07-26 17:19:02] [config] authors: false
[2026-07-26 17:19:02] [config] beam-size: 6
[2026-07-26 17:19:02] [config] bert-class-symbol: "[CLS]"
[2026-07-26 17:19:02] [config] bert-mask-symbol: "[MASK]"
[2026-07-26 17:19:02] [config] bert-masking-fraction: 0.15
[2026-07-26 17:19:02] [config] bert-sep-symbol: "[SEP]"
[2026-07-26 17:19:02] [config] bert-train-type-embeddings: true
[2026-07-26 17:19:02] [config] bert-type-vocab-size: 2
[2026-07-26 17:19:02] [config] build-info: ""
[2026-07-26 17:19:02] [config] check-gradient-nan: false
[2026-07-26 17:19:02] [config] check-nan: false
[2026-07-26 17:19:02] [config] cite: false
[2026-07-26 17:19:02] [config] clip-norm: 5
[2026-07-26 17:19:02] [config] cost-scaling:
[2026-07-26 17:19:02] [config]   []
[2026-07-26 17:19:02] [config] cost-type: ce-sum
[2026-07-26 17:19:02] [config] cpu-threads: 0
[2026-07-26 17:19:02] [config] data-threads: 8
[2026-07-26 17:19:02] [config] data-weighting: ""
[2026-07-26 17:19:02] [config] data-weighting-type: sentence
[2026-07-26 17:19:02] [config] dec-cell: gru
[2026-07-26 17:19:02] [config] dec-cell-base-depth: 2
[2026-07-26 17:19:02] [config] dec-cell-high-depth: 1
[2026-07-26 17:19:02] [config] dec-depth: 2
[2026-07-26 17:19:02] [config] devices:
[2026-07-26 17:19:02] [config]   - 0
[2026-07-26 17:19:02] [config] dim-emb: 512
[2026-07-26 17:19:02] [config] dim-rnn: 1024
[2026-07-26 17:19:02] [config] dim-vocabs:
[2026-07-26 17:19:02] [config]   - 0
[2026-07-26 17:19:02] [config]   - 0
[2026-07-26 17:19:02] [config] disp-first: 0
[2026-07-26 17:19:02] [config] disp-freq: 500
[2026-07-26 17:19:02] [config] disp-label-counts: true
[2026-07-26 17:19:02] [config] dropout-rnn: 0
[2026-07-26 17:19:02] [config] dropout-src: 0
[2026-07-26 17:19:02] [config] dropout-trg: 0
[2026-07-26 17:19:02] [config] dump-config: ""
[2026-07-26 17:19:02] [config] dynamic-gradient-scaling:
[2026-07-26 17:19:02] [config]   []
[2026-07-26 17:19:02] [config] early-stopping: 10
[2026-07-26 17:19:02] [config] early-stopping-on: first
[2026-07-26 17:19:02] [config] embedding-fix-src: false
[2026-07-26 17:19:02] [config] embedding-fix-trg: false
[2026-07-26 17:19:02] [config] embedding-normalization: false
[2026-07-26 17:19:02] [config] embedding-vectors:
[2026-07-26 17:19:02] [config]   []
[2026-07-26 17:19:02] [config] enc-cell: gru
[2026-07-26 17:19:02] [config] enc-cell-depth: 1
[2026-07-26 17:19:02] [config] enc-depth: 2
[2026-07-26 17:19:02] [config] enc-type: bidirectional
[2026-07-26 17:19:02] [config] english-title-case-every: 0
[2026-07-26 17:19:02] [config] exponential-smoothing: 0
[2026-07-26 17:19:02] [config] factor-weight: 1
[2026-07-26 17:19:02] [config] factors-combine: sum
[2026-07-26 17:19:02] [config] factors-dim-emb: 0
[2026-07-26 17:19:02] [config] gradient-checkpointing: false
[2026-07-26 17:19:02] [config] gradient-norm-average-window: 100
[2026-07-26 17:19:02] [config] guided-alignment: none
[2026-07-26 17:19:02] [config] guided-alignment-cost: ce
[2026-07-26 17:19:02] [config] guided-alignment-weight: 0.1
[2026-07-26 17:19:02] [config] ignore-model-config: false
[2026-07-26 17:19:02] [config] input-types:
[2026-07-26 17:19:02] [config]   []
[2026-07-26 17:19:02] [config] interpolate-env-vars: false
[2026-07-26 17:19:02] [config] keep-best: true
[2026-07-26 17:19:02] [config] label-smoothing: 0.1
[2026-07-26 17:19:02] [config] layer-normalization: false
[2026-07-26 17:19:02] [config] learn-rate: 0.0003
[2026-07-26 17:19:02] [config] lemma-dependency: ""
[2026-07-26 17:19:02] [config] lemma-dim-emb: 0
[2026-07-26 17:19:02] [config] log: /d/Job_Requirements/PracticalProjectsFromDrYe/AIE-F/assignment-submission/class-22/TheinGiKyaw_Assignment7/model.transformer.warmup4000_dropout01.phmy/train.log
[2026-07-26 17:19:02] [config] log-level: info
[2026-07-26 17:19:02] [config] log-time-zone: ""
[2026-07-26 17:19:02] [config] logical-epoch:
[2026-07-26 17:19:02] [config]   - 1e
[2026-07-26 17:19:02] [config]   - 0
[2026-07-26 17:19:02] [config] lr-decay: 0
[2026-07-26 17:19:02] [config] lr-decay-freq: 50000
[2026-07-26 17:19:02] [config] lr-decay-inv-sqrt:
[2026-07-26 17:19:02] [config]   - 16000
[2026-07-26 17:19:02] [config] lr-decay-repeat-warmup: false
[2026-07-26 17:19:02] [config] lr-decay-reset-optimizer: false
[2026-07-26 17:19:02] [config] lr-decay-start:
[2026-07-26 17:19:02] [config]   - 10
[2026-07-26 17:19:02] [config]   - 1
[2026-07-26 17:19:02] [config] lr-decay-strategy: epoch+stalled
[2026-07-26 17:19:02] [config] lr-report: true
[2026-07-26 17:19:02] [config] lr-warmup: 4000
[2026-07-26 17:19:02] [config] lr-warmup-at-reload: false
[2026-07-26 17:19:02] [config] lr-warmup-cycle: false
[2026-07-26 17:19:02] [config] lr-warmup-start-rate: 0
[2026-07-26 17:19:02] [config] max-length: 100
[2026-07-26 17:19:02] [config] max-length-crop: false
[2026-07-26 17:19:02] [config] max-length-factor: 3
[2026-07-26 17:19:02] [config] maxi-batch: 100
[2026-07-26 17:19:02] [config] maxi-batch-sort: trg
[2026-07-26 17:19:02] [config] mini-batch: 64
[2026-07-26 17:19:02] [config] mini-batch-fit: true
[2026-07-26 17:19:02] [config] mini-batch-fit-step: 10
[2026-07-26 17:19:02] [config] mini-batch-round-up: true
[2026-07-26 17:19:02] [config] mini-batch-track-lr: false
[2026-07-26 17:19:02] [config] mini-batch-warmup: 0
[2026-07-26 17:19:02] [config] mini-batch-words: 0
[2026-07-26 17:19:02] [config] mini-batch-words-ref: 0
[2026-07-26 17:19:02] [config] model: /d/Job_Requirements/PracticalProjectsFromDrYe/AIE-F/assignment-submission/class-22/TheinGiKyaw_Assignment7/model.transformer.warmup4000_dropout01.phmy/model.npz
[2026-07-26 17:19:02] [config] multi-loss-type: sum
[2026-07-26 17:19:02] [config] n-best: false
[2026-07-26 17:19:02] [config] no-reload: false
[2026-07-26 17:19:02] [config] no-restore-corpus: false
[2026-07-26 17:19:02] [config] normalize: 0.6
[2026-07-26 17:19:02] [config] normalize-gradient: false
[2026-07-26 17:19:02] [config] num-devices: 0
[2026-07-26 17:19:02] [config] optimizer: adam
[2026-07-26 17:19:02] [config] optimizer-delay: 1
[2026-07-26 17:19:02] [config] optimizer-params:
[2026-07-26 17:19:02] [config]   []
[2026-07-26 17:19:02] [config] output-omit-bias: false
[2026-07-26 17:19:02] [config] overwrite: true
[2026-07-26 17:19:02] [config] precision:
[2026-07-26 17:19:02] [config]   - float32
[2026-07-26 17:19:02] [config]   - float32
[2026-07-26 17:19:02] [config] pretrained-model: ""
[2026-07-26 17:19:02] [config] quantize-biases: false
[2026-07-26 17:19:02] [config] quantize-bits: 0
[2026-07-26 17:19:02] [config] quantize-log-based: false
[2026-07-26 17:19:02] [config] quantize-optimization-steps: 0
[2026-07-26 17:19:02] [config] quiet: false
[2026-07-26 17:19:02] [config] quiet-translation: true
[2026-07-26 17:19:02] [config] relative-paths: false
[2026-07-26 17:19:02] [config] right-left: false
[2026-07-26 17:19:02] [config] save-freq: 5000
[2026-07-26 17:19:02] [config] seed: 1111
[2026-07-26 17:19:02] [config] sentencepiece-alphas:
[2026-07-26 17:19:02] [config]   []
[2026-07-26 17:19:02] [config] sentencepiece-max-lines: 2000000
[2026-07-26 17:19:02] [config] sentencepiece-options: ""
[2026-07-26 17:19:02] [config] shuffle: data
[2026-07-26 17:19:02] [config] shuffle-in-ram: false
[2026-07-26 17:19:02] [config] sigterm: save-and-exit
[2026-07-26 17:19:02] [config] skip: false
[2026-07-26 17:19:02] [config] sqlite: ""
[2026-07-26 17:19:02] [config] sqlite-drop: false
[2026-07-26 17:19:02] [config] sync-sgd: false
[2026-07-26 17:19:02] [config] tempdir: /tmp
[2026-07-26 17:19:02] [config] tied-embeddings: false
[2026-07-26 17:19:02] [config] tied-embeddings-all: true
[2026-07-26 17:19:02] [config] tied-embeddings-src: false
[2026-07-26 17:19:02] [config] train-embedder-rank:
[2026-07-26 17:19:02] [config]   []
[2026-07-26 17:19:02] [config] train-sets:
[2026-07-26 17:19:02] [config]   - /d/Job_Requirements/PracticalProjectsFromDrYe/AIE-F/assignment-submission/class-22/TheinGiKyaw_Assignment7/g2p-par/train.ph
[2026-07-26 17:19:02] [config]   - /d/Job_Requirements/PracticalProjectsFromDrYe/AIE-F/assignment-submission/class-22/TheinGiKyaw_Assignment7/g2p-par/train.my
[2026-07-26 17:19:02] [config] transformer-aan-activation: swish
[2026-07-26 17:19:02] [config] transformer-aan-depth: 2
[2026-07-26 17:19:02] [config] transformer-aan-nogate: false
[2026-07-26 17:19:02] [config] transformer-decoder-autoreg: self-attention
[2026-07-26 17:19:02] [config] transformer-decoder-dim-ffn: 0
[2026-07-26 17:19:02] [config] transformer-decoder-ffn-depth: 0
[2026-07-26 17:19:02] [config] transformer-depth-scaling: false
[2026-07-26 17:19:02] [config] transformer-dim-aan: 2048
[2026-07-26 17:19:02] [config] transformer-dim-ffn: 2048
[2026-07-26 17:19:02] [config] transformer-dropout: 0.1
[2026-07-26 17:19:02] [config] transformer-dropout-attention: 0
[2026-07-26 17:19:02] [config] transformer-dropout-ffn: 0
[2026-07-26 17:19:02] [config] transformer-ffn-activation: swish
[2026-07-26 17:19:02] [config] transformer-ffn-depth: 2
[2026-07-26 17:19:02] [config] transformer-guided-alignment-layer: last
[2026-07-26 17:19:02] [config] transformer-heads: 8
[2026-07-26 17:19:02] [config] transformer-no-projection: false
[2026-07-26 17:19:02] [config] transformer-pool: false
[2026-07-26 17:19:02] [config] transformer-postprocess: dan
[2026-07-26 17:19:02] [config] transformer-postprocess-emb: d
[2026-07-26 17:19:02] [config] transformer-postprocess-top: ""
[2026-07-26 17:19:02] [config] transformer-preprocess: ""
[2026-07-26 17:19:02] [config] transformer-rnn-projection: false
[2026-07-26 17:19:02] [config] transformer-tied-layers:
[2026-07-26 17:19:02] [config]   []
[2026-07-26 17:19:02] [config] transformer-train-position-embeddings: false
[2026-07-26 17:19:02] [config] tsv: false
[2026-07-26 17:19:02] [config] tsv-fields: 0
[2026-07-26 17:19:02] [config] type: transformer
[2026-07-26 17:19:02] [config] ulr: false
[2026-07-26 17:19:02] [config] ulr-dim-emb: 0
[2026-07-26 17:19:02] [config] ulr-dropout: 0
[2026-07-26 17:19:02] [config] ulr-keys-vectors: ""
[2026-07-26 17:19:02] [config] ulr-query-vectors: ""
[2026-07-26 17:19:02] [config] ulr-softmax-temperature: 1
[2026-07-26 17:19:02] [config] ulr-trainable-transformation: false
[2026-07-26 17:19:02] [config] unlikelihood-loss: false
[2026-07-26 17:19:02] [config] valid-freq: 5000
[2026-07-26 17:19:02] [config] valid-log: /d/Job_Requirements/PracticalProjectsFromDrYe/AIE-F/assignment-submission/class-22/TheinGiKyaw_Assignment7/model.transformer.warmup4000_dropout01.phmy/valid.log
[2026-07-26 17:19:02] [config] valid-max-length: 1000
[2026-07-26 17:19:02] [config] valid-metrics:
[2026-07-26 17:19:02] [config]   - cross-entropy
[2026-07-26 17:19:02] [config]   - perplexity
[2026-07-26 17:19:02] [config]   - bleu
[2026-07-26 17:19:02] [config] valid-mini-batch: 32
[2026-07-26 17:19:02] [config] valid-reset-all: false
[2026-07-26 17:19:02] [config] valid-reset-stalled: false
[2026-07-26 17:19:02] [config] valid-script-args:
[2026-07-26 17:19:02] [config]   []
[2026-07-26 17:19:02] [config] valid-script-path: ""
[2026-07-26 17:19:02] [config] valid-sets:
[2026-07-26 17:19:02] [config]   - /d/Job_Requirements/PracticalProjectsFromDrYe/AIE-F/assignment-submission/class-22/TheinGiKyaw_Assignment7/g2p-par/dev.ph
[2026-07-26 17:19:02] [config]   - /d/Job_Requirements/PracticalProjectsFromDrYe/AIE-F/assignment-submission/class-22/TheinGiKyaw_Assignment7/g2p-par/dev.my
[2026-07-26 17:19:02] [config] valid-translation-output: /d/Job_Requirements/PracticalProjectsFromDrYe/AIE-F/assignment-submission/class-22/TheinGiKyaw_Assignment7/model.transformer.warmup4000_dropout01.phmy/valid.ph-my.output
[2026-07-26 17:19:02] [config] vocabs:
[2026-07-26 17:19:02] [config]   - /d/Job_Requirements/PracticalProjectsFromDrYe/AIE-F/assignment-submission/class-22/TheinGiKyaw_Assignment7/g2p-par/vocab/vocab.shared.yml
[2026-07-26 17:19:02] [config]   - /d/Job_Requirements/PracticalProjectsFromDrYe/AIE-F/assignment-submission/class-22/TheinGiKyaw_Assignment7/g2p-par/vocab/vocab.shared.yml
[2026-07-26 17:19:02] [config] word-penalty: 0
[2026-07-26 17:19:02] [config] word-scores: false
[2026-07-26 17:19:02] [config] workspace: 3000
[2026-07-26 17:19:02] [config] Model is being created with Marian v1.12.0 65bf82ff 2023-02-21 09:56:29 -0800
[2026-07-26 17:19:02] [training] Using single-device training
[2026-07-26 17:19:02] [comm] Compiled without MPI support. Running as a single process on LAPTOP-9DLBHLIH
[2026-07-26 17:19:02] Synced seed 1111
[2026-07-26 17:19:02] [data] Loading vocabulary from JSON/Yaml file /d/Job_Requirements/PracticalProjectsFromDrYe/AIE-F/assignment-submission/class-22/TheinGiKyaw_Assignment7/g2p-par/vocab/vocab.shared.yml
[2026-07-26 17:19:02] [data] Setting vocabulary size for input 0 to 4,148
[2026-07-26 17:19:02] [data] Loading vocabulary from JSON/Yaml file /d/Job_Requirements/PracticalProjectsFromDrYe/AIE-F/assignment-submission/class-22/TheinGiKyaw_Assignment7/g2p-par/vocab/vocab.shared.yml
[2026-07-26 17:19:02] [data] Setting vocabulary size for input 1 to 4,148
[2026-07-26 17:19:02] [batching] Collecting statistics for batch fitting with step size 10
[2026-07-26 17:19:03] [memory] Extending reserved space to 3072 MB (device gpu0)
[2026-07-26 17:19:03] [training] Using 1 GPUs
[2026-07-26 17:19:03] [logits] Applying loss function for 1 factor(s)
[2026-07-26 17:19:03] [memory] Reserving 64 MB, device gpu0
[2026-07-26 17:19:03] [gpu] 16-bit TensorCores enabled for float32 matrix operations
[2026-07-26 17:19:03] [memory] Reserving 64 MB, device gpu0
[2026-07-26 17:19:12] [batching] Done. Typical MB size is 8,861 target words
[2026-07-26 17:19:12] [memory] Extending reserved space to 3072 MB (device gpu0)
[2026-07-26 17:19:12] [training] Using 1 GPUs
[2026-07-26 17:19:12] Training started
[2026-07-26 17:19:12] [data] Shuffling data
[2026-07-26 17:19:12] [data] Done reading 20,000 sentences
[2026-07-26 17:19:12] [data] Done shuffling 20,000 sentences to temp files
[2026-07-26 17:19:12] [training] Batches are processed as 1 process(es) x 1 devices/process
[2026-07-26 17:19:12] [memory] Reserving 64 MB, device gpu0
[2026-07-26 17:19:12] [memory] Reserving 64 MB, device gpu0
[2026-07-26 17:19:12] [memory] Reserving 64 MB, device gpu0
[2026-07-26 17:19:12] Parameter type float32, optimization type float32, casting types false
[2026-07-26 17:19:12] Allocating memory for Adam-specific shards
[2026-07-26 17:19:12] [memory] Reserving 128 MB, device gpu0
[2026-07-26 17:19:14] Seen 20,000 samples
[2026-07-26 17:19:14] Starting data epoch 2 in logical epoch 2
[2026-07-26 17:19:14] [data] Shuffling data
[2026-07-26 17:19:14] [data] Done reading 20,000 sentences
[2026-07-26 17:19:14] [data] Done shuffling 20,000 sentences to temp files
[2026-07-26 17:19:16] Seen 20,000 samples
[2026-07-26 17:19:16] Starting data epoch 3 in logical epoch 3
[2026-07-26 17:19:16] [data] Shuffling data
[2026-07-26 17:19:16] [data] Done reading 20,000 sentences
[2026-07-26 17:19:16] [data] Done shuffling 20,000 sentences to temp files
[2026-07-26 17:19:18] Seen 20,000 samples
[2026-07-26 17:19:18] Starting data epoch 4 in logical epoch 4
[2026-07-26 17:19:18] [data] Shuffling data
[2026-07-26 17:19:18] [data] Done reading 20,000 sentences
[2026-07-26 17:19:18] [data] Done shuffling 20,000 sentences to temp files
[2026-07-26 17:19:21] Seen 20,000 samples
[2026-07-26 17:19:21] Starting data epoch 5 in logical epoch 5
[2026-07-26 17:19:21] [data] Shuffling data
[2026-07-26 17:19:21] [data] Done reading 20,000 sentences
[2026-07-26 17:19:21] [data] Done shuffling 20,000 sentences to temp files
[2026-07-26 17:19:23] Seen 20,000 samples
[2026-07-26 17:19:23] Starting data epoch 6 in logical epoch 6
[2026-07-26 17:19:23] [data] Shuffling data
[2026-07-26 17:19:23] [data] Done reading 20,000 sentences
[2026-07-26 17:19:23] [data] Done shuffling 20,000 sentences to temp files
[2026-07-26 17:19:25] Seen 20,000 samples
[2026-07-26 17:19:25] Starting data epoch 7 in logical epoch 7
[2026-07-26 17:19:25] [data] Shuffling data
[2026-07-26 17:19:25] [data] Done reading 20,000 sentences
[2026-07-26 17:19:25] [data] Done shuffling 20,000 sentences to temp files
[2026-07-26 17:19:27] Seen 20,000 samples
[2026-07-26 17:19:27] Starting data epoch 8 in logical epoch 8
[2026-07-26 17:19:27] [data] Shuffling data
[2026-07-26 17:19:27] [data] Done reading 20,000 sentences
[2026-07-26 17:19:27] [data] Done shuffling 20,000 sentences to temp files
[2026-07-26 17:19:29] Seen 20,000 samples
[2026-07-26 17:19:29] Starting data epoch 9 in logical epoch 9
[2026-07-26 17:19:29] [data] Shuffling data
[2026-07-26 17:19:29] [data] Done reading 20,000 sentences
[2026-07-26 17:19:29] [data] Done shuffling 20,000 sentences to temp files
[2026-07-26 17:19:31] Seen 20,000 samples
[2026-07-26 17:19:31] Starting data epoch 10 in logical epoch 10
[2026-07-26 17:19:31] [data] Shuffling data
[2026-07-26 17:19:31] [data] Done reading 20,000 sentences
[2026-07-26 17:19:31] [data] Done shuffling 20,000 sentences to temp files
[2026-07-26 17:19:33] Seen 20,000 samples
[2026-07-26 17:19:33] Starting data epoch 11 in logical epoch 11
[2026-07-26 17:19:33] [data] Shuffling data
[2026-07-26 17:19:33] [data] Done reading 20,000 sentences
[2026-07-26 17:19:33] [data] Done shuffling 20,000 sentences to temp files
[2026-07-26 17:19:35] Seen 20,000 samples
[2026-07-26 17:19:35] Starting data epoch 12 in logical epoch 12
[2026-07-26 17:19:35] [data] Shuffling data
[2026-07-26 17:19:35] [data] Done reading 20,000 sentences
[2026-07-26 17:19:36] [data] Done shuffling 20,000 sentences to temp files
[2026-07-26 17:19:38] Seen 20,000 samples
[2026-07-26 17:19:38] Starting data epoch 13 in logical epoch 13
[2026-07-26 17:19:38] [data] Shuffling data
[2026-07-26 17:19:38] [data] Done reading 20,000 sentences
[2026-07-26 17:19:38] [data] Done shuffling 20,000 sentences to temp files
[2026-07-26 17:19:40] Seen 20,000 samples
[2026-07-26 17:19:40] Starting data epoch 14 in logical epoch 14
[2026-07-26 17:19:40] [data] Shuffling data
[2026-07-26 17:19:40] [data] Done reading 20,000 sentences
[2026-07-26 17:19:40] [data] Done shuffling 20,000 sentences to temp files
[2026-07-26 17:19:42] Seen 20,000 samples
[2026-07-26 17:19:42] Starting data epoch 15 in logical epoch 15
[2026-07-26 17:19:42] [data] Shuffling data
[2026-07-26 17:19:42] [data] Done reading 20,000 sentences
[2026-07-26 17:19:42] [data] Done shuffling 20,000 sentences to temp files
[2026-07-26 17:19:44] Seen 20,000 samples
[2026-07-26 17:19:44] Starting data epoch 16 in logical epoch 16
[2026-07-26 17:19:44] [data] Shuffling data
[2026-07-26 17:19:44] [data] Done reading 20,000 sentences
[2026-07-26 17:19:44] [data] Done shuffling 20,000 sentences to temp files
[2026-07-26 17:19:46] Seen 20,000 samples
[2026-07-26 17:19:46] Starting data epoch 17 in logical epoch 17
[2026-07-26 17:19:46] [data] Shuffling data
[2026-07-26 17:19:46] [data] Done reading 20,000 sentences
[2026-07-26 17:19:46] [data] Done shuffling 20,000 sentences to temp files
[2026-07-26 17:19:49] Seen 20,000 samples
[2026-07-26 17:19:49] Starting data epoch 18 in logical epoch 18
[2026-07-26 17:19:49] [data] Shuffling data
[2026-07-26 17:19:49] [data] Done reading 20,000 sentences
[2026-07-26 17:19:49] [data] Done shuffling 20,000 sentences to temp files
[2026-07-26 17:19:51] Seen 20,000 samples
[2026-07-26 17:19:51] Starting data epoch 19 in logical epoch 19
[2026-07-26 17:19:51] [data] Shuffling data
[2026-07-26 17:19:51] [data] Done reading 20,000 sentences
[2026-07-26 17:19:51] [data] Done shuffling 20,000 sentences to temp files
[2026-07-26 17:19:53] Seen 20,000 samples
[2026-07-26 17:19:53] Starting data epoch 20 in logical epoch 20
[2026-07-26 17:19:53] [data] Shuffling data
[2026-07-26 17:19:53] [data] Done reading 20,000 sentences
[2026-07-26 17:19:53] [data] Done shuffling 20,000 sentences to temp files
[2026-07-26 17:19:56] Seen 20,000 samples
[2026-07-26 17:19:56] Starting data epoch 21 in logical epoch 21
[2026-07-26 17:19:56] [data] Shuffling data
[2026-07-26 17:19:56] [data] Done reading 20,000 sentences
[2026-07-26 17:19:56] [data] Done shuffling 20,000 sentences to temp files
[2026-07-26 17:19:56] Ep. 21 : Up. 500 : Sen. 2,871 : Cost 5.76098251 * 1,556,790 @ 2,871 after 1,556,790 : Time 44.01s : 35376.38 words/s : gNorm 3.4918 : L.r. 3.7500e-05
[2026-07-26 17:19:58] Seen 20,000 samples
[2026-07-26 17:19:58] Starting data epoch 22 in logical epoch 22
[2026-07-26 17:19:58] [data] Shuffling data
[2026-07-26 17:19:58] [data] Done reading 20,000 sentences
[2026-07-26 17:19:58] [data] Done shuffling 20,000 sentences to temp files
[2026-07-26 17:20:00] Seen 20,000 samples
[2026-07-26 17:20:00] Starting data epoch 23 in logical epoch 23
[2026-07-26 17:20:00] [data] Shuffling data
[2026-07-26 17:20:00] [data] Done reading 20,000 sentences
[2026-07-26 17:20:00] [data] Done shuffling 20,000 sentences to temp files
[2026-07-26 17:20:03] Seen 20,000 samples
[2026-07-26 17:20:03] Starting data epoch 24 in logical epoch 24
[2026-07-26 17:20:03] [data] Shuffling data
[2026-07-26 17:20:03] [data] Done reading 20,000 sentences
[2026-07-26 17:20:03] [data] Done shuffling 20,000 sentences to temp files
[2026-07-26 17:20:05] Seen 20,000 samples
[2026-07-26 17:20:05] Starting data epoch 25 in logical epoch 25
[2026-07-26 17:20:05] [data] Shuffling data
[2026-07-26 17:20:05] [data] Done reading 20,000 sentences
[2026-07-26 17:20:05] [data] Done shuffling 20,000 sentences to temp files
[2026-07-26 17:20:07] Seen 20,000 samples
[2026-07-26 17:20:07] Starting data epoch 26 in logical epoch 26
[2026-07-26 17:20:07] [data] Shuffling data
[2026-07-26 17:20:07] [data] Done reading 20,000 sentences
[2026-07-26 17:20:07] [data] Done shuffling 20,000 sentences to temp files
[2026-07-26 17:20:10] Seen 20,000 samples
[2026-07-26 17:20:10] Starting data epoch 27 in logical epoch 27
[2026-07-26 17:20:10] [data] Shuffling data
[2026-07-26 17:20:10] [data] Done reading 20,000 sentences
[2026-07-26 17:20:10] [data] Done shuffling 20,000 sentences to temp files
[2026-07-26 17:20:12] Seen 20,000 samples
[2026-07-26 17:20:12] Starting data epoch 28 in logical epoch 28
[2026-07-26 17:20:12] [data] Shuffling data
[2026-07-26 17:20:12] [data] Done reading 20,000 sentences
[2026-07-26 17:20:12] [data] Done shuffling 20,000 sentences to temp files
[2026-07-26 17:20:14] Seen 20,000 samples
[2026-07-26 17:20:14] Starting data epoch 29 in logical epoch 29
[2026-07-26 17:20:14] [data] Shuffling data
[2026-07-26 17:20:14] [data] Done reading 20,000 sentences
[2026-07-26 17:20:14] [data] Done shuffling 20,000 sentences to temp files
[2026-07-26 17:20:17] Seen 20,000 samples
[2026-07-26 17:20:17] Starting data epoch 30 in logical epoch 30
[2026-07-26 17:20:17] [data] Shuffling data
[2026-07-26 17:20:17] [data] Done reading 20,000 sentences
[2026-07-26 17:20:17] [data] Done shuffling 20,000 sentences to temp files
[2026-07-26 17:20:19] Seen 20,000 samples
[2026-07-26 17:20:19] Starting data epoch 31 in logical epoch 31
[2026-07-26 17:20:19] [data] Shuffling data
[2026-07-26 17:20:19] [data] Done reading 20,000 sentences
[2026-07-26 17:20:19] [data] Done shuffling 20,000 sentences to temp files
[2026-07-26 17:20:21] Seen 20,000 samples
[2026-07-26 17:20:21] Starting data epoch 32 in logical epoch 32
[2026-07-26 17:20:21] [data] Shuffling data
[2026-07-26 17:20:21] [data] Done reading 20,000 sentences
[2026-07-26 17:20:22] [data] Done shuffling 20,000 sentences to temp files
[2026-07-26 17:20:24] Seen 20,000 samples
[2026-07-26 17:20:24] Starting data epoch 33 in logical epoch 33
[2026-07-26 17:20:24] [data] Shuffling data
[2026-07-26 17:20:24] [data] Done reading 20,000 sentences
[2026-07-26 17:20:24] [data] Done shuffling 20,000 sentences to temp files
[2026-07-26 17:20:26] Seen 20,000 samples
[2026-07-26 17:20:26] Starting data epoch 34 in logical epoch 34
[2026-07-26 17:20:26] [data] Shuffling data
[2026-07-26 17:20:26] [data] Done reading 20,000 sentences
[2026-07-26 17:20:26] [data] Done shuffling 20,000 sentences to temp files
[2026-07-26 17:20:29] Seen 20,000 samples
[2026-07-26 17:20:29] Starting data epoch 35 in logical epoch 35
[2026-07-26 17:20:29] [data] Shuffling data
[2026-07-26 17:20:29] [data] Done reading 20,000 sentences
[2026-07-26 17:20:29] [data] Done shuffling 20,000 sentences to temp files
[2026-07-26 17:20:31] Seen 20,000 samples
[2026-07-26 17:20:31] Starting data epoch 36 in logical epoch 36
[2026-07-26 17:20:31] [data] Shuffling data
[2026-07-26 17:20:31] [data] Done reading 20,000 sentences
[2026-07-26 17:20:31] [data] Done shuffling 20,000 sentences to temp files
[2026-07-26 17:20:33] Seen 20,000 samples
[2026-07-26 17:20:33] Starting data epoch 37 in logical epoch 37
[2026-07-26 17:20:33] [data] Shuffling data
[2026-07-26 17:20:33] [data] Done reading 20,000 sentences
[2026-07-26 17:20:33] [data] Done shuffling 20,000 sentences to temp files
[2026-07-26 17:20:36] Seen 20,000 samples
[2026-07-26 17:20:36] Starting data epoch 38 in logical epoch 38
[2026-07-26 17:20:36] [data] Shuffling data
[2026-07-26 17:20:36] [data] Done reading 20,000 sentences
[2026-07-26 17:20:36] [data] Done shuffling 20,000 sentences to temp files
[2026-07-26 17:20:38] Seen 20,000 samples
[2026-07-26 17:20:38] Starting data epoch 39 in logical epoch 39
[2026-07-26 17:20:38] [data] Shuffling data
[2026-07-26 17:20:38] [data] Done reading 20,000 sentences
[2026-07-26 17:20:38] [data] Done shuffling 20,000 sentences to temp files
[2026-07-26 17:20:40] Seen 20,000 samples
[2026-07-26 17:20:40] Starting data epoch 40 in logical epoch 40
[2026-07-26 17:20:40] [data] Shuffling data
[2026-07-26 17:20:40] [data] Done reading 20,000 sentences
[2026-07-26 17:20:40] [data] Done shuffling 20,000 sentences to temp files
[2026-07-26 17:20:43] Seen 20,000 samples
[2026-07-26 17:20:43] Starting data epoch 41 in logical epoch 41
[2026-07-26 17:20:43] [data] Shuffling data
[2026-07-26 17:20:43] [data] Done reading 20,000 sentences
[2026-07-26 17:20:43] [data] Done shuffling 20,000 sentences to temp files
[2026-07-26 17:20:43] Ep. 41 : Up. 1000 : Sen. 5,930 : Cost 2.78044415 * 1,558,931 @ 2,871 after 3,115,721 : Time 47.45s : 32854.31 words/s : gNorm 5.8683 : L.r. 7.5000e-05
[2026-07-26 17:20:45] Seen 20,000 samples
[2026-07-26 17:20:45] Starting data epoch 42 in logical epoch 42
[2026-07-26 17:20:45] [data] Shuffling data
[2026-07-26 17:20:45] [data] Done reading 20,000 sentences
[2026-07-26 17:20:45] [data] Done shuffling 20,000 sentences to temp files
[2026-07-26 17:20:47] Seen 20,000 samples
[2026-07-26 17:20:47] Starting data epoch 43 in logical epoch 43
[2026-07-26 17:20:47] [data] Shuffling data
[2026-07-26 17:20:48] [data] Done reading 20,000 sentences
[2026-07-26 17:20:48] [data] Done shuffling 20,000 sentences to temp files
[2026-07-26 17:20:50] Seen 20,000 samples
[2026-07-26 17:20:50] Starting data epoch 44 in logical epoch 44
[2026-07-26 17:20:50] [data] Shuffling data
[2026-07-26 17:20:50] [data] Done reading 20,000 sentences
[2026-07-26 17:20:50] [data] Done shuffling 20,000 sentences to temp files
[2026-07-26 17:20:52] Seen 20,000 samples
[2026-07-26 17:20:52] Starting data epoch 45 in logical epoch 45
[2026-07-26 17:20:52] [data] Shuffling data
[2026-07-26 17:20:52] [data] Done reading 20,000 sentences
[2026-07-26 17:20:52] [data] Done shuffling 20,000 sentences to temp files
[2026-07-26 17:20:55] Seen 20,000 samples
[2026-07-26 17:20:55] Starting data epoch 46 in logical epoch 46
[2026-07-26 17:20:55] [data] Shuffling data
[2026-07-26 17:20:55] [data] Done reading 20,000 sentences
[2026-07-26 17:20:55] [data] Done shuffling 20,000 sentences to temp files
[2026-07-26 17:20:57] Seen 20,000 samples
[2026-07-26 17:20:57] Starting data epoch 47 in logical epoch 47
[2026-07-26 17:20:57] [data] Shuffling data
[2026-07-26 17:20:57] [data] Done reading 20,000 sentences
[2026-07-26 17:20:57] [data] Done shuffling 20,000 sentences to temp files
[2026-07-26 17:21:00] Seen 20,000 samples
[2026-07-26 17:21:00] Starting data epoch 48 in logical epoch 48
[2026-07-26 17:21:00] [data] Shuffling data
[2026-07-26 17:21:00] [data] Done reading 20,000 sentences
[2026-07-26 17:21:00] [data] Done shuffling 20,000 sentences to temp files
[2026-07-26 17:21:02] Seen 20,000 samples
[2026-07-26 17:21:02] Starting data epoch 49 in logical epoch 49
[2026-07-26 17:21:02] [data] Shuffling data
[2026-07-26 17:21:02] [data] Done reading 20,000 sentences
[2026-07-26 17:21:02] [data] Done shuffling 20,000 sentences to temp files
[2026-07-26 17:21:04] Seen 20,000 samples
[2026-07-26 17:21:04] Starting data epoch 50 in logical epoch 50
[2026-07-26 17:21:04] [data] Shuffling data
[2026-07-26 17:21:04] [data] Done reading 20,000 sentences
[2026-07-26 17:21:04] [data] Done shuffling 20,000 sentences to temp files
[2026-07-26 17:21:07] Seen 20,000 samples
[2026-07-26 17:21:07] Starting data epoch 51 in logical epoch 51
[2026-07-26 17:21:07] [data] Shuffling data
[2026-07-26 17:21:07] [data] Done reading 20,000 sentences
[2026-07-26 17:21:07] [data] Done shuffling 20,000 sentences to temp files
[2026-07-26 17:21:09] Seen 20,000 samples
[2026-07-26 17:21:09] Starting data epoch 52 in logical epoch 52
[2026-07-26 17:21:09] [data] Shuffling data
[2026-07-26 17:21:09] [data] Done reading 20,000 sentences
[2026-07-26 17:21:09] [data] Done shuffling 20,000 sentences to temp files
[2026-07-26 17:21:12] Seen 20,000 samples
[2026-07-26 17:21:12] Starting data epoch 53 in logical epoch 53
[2026-07-26 17:21:12] [data] Shuffling data
[2026-07-26 17:21:12] [data] Done reading 20,000 sentences
[2026-07-26 17:21:12] [data] Done shuffling 20,000 sentences to temp files
[2026-07-26 17:21:14] Seen 20,000 samples
[2026-07-26 17:21:14] Starting data epoch 54 in logical epoch 54
[2026-07-26 17:21:14] [data] Shuffling data
[2026-07-26 17:21:14] [data] Done reading 20,000 sentences
[2026-07-26 17:21:14] [data] Done shuffling 20,000 sentences to temp files
[2026-07-26 17:21:17] Seen 20,000 samples
[2026-07-26 17:21:17] Starting data epoch 55 in logical epoch 55
[2026-07-26 17:21:17] [data] Shuffling data
[2026-07-26 17:21:17] [data] Done reading 20,000 sentences
[2026-07-26 17:21:17] [data] Done shuffling 20,000 sentences to temp files
[2026-07-26 17:21:19] Seen 20,000 samples
[2026-07-26 17:21:19] Starting data epoch 56 in logical epoch 56
[2026-07-26 17:21:19] [data] Shuffling data
[2026-07-26 17:21:19] [data] Done reading 20,000 sentences
[2026-07-26 17:21:19] [data] Done shuffling 20,000 sentences to temp files
[2026-07-26 17:21:22] Seen 20,000 samples
[2026-07-26 17:21:22] Starting data epoch 57 in logical epoch 57
[2026-07-26 17:21:22] [data] Shuffling data
[2026-07-26 17:21:22] [data] Done reading 20,000 sentences
[2026-07-26 17:21:22] [data] Done shuffling 20,000 sentences to temp files
[2026-07-26 17:21:24] Seen 20,000 samples
[2026-07-26 17:21:24] Starting data epoch 58 in logical epoch 58
[2026-07-26 17:21:24] [data] Shuffling data
[2026-07-26 17:21:24] [data] Done reading 20,000 sentences
[2026-07-26 17:21:24] [data] Done shuffling 20,000 sentences to temp files
[2026-07-26 17:21:27] Seen 20,000 samples
[2026-07-26 17:21:27] Starting data epoch 59 in logical epoch 59
[2026-07-26 17:21:27] [data] Shuffling data
[2026-07-26 17:21:27] [data] Done reading 20,000 sentences
[2026-07-26 17:21:27] [data] Done shuffling 20,000 sentences to temp files
[2026-07-26 17:21:29] Seen 20,000 samples
[2026-07-26 17:21:29] Starting data epoch 60 in logical epoch 60
[2026-07-26 17:21:29] [data] Shuffling data
[2026-07-26 17:21:29] [data] Done reading 20,000 sentences
[2026-07-26 17:21:29] [data] Done shuffling 20,000 sentences to temp files
[2026-07-26 17:21:32] Seen 20,000 samples
[2026-07-26 17:21:32] Starting data epoch 61 in logical epoch 61
[2026-07-26 17:21:32] [data] Shuffling data
[2026-07-26 17:21:32] [data] Done reading 20,000 sentences
[2026-07-26 17:21:32] [data] Done shuffling 20,000 sentences to temp files
[2026-07-26 17:21:32] Ep. 61 : Up. 1500 : Sen. 4,486 : Cost 1.77841699 * 1,543,074 @ 2,868 after 4,658,795 : Time 48.81s : 31611.18 words/s : gNorm 3.2099 : L.r. 1.1250e-04
[2026-07-26 17:21:34] Seen 20,000 samples
[2026-07-26 17:21:34] Starting data epoch 62 in logical epoch 62
[2026-07-26 17:21:34] [data] Shuffling data
[2026-07-26 17:21:34] [data] Done reading 20,000 sentences
[2026-07-26 17:21:34] [data] Done shuffling 20,000 sentences to temp files
[2026-07-26 17:21:37] Seen 20,000 samples
[2026-07-26 17:21:37] Starting data epoch 63 in logical epoch 63
[2026-07-26 17:21:37] [data] Shuffling data
[2026-07-26 17:21:37] [data] Done reading 20,000 sentences
[2026-07-26 17:21:37] [data] Done shuffling 20,000 sentences to temp files
[2026-07-26 17:21:39] Seen 20,000 samples
[2026-07-26 17:21:39] Starting data epoch 64 in logical epoch 64
[2026-07-26 17:21:39] [data] Shuffling data
[2026-07-26 17:21:39] [data] Done reading 20,000 sentences
[2026-07-26 17:21:39] [data] Done shuffling 20,000 sentences to temp files
[2026-07-26 17:21:42] Seen 20,000 samples
[2026-07-26 17:21:42] Starting data epoch 65 in logical epoch 65
[2026-07-26 17:21:42] [data] Shuffling data
[2026-07-26 17:21:42] [data] Done reading 20,000 sentences
[2026-07-26 17:21:42] [data] Done shuffling 20,000 sentences to temp files
[2026-07-26 17:21:44] Seen 20,000 samples
[2026-07-26 17:21:44] Starting data epoch 66 in logical epoch 66
[2026-07-26 17:21:44] [data] Shuffling data
[2026-07-26 17:21:44] [data] Done reading 20,000 sentences
[2026-07-26 17:21:44] [data] Done shuffling 20,000 sentences to temp files
[2026-07-26 17:21:47] Seen 20,000 samples
[2026-07-26 17:21:47] Starting data epoch 67 in logical epoch 67
[2026-07-26 17:21:47] [data] Shuffling data
[2026-07-26 17:21:47] [data] Done reading 20,000 sentences
[2026-07-26 17:21:47] [data] Done shuffling 20,000 sentences to temp files
[2026-07-26 17:21:49] Seen 20,000 samples
[2026-07-26 17:21:49] Starting data epoch 68 in logical epoch 68
[2026-07-26 17:21:49] [data] Shuffling data
[2026-07-26 17:21:49] [data] Done reading 20,000 sentences
[2026-07-26 17:21:49] [data] Done shuffling 20,000 sentences to temp files
[2026-07-26 17:21:52] Seen 20,000 samples
[2026-07-26 17:21:52] Starting data epoch 69 in logical epoch 69
[2026-07-26 17:21:52] [data] Shuffling data
[2026-07-26 17:21:52] [data] Done reading 20,000 sentences
[2026-07-26 17:21:52] [data] Done shuffling 20,000 sentences to temp files
[2026-07-26 17:21:54] Seen 20,000 samples
[2026-07-26 17:21:54] Starting data epoch 70 in logical epoch 70
[2026-07-26 17:21:54] [data] Shuffling data
[2026-07-26 17:21:54] [data] Done reading 20,000 sentences
[2026-07-26 17:21:54] [data] Done shuffling 20,000 sentences to temp files
[2026-07-26 17:21:57] Seen 20,000 samples
[2026-07-26 17:21:57] Starting data epoch 71 in logical epoch 71
[2026-07-26 17:21:57] [data] Shuffling data
[2026-07-26 17:21:57] [data] Done reading 20,000 sentences
[2026-07-26 17:21:57] [data] Done shuffling 20,000 sentences to temp files
[2026-07-26 17:22:00] Seen 20,000 samples
[2026-07-26 17:22:00] Starting data epoch 72 in logical epoch 72
[2026-07-26 17:22:00] [data] Shuffling data
[2026-07-26 17:22:00] [data] Done reading 20,000 sentences
[2026-07-26 17:22:00] [data] Done shuffling 20,000 sentences to temp files
[2026-07-26 17:22:02] Seen 20,000 samples
[2026-07-26 17:22:02] Starting data epoch 73 in logical epoch 73
[2026-07-26 17:22:02] [data] Shuffling data
[2026-07-26 17:22:02] [data] Done reading 20,000 sentences
[2026-07-26 17:22:02] [data] Done shuffling 20,000 sentences to temp files
[2026-07-26 17:22:05] Seen 20,000 samples
[2026-07-26 17:22:05] Starting data epoch 74 in logical epoch 74
[2026-07-26 17:22:05] [data] Shuffling data
[2026-07-26 17:22:05] [data] Done reading 20,000 sentences
[2026-07-26 17:22:05] [data] Done shuffling 20,000 sentences to temp files
[2026-07-26 17:22:07] Seen 20,000 samples
[2026-07-26 17:22:07] Starting data epoch 75 in logical epoch 75
[2026-07-26 17:22:07] [data] Shuffling data
[2026-07-26 17:22:07] [data] Done reading 20,000 sentences
[2026-07-26 17:22:07] [data] Done shuffling 20,000 sentences to temp files
[2026-07-26 17:22:10] Seen 20,000 samples
[2026-07-26 17:22:10] Starting data epoch 76 in logical epoch 76
[2026-07-26 17:22:10] [data] Shuffling data
[2026-07-26 17:22:10] [data] Done reading 20,000 sentences
[2026-07-26 17:22:10] [data] Done shuffling 20,000 sentences to temp files
[2026-07-26 17:22:12] Seen 20,000 samples
[2026-07-26 17:22:12] Starting data epoch 77 in logical epoch 77
[2026-07-26 17:22:12] [data] Shuffling data
[2026-07-26 17:22:12] [data] Done reading 20,000 sentences
[2026-07-26 17:22:12] [data] Done shuffling 20,000 sentences to temp files
[2026-07-26 17:22:15] Seen 20,000 samples
[2026-07-26 17:22:15] Starting data epoch 78 in logical epoch 78
[2026-07-26 17:22:15] [data] Shuffling data
[2026-07-26 17:22:15] [data] Done reading 20,000 sentences
[2026-07-26 17:22:15] [data] Done shuffling 20,000 sentences to temp files
[2026-07-26 17:22:17] Seen 20,000 samples
[2026-07-26 17:22:17] Starting data epoch 79 in logical epoch 79
[2026-07-26 17:22:17] [data] Shuffling data
[2026-07-26 17:22:17] [data] Done reading 20,000 sentences
[2026-07-26 17:22:17] [data] Done shuffling 20,000 sentences to temp files
[2026-07-26 17:22:20] Seen 20,000 samples
[2026-07-26 17:22:20] Starting data epoch 80 in logical epoch 80
[2026-07-26 17:22:20] [data] Shuffling data
[2026-07-26 17:22:20] [data] Done reading 20,000 sentences
[2026-07-26 17:22:20] [data] Done shuffling 20,000 sentences to temp files
[2026-07-26 17:22:23] Seen 20,000 samples
[2026-07-26 17:22:23] Starting data epoch 81 in logical epoch 81
[2026-07-26 17:22:23] [data] Shuffling data
[2026-07-26 17:22:23] [data] Done reading 20,000 sentences
[2026-07-26 17:22:23] [data] Done shuffling 20,000 sentences to temp files
[2026-07-26 17:22:24] Ep. 81 : Up. 2000 : Sen. 6,400 : Cost 1.51650596 * 1,553,481 @ 2,871 after 6,212,276 : Time 51.96s : 29898.72 words/s : gNorm 1.7949 : L.r. 1.5000e-04
[2026-07-26 17:22:26] Seen 20,000 samples
[2026-07-26 17:22:26] Starting data epoch 82 in logical epoch 82
[2026-07-26 17:22:26] [data] Shuffling data
[2026-07-26 17:22:26] [data] Done reading 20,000 sentences
[2026-07-26 17:22:26] [data] Done shuffling 20,000 sentences to temp files
[2026-07-26 17:22:29] Seen 20,000 samples
[2026-07-26 17:22:29] Starting data epoch 83 in logical epoch 83
[2026-07-26 17:22:29] [data] Shuffling data
[2026-07-26 17:22:29] [data] Done reading 20,000 sentences
[2026-07-26 17:22:29] [data] Done shuffling 20,000 sentences to temp files
[2026-07-26 17:22:32] Seen 20,000 samples
[2026-07-26 17:22:32] Starting data epoch 84 in logical epoch 84
[2026-07-26 17:22:32] [data] Shuffling data
[2026-07-26 17:22:32] [data] Done reading 20,000 sentences
[2026-07-26 17:22:32] [data] Done shuffling 20,000 sentences to temp files
[2026-07-26 17:22:36] Seen 20,000 samples
[2026-07-26 17:22:36] Starting data epoch 85 in logical epoch 85
[2026-07-26 17:22:36] [data] Shuffling data
[2026-07-26 17:22:36] [data] Done reading 20,000 sentences
[2026-07-26 17:22:36] [data] Done shuffling 20,000 sentences to temp files
[2026-07-26 17:22:39] Seen 20,000 samples
[2026-07-26 17:22:39] Starting data epoch 86 in logical epoch 86
[2026-07-26 17:22:39] [data] Shuffling data
[2026-07-26 17:22:39] [data] Done reading 20,000 sentences
[2026-07-26 17:22:39] [data] Done shuffling 20,000 sentences to temp files
[2026-07-26 17:22:42] Seen 20,000 samples
[2026-07-26 17:22:42] Starting data epoch 87 in logical epoch 87
[2026-07-26 17:22:42] [data] Shuffling data
[2026-07-26 17:22:42] [data] Done reading 20,000 sentences
[2026-07-26 17:22:42] [data] Done shuffling 20,000 sentences to temp files
[2026-07-26 17:22:45] Seen 20,000 samples
[2026-07-26 17:22:45] Starting data epoch 88 in logical epoch 88
[2026-07-26 17:22:45] [data] Shuffling data
[2026-07-26 17:22:45] [data] Done reading 20,000 sentences
[2026-07-26 17:22:45] [data] Done shuffling 20,000 sentences to temp files
[2026-07-26 17:22:49] Seen 20,000 samples
[2026-07-26 17:22:49] Starting data epoch 89 in logical epoch 89
[2026-07-26 17:22:49] [data] Shuffling data
[2026-07-26 17:22:49] [data] Done reading 20,000 sentences
[2026-07-26 17:22:49] [data] Done shuffling 20,000 sentences to temp files
[2026-07-26 17:22:52] Seen 20,000 samples
[2026-07-26 17:22:52] Starting data epoch 90 in logical epoch 90
[2026-07-26 17:22:52] [data] Shuffling data
[2026-07-26 17:22:52] [data] Done reading 20,000 sentences
[2026-07-26 17:22:52] [data] Done shuffling 20,000 sentences to temp files
[2026-07-26 17:22:55] Seen 20,000 samples
[2026-07-26 17:22:55] Starting data epoch 91 in logical epoch 91
[2026-07-26 17:22:55] [data] Shuffling data
[2026-07-26 17:22:55] [data] Done reading 20,000 sentences
[2026-07-26 17:22:55] [data] Done shuffling 20,000 sentences to temp files
[2026-07-26 17:22:58] Seen 20,000 samples
[2026-07-26 17:22:58] Starting data epoch 92 in logical epoch 92
[2026-07-26 17:22:58] [data] Shuffling data
[2026-07-26 17:22:58] [data] Done reading 20,000 sentences
[2026-07-26 17:22:58] [data] Done shuffling 20,000 sentences to temp files
[2026-07-26 17:23:01] Seen 20,000 samples
[2026-07-26 17:23:01] Starting data epoch 93 in logical epoch 93
[2026-07-26 17:23:01] [data] Shuffling data
[2026-07-26 17:23:01] [data] Done reading 20,000 sentences
[2026-07-26 17:23:01] [data] Done shuffling 20,000 sentences to temp files
[2026-07-26 17:23:04] Seen 20,000 samples
[2026-07-26 17:23:04] Starting data epoch 94 in logical epoch 94
[2026-07-26 17:23:04] [data] Shuffling data
[2026-07-26 17:23:04] [data] Done reading 20,000 sentences
[2026-07-26 17:23:04] [data] Done shuffling 20,000 sentences to temp files
[2026-07-26 17:23:07] Seen 20,000 samples
[2026-07-26 17:23:07] Starting data epoch 95 in logical epoch 95
[2026-07-26 17:23:07] [data] Shuffling data
[2026-07-26 17:23:07] [data] Done reading 20,000 sentences
[2026-07-26 17:23:07] [data] Done shuffling 20,000 sentences to temp files
[2026-07-26 17:23:10] Seen 20,000 samples
[2026-07-26 17:23:10] Starting data epoch 96 in logical epoch 96
[2026-07-26 17:23:10] [data] Shuffling data
[2026-07-26 17:23:10] [data] Done reading 20,000 sentences
[2026-07-26 17:23:10] [data] Done shuffling 20,000 sentences to temp files
[2026-07-26 17:23:13] Seen 20,000 samples
[2026-07-26 17:23:13] Starting data epoch 97 in logical epoch 97
[2026-07-26 17:23:13] [data] Shuffling data
[2026-07-26 17:23:13] [data] Done reading 20,000 sentences
[2026-07-26 17:23:13] [data] Done shuffling 20,000 sentences to temp files
[2026-07-26 17:23:16] Seen 20,000 samples
[2026-07-26 17:23:16] Starting data epoch 98 in logical epoch 98
[2026-07-26 17:23:16] [data] Shuffling data
[2026-07-26 17:23:16] [data] Done reading 20,000 sentences
[2026-07-26 17:23:16] [data] Done shuffling 20,000 sentences to temp files
[2026-07-26 17:23:19] Seen 20,000 samples
[2026-07-26 17:23:19] Starting data epoch 99 in logical epoch 99
[2026-07-26 17:23:19] [data] Shuffling data
[2026-07-26 17:23:19] [data] Done reading 20,000 sentences
[2026-07-26 17:23:19] [data] Done shuffling 20,000 sentences to temp files
[2026-07-26 17:23:22] Seen 20,000 samples
[2026-07-26 17:23:22] Starting data epoch 100 in logical epoch 100
[2026-07-26 17:23:22] [data] Shuffling data
[2026-07-26 17:23:22] [data] Done reading 20,000 sentences
[2026-07-26 17:23:22] [data] Done shuffling 20,000 sentences to temp files
[2026-07-26 17:23:25] Seen 20,000 samples
[2026-07-26 17:23:25] Starting data epoch 101 in logical epoch 101
[2026-07-26 17:23:25] [data] Shuffling data
[2026-07-26 17:23:25] [data] Done reading 20,000 sentences
[2026-07-26 17:23:25] [data] Done shuffling 20,000 sentences to temp files
[2026-07-26 17:23:27] Ep. 101 : Up. 2500 : Sen. 8,972 : Cost 1.35801256 * 1,558,147 @ 4,785 after 7,770,423 : Time 62.63s : 24879.82 words/s : gNorm 1.2610 : L.r. 1.8750e-04
[2026-07-26 17:23:28] Seen 20,000 samples
[2026-07-26 17:23:28] Starting data epoch 102 in logical epoch 102
[2026-07-26 17:23:28] [data] Shuffling data
[2026-07-26 17:23:28] [data] Done reading 20,000 sentences
[2026-07-26 17:23:28] [data] Done shuffling 20,000 sentences to temp files
[2026-07-26 17:23:31] Seen 20,000 samples
[2026-07-26 17:23:31] Starting data epoch 103 in logical epoch 103
[2026-07-26 17:23:31] [data] Shuffling data
[2026-07-26 17:23:31] [data] Done reading 20,000 sentences
[2026-07-26 17:23:31] [data] Done shuffling 20,000 sentences to temp files
[2026-07-26 17:23:34] Seen 20,000 samples
[2026-07-26 17:23:34] Starting data epoch 104 in logical epoch 104
[2026-07-26 17:23:34] [data] Shuffling data
[2026-07-26 17:23:34] [data] Done reading 20,000 sentences
[2026-07-26 17:23:34] [data] Done shuffling 20,000 sentences to temp files
[2026-07-26 17:23:37] Seen 20,000 samples
[2026-07-26 17:23:37] Starting data epoch 105 in logical epoch 105
[2026-07-26 17:23:37] [data] Shuffling data
[2026-07-26 17:23:37] [data] Done reading 20,000 sentences
[2026-07-26 17:23:37] [data] Done shuffling 20,000 sentences to temp files
[2026-07-26 17:23:40] Seen 20,000 samples
[2026-07-26 17:23:40] Starting data epoch 106 in logical epoch 106
[2026-07-26 17:23:40] [data] Shuffling data
[2026-07-26 17:23:40] [data] Done reading 20,000 sentences
[2026-07-26 17:23:40] [data] Done shuffling 20,000 sentences to temp files
[2026-07-26 17:23:43] Seen 20,000 samples
[2026-07-26 17:23:43] Starting data epoch 107 in logical epoch 107
[2026-07-26 17:23:43] [data] Shuffling data
[2026-07-26 17:23:43] [data] Done reading 20,000 sentences
[2026-07-26 17:23:43] [data] Done shuffling 20,000 sentences to temp files
[2026-07-26 17:23:46] Seen 20,000 samples
[2026-07-26 17:23:46] Starting data epoch 108 in logical epoch 108
[2026-07-26 17:23:46] [data] Shuffling data
[2026-07-26 17:23:46] [data] Done reading 20,000 sentences
[2026-07-26 17:23:46] [data] Done shuffling 20,000 sentences to temp files
[2026-07-26 17:23:49] Seen 20,000 samples
[2026-07-26 17:23:49] Starting data epoch 109 in logical epoch 109
[2026-07-26 17:23:49] [data] Shuffling data
[2026-07-26 17:23:49] [data] Done reading 20,000 sentences
[2026-07-26 17:23:49] [data] Done shuffling 20,000 sentences to temp files
[2026-07-26 17:23:52] Seen 20,000 samples
[2026-07-26 17:23:52] Starting data epoch 110 in logical epoch 110
[2026-07-26 17:23:52] [data] Shuffling data
[2026-07-26 17:23:52] [data] Done reading 20,000 sentences
[2026-07-26 17:23:52] [data] Done shuffling 20,000 sentences to temp files
[2026-07-26 17:23:55] Seen 20,000 samples
[2026-07-26 17:23:55] Starting data epoch 111 in logical epoch 111
[2026-07-26 17:23:55] [data] Shuffling data
[2026-07-26 17:23:55] [data] Done reading 20,000 sentences
[2026-07-26 17:23:55] [data] Done shuffling 20,000 sentences to temp files
[2026-07-26 17:23:58] Seen 20,000 samples
[2026-07-26 17:23:58] Starting data epoch 112 in logical epoch 112
[2026-07-26 17:23:58] [data] Shuffling data
[2026-07-26 17:23:58] [data] Done reading 20,000 sentences
[2026-07-26 17:23:58] [data] Done shuffling 20,000 sentences to temp files
[2026-07-26 17:24:01] Seen 20,000 samples
[2026-07-26 17:24:01] Starting data epoch 113 in logical epoch 113
[2026-07-26 17:24:01] [data] Shuffling data
[2026-07-26 17:24:01] [data] Done reading 20,000 sentences
[2026-07-26 17:24:01] [data] Done shuffling 20,000 sentences to temp files
[2026-07-26 17:24:04] Seen 20,000 samples
[2026-07-26 17:24:04] Starting data epoch 114 in logical epoch 114
[2026-07-26 17:24:04] [data] Shuffling data
[2026-07-26 17:24:04] [data] Done reading 20,000 sentences
[2026-07-26 17:24:04] [data] Done shuffling 20,000 sentences to temp files
[2026-07-26 17:24:07] Seen 20,000 samples
[2026-07-26 17:24:07] Starting data epoch 115 in logical epoch 115
[2026-07-26 17:24:07] [data] Shuffling data
[2026-07-26 17:24:07] [data] Done reading 20,000 sentences
[2026-07-26 17:24:07] [data] Done shuffling 20,000 sentences to temp files
[2026-07-26 17:24:10] Seen 20,000 samples
[2026-07-26 17:24:10] Starting data epoch 116 in logical epoch 116
[2026-07-26 17:24:10] [data] Shuffling data
[2026-07-26 17:24:10] [data] Done reading 20,000 sentences
[2026-07-26 17:24:10] [data] Done shuffling 20,000 sentences to temp files
[2026-07-26 17:24:13] Seen 20,000 samples
[2026-07-26 17:24:13] Starting data epoch 117 in logical epoch 117
[2026-07-26 17:24:13] [data] Shuffling data
[2026-07-26 17:24:13] [data] Done reading 20,000 sentences
[2026-07-26 17:24:13] [data] Done shuffling 20,000 sentences to temp files
[2026-07-26 17:24:16] Seen 20,000 samples
[2026-07-26 17:24:16] Starting data epoch 118 in logical epoch 118
[2026-07-26 17:24:16] [data] Shuffling data
[2026-07-26 17:24:16] [data] Done reading 20,000 sentences
[2026-07-26 17:24:16] [data] Done shuffling 20,000 sentences to temp files
[2026-07-26 17:24:19] Seen 20,000 samples
[2026-07-26 17:24:19] Starting data epoch 119 in logical epoch 119
[2026-07-26 17:24:19] [data] Shuffling data
[2026-07-26 17:24:19] [data] Done reading 20,000 sentences
[2026-07-26 17:24:19] [data] Done shuffling 20,000 sentences to temp files
[2026-07-26 17:24:22] Seen 20,000 samples
[2026-07-26 17:24:22] Starting data epoch 120 in logical epoch 120
[2026-07-26 17:24:22] [data] Shuffling data
[2026-07-26 17:24:22] [data] Done reading 20,000 sentences
[2026-07-26 17:24:22] [data] Done shuffling 20,000 sentences to temp files
[2026-07-26 17:24:25] Seen 20,000 samples
[2026-07-26 17:24:25] Starting data epoch 121 in logical epoch 121
[2026-07-26 17:24:25] [data] Shuffling data
[2026-07-26 17:24:25] [data] Done reading 20,000 sentences
[2026-07-26 17:24:25] [data] Done shuffling 20,000 sentences to temp files
[2026-07-26 17:24:27] Ep. 121 : Up. 3000 : Sen. 9,929 : Cost 1.28076422 * 1,549,755 @ 564 after 9,320,178 : Time 59.98s : 25837.18 words/s : gNorm 1.2195 : L.r. 2.2500e-04
[2026-07-26 17:24:28] Seen 20,000 samples
[2026-07-26 17:24:28] Starting data epoch 122 in logical epoch 122
[2026-07-26 17:24:28] [data] Shuffling data
[2026-07-26 17:24:28] [data] Done reading 20,000 sentences
[2026-07-26 17:24:28] [data] Done shuffling 20,000 sentences to temp files
[2026-07-26 17:24:31] Seen 20,000 samples
[2026-07-26 17:24:31] Starting data epoch 123 in logical epoch 123
[2026-07-26 17:24:31] [data] Shuffling data
[2026-07-26 17:24:31] [data] Done reading 20,000 sentences
[2026-07-26 17:24:31] [data] Done shuffling 20,000 sentences to temp files
[2026-07-26 17:24:34] Seen 20,000 samples
[2026-07-26 17:24:34] Starting data epoch 124 in logical epoch 124
[2026-07-26 17:24:34] [data] Shuffling data
[2026-07-26 17:24:34] [data] Done reading 20,000 sentences
[2026-07-26 17:24:34] [data] Done shuffling 20,000 sentences to temp files
[2026-07-26 17:24:37] Seen 20,000 samples
[2026-07-26 17:24:37] Starting data epoch 125 in logical epoch 125
[2026-07-26 17:24:37] [data] Shuffling data
[2026-07-26 17:24:37] [data] Done reading 20,000 sentences
[2026-07-26 17:24:37] [data] Done shuffling 20,000 sentences to temp files
[2026-07-26 17:24:40] Seen 20,000 samples
[2026-07-26 17:24:40] Starting data epoch 126 in logical epoch 126
[2026-07-26 17:24:40] [data] Shuffling data
[2026-07-26 17:24:40] [data] Done reading 20,000 sentences
[2026-07-26 17:24:40] [data] Done shuffling 20,000 sentences to temp files
[2026-07-26 17:24:43] Seen 20,000 samples
[2026-07-26 17:24:43] Starting data epoch 127 in logical epoch 127
[2026-07-26 17:24:43] [data] Shuffling data
[2026-07-26 17:24:43] [data] Done reading 20,000 sentences
[2026-07-26 17:24:43] [data] Done shuffling 20,000 sentences to temp files
[2026-07-26 17:24:46] Seen 20,000 samples
[2026-07-26 17:24:46] Starting data epoch 128 in logical epoch 128
[2026-07-26 17:24:46] [data] Shuffling data
[2026-07-26 17:24:46] [data] Done reading 20,000 sentences
[2026-07-26 17:24:46] [data] Done shuffling 20,000 sentences to temp files
[2026-07-26 17:24:49] Seen 20,000 samples
[2026-07-26 17:24:49] Starting data epoch 129 in logical epoch 129
[2026-07-26 17:24:49] [data] Shuffling data
[2026-07-26 17:24:49] [data] Done reading 20,000 sentences
[2026-07-26 17:24:49] [data] Done shuffling 20,000 sentences to temp files
[2026-07-26 17:24:52] Seen 20,000 samples
[2026-07-26 17:24:52] Starting data epoch 130 in logical epoch 130
[2026-07-26 17:24:52] [data] Shuffling data
[2026-07-26 17:24:52] [data] Done reading 20,000 sentences
[2026-07-26 17:24:52] [data] Done shuffling 20,000 sentences to temp files
[2026-07-26 17:24:55] Seen 20,000 samples
[2026-07-26 17:24:55] Starting data epoch 131 in logical epoch 131
[2026-07-26 17:24:55] [data] Shuffling data
[2026-07-26 17:24:55] [data] Done reading 20,000 sentences
[2026-07-26 17:24:55] [data] Done shuffling 20,000 sentences to temp files
[2026-07-26 17:24:58] Seen 20,000 samples
[2026-07-26 17:24:58] Starting data epoch 132 in logical epoch 132
[2026-07-26 17:24:58] [data] Shuffling data
[2026-07-26 17:24:58] [data] Done reading 20,000 sentences
[2026-07-26 17:24:58] [data] Done shuffling 20,000 sentences to temp files
[2026-07-26 17:25:01] Seen 20,000 samples
[2026-07-26 17:25:01] Starting data epoch 133 in logical epoch 133
[2026-07-26 17:25:01] [data] Shuffling data
[2026-07-26 17:25:01] [data] Done reading 20,000 sentences
[2026-07-26 17:25:01] [data] Done shuffling 20,000 sentences to temp files
[2026-07-26 17:25:04] Seen 20,000 samples
[2026-07-26 17:25:04] Starting data epoch 134 in logical epoch 134
[2026-07-26 17:25:04] [data] Shuffling data
[2026-07-26 17:25:04] [data] Done reading 20,000 sentences
[2026-07-26 17:25:04] [data] Done shuffling 20,000 sentences to temp files
[2026-07-26 17:25:07] Seen 20,000 samples
[2026-07-26 17:25:07] Starting data epoch 135 in logical epoch 135
[2026-07-26 17:25:07] [data] Shuffling data
[2026-07-26 17:25:07] [data] Done reading 20,000 sentences
[2026-07-26 17:25:07] [data] Done shuffling 20,000 sentences to temp files
[2026-07-26 17:25:10] Seen 20,000 samples
[2026-07-26 17:25:10] Starting data epoch 136 in logical epoch 136
[2026-07-26 17:25:10] [data] Shuffling data
[2026-07-26 17:25:10] [data] Done reading 20,000 sentences
[2026-07-26 17:25:10] [data] Done shuffling 20,000 sentences to temp files
[2026-07-26 17:25:13] Seen 20,000 samples
[2026-07-26 17:25:13] Starting data epoch 137 in logical epoch 137
[2026-07-26 17:25:13] [data] Shuffling data
[2026-07-26 17:25:13] [data] Done reading 20,000 sentences
[2026-07-26 17:25:13] [data] Done shuffling 20,000 sentences to temp files
[2026-07-26 17:25:16] Seen 20,000 samples
[2026-07-26 17:25:16] Starting data epoch 138 in logical epoch 138
[2026-07-26 17:25:16] [data] Shuffling data
[2026-07-26 17:25:16] [data] Done reading 20,000 sentences
[2026-07-26 17:25:16] [data] Done shuffling 20,000 sentences to temp files
[2026-07-26 17:25:19] Seen 20,000 samples
[2026-07-26 17:25:19] Starting data epoch 139 in logical epoch 139
[2026-07-26 17:25:19] [data] Shuffling data
[2026-07-26 17:25:19] [data] Done reading 20,000 sentences
[2026-07-26 17:25:19] [data] Done shuffling 20,000 sentences to temp files
[2026-07-26 17:25:22] Seen 20,000 samples
[2026-07-26 17:25:22] Starting data epoch 140 in logical epoch 140
[2026-07-26 17:25:22] [data] Shuffling data
[2026-07-26 17:25:22] [data] Done reading 20,000 sentences
[2026-07-26 17:25:22] [data] Done shuffling 20,000 sentences to temp files
[2026-07-26 17:25:25] Seen 20,000 samples
[2026-07-26 17:25:25] Starting data epoch 141 in logical epoch 141
[2026-07-26 17:25:25] [data] Shuffling data
[2026-07-26 17:25:25] [data] Done reading 20,000 sentences
[2026-07-26 17:25:25] [data] Done shuffling 20,000 sentences to temp files
[2026-07-26 17:25:27] Ep. 141 : Up. 3500 : Sen. 13,945 : Cost 1.25341618 * 1,563,012 @ 4,785 after 10,883,190 : Time 60.50s : 25835.46 words/s : gNorm 0.5681 : L.r. 2.6250e-04
[2026-07-26 17:25:28] Seen 20,000 samples
[2026-07-26 17:25:28] Starting data epoch 142 in logical epoch 142
[2026-07-26 17:25:28] [data] Shuffling data
[2026-07-26 17:25:28] [data] Done reading 20,000 sentences
[2026-07-26 17:25:28] [data] Done shuffling 20,000 sentences to temp files
[2026-07-26 17:25:31] Seen 20,000 samples
[2026-07-26 17:25:31] Starting data epoch 143 in logical epoch 143
[2026-07-26 17:25:31] [data] Shuffling data
[2026-07-26 17:25:31] [data] Done reading 20,000 sentences
[2026-07-26 17:25:31] [data] Done shuffling 20,000 sentences to temp files
[2026-07-26 17:25:34] Seen 20,000 samples
[2026-07-26 17:25:34] Starting data epoch 144 in logical epoch 144
[2026-07-26 17:25:34] [data] Shuffling data
[2026-07-26 17:25:34] [data] Done reading 20,000 sentences
[2026-07-26 17:25:34] [data] Done shuffling 20,000 sentences to temp files
[2026-07-26 17:25:37] Seen 20,000 samples
[2026-07-26 17:25:37] Starting data epoch 145 in logical epoch 145
[2026-07-26 17:25:37] [data] Shuffling data
[2026-07-26 17:25:37] [data] Done reading 20,000 sentences
[2026-07-26 17:25:37] [data] Done shuffling 20,000 sentences to temp files
[2026-07-26 17:25:40] Seen 20,000 samples
[2026-07-26 17:25:40] Starting data epoch 146 in logical epoch 146
[2026-07-26 17:25:40] [data] Shuffling data
[2026-07-26 17:25:40] [data] Done reading 20,000 sentences
[2026-07-26 17:25:40] [data] Done shuffling 20,000 sentences to temp files
[2026-07-26 17:25:43] Seen 20,000 samples
[2026-07-26 17:25:43] Starting data epoch 147 in logical epoch 147
[2026-07-26 17:25:43] [data] Shuffling data
[2026-07-26 17:25:43] [data] Done reading 20,000 sentences
[2026-07-26 17:25:43] [data] Done shuffling 20,000 sentences to temp files
[2026-07-26 17:25:46] Seen 20,000 samples
[2026-07-26 17:25:46] Starting data epoch 148 in logical epoch 148
[2026-07-26 17:25:46] [data] Shuffling data
[2026-07-26 17:25:46] [data] Done reading 20,000 sentences
[2026-07-26 17:25:46] [data] Done shuffling 20,000 sentences to temp files
[2026-07-26 17:25:49] Seen 20,000 samples
[2026-07-26 17:25:49] Starting data epoch 149 in logical epoch 149
[2026-07-26 17:25:49] [data] Shuffling data
[2026-07-26 17:25:49] [data] Done reading 20,000 sentences
[2026-07-26 17:25:49] [data] Done shuffling 20,000 sentences to temp files
[2026-07-26 17:25:52] Seen 20,000 samples
[2026-07-26 17:25:52] Starting data epoch 150 in logical epoch 150
[2026-07-26 17:25:52] [data] Shuffling data
[2026-07-26 17:25:52] [data] Done reading 20,000 sentences
[2026-07-26 17:25:53] [data] Done shuffling 20,000 sentences to temp files
[2026-07-26 17:25:55] Seen 20,000 samples
[2026-07-26 17:25:55] Starting data epoch 151 in logical epoch 151
[2026-07-26 17:25:55] [data] Shuffling data
[2026-07-26 17:25:56] [data] Done reading 20,000 sentences
[2026-07-26 17:25:56] [data] Done shuffling 20,000 sentences to temp files
[2026-07-26 17:25:58] Seen 20,000 samples
[2026-07-26 17:25:58] Starting data epoch 152 in logical epoch 152
[2026-07-26 17:25:58] [data] Shuffling data
[2026-07-26 17:25:58] [data] Done reading 20,000 sentences
[2026-07-26 17:25:58] [data] Done shuffling 20,000 sentences to temp files
[2026-07-26 17:26:01] Seen 20,000 samples
[2026-07-26 17:26:01] Starting data epoch 153 in logical epoch 153
[2026-07-26 17:26:01] [data] Shuffling data
[2026-07-26 17:26:01] [data] Done reading 20,000 sentences
[2026-07-26 17:26:02] [data] Done shuffling 20,000 sentences to temp files
[2026-07-26 17:26:05] Seen 20,000 samples
[2026-07-26 17:26:05] Starting data epoch 154 in logical epoch 154
[2026-07-26 17:26:05] [data] Shuffling data
[2026-07-26 17:26:05] [data] Done reading 20,000 sentences
[2026-07-26 17:26:05] [data] Done shuffling 20,000 sentences to temp files
[2026-07-26 17:26:08] Seen 20,000 samples
[2026-07-26 17:26:08] Starting data epoch 155 in logical epoch 155
[2026-07-26 17:26:08] [data] Shuffling data
[2026-07-26 17:26:08] [data] Done reading 20,000 sentences
[2026-07-26 17:26:08] [data] Done shuffling 20,000 sentences to temp files
[2026-07-26 17:26:11] Seen 20,000 samples
[2026-07-26 17:26:11] Starting data epoch 156 in logical epoch 156
[2026-07-26 17:26:11] [data] Shuffling data
[2026-07-26 17:26:11] [data] Done reading 20,000 sentences
[2026-07-26 17:26:11] [data] Done shuffling 20,000 sentences to temp files
[2026-07-26 17:26:14] Seen 20,000 samples
[2026-07-26 17:26:14] Starting data epoch 157 in logical epoch 157
[2026-07-26 17:26:14] [data] Shuffling data
[2026-07-26 17:26:14] [data] Done reading 20,000 sentences
[2026-07-26 17:26:14] [data] Done shuffling 20,000 sentences to temp files
[2026-07-26 17:26:16] Seen 20,000 samples
[2026-07-26 17:26:16] Starting data epoch 158 in logical epoch 158
[2026-07-26 17:26:16] [data] Shuffling data
[2026-07-26 17:26:16] [data] Done reading 20,000 sentences
[2026-07-26 17:26:17] [data] Done shuffling 20,000 sentences to temp files
[2026-07-26 17:26:19] Seen 20,000 samples
[2026-07-26 17:26:19] Starting data epoch 159 in logical epoch 159
[2026-07-26 17:26:19] [data] Shuffling data
[2026-07-26 17:26:19] [data] Done reading 20,000 sentences
[2026-07-26 17:26:20] [data] Done shuffling 20,000 sentences to temp files
[2026-07-26 17:26:23] Seen 20,000 samples
[2026-07-26 17:26:23] Starting data epoch 160 in logical epoch 160
[2026-07-26 17:26:23] [data] Shuffling data
[2026-07-26 17:26:23] [data] Done reading 20,000 sentences
[2026-07-26 17:26:23] [data] Done shuffling 20,000 sentences to temp files
[2026-07-26 17:26:26] Seen 20,000 samples
[2026-07-26 17:26:26] Starting data epoch 161 in logical epoch 161
[2026-07-26 17:26:26] [data] Shuffling data
[2026-07-26 17:26:26] [data] Done reading 20,000 sentences
[2026-07-26 17:26:26] [data] Done shuffling 20,000 sentences to temp files
[2026-07-26 17:26:28] Ep. 161 : Up. 4000 : Sen. 14,714 : Cost 1.23229814 * 1,548,208 @ 3,890 after 12,431,398 : Time 60.35s : 25654.98 words/s : gNorm 1.3513 : L.r. 3.0000e-04
[2026-07-26 17:26:28] Seen 20,000 samples
[2026-07-26 17:26:28] Starting data epoch 162 in logical epoch 162
[2026-07-26 17:26:28] [data] Shuffling data
[2026-07-26 17:26:29] [data] Done reading 20,000 sentences
[2026-07-26 17:26:29] [data] Done shuffling 20,000 sentences to temp files
[2026-07-26 17:26:32] Seen 20,000 samples
[2026-07-26 17:26:32] Starting data epoch 163 in logical epoch 163
[2026-07-26 17:26:32] [data] Shuffling data
[2026-07-26 17:26:32] [data] Done reading 20,000 sentences
[2026-07-26 17:26:32] [data] Done shuffling 20,000 sentences to temp files
[2026-07-26 17:26:35] Seen 20,000 samples
[2026-07-26 17:26:35] Starting data epoch 164 in logical epoch 164
[2026-07-26 17:26:35] [data] Shuffling data
[2026-07-26 17:26:35] [data] Done reading 20,000 sentences
[2026-07-26 17:26:35] [data] Done shuffling 20,000 sentences to temp files
[2026-07-26 17:26:38] Seen 20,000 samples
[2026-07-26 17:26:38] Starting data epoch 165 in logical epoch 165
[2026-07-26 17:26:38] [data] Shuffling data
[2026-07-26 17:26:38] [data] Done reading 20,000 sentences
[2026-07-26 17:26:38] [data] Done shuffling 20,000 sentences to temp files
[2026-07-26 17:26:41] Seen 20,000 samples
[2026-07-26 17:26:41] Starting data epoch 166 in logical epoch 166
[2026-07-26 17:26:41] [data] Shuffling data
[2026-07-26 17:26:41] [data] Done reading 20,000 sentences
[2026-07-26 17:26:41] [data] Done shuffling 20,000 sentences to temp files
[2026-07-26 17:26:44] Seen 20,000 samples
[2026-07-26 17:26:44] Starting data epoch 167 in logical epoch 167
[2026-07-26 17:26:44] [data] Shuffling data
[2026-07-26 17:26:44] [data] Done reading 20,000 sentences
[2026-07-26 17:26:44] [data] Done shuffling 20,000 sentences to temp files
[2026-07-26 17:26:47] Seen 20,000 samples
[2026-07-26 17:26:47] Starting data epoch 168 in logical epoch 168
[2026-07-26 17:26:47] [data] Shuffling data
[2026-07-26 17:26:47] [data] Done reading 20,000 sentences
[2026-07-26 17:26:47] [data] Done shuffling 20,000 sentences to temp files
[2026-07-26 17:26:50] Seen 20,000 samples
[2026-07-26 17:26:50] Starting data epoch 169 in logical epoch 169
[2026-07-26 17:26:50] [data] Shuffling data
[2026-07-26 17:26:50] [data] Done reading 20,000 sentences
[2026-07-26 17:26:50] [data] Done shuffling 20,000 sentences to temp files
[2026-07-26 17:26:53] Seen 20,000 samples
[2026-07-26 17:26:53] Starting data epoch 170 in logical epoch 170
[2026-07-26 17:26:53] [data] Shuffling data
[2026-07-26 17:26:53] [data] Done reading 20,000 sentences
[2026-07-26 17:26:53] [data] Done shuffling 20,000 sentences to temp files
[2026-07-26 17:26:56] Seen 20,000 samples
[2026-07-26 17:26:56] Starting data epoch 171 in logical epoch 171
[2026-07-26 17:26:56] [data] Shuffling data
[2026-07-26 17:26:56] [data] Done reading 20,000 sentences
[2026-07-26 17:26:56] [data] Done shuffling 20,000 sentences to temp files
[2026-07-26 17:26:59] Seen 20,000 samples
[2026-07-26 17:26:59] Starting data epoch 172 in logical epoch 172
[2026-07-26 17:26:59] [data] Shuffling data
[2026-07-26 17:26:59] [data] Done reading 20,000 sentences
[2026-07-26 17:26:59] [data] Done shuffling 20,000 sentences to temp files
[2026-07-26 17:27:02] Seen 20,000 samples
[2026-07-26 17:27:02] Starting data epoch 173 in logical epoch 173
[2026-07-26 17:27:02] [data] Shuffling data
[2026-07-26 17:27:02] [data] Done reading 20,000 sentences
[2026-07-26 17:27:02] [data] Done shuffling 20,000 sentences to temp files
[2026-07-26 17:27:05] Seen 20,000 samples
[2026-07-26 17:27:05] Starting data epoch 174 in logical epoch 174
[2026-07-26 17:27:05] [data] Shuffling data
[2026-07-26 17:27:05] [data] Done reading 20,000 sentences
[2026-07-26 17:27:05] [data] Done shuffling 20,000 sentences to temp files
[2026-07-26 17:27:08] Seen 20,000 samples
[2026-07-26 17:27:08] Starting data epoch 175 in logical epoch 175
[2026-07-26 17:27:08] [data] Shuffling data
[2026-07-26 17:27:08] [data] Done reading 20,000 sentences
[2026-07-26 17:27:08] [data] Done shuffling 20,000 sentences to temp files
[2026-07-26 17:27:11] Seen 20,000 samples
[2026-07-26 17:27:11] Starting data epoch 176 in logical epoch 176
[2026-07-26 17:27:11] [data] Shuffling data
[2026-07-26 17:27:11] [data] Done reading 20,000 sentences
[2026-07-26 17:27:11] [data] Done shuffling 20,000 sentences to temp files
[2026-07-26 17:27:14] Seen 20,000 samples
[2026-07-26 17:27:14] Starting data epoch 177 in logical epoch 177
[2026-07-26 17:27:14] [data] Shuffling data
[2026-07-26 17:27:14] [data] Done reading 20,000 sentences
[2026-07-26 17:27:14] [data] Done shuffling 20,000 sentences to temp files
[2026-07-26 17:27:17] Seen 20,000 samples
[2026-07-26 17:27:17] Starting data epoch 178 in logical epoch 178
[2026-07-26 17:27:17] [data] Shuffling data
[2026-07-26 17:27:17] [data] Done reading 20,000 sentences
[2026-07-26 17:27:17] [data] Done shuffling 20,000 sentences to temp files
[2026-07-26 17:27:20] Seen 20,000 samples
[2026-07-26 17:27:20] Starting data epoch 179 in logical epoch 179
[2026-07-26 17:27:20] [data] Shuffling data
[2026-07-26 17:27:20] [data] Done reading 20,000 sentences
[2026-07-26 17:27:20] [data] Done shuffling 20,000 sentences to temp files
[2026-07-26 17:27:23] Seen 20,000 samples
[2026-07-26 17:27:23] Starting data epoch 180 in logical epoch 180
[2026-07-26 17:27:23] [data] Shuffling data
[2026-07-26 17:27:23] [data] Done reading 20,000 sentences
[2026-07-26 17:27:23] [data] Done shuffling 20,000 sentences to temp files
[2026-07-26 17:27:26] Seen 20,000 samples
[2026-07-26 17:27:26] Starting data epoch 181 in logical epoch 181
[2026-07-26 17:27:26] [data] Shuffling data
[2026-07-26 17:27:26] [data] Done reading 20,000 sentences
[2026-07-26 17:27:26] [data] Done shuffling 20,000 sentences to temp files
[2026-07-26 17:27:28] Ep. 181 : Up. 4500 : Sen. 13,757 : Cost 1.21996200 * 1,545,488 @ 5,283 after 13,976,886 : Time 60.40s : 25589.20 words/s : gNorm 0.2768 : L.r. 3.0000e-04
[2026-07-26 17:27:29] Seen 20,000 samples
[2026-07-26 17:27:29] Starting data epoch 182 in logical epoch 182
[2026-07-26 17:27:29] [data] Shuffling data
[2026-07-26 17:27:29] [data] Done reading 20,000 sentences
[2026-07-26 17:27:29] [data] Done shuffling 20,000 sentences to temp files
[2026-07-26 17:27:32] Seen 20,000 samples
[2026-07-26 17:27:32] Starting data epoch 183 in logical epoch 183
[2026-07-26 17:27:32] [data] Shuffling data
[2026-07-26 17:27:32] [data] Done reading 20,000 sentences
[2026-07-26 17:27:32] [data] Done shuffling 20,000 sentences to temp files
[2026-07-26 17:27:35] Seen 20,000 samples
[2026-07-26 17:27:35] Starting data epoch 184 in logical epoch 184
[2026-07-26 17:27:35] [data] Shuffling data
[2026-07-26 17:27:35] [data] Done reading 20,000 sentences
[2026-07-26 17:27:35] [data] Done shuffling 20,000 sentences to temp files
[2026-07-26 17:27:38] Seen 20,000 samples
[2026-07-26 17:27:38] Starting data epoch 185 in logical epoch 185
[2026-07-26 17:27:38] [data] Shuffling data
[2026-07-26 17:27:38] [data] Done reading 20,000 sentences
[2026-07-26 17:27:38] [data] Done shuffling 20,000 sentences to temp files
[2026-07-26 17:27:41] Seen 20,000 samples
[2026-07-26 17:27:41] Starting data epoch 186 in logical epoch 186
[2026-07-26 17:27:41] [data] Shuffling data
[2026-07-26 17:27:41] [data] Done reading 20,000 sentences
[2026-07-26 17:27:41] [data] Done shuffling 20,000 sentences to temp files
[2026-07-26 17:27:44] Seen 20,000 samples
[2026-07-26 17:27:44] Starting data epoch 187 in logical epoch 187
[2026-07-26 17:27:44] [data] Shuffling data
[2026-07-26 17:27:44] [data] Done reading 20,000 sentences
[2026-07-26 17:27:44] [data] Done shuffling 20,000 sentences to temp files
[2026-07-26 17:27:47] Seen 20,000 samples
[2026-07-26 17:27:47] Starting data epoch 188 in logical epoch 188
[2026-07-26 17:27:47] [data] Shuffling data
[2026-07-26 17:27:47] [data] Done reading 20,000 sentences
[2026-07-26 17:27:47] [data] Done shuffling 20,000 sentences to temp files
[2026-07-26 17:27:50] Seen 20,000 samples
[2026-07-26 17:27:50] Starting data epoch 189 in logical epoch 189
[2026-07-26 17:27:50] [data] Shuffling data
[2026-07-26 17:27:50] [data] Done reading 20,000 sentences
[2026-07-26 17:27:50] [data] Done shuffling 20,000 sentences to temp files
[2026-07-26 17:27:53] Seen 20,000 samples
[2026-07-26 17:27:53] Starting data epoch 190 in logical epoch 190
[2026-07-26 17:27:53] [data] Shuffling data
[2026-07-26 17:27:53] [data] Done reading 20,000 sentences
[2026-07-26 17:27:53] [data] Done shuffling 20,000 sentences to temp files
[2026-07-26 17:27:56] Seen 20,000 samples
[2026-07-26 17:27:56] Starting data epoch 191 in logical epoch 191
[2026-07-26 17:27:56] [data] Shuffling data
[2026-07-26 17:27:56] [data] Done reading 20,000 sentences
[2026-07-26 17:27:56] [data] Done shuffling 20,000 sentences to temp files
[2026-07-26 17:27:59] Seen 20,000 samples
[2026-07-26 17:27:59] Starting data epoch 192 in logical epoch 192
[2026-07-26 17:27:59] [data] Shuffling data
[2026-07-26 17:27:59] [data] Done reading 20,000 sentences
[2026-07-26 17:27:59] [data] Done shuffling 20,000 sentences to temp files
[2026-07-26 17:28:02] Seen 20,000 samples
[2026-07-26 17:28:02] Starting data epoch 193 in logical epoch 193
[2026-07-26 17:28:02] [data] Shuffling data
[2026-07-26 17:28:02] [data] Done reading 20,000 sentences
[2026-07-26 17:28:02] [data] Done shuffling 20,000 sentences to temp files
[2026-07-26 17:28:05] Seen 20,000 samples
[2026-07-26 17:28:05] Starting data epoch 194 in logical epoch 194
[2026-07-26 17:28:05] [data] Shuffling data
[2026-07-26 17:28:05] [data] Done reading 20,000 sentences
[2026-07-26 17:28:05] [data] Done shuffling 20,000 sentences to temp files
[2026-07-26 17:28:08] Seen 20,000 samples
[2026-07-26 17:28:08] Starting data epoch 195 in logical epoch 195
[2026-07-26 17:28:08] [data] Shuffling data
[2026-07-26 17:28:08] [data] Done reading 20,000 sentences
[2026-07-26 17:28:08] [data] Done shuffling 20,000 sentences to temp files
[2026-07-26 17:28:11] Seen 20,000 samples
[2026-07-26 17:28:11] Starting data epoch 196 in logical epoch 196
[2026-07-26 17:28:11] [data] Shuffling data
[2026-07-26 17:28:11] [data] Done reading 20,000 sentences
[2026-07-26 17:28:11] [data] Done shuffling 20,000 sentences to temp files
[2026-07-26 17:28:14] Seen 20,000 samples
[2026-07-26 17:28:14] Starting data epoch 197 in logical epoch 197
[2026-07-26 17:28:14] [data] Shuffling data
[2026-07-26 17:28:14] [data] Done reading 20,000 sentences
[2026-07-26 17:28:14] [data] Done shuffling 20,000 sentences to temp files
[2026-07-26 17:28:17] Seen 20,000 samples
[2026-07-26 17:28:17] Starting data epoch 198 in logical epoch 198
[2026-07-26 17:28:17] [data] Shuffling data
[2026-07-26 17:28:17] [data] Done reading 20,000 sentences
[2026-07-26 17:28:17] [data] Done shuffling 20,000 sentences to temp files
[2026-07-26 17:28:20] Seen 20,000 samples
[2026-07-26 17:28:20] Starting data epoch 199 in logical epoch 199
[2026-07-26 17:28:20] [data] Shuffling data
[2026-07-26 17:28:20] [data] Done reading 20,000 sentences
[2026-07-26 17:28:20] [data] Done shuffling 20,000 sentences to temp files
[2026-07-26 17:28:23] Seen 20,000 samples
[2026-07-26 17:28:23] Starting data epoch 200 in logical epoch 200
[2026-07-26 17:28:23] [data] Shuffling data
[2026-07-26 17:28:23] [data] Done reading 20,000 sentences
[2026-07-26 17:28:23] [data] Done shuffling 20,000 sentences to temp files
[2026-07-26 17:28:26] Seen 20,000 samples
[2026-07-26 17:28:26] Starting data epoch 201 in logical epoch 201
[2026-07-26 17:28:26] [data] Shuffling data
[2026-07-26 17:28:26] [data] Done reading 20,000 sentences
[2026-07-26 17:28:26] [data] Done shuffling 20,000 sentences to temp files
[2026-07-26 17:28:29] Ep. 201 : Up. 5000 : Sen. 20,000 : Cost 1.20391440 * 1,569,459 @ 990 after 15,546,345 : Time 60.94s : 25754.41 words/s : gNorm 0.3671 : L.r. 3.0000e-04
[2026-07-26 17:28:29] Saving model weights and runtime parameters to /d/Job_Requirements/PracticalProjectsFromDrYe/AIE-F/assignment-submission/class-22/TheinGiKyaw_Assignment7/model.transformer.warmup4000_dropout01.phmy/model.npz
[2026-07-26 17:28:29] Saving Adam parameters
[2026-07-26 17:28:30] [training] Saving training checkpoint to /d/Job_Requirements/PracticalProjectsFromDrYe/AIE-F/assignment-submission/class-22/TheinGiKyaw_Assignment7/model.transformer.warmup4000_dropout01.phmy/model.npz and /d/Job_Requirements/PracticalProjectsFromDrYe/AIE-F/assignment-submission/class-22/TheinGiKyaw_Assignment7/model.transformer.warmup4000_dropout01.phmy/model.npz.optimizer.npz
[2026-07-26 17:28:31] Saving model weights and runtime parameters to /d/Job_Requirements/PracticalProjectsFromDrYe/AIE-F/assignment-submission/class-22/TheinGiKyaw_Assignment7/model.transformer.warmup4000_dropout01.phmy/model.npz.best-cross-entropy.npz
[2026-07-26 17:28:32] [valid] Ep. 201 : Up. 5000 : cross-entropy : 2.17222 : new best
[2026-07-26 17:28:32] Saving model weights and runtime parameters to /d/Job_Requirements/PracticalProjectsFromDrYe/AIE-F/assignment-submission/class-22/TheinGiKyaw_Assignment7/model.transformer.warmup4000_dropout01.phmy/model.npz.best-perplexity.npz
[2026-07-26 17:28:32] [valid] Ep. 201 : Up. 5000 : perplexity : 1.75974 : new best
[2026-07-26 17:28:33] [valid] First sentence's tokens as scored:
[2026-07-26 17:28:33] [valid] DefaultVocab keeps original segments for scoring
[2026-07-26 17:28:33] [valid]   Hyp: ဥတ် တ ရ ဖ လ ဂု နီ
[2026-07-26 17:28:33] [valid]   Ref: ဥတ် တ ရ ဖ လ ဂု နီ
[2026-07-26 17:28:35] Saving model weights and runtime parameters to /d/Job_Requirements/PracticalProjectsFromDrYe/AIE-F/assignment-submission/class-22/TheinGiKyaw_Assignment7/model.transformer.warmup4000_dropout01.phmy/model.npz.best-bleu.npz
[2026-07-26 17:28:35] [valid] Ep. 201 : Up. 5000 : bleu : 76.4125 : new best
[2026-07-26 17:28:35] Seen 20,000 samples
[2026-07-26 17:28:35] Starting data epoch 202 in logical epoch 202
[2026-07-26 17:28:35] [data] Shuffling data
[2026-07-26 17:28:35] [data] Done reading 20,000 sentences
[2026-07-26 17:28:35] [data] Done shuffling 20,000 sentences to temp files
[2026-07-26 17:28:38] Seen 20,000 samples
[2026-07-26 17:28:38] Starting data epoch 203 in logical epoch 203
[2026-07-26 17:28:38] [data] Shuffling data
[2026-07-26 17:28:38] [data] Done reading 20,000 sentences
[2026-07-26 17:28:38] [data] Done shuffling 20,000 sentences to temp files
[2026-07-26 17:28:41] Seen 20,000 samples
[2026-07-26 17:28:41] Starting data epoch 204 in logical epoch 204
[2026-07-26 17:28:41] [data] Shuffling data
[2026-07-26 17:28:41] [data] Done reading 20,000 sentences
[2026-07-26 17:28:41] [data] Done shuffling 20,000 sentences to temp files
[2026-07-26 17:28:44] Seen 20,000 samples
[2026-07-26 17:28:44] Starting data epoch 205 in logical epoch 205
[2026-07-26 17:28:44] [data] Shuffling data
[2026-07-26 17:28:44] [data] Done reading 20,000 sentences
[2026-07-26 17:28:44] [data] Done shuffling 20,000 sentences to temp files
[2026-07-26 17:28:47] Seen 20,000 samples
[2026-07-26 17:28:47] Starting data epoch 206 in logical epoch 206
[2026-07-26 17:28:47] [data] Shuffling data
[2026-07-26 17:28:47] [data] Done reading 20,000 sentences
[2026-07-26 17:28:47] [data] Done shuffling 20,000 sentences to temp files
[2026-07-26 17:28:50] Seen 20,000 samples
[2026-07-26 17:28:50] Starting data epoch 207 in logical epoch 207
[2026-07-26 17:28:50] [data] Shuffling data
[2026-07-26 17:28:50] [data] Done reading 20,000 sentences
[2026-07-26 17:28:50] [data] Done shuffling 20,000 sentences to temp files
[2026-07-26 17:28:53] Seen 20,000 samples
[2026-07-26 17:28:53] Starting data epoch 208 in logical epoch 208
[2026-07-26 17:28:53] [data] Shuffling data
[2026-07-26 17:28:53] [data] Done reading 20,000 sentences
[2026-07-26 17:28:53] [data] Done shuffling 20,000 sentences to temp files
[2026-07-26 17:28:56] Seen 20,000 samples
[2026-07-26 17:28:56] Starting data epoch 209 in logical epoch 209
[2026-07-26 17:28:56] [data] Shuffling data
[2026-07-26 17:28:56] [data] Done reading 20,000 sentences
[2026-07-26 17:28:56] [data] Done shuffling 20,000 sentences to temp files
[2026-07-26 17:28:59] Seen 20,000 samples
[2026-07-26 17:28:59] Starting data epoch 210 in logical epoch 210
[2026-07-26 17:28:59] [data] Shuffling data
[2026-07-26 17:28:59] [data] Done reading 20,000 sentences
[2026-07-26 17:28:59] [data] Done shuffling 20,000 sentences to temp files
[2026-07-26 17:29:02] Seen 20,000 samples
[2026-07-26 17:29:02] Starting data epoch 211 in logical epoch 211
[2026-07-26 17:29:02] [data] Shuffling data
[2026-07-26 17:29:02] [data] Done reading 20,000 sentences
[2026-07-26 17:29:02] [data] Done shuffling 20,000 sentences to temp files
[2026-07-26 17:29:05] Seen 20,000 samples
[2026-07-26 17:29:05] Starting data epoch 212 in logical epoch 212
[2026-07-26 17:29:05] [data] Shuffling data
[2026-07-26 17:29:05] [data] Done reading 20,000 sentences
[2026-07-26 17:29:05] [data] Done shuffling 20,000 sentences to temp files
[2026-07-26 17:29:08] Seen 20,000 samples
[2026-07-26 17:29:08] Starting data epoch 213 in logical epoch 213
[2026-07-26 17:29:08] [data] Shuffling data
[2026-07-26 17:29:08] [data] Done reading 20,000 sentences
[2026-07-26 17:29:08] [data] Done shuffling 20,000 sentences to temp files
[2026-07-26 17:29:11] Seen 20,000 samples
[2026-07-26 17:29:11] Starting data epoch 214 in logical epoch 214
[2026-07-26 17:29:11] [data] Shuffling data
[2026-07-26 17:29:11] [data] Done reading 20,000 sentences
[2026-07-26 17:29:11] [data] Done shuffling 20,000 sentences to temp files
[2026-07-26 17:29:14] Seen 20,000 samples
[2026-07-26 17:29:14] Starting data epoch 215 in logical epoch 215
[2026-07-26 17:29:14] [data] Shuffling data
[2026-07-26 17:29:14] [data] Done reading 20,000 sentences
[2026-07-26 17:29:14] [data] Done shuffling 20,000 sentences to temp files
[2026-07-26 17:29:17] Seen 20,000 samples
[2026-07-26 17:29:17] Starting data epoch 216 in logical epoch 216
[2026-07-26 17:29:17] [data] Shuffling data
[2026-07-26 17:29:17] [data] Done reading 20,000 sentences
[2026-07-26 17:29:17] [data] Done shuffling 20,000 sentences to temp files
[2026-07-26 17:29:20] Seen 20,000 samples
[2026-07-26 17:29:20] Starting data epoch 217 in logical epoch 217
[2026-07-26 17:29:20] [data] Shuffling data
[2026-07-26 17:29:20] [data] Done reading 20,000 sentences
[2026-07-26 17:29:20] [data] Done shuffling 20,000 sentences to temp files
[2026-07-26 17:29:23] Seen 20,000 samples
[2026-07-26 17:29:23] Starting data epoch 218 in logical epoch 218
[2026-07-26 17:29:23] [data] Shuffling data
[2026-07-26 17:29:23] [data] Done reading 20,000 sentences
[2026-07-26 17:29:23] [data] Done shuffling 20,000 sentences to temp files
[2026-07-26 17:29:26] Seen 20,000 samples
[2026-07-26 17:29:26] Starting data epoch 219 in logical epoch 219
[2026-07-26 17:29:26] [data] Shuffling data
[2026-07-26 17:29:26] [data] Done reading 20,000 sentences
[2026-07-26 17:29:26] [data] Done shuffling 20,000 sentences to temp files
[2026-07-26 17:29:29] Seen 20,000 samples
[2026-07-26 17:29:29] Starting data epoch 220 in logical epoch 220
[2026-07-26 17:29:29] [data] Shuffling data
[2026-07-26 17:29:29] [data] Done reading 20,000 sentences
[2026-07-26 17:29:29] [data] Done shuffling 20,000 sentences to temp files
[2026-07-26 17:29:32] Seen 20,000 samples
[2026-07-26 17:29:32] Starting data epoch 221 in logical epoch 221
[2026-07-26 17:29:32] [data] Shuffling data
[2026-07-26 17:29:32] [data] Done reading 20,000 sentences
[2026-07-26 17:29:32] [data] Done shuffling 20,000 sentences to temp files
[2026-07-26 17:29:35] Seen 20,000 samples
[2026-07-26 17:29:35] Starting data epoch 222 in logical epoch 222
[2026-07-26 17:29:35] [data] Shuffling data
[2026-07-26 17:29:35] [data] Done reading 20,000 sentences
[2026-07-26 17:29:35] [data] Done shuffling 20,000 sentences to temp files
[2026-07-26 17:29:36] Ep. 222 : Up. 5500 : Sen. 3,529 : Cost 1.19973087 * 1,561,803 @ 2,871 after 17,108,148 : Time 66.74s : 23401.94 words/s : gNorm 0.2247 : L.r. 3.0000e-04
[2026-07-26 17:29:38] Seen 20,000 samples
[2026-07-26 17:29:38] Starting data epoch 223 in logical epoch 223
[2026-07-26 17:29:38] [data] Shuffling data
[2026-07-26 17:29:38] [data] Done reading 20,000 sentences
[2026-07-26 17:29:38] [data] Done shuffling 20,000 sentences to temp files
[2026-07-26 17:29:41] Seen 20,000 samples
[2026-07-26 17:29:41] Starting data epoch 224 in logical epoch 224
[2026-07-26 17:29:41] [data] Shuffling data
[2026-07-26 17:29:41] [data] Done reading 20,000 sentences
[2026-07-26 17:29:41] [data] Done shuffling 20,000 sentences to temp files
[2026-07-26 17:29:45] Seen 20,000 samples
[2026-07-26 17:29:45] Starting data epoch 225 in logical epoch 225
[2026-07-26 17:29:45] [data] Shuffling data
[2026-07-26 17:29:45] [data] Done reading 20,000 sentences
[2026-07-26 17:29:45] [data] Done shuffling 20,000 sentences to temp files
[2026-07-26 17:29:48] Seen 20,000 samples
[2026-07-26 17:29:48] Starting data epoch 226 in logical epoch 226
[2026-07-26 17:29:48] [data] Shuffling data
[2026-07-26 17:29:48] [data] Done reading 20,000 sentences
[2026-07-26 17:29:48] [data] Done shuffling 20,000 sentences to temp files
[2026-07-26 17:29:51] Seen 20,000 samples
[2026-07-26 17:29:51] Starting data epoch 227 in logical epoch 227
[2026-07-26 17:29:51] [data] Shuffling data
[2026-07-26 17:29:51] [data] Done reading 20,000 sentences
[2026-07-26 17:29:51] [data] Done shuffling 20,000 sentences to temp files
[2026-07-26 17:29:54] Seen 20,000 samples
[2026-07-26 17:29:54] Starting data epoch 228 in logical epoch 228
[2026-07-26 17:29:54] [data] Shuffling data
[2026-07-26 17:29:54] [data] Done reading 20,000 sentences
[2026-07-26 17:29:54] [data] Done shuffling 20,000 sentences to temp files
[2026-07-26 17:29:57] Seen 20,000 samples
[2026-07-26 17:29:57] Starting data epoch 229 in logical epoch 229
[2026-07-26 17:29:57] [data] Shuffling data
[2026-07-26 17:29:57] [data] Done reading 20,000 sentences
[2026-07-26 17:29:57] [data] Done shuffling 20,000 sentences to temp files
[2026-07-26 17:30:00] Seen 20,000 samples
[2026-07-26 17:30:00] Starting data epoch 230 in logical epoch 230
[2026-07-26 17:30:00] [data] Shuffling data
[2026-07-26 17:30:00] [data] Done reading 20,000 sentences
[2026-07-26 17:30:00] [data] Done shuffling 20,000 sentences to temp files
[2026-07-26 17:30:04] Seen 20,000 samples
[2026-07-26 17:30:04] Starting data epoch 231 in logical epoch 231
[2026-07-26 17:30:04] [data] Shuffling data
[2026-07-26 17:30:04] [data] Done reading 20,000 sentences
[2026-07-26 17:30:04] [data] Done shuffling 20,000 sentences to temp files
[2026-07-26 17:30:07] Seen 20,000 samples
[2026-07-26 17:30:07] Starting data epoch 232 in logical epoch 232
[2026-07-26 17:30:07] [data] Shuffling data
[2026-07-26 17:30:07] [data] Done reading 20,000 sentences
[2026-07-26 17:30:07] [data] Done shuffling 20,000 sentences to temp files
[2026-07-26 17:30:10] Seen 20,000 samples
[2026-07-26 17:30:10] Starting data epoch 233 in logical epoch 233
[2026-07-26 17:30:10] [data] Shuffling data
[2026-07-26 17:30:10] [data] Done reading 20,000 sentences
[2026-07-26 17:30:10] [data] Done shuffling 20,000 sentences to temp files
[2026-07-26 17:30:13] Seen 20,000 samples
[2026-07-26 17:30:13] Starting data epoch 234 in logical epoch 234
[2026-07-26 17:30:13] [data] Shuffling data
[2026-07-26 17:30:13] [data] Done reading 20,000 sentences
[2026-07-26 17:30:13] [data] Done shuffling 20,000 sentences to temp files
[2026-07-26 17:30:16] Seen 20,000 samples
[2026-07-26 17:30:16] Starting data epoch 235 in logical epoch 235
[2026-07-26 17:30:16] [data] Shuffling data
[2026-07-26 17:30:16] [data] Done reading 20,000 sentences
[2026-07-26 17:30:16] [data] Done shuffling 20,000 sentences to temp files
[2026-07-26 17:30:19] Seen 20,000 samples
[2026-07-26 17:30:19] Starting data epoch 236 in logical epoch 236
[2026-07-26 17:30:19] [data] Shuffling data
[2026-07-26 17:30:19] [data] Done reading 20,000 sentences
[2026-07-26 17:30:20] [data] Done shuffling 20,000 sentences to temp files
[2026-07-26 17:30:23] Seen 20,000 samples
[2026-07-26 17:30:23] Starting data epoch 237 in logical epoch 237
[2026-07-26 17:30:23] [data] Shuffling data
[2026-07-26 17:30:23] [data] Done reading 20,000 sentences
[2026-07-26 17:30:23] [data] Done shuffling 20,000 sentences to temp files
[2026-07-26 17:30:26] Seen 20,000 samples
[2026-07-26 17:30:26] Starting data epoch 238 in logical epoch 238
[2026-07-26 17:30:26] [data] Shuffling data
[2026-07-26 17:30:26] [data] Done reading 20,000 sentences
[2026-07-26 17:30:26] [data] Done shuffling 20,000 sentences to temp files
[2026-07-26 17:30:29] Seen 20,000 samples
[2026-07-26 17:30:29] Starting data epoch 239 in logical epoch 239
[2026-07-26 17:30:29] [data] Shuffling data
[2026-07-26 17:30:29] [data] Done reading 20,000 sentences
[2026-07-26 17:30:29] [data] Done shuffling 20,000 sentences to temp files
[2026-07-26 17:30:33] Seen 20,000 samples
[2026-07-26 17:30:33] Starting data epoch 240 in logical epoch 240
[2026-07-26 17:30:33] [data] Shuffling data
[2026-07-26 17:30:33] [data] Done reading 20,000 sentences
[2026-07-26 17:30:33] [data] Done shuffling 20,000 sentences to temp files
[2026-07-26 17:30:36] Seen 20,000 samples
[2026-07-26 17:30:36] Starting data epoch 241 in logical epoch 241
[2026-07-26 17:30:36] [data] Shuffling data
[2026-07-26 17:30:36] [data] Done reading 20,000 sentences
[2026-07-26 17:30:36] [data] Done shuffling 20,000 sentences to temp files
[2026-07-26 17:30:39] Seen 20,000 samples
[2026-07-26 17:30:39] Starting data epoch 242 in logical epoch 242
[2026-07-26 17:30:39] [data] Shuffling data
[2026-07-26 17:30:39] [data] Done reading 20,000 sentences
[2026-07-26 17:30:39] [data] Done shuffling 20,000 sentences to temp files
[2026-07-26 17:30:40] Ep. 242 : Up. 6000 : Sen. 5,443 : Cost 1.19341362 * 1,553,926 @ 2,875 after 18,662,074 : Time 64.31s : 24161.18 words/s : gNorm 0.2449 : L.r. 3.0000e-04
[2026-07-26 17:30:43] Seen 20,000 samples
[2026-07-26 17:30:43] Starting data epoch 243 in logical epoch 243
[2026-07-26 17:30:43] [data] Shuffling data
[2026-07-26 17:30:43] [data] Done reading 20,000 sentences
[2026-07-26 17:30:43] [data] Done shuffling 20,000 sentences to temp files
[2026-07-26 17:30:46] Seen 20,000 samples
[2026-07-26 17:30:46] Starting data epoch 244 in logical epoch 244
[2026-07-26 17:30:46] [data] Shuffling data
[2026-07-26 17:30:46] [data] Done reading 20,000 sentences
[2026-07-26 17:30:46] [data] Done shuffling 20,000 sentences to temp files
[2026-07-26 17:30:49] Seen 20,000 samples
[2026-07-26 17:30:49] Starting data epoch 245 in logical epoch 245
[2026-07-26 17:30:49] [data] Shuffling data
[2026-07-26 17:30:49] [data] Done reading 20,000 sentences
[2026-07-26 17:30:49] [data] Done shuffling 20,000 sentences to temp files
[2026-07-26 17:30:52] Seen 20,000 samples
[2026-07-26 17:30:52] Starting data epoch 246 in logical epoch 246
[2026-07-26 17:30:52] [data] Shuffling data
[2026-07-26 17:30:52] [data] Done reading 20,000 sentences
[2026-07-26 17:30:52] [data] Done shuffling 20,000 sentences to temp files
[2026-07-26 17:30:55] Seen 20,000 samples
[2026-07-26 17:30:55] Starting data epoch 247 in logical epoch 247
[2026-07-26 17:30:55] [data] Shuffling data
[2026-07-26 17:30:55] [data] Done reading 20,000 sentences
[2026-07-26 17:30:55] [data] Done shuffling 20,000 sentences to temp files
[2026-07-26 17:30:58] Seen 20,000 samples
[2026-07-26 17:30:58] Starting data epoch 248 in logical epoch 248
[2026-07-26 17:30:58] [data] Shuffling data
[2026-07-26 17:30:58] [data] Done reading 20,000 sentences
[2026-07-26 17:30:58] [data] Done shuffling 20,000 sentences to temp files
[2026-07-26 17:31:01] Seen 20,000 samples
[2026-07-26 17:31:01] Starting data epoch 249 in logical epoch 249
[2026-07-26 17:31:01] [data] Shuffling data
[2026-07-26 17:31:01] [data] Done reading 20,000 sentences
[2026-07-26 17:31:01] [data] Done shuffling 20,000 sentences to temp files
[2026-07-26 17:31:05] Seen 20,000 samples
[2026-07-26 17:31:05] Starting data epoch 250 in logical epoch 250
[2026-07-26 17:31:05] [data] Shuffling data
[2026-07-26 17:31:05] [data] Done reading 20,000 sentences
[2026-07-26 17:31:05] [data] Done shuffling 20,000 sentences to temp files
[2026-07-26 17:31:08] Seen 20,000 samples
[2026-07-26 17:31:08] Starting data epoch 251 in logical epoch 251
[2026-07-26 17:31:08] [data] Shuffling data
[2026-07-26 17:31:08] [data] Done reading 20,000 sentences
[2026-07-26 17:31:08] [data] Done shuffling 20,000 sentences to temp files
[2026-07-26 17:31:11] Seen 20,000 samples
[2026-07-26 17:31:11] Starting data epoch 252 in logical epoch 252
[2026-07-26 17:31:11] [data] Shuffling data
[2026-07-26 17:31:11] [data] Done reading 20,000 sentences
[2026-07-26 17:31:11] [data] Done shuffling 20,000 sentences to temp files
[2026-07-26 17:31:15] Seen 20,000 samples
[2026-07-26 17:31:15] Starting data epoch 253 in logical epoch 253
[2026-07-26 17:31:15] [data] Shuffling data
[2026-07-26 17:31:15] [data] Done reading 20,000 sentences
[2026-07-26 17:31:15] [data] Done shuffling 20,000 sentences to temp files
[2026-07-26 17:31:18] Seen 20,000 samples
[2026-07-26 17:31:18] Starting data epoch 254 in logical epoch 254
[2026-07-26 17:31:18] [data] Shuffling data
[2026-07-26 17:31:18] [data] Done reading 20,000 sentences
[2026-07-26 17:31:18] [data] Done shuffling 20,000 sentences to temp files
[2026-07-26 17:31:21] Seen 20,000 samples
[2026-07-26 17:31:21] Starting data epoch 255 in logical epoch 255
[2026-07-26 17:31:21] [data] Shuffling data
[2026-07-26 17:31:21] [data] Done reading 20,000 sentences
[2026-07-26 17:31:21] [data] Done shuffling 20,000 sentences to temp files
[2026-07-26 17:31:24] Seen 20,000 samples
[2026-07-26 17:31:24] Starting data epoch 256 in logical epoch 256
[2026-07-26 17:31:24] [data] Shuffling data
[2026-07-26 17:31:24] [data] Done reading 20,000 sentences
[2026-07-26 17:31:24] [data] Done shuffling 20,000 sentences to temp files
[2026-07-26 17:31:27] Seen 20,000 samples
[2026-07-26 17:31:27] Starting data epoch 257 in logical epoch 257
[2026-07-26 17:31:27] [data] Shuffling data
[2026-07-26 17:31:27] [data] Done reading 20,000 sentences
[2026-07-26 17:31:28] [data] Done shuffling 20,000 sentences to temp files
[2026-07-26 17:31:31] Seen 20,000 samples
[2026-07-26 17:31:31] Starting data epoch 258 in logical epoch 258
[2026-07-26 17:31:31] [data] Shuffling data
[2026-07-26 17:31:31] [data] Done reading 20,000 sentences
[2026-07-26 17:31:31] [data] Done shuffling 20,000 sentences to temp files
[2026-07-26 17:31:34] Seen 20,000 samples
[2026-07-26 17:31:34] Starting data epoch 259 in logical epoch 259
[2026-07-26 17:31:34] [data] Shuffling data
[2026-07-26 17:31:34] [data] Done reading 20,000 sentences
[2026-07-26 17:31:34] [data] Done shuffling 20,000 sentences to temp files
[2026-07-26 17:31:37] Seen 20,000 samples
[2026-07-26 17:31:37] Starting data epoch 260 in logical epoch 260
[2026-07-26 17:31:37] [data] Shuffling data
[2026-07-26 17:31:37] [data] Done reading 20,000 sentences
[2026-07-26 17:31:37] [data] Done shuffling 20,000 sentences to temp files
[2026-07-26 17:31:40] Seen 20,000 samples
[2026-07-26 17:31:40] Starting data epoch 261 in logical epoch 261
[2026-07-26 17:31:40] [data] Shuffling data
[2026-07-26 17:31:40] [data] Done reading 20,000 sentences
[2026-07-26 17:31:40] [data] Done shuffling 20,000 sentences to temp files
[2026-07-26 17:31:43] Seen 20,000 samples
[2026-07-26 17:31:43] Starting data epoch 262 in logical epoch 262
[2026-07-26 17:31:43] [data] Shuffling data
[2026-07-26 17:31:43] [data] Done reading 20,000 sentences
[2026-07-26 17:31:43] [data] Done shuffling 20,000 sentences to temp files
[2026-07-26 17:31:45] Ep. 262 : Up. 6500 : Sen. 7,357 : Cost 1.19166982 * 1,553,541 @ 3,828 after 20,215,615 : Time 64.50s : 24086.91 words/s : gNorm 0.1947 : L.r. 3.0000e-04
[2026-07-26 17:31:47] Seen 20,000 samples
[2026-07-26 17:31:47] Starting data epoch 263 in logical epoch 263
[2026-07-26 17:31:47] [data] Shuffling data
[2026-07-26 17:31:47] [data] Done reading 20,000 sentences
[2026-07-26 17:31:47] [data] Done shuffling 20,000 sentences to temp files
[2026-07-26 17:31:50] Seen 20,000 samples
[2026-07-26 17:31:50] Starting data epoch 264 in logical epoch 264
[2026-07-26 17:31:50] [data] Shuffling data
[2026-07-26 17:31:50] [data] Done reading 20,000 sentences
[2026-07-26 17:31:50] [data] Done shuffling 20,000 sentences to temp files
[2026-07-26 17:31:53] Seen 20,000 samples
[2026-07-26 17:31:53] Starting data epoch 265 in logical epoch 265
[2026-07-26 17:31:53] [data] Shuffling data
[2026-07-26 17:31:53] [data] Done reading 20,000 sentences
[2026-07-26 17:31:53] [data] Done shuffling 20,000 sentences to temp files
[2026-07-26 17:31:56] Seen 20,000 samples
[2026-07-26 17:31:56] Starting data epoch 266 in logical epoch 266
[2026-07-26 17:31:56] [data] Shuffling data
[2026-07-26 17:31:56] [data] Done reading 20,000 sentences
[2026-07-26 17:31:56] [data] Done shuffling 20,000 sentences to temp files
[2026-07-26 17:32:00] Seen 20,000 samples
[2026-07-26 17:32:00] Starting data epoch 267 in logical epoch 267
[2026-07-26 17:32:00] [data] Shuffling data
[2026-07-26 17:32:00] [data] Done reading 20,000 sentences
[2026-07-26 17:32:00] [data] Done shuffling 20,000 sentences to temp files
[2026-07-26 17:32:03] Seen 20,000 samples
[2026-07-26 17:32:03] Starting data epoch 268 in logical epoch 268
[2026-07-26 17:32:03] [data] Shuffling data
[2026-07-26 17:32:03] [data] Done reading 20,000 sentences
[2026-07-26 17:32:03] [data] Done shuffling 20,000 sentences to temp files
[2026-07-26 17:32:06] Seen 20,000 samples
[2026-07-26 17:32:06] Starting data epoch 269 in logical epoch 269
[2026-07-26 17:32:06] [data] Shuffling data
[2026-07-26 17:32:06] [data] Done reading 20,000 sentences
[2026-07-26 17:32:06] [data] Done shuffling 20,000 sentences to temp files
[2026-07-26 17:32:10] Seen 20,000 samples
[2026-07-26 17:32:10] Starting data epoch 270 in logical epoch 270
[2026-07-26 17:32:10] [data] Shuffling data
[2026-07-26 17:32:10] [data] Done reading 20,000 sentences
[2026-07-26 17:32:10] [data] Done shuffling 20,000 sentences to temp files
[2026-07-26 17:32:13] Seen 20,000 samples
[2026-07-26 17:32:13] Starting data epoch 271 in logical epoch 271
[2026-07-26 17:32:13] [data] Shuffling data
[2026-07-26 17:32:13] [data] Done reading 20,000 sentences
[2026-07-26 17:32:13] [data] Done shuffling 20,000 sentences to temp files
[2026-07-26 17:32:16] Seen 20,000 samples
[2026-07-26 17:32:16] Starting data epoch 272 in logical epoch 272
[2026-07-26 17:32:16] [data] Shuffling data
[2026-07-26 17:32:16] [data] Done reading 20,000 sentences
[2026-07-26 17:32:16] [data] Done shuffling 20,000 sentences to temp files
[2026-07-26 17:32:20] Seen 20,000 samples
[2026-07-26 17:32:20] Starting data epoch 273 in logical epoch 273
[2026-07-26 17:32:20] [data] Shuffling data
[2026-07-26 17:32:20] [data] Done reading 20,000 sentences
[2026-07-26 17:32:20] [data] Done shuffling 20,000 sentences to temp files
[2026-07-26 17:32:23] Seen 20,000 samples
[2026-07-26 17:32:23] Starting data epoch 274 in logical epoch 274
[2026-07-26 17:32:23] [data] Shuffling data
[2026-07-26 17:32:23] [data] Done reading 20,000 sentences
[2026-07-26 17:32:23] [data] Done shuffling 20,000 sentences to temp files
[2026-07-26 17:32:26] Seen 20,000 samples
[2026-07-26 17:32:26] Starting data epoch 275 in logical epoch 275
[2026-07-26 17:32:26] [data] Shuffling data
[2026-07-26 17:32:26] [data] Done reading 20,000 sentences
[2026-07-26 17:32:26] [data] Done shuffling 20,000 sentences to temp files
[2026-07-26 17:32:30] Seen 20,000 samples
[2026-07-26 17:32:30] Starting data epoch 276 in logical epoch 276
[2026-07-26 17:32:30] [data] Shuffling data
[2026-07-26 17:32:30] [data] Done reading 20,000 sentences
[2026-07-26 17:32:30] [data] Done shuffling 20,000 sentences to temp files
[2026-07-26 17:32:33] Seen 20,000 samples
[2026-07-26 17:32:33] Starting data epoch 277 in logical epoch 277
[2026-07-26 17:32:33] [data] Shuffling data
[2026-07-26 17:32:33] [data] Done reading 20,000 sentences
[2026-07-26 17:32:33] [data] Done shuffling 20,000 sentences to temp files
[2026-07-26 17:32:36] Seen 20,000 samples
[2026-07-26 17:32:36] Starting data epoch 278 in logical epoch 278
[2026-07-26 17:32:36] [data] Shuffling data
[2026-07-26 17:32:36] [data] Done reading 20,000 sentences
[2026-07-26 17:32:36] [data] Done shuffling 20,000 sentences to temp files
[2026-07-26 17:32:40] Seen 20,000 samples
[2026-07-26 17:32:40] Starting data epoch 279 in logical epoch 279
[2026-07-26 17:32:40] [data] Shuffling data
[2026-07-26 17:32:40] [data] Done reading 20,000 sentences
[2026-07-26 17:32:40] [data] Done shuffling 20,000 sentences to temp files
[2026-07-26 17:32:43] Seen 20,000 samples
[2026-07-26 17:32:43] Starting data epoch 280 in logical epoch 280
[2026-07-26 17:32:43] [data] Shuffling data
[2026-07-26 17:32:43] [data] Done reading 20,000 sentences
[2026-07-26 17:32:43] [data] Done shuffling 20,000 sentences to temp files
[2026-07-26 17:32:46] Seen 20,000 samples
[2026-07-26 17:32:46] Starting data epoch 281 in logical epoch 281
[2026-07-26 17:32:46] [data] Shuffling data
[2026-07-26 17:32:46] [data] Done reading 20,000 sentences
[2026-07-26 17:32:46] [data] Done shuffling 20,000 sentences to temp files
[2026-07-26 17:32:50] Seen 20,000 samples
[2026-07-26 17:32:50] Starting data epoch 282 in logical epoch 282
[2026-07-26 17:32:50] [data] Shuffling data
[2026-07-26 17:32:50] [data] Done reading 20,000 sentences
[2026-07-26 17:32:50] [data] Done shuffling 20,000 sentences to temp files
[2026-07-26 17:32:51] Ep. 282 : Up. 7000 : Sen. 11,185 : Cost 1.18953717 * 1,560,787 @ 2,871 after 21,776,402 : Time 66.76s : 23379.03 words/s : gNorm 0.2510 : L.r. 3.0000e-04
[2026-07-26 17:32:53] Seen 20,000 samples
[2026-07-26 17:32:53] Starting data epoch 283 in logical epoch 283
[2026-07-26 17:32:53] [data] Shuffling data
[2026-07-26 17:32:53] [data] Done reading 20,000 sentences
[2026-07-26 17:32:53] [data] Done shuffling 20,000 sentences to temp files
[2026-07-26 17:32:56] Seen 20,000 samples
[2026-07-26 17:32:56] Starting data epoch 284 in logical epoch 284
[2026-07-26 17:32:56] [data] Shuffling data
[2026-07-26 17:32:56] [data] Done reading 20,000 sentences
[2026-07-26 17:32:56] [data] Done shuffling 20,000 sentences to temp files
[2026-07-26 17:33:00] Seen 20,000 samples
[2026-07-26 17:33:00] Starting data epoch 285 in logical epoch 285
[2026-07-26 17:33:00] [data] Shuffling data
[2026-07-26 17:33:00] [data] Done reading 20,000 sentences
[2026-07-26 17:33:00] [data] Done shuffling 20,000 sentences to temp files
[2026-07-26 17:33:03] Seen 20,000 samples
[2026-07-26 17:33:03] Starting data epoch 286 in logical epoch 286
[2026-07-26 17:33:03] [data] Shuffling data
[2026-07-26 17:33:03] [data] Done reading 20,000 sentences
[2026-07-26 17:33:03] [data] Done shuffling 20,000 sentences to temp files
[2026-07-26 17:33:06] Seen 20,000 samples
[2026-07-26 17:33:06] Starting data epoch 287 in logical epoch 287
[2026-07-26 17:33:06] [data] Shuffling data
[2026-07-26 17:33:06] [data] Done reading 20,000 sentences
[2026-07-26 17:33:06] [data] Done shuffling 20,000 sentences to temp files
[2026-07-26 17:33:10] Seen 20,000 samples
[2026-07-26 17:33:10] Starting data epoch 288 in logical epoch 288
[2026-07-26 17:33:10] [data] Shuffling data
[2026-07-26 17:33:10] [data] Done reading 20,000 sentences
[2026-07-26 17:33:10] [data] Done shuffling 20,000 sentences to temp files
[2026-07-26 17:33:13] Seen 20,000 samples
[2026-07-26 17:33:13] Starting data epoch 289 in logical epoch 289
[2026-07-26 17:33:13] [data] Shuffling data
[2026-07-26 17:33:13] [data] Done reading 20,000 sentences
[2026-07-26 17:33:13] [data] Done shuffling 20,000 sentences to temp files
[2026-07-26 17:33:16] Seen 20,000 samples
[2026-07-26 17:33:16] Starting data epoch 290 in logical epoch 290
[2026-07-26 17:33:16] [data] Shuffling data
[2026-07-26 17:33:16] [data] Done reading 20,000 sentences
[2026-07-26 17:33:16] [data] Done shuffling 20,000 sentences to temp files
[2026-07-26 17:33:19] Seen 20,000 samples
[2026-07-26 17:33:19] Starting data epoch 291 in logical epoch 291
[2026-07-26 17:33:19] [data] Shuffling data
[2026-07-26 17:33:19] [data] Done reading 20,000 sentences
[2026-07-26 17:33:19] [data] Done shuffling 20,000 sentences to temp files
[2026-07-26 17:33:22] Seen 20,000 samples
[2026-07-26 17:33:22] Starting data epoch 292 in logical epoch 292
[2026-07-26 17:33:22] [data] Shuffling data
[2026-07-26 17:33:23] [data] Done reading 20,000 sentences
[2026-07-26 17:33:23] [data] Done shuffling 20,000 sentences to temp files
[2026-07-26 17:33:26] Seen 20,000 samples
[2026-07-26 17:33:26] Starting data epoch 293 in logical epoch 293
[2026-07-26 17:33:26] [data] Shuffling data
[2026-07-26 17:33:26] [data] Done reading 20,000 sentences
[2026-07-26 17:33:26] [data] Done shuffling 20,000 sentences to temp files
[2026-07-26 17:33:29] Seen 20,000 samples
[2026-07-26 17:33:29] Starting data epoch 294 in logical epoch 294
[2026-07-26 17:33:29] [data] Shuffling data
[2026-07-26 17:33:29] [data] Done reading 20,000 sentences
[2026-07-26 17:33:29] [data] Done shuffling 20,000 sentences to temp files
[2026-07-26 17:33:32] Seen 20,000 samples
[2026-07-26 17:33:32] Starting data epoch 295 in logical epoch 295
[2026-07-26 17:33:32] [data] Shuffling data
[2026-07-26 17:33:32] [data] Done reading 20,000 sentences
[2026-07-26 17:33:32] [data] Done shuffling 20,000 sentences to temp files
[2026-07-26 17:33:35] Seen 20,000 samples
[2026-07-26 17:33:35] Starting data epoch 296 in logical epoch 296
[2026-07-26 17:33:35] [data] Shuffling data
[2026-07-26 17:33:35] [data] Done reading 20,000 sentences
[2026-07-26 17:33:35] [data] Done shuffling 20,000 sentences to temp files
[2026-07-26 17:33:39] Seen 20,000 samples
[2026-07-26 17:33:39] Starting data epoch 297 in logical epoch 297
[2026-07-26 17:33:39] [data] Shuffling data
[2026-07-26 17:33:39] [data] Done reading 20,000 sentences
[2026-07-26 17:33:39] [data] Done shuffling 20,000 sentences to temp files
[2026-07-26 17:33:42] Seen 20,000 samples
[2026-07-26 17:33:42] Starting data epoch 298 in logical epoch 298
[2026-07-26 17:33:42] [data] Shuffling data
[2026-07-26 17:33:42] [data] Done reading 20,000 sentences
[2026-07-26 17:33:42] [data] Done shuffling 20,000 sentences to temp files
[2026-07-26 17:33:45] Seen 20,000 samples
[2026-07-26 17:33:45] Starting data epoch 299 in logical epoch 299
[2026-07-26 17:33:45] [data] Shuffling data
[2026-07-26 17:33:45] [data] Done reading 20,000 sentences
[2026-07-26 17:33:46] [data] Done shuffling 20,000 sentences to temp files
[2026-07-26 17:33:49] Seen 20,000 samples
[2026-07-26 17:33:49] Starting data epoch 300 in logical epoch 300
[2026-07-26 17:33:49] [data] Shuffling data
[2026-07-26 17:33:49] [data] Done reading 20,000 sentences
[2026-07-26 17:33:49] [data] Done shuffling 20,000 sentences to temp files
[2026-07-26 17:33:52] Seen 20,000 samples
[2026-07-26 17:33:52] Starting data epoch 301 in logical epoch 301
[2026-07-26 17:33:52] [data] Shuffling data
[2026-07-26 17:33:52] [data] Done reading 20,000 sentences
[2026-07-26 17:33:52] [data] Done shuffling 20,000 sentences to temp files
[2026-07-26 17:33:55] Seen 20,000 samples
[2026-07-26 17:33:55] Starting data epoch 302 in logical epoch 302
[2026-07-26 17:33:55] [data] Shuffling data
[2026-07-26 17:33:55] [data] Done reading 20,000 sentences
[2026-07-26 17:33:55] [data] Done shuffling 20,000 sentences to temp files
[2026-07-26 17:33:57] Ep. 302 : Up. 7500 : Sen. 12,800 : Cost 1.18532383 * 1,553,835 @ 4,785 after 23,330,237 : Time 65.94s : 23564.96 words/s : gNorm 0.1645 : L.r. 3.0000e-04
[2026-07-26 17:33:58] Seen 20,000 samples
[2026-07-26 17:33:58] Starting data epoch 303 in logical epoch 303
[2026-07-26 17:33:58] [data] Shuffling data
[2026-07-26 17:33:59] [data] Done reading 20,000 sentences
[2026-07-26 17:33:59] [data] Done shuffling 20,000 sentences to temp files
[2026-07-26 17:34:02] Seen 20,000 samples
[2026-07-26 17:34:02] Starting data epoch 304 in logical epoch 304
[2026-07-26 17:34:02] [data] Shuffling data
[2026-07-26 17:34:02] [data] Done reading 20,000 sentences
[2026-07-26 17:34:02] [data] Done shuffling 20,000 sentences to temp files
[2026-07-26 17:34:05] Seen 20,000 samples
[2026-07-26 17:34:05] Starting data epoch 305 in logical epoch 305
[2026-07-26 17:34:05] [data] Shuffling data
[2026-07-26 17:34:05] [data] Done reading 20,000 sentences
[2026-07-26 17:34:05] [data] Done shuffling 20,000 sentences to temp files
[2026-07-26 17:34:09] Seen 20,000 samples
[2026-07-26 17:34:09] Starting data epoch 306 in logical epoch 306
[2026-07-26 17:34:09] [data] Shuffling data
[2026-07-26 17:34:09] [data] Done reading 20,000 sentences
[2026-07-26 17:34:09] [data] Done shuffling 20,000 sentences to temp files
[2026-07-26 17:34:12] Seen 20,000 samples
[2026-07-26 17:34:12] Starting data epoch 307 in logical epoch 307
[2026-07-26 17:34:12] [data] Shuffling data
[2026-07-26 17:34:12] [data] Done reading 20,000 sentences
[2026-07-26 17:34:12] [data] Done shuffling 20,000 sentences to temp files
[2026-07-26 17:34:16] Seen 20,000 samples
[2026-07-26 17:34:16] Starting data epoch 308 in logical epoch 308
[2026-07-26 17:34:16] [data] Shuffling data
[2026-07-26 17:34:16] [data] Done reading 20,000 sentences
[2026-07-26 17:34:16] [data] Done shuffling 20,000 sentences to temp files
[2026-07-26 17:34:19] Seen 20,000 samples
[2026-07-26 17:34:19] Starting data epoch 309 in logical epoch 309
[2026-07-26 17:34:19] [data] Shuffling data
[2026-07-26 17:34:20] [data] Done reading 20,000 sentences
[2026-07-26 17:34:20] [data] Done shuffling 20,000 sentences to temp files
[2026-07-26 17:34:23] Seen 20,000 samples
[2026-07-26 17:34:23] Starting data epoch 310 in logical epoch 310
[2026-07-26 17:34:23] [data] Shuffling data
[2026-07-26 17:34:23] [data] Done reading 20,000 sentences
[2026-07-26 17:34:23] [data] Done shuffling 20,000 sentences to temp files
[2026-07-26 17:34:27] Seen 20,000 samples
[2026-07-26 17:34:27] Starting data epoch 311 in logical epoch 311
[2026-07-26 17:34:27] [data] Shuffling data
[2026-07-26 17:34:27] [data] Done reading 20,000 sentences
[2026-07-26 17:34:27] [data] Done shuffling 20,000 sentences to temp files
[2026-07-26 17:34:31] Seen 20,000 samples
[2026-07-26 17:34:31] Starting data epoch 312 in logical epoch 312
[2026-07-26 17:34:31] [data] Shuffling data
[2026-07-26 17:34:31] [data] Done reading 20,000 sentences
[2026-07-26 17:34:31] [data] Done shuffling 20,000 sentences to temp files
[2026-07-26 17:34:34] Seen 20,000 samples
[2026-07-26 17:34:34] Starting data epoch 313 in logical epoch 313
[2026-07-26 17:34:34] [data] Shuffling data
[2026-07-26 17:34:34] [data] Done reading 20,000 sentences
[2026-07-26 17:34:34] [data] Done shuffling 20,000 sentences to temp files
[2026-07-26 17:34:38] Seen 20,000 samples
[2026-07-26 17:34:38] Starting data epoch 314 in logical epoch 314
[2026-07-26 17:34:38] [data] Shuffling data
[2026-07-26 17:34:38] [data] Done reading 20,000 sentences
[2026-07-26 17:34:38] [data] Done shuffling 20,000 sentences to temp files
[2026-07-26 17:34:42] Seen 20,000 samples
[2026-07-26 17:34:42] Starting data epoch 315 in logical epoch 315
[2026-07-26 17:34:42] [data] Shuffling data
[2026-07-26 17:34:42] [data] Done reading 20,000 sentences
[2026-07-26 17:34:42] [data] Done shuffling 20,000 sentences to temp files
[2026-07-26 17:34:45] Seen 20,000 samples
[2026-07-26 17:34:45] Starting data epoch 316 in logical epoch 316
[2026-07-26 17:34:45] [data] Shuffling data
[2026-07-26 17:34:45] [data] Done reading 20,000 sentences
[2026-07-26 17:34:45] [data] Done shuffling 20,000 sentences to temp files
[2026-07-26 17:34:49] Seen 20,000 samples
[2026-07-26 17:34:49] Starting data epoch 317 in logical epoch 317
[2026-07-26 17:34:49] [data] Shuffling data
[2026-07-26 17:34:49] [data] Done reading 20,000 sentences
[2026-07-26 17:34:49] [data] Done shuffling 20,000 sentences to temp files
[2026-07-26 17:34:52] Seen 20,000 samples
[2026-07-26 17:34:52] Starting data epoch 318 in logical epoch 318
[2026-07-26 17:34:52] [data] Shuffling data
[2026-07-26 17:34:52] [data] Done reading 20,000 sentences
[2026-07-26 17:34:52] [data] Done shuffling 20,000 sentences to temp files
[2026-07-26 17:34:56] Seen 20,000 samples
[2026-07-26 17:34:56] Starting data epoch 319 in logical epoch 319
[2026-07-26 17:34:56] [data] Shuffling data
[2026-07-26 17:34:56] [data] Done reading 20,000 sentences
[2026-07-26 17:34:56] [data] Done shuffling 20,000 sentences to temp files
[2026-07-26 17:34:59] Seen 20,000 samples
[2026-07-26 17:34:59] Starting data epoch 320 in logical epoch 320
[2026-07-26 17:34:59] [data] Shuffling data
[2026-07-26 17:34:59] [data] Done reading 20,000 sentences
[2026-07-26 17:34:59] [data] Done shuffling 20,000 sentences to temp files
[2026-07-26 17:35:03] Seen 20,000 samples
[2026-07-26 17:35:03] Starting data epoch 321 in logical epoch 321
[2026-07-26 17:35:03] [data] Shuffling data
[2026-07-26 17:35:03] [data] Done reading 20,000 sentences
[2026-07-26 17:35:03] [data] Done shuffling 20,000 sentences to temp files
[2026-07-26 17:35:07] Seen 20,000 samples
[2026-07-26 17:35:07] Starting data epoch 322 in logical epoch 322
[2026-07-26 17:35:07] [data] Shuffling data
[2026-07-26 17:35:07] [data] Done reading 20,000 sentences
[2026-07-26 17:35:07] [data] Done shuffling 20,000 sentences to temp files
[2026-07-26 17:35:09] Ep. 322 : Up. 8000 : Sen. 16,628 : Cost 1.18251872 * 1,560,668 @ 3,828 after 24,890,905 : Time 72.08s : 21651.97 words/s : gNorm 0.1538 : L.r. 3.0000e-04
[2026-07-26 17:35:10] Seen 20,000 samples
[2026-07-26 17:35:10] Starting data epoch 323 in logical epoch 323
[2026-07-26 17:35:10] [data] Shuffling data
[2026-07-26 17:35:10] [data] Done reading 20,000 sentences
[2026-07-26 17:35:10] [data] Done shuffling 20,000 sentences to temp files
[2026-07-26 17:35:14] Seen 20,000 samples
[2026-07-26 17:35:14] Starting data epoch 324 in logical epoch 324
[2026-07-26 17:35:14] [data] Shuffling data
[2026-07-26 17:35:14] [data] Done reading 20,000 sentences
[2026-07-26 17:35:14] [data] Done shuffling 20,000 sentences to temp files
[2026-07-26 17:35:17] Seen 20,000 samples
[2026-07-26 17:35:17] Starting data epoch 325 in logical epoch 325
[2026-07-26 17:35:17] [data] Shuffling data
[2026-07-26 17:35:17] [data] Done reading 20,000 sentences
[2026-07-26 17:35:17] [data] Done shuffling 20,000 sentences to temp files
[2026-07-26 17:35:21] Seen 20,000 samples
[2026-07-26 17:35:21] Starting data epoch 326 in logical epoch 326
[2026-07-26 17:35:21] [data] Shuffling data
[2026-07-26 17:35:21] [data] Done reading 20,000 sentences
[2026-07-26 17:35:21] [data] Done shuffling 20,000 sentences to temp files
[2026-07-26 17:35:25] Seen 20,000 samples
[2026-07-26 17:35:25] Starting data epoch 327 in logical epoch 327
[2026-07-26 17:35:25] [data] Shuffling data
[2026-07-26 17:35:25] [data] Done reading 20,000 sentences
[2026-07-26 17:35:25] [data] Done shuffling 20,000 sentences to temp files
[2026-07-26 17:35:28] Seen 20,000 samples
[2026-07-26 17:35:28] Starting data epoch 328 in logical epoch 328
[2026-07-26 17:35:28] [data] Shuffling data
[2026-07-26 17:35:28] [data] Done reading 20,000 sentences
[2026-07-26 17:35:28] [data] Done shuffling 20,000 sentences to temp files
[2026-07-26 17:35:31] Seen 20,000 samples
[2026-07-26 17:35:31] Starting data epoch 329 in logical epoch 329
[2026-07-26 17:35:31] [data] Shuffling data
[2026-07-26 17:35:31] [data] Done reading 20,000 sentences
[2026-07-26 17:35:31] [data] Done shuffling 20,000 sentences to temp files
[2026-07-26 17:35:35] Seen 20,000 samples
[2026-07-26 17:35:35] Starting data epoch 330 in logical epoch 330
[2026-07-26 17:35:35] [data] Shuffling data
[2026-07-26 17:35:35] [data] Done reading 20,000 sentences
[2026-07-26 17:35:35] [data] Done shuffling 20,000 sentences to temp files
[2026-07-26 17:35:38] Seen 20,000 samples
[2026-07-26 17:35:38] Starting data epoch 331 in logical epoch 331
[2026-07-26 17:35:38] [data] Shuffling data
[2026-07-26 17:35:38] [data] Done reading 20,000 sentences
[2026-07-26 17:35:39] [data] Done shuffling 20,000 sentences to temp files
[2026-07-26 17:35:42] Seen 20,000 samples
[2026-07-26 17:35:42] Starting data epoch 332 in logical epoch 332
[2026-07-26 17:35:42] [data] Shuffling data
[2026-07-26 17:35:42] [data] Done reading 20,000 sentences
[2026-07-26 17:35:42] [data] Done shuffling 20,000 sentences to temp files
[2026-07-26 17:35:45] Seen 20,000 samples
[2026-07-26 17:35:45] Starting data epoch 333 in logical epoch 333
[2026-07-26 17:35:45] [data] Shuffling data
[2026-07-26 17:35:45] [data] Done reading 20,000 sentences
[2026-07-26 17:35:45] [data] Done shuffling 20,000 sentences to temp files
[2026-07-26 17:35:49] Seen 20,000 samples
[2026-07-26 17:35:49] Starting data epoch 334 in logical epoch 334
[2026-07-26 17:35:49] [data] Shuffling data
[2026-07-26 17:35:49] [data] Done reading 20,000 sentences
[2026-07-26 17:35:49] [data] Done shuffling 20,000 sentences to temp files
[2026-07-26 17:35:52] Seen 20,000 samples
[2026-07-26 17:35:52] Starting data epoch 335 in logical epoch 335
[2026-07-26 17:35:52] [data] Shuffling data
[2026-07-26 17:35:52] [data] Done reading 20,000 sentences
[2026-07-26 17:35:52] [data] Done shuffling 20,000 sentences to temp files
[2026-07-26 17:35:55] Seen 20,000 samples
[2026-07-26 17:35:55] Starting data epoch 336 in logical epoch 336
[2026-07-26 17:35:55] [data] Shuffling data
[2026-07-26 17:35:55] [data] Done reading 20,000 sentences
[2026-07-26 17:35:55] [data] Done shuffling 20,000 sentences to temp files
[2026-07-26 17:35:59] Seen 20,000 samples
[2026-07-26 17:35:59] Starting data epoch 337 in logical epoch 337
[2026-07-26 17:35:59] [data] Shuffling data
[2026-07-26 17:35:59] [data] Done reading 20,000 sentences
[2026-07-26 17:35:59] [data] Done shuffling 20,000 sentences to temp files
[2026-07-26 17:36:02] Seen 20,000 samples
[2026-07-26 17:36:02] Starting data epoch 338 in logical epoch 338
[2026-07-26 17:36:02] [data] Shuffling data
[2026-07-26 17:36:02] [data] Done reading 20,000 sentences
[2026-07-26 17:36:02] [data] Done shuffling 20,000 sentences to temp files
[2026-07-26 17:36:05] Seen 20,000 samples
[2026-07-26 17:36:05] Starting data epoch 339 in logical epoch 339
[2026-07-26 17:36:05] [data] Shuffling data
[2026-07-26 17:36:05] [data] Done reading 20,000 sentences
[2026-07-26 17:36:05] [data] Done shuffling 20,000 sentences to temp files
[2026-07-26 17:36:08] Seen 20,000 samples
[2026-07-26 17:36:08] Starting data epoch 340 in logical epoch 340
[2026-07-26 17:36:08] [data] Shuffling data
[2026-07-26 17:36:08] [data] Done reading 20,000 sentences
[2026-07-26 17:36:08] [data] Done shuffling 20,000 sentences to temp files
[2026-07-26 17:36:12] Seen 20,000 samples
[2026-07-26 17:36:12] Starting data epoch 341 in logical epoch 341
[2026-07-26 17:36:12] [data] Shuffling data
[2026-07-26 17:36:12] [data] Done reading 20,000 sentences
[2026-07-26 17:36:12] [data] Done shuffling 20,000 sentences to temp files
[2026-07-26 17:36:16] Seen 20,000 samples
[2026-07-26 17:36:16] Starting data epoch 342 in logical epoch 342
[2026-07-26 17:36:16] [data] Shuffling data
[2026-07-26 17:36:16] [data] Done reading 20,000 sentences
[2026-07-26 17:36:16] [data] Done shuffling 20,000 sentences to temp files
[2026-07-26 17:36:18] Ep. 342 : Up. 8500 : Sen. 16,329 : Cost 1.18179214 * 1,548,329 @ 2,886 after 26,439,234 : Time 69.06s : 22418.98 words/s : gNorm 0.2033 : L.r. 3.0000e-04
[2026-07-26 17:36:19] Seen 20,000 samples
[2026-07-26 17:36:19] Starting data epoch 343 in logical epoch 343
[2026-07-26 17:36:19] [data] Shuffling data
[2026-07-26 17:36:19] [data] Done reading 20,000 sentences
[2026-07-26 17:36:19] [data] Done shuffling 20,000 sentences to temp files
[2026-07-26 17:36:23] Seen 20,000 samples
[2026-07-26 17:36:23] Starting data epoch 344 in logical epoch 344
[2026-07-26 17:36:23] [data] Shuffling data
[2026-07-26 17:36:23] [data] Done reading 20,000 sentences
[2026-07-26 17:36:23] [data] Done shuffling 20,000 sentences to temp files
[2026-07-26 17:36:26] Seen 20,000 samples
[2026-07-26 17:36:26] Starting data epoch 345 in logical epoch 345
[2026-07-26 17:36:26] [data] Shuffling data
[2026-07-26 17:36:26] [data] Done reading 20,000 sentences
[2026-07-26 17:36:26] [data] Done shuffling 20,000 sentences to temp files
[2026-07-26 17:36:30] Seen 20,000 samples
[2026-07-26 17:36:30] Starting data epoch 346 in logical epoch 346
[2026-07-26 17:36:30] [data] Shuffling data
[2026-07-26 17:36:30] [data] Done reading 20,000 sentences
[2026-07-26 17:36:30] [data] Done shuffling 20,000 sentences to temp files
[2026-07-26 17:36:33] Seen 20,000 samples
[2026-07-26 17:36:33] Starting data epoch 347 in logical epoch 347
[2026-07-26 17:36:33] [data] Shuffling data
[2026-07-26 17:36:33] [data] Done reading 20,000 sentences
[2026-07-26 17:36:33] [data] Done shuffling 20,000 sentences to temp files
[2026-07-26 17:36:36] Seen 20,000 samples
[2026-07-26 17:36:36] Starting data epoch 348 in logical epoch 348
[2026-07-26 17:36:36] [data] Shuffling data
[2026-07-26 17:36:36] [data] Done reading 20,000 sentences
[2026-07-26 17:36:36] [data] Done shuffling 20,000 sentences to temp files
[2026-07-26 17:36:40] Seen 20,000 samples
[2026-07-26 17:36:40] Starting data epoch 349 in logical epoch 349
[2026-07-26 17:36:40] [data] Shuffling data
[2026-07-26 17:36:40] [data] Done reading 20,000 sentences
[2026-07-26 17:36:40] [data] Done shuffling 20,000 sentences to temp files
[2026-07-26 17:36:43] Seen 20,000 samples
[2026-07-26 17:36:43] Starting data epoch 350 in logical epoch 350
[2026-07-26 17:36:43] [data] Shuffling data
[2026-07-26 17:36:43] [data] Done reading 20,000 sentences
[2026-07-26 17:36:43] [data] Done shuffling 20,000 sentences to temp files
[2026-07-26 17:36:46] Seen 20,000 samples
[2026-07-26 17:36:46] Starting data epoch 351 in logical epoch 351
[2026-07-26 17:36:46] [data] Shuffling data
[2026-07-26 17:36:46] [data] Done reading 20,000 sentences
[2026-07-26 17:36:47] [data] Done shuffling 20,000 sentences to temp files
[2026-07-26 17:36:50] Seen 20,000 samples
[2026-07-26 17:36:50] Starting data epoch 352 in logical epoch 352
[2026-07-26 17:36:50] [data] Shuffling data
[2026-07-26 17:36:50] [data] Done reading 20,000 sentences
[2026-07-26 17:36:50] [data] Done shuffling 20,000 sentences to temp files
[2026-07-26 17:36:53] Seen 20,000 samples
[2026-07-26 17:36:53] Starting data epoch 353 in logical epoch 353
[2026-07-26 17:36:53] [data] Shuffling data
[2026-07-26 17:36:53] [data] Done reading 20,000 sentences
[2026-07-26 17:36:53] [data] Done shuffling 20,000 sentences to temp files
[2026-07-26 17:36:56] Seen 20,000 samples
[2026-07-26 17:36:56] Starting data epoch 354 in logical epoch 354
[2026-07-26 17:36:56] [data] Shuffling data
[2026-07-26 17:36:57] [data] Done reading 20,000 sentences
[2026-07-26 17:36:57] [data] Done shuffling 20,000 sentences to temp files
[2026-07-26 17:37:00] Seen 20,000 samples
[2026-07-26 17:37:00] Starting data epoch 355 in logical epoch 355
[2026-07-26 17:37:00] [data] Shuffling data
[2026-07-26 17:37:00] [data] Done reading 20,000 sentences
[2026-07-26 17:37:00] [data] Done shuffling 20,000 sentences to temp files
[2026-07-26 17:37:03] Seen 20,000 samples
[2026-07-26 17:37:03] Starting data epoch 356 in logical epoch 356
[2026-07-26 17:37:03] [data] Shuffling data
[2026-07-26 17:37:03] [data] Done reading 20,000 sentences
[2026-07-26 17:37:03] [data] Done shuffling 20,000 sentences to temp files
[2026-07-26 17:37:07] Seen 20,000 samples
[2026-07-26 17:37:07] Starting data epoch 357 in logical epoch 357
[2026-07-26 17:37:07] [data] Shuffling data
[2026-07-26 17:37:07] [data] Done reading 20,000 sentences
[2026-07-26 17:37:07] [data] Done shuffling 20,000 sentences to temp files
[2026-07-26 17:37:10] Seen 20,000 samples
[2026-07-26 17:37:10] Starting data epoch 358 in logical epoch 358
[2026-07-26 17:37:10] [data] Shuffling data
[2026-07-26 17:37:10] [data] Done reading 20,000 sentences
[2026-07-26 17:37:10] [data] Done shuffling 20,000 sentences to temp files
[2026-07-26 17:37:14] Seen 20,000 samples
[2026-07-26 17:37:14] Starting data epoch 359 in logical epoch 359
[2026-07-26 17:37:14] [data] Shuffling data
[2026-07-26 17:37:14] [data] Done reading 20,000 sentences
[2026-07-26 17:37:14] [data] Done shuffling 20,000 sentences to temp files
[2026-07-26 17:37:17] Seen 20,000 samples
[2026-07-26 17:37:17] Starting data epoch 360 in logical epoch 360
[2026-07-26 17:37:17] [data] Shuffling data
[2026-07-26 17:37:17] [data] Done reading 20,000 sentences
[2026-07-26 17:37:17] [data] Done shuffling 20,000 sentences to temp files
[2026-07-26 17:37:20] Seen 20,000 samples
[2026-07-26 17:37:20] Starting data epoch 361 in logical epoch 361
[2026-07-26 17:37:20] [data] Shuffling data
[2026-07-26 17:37:20] [data] Done reading 20,000 sentences
[2026-07-26 17:37:20] [data] Done shuffling 20,000 sentences to temp files
[2026-07-26 17:37:24] Seen 20,000 samples
[2026-07-26 17:37:24] Starting data epoch 362 in logical epoch 362
[2026-07-26 17:37:24] [data] Shuffling data
[2026-07-26 17:37:24] [data] Done reading 20,000 sentences
[2026-07-26 17:37:24] [data] Done shuffling 20,000 sentences to temp files
[2026-07-26 17:37:27] Seen 20,000 samples
[2026-07-26 17:37:27] Starting data epoch 363 in logical epoch 363
[2026-07-26 17:37:27] [data] Shuffling data
[2026-07-26 17:37:27] [data] Done reading 20,000 sentences
[2026-07-26 17:37:27] [data] Done shuffling 20,000 sentences to temp files
[2026-07-26 17:37:27] Ep. 363 : Up. 9000 : Sen. 1,914 : Cost 1.18069279 * 1,566,443 @ 3,916 after 28,005,677 : Time 68.73s : 22791.18 words/s : gNorm 0.3050 : L.r. 3.0000e-04
[2026-07-26 17:37:30] Seen 20,000 samples
[2026-07-26 17:37:30] Starting data epoch 364 in logical epoch 364
[2026-07-26 17:37:30] [data] Shuffling data
[2026-07-26 17:37:30] [data] Done reading 20,000 sentences
[2026-07-26 17:37:30] [data] Done shuffling 20,000 sentences to temp files
[2026-07-26 17:37:33] Seen 20,000 samples
[2026-07-26 17:37:33] Starting data epoch 365 in logical epoch 365
[2026-07-26 17:37:33] [data] Shuffling data
[2026-07-26 17:37:33] [data] Done reading 20,000 sentences
[2026-07-26 17:37:34] [data] Done shuffling 20,000 sentences to temp files
[2026-07-26 17:37:36] Seen 20,000 samples
[2026-07-26 17:37:36] Starting data epoch 366 in logical epoch 366
[2026-07-26 17:37:36] [data] Shuffling data
[2026-07-26 17:37:37] [data] Done reading 20,000 sentences
[2026-07-26 17:37:37] [data] Done shuffling 20,000 sentences to temp files
[2026-07-26 17:37:40] Seen 20,000 samples
[2026-07-26 17:37:40] Starting data epoch 367 in logical epoch 367
[2026-07-26 17:37:40] [data] Shuffling data
[2026-07-26 17:37:40] [data] Done reading 20,000 sentences
[2026-07-26 17:37:40] [data] Done shuffling 20,000 sentences to temp files
[2026-07-26 17:37:43] Seen 20,000 samples
[2026-07-26 17:37:43] Starting data epoch 368 in logical epoch 368
[2026-07-26 17:37:43] [data] Shuffling data
[2026-07-26 17:37:43] [data] Done reading 20,000 sentences
[2026-07-26 17:37:43] [data] Done shuffling 20,000 sentences to temp files
[2026-07-26 17:37:46] Seen 20,000 samples
[2026-07-26 17:37:46] Starting data epoch 369 in logical epoch 369
[2026-07-26 17:37:46] [data] Shuffling data
[2026-07-26 17:37:46] [data] Done reading 20,000 sentences
[2026-07-26 17:37:46] [data] Done shuffling 20,000 sentences to temp files
[2026-07-26 17:37:50] Seen 20,000 samples
[2026-07-26 17:37:50] Starting data epoch 370 in logical epoch 370
[2026-07-26 17:37:50] [data] Shuffling data
[2026-07-26 17:37:50] [data] Done reading 20,000 sentences
[2026-07-26 17:37:50] [data] Done shuffling 20,000 sentences to temp files
[2026-07-26 17:37:53] Seen 20,000 samples
[2026-07-26 17:37:53] Starting data epoch 371 in logical epoch 371
[2026-07-26 17:37:53] [data] Shuffling data
[2026-07-26 17:37:53] [data] Done reading 20,000 sentences
[2026-07-26 17:37:53] [data] Done shuffling 20,000 sentences to temp files
[2026-07-26 17:37:56] Seen 20,000 samples
[2026-07-26 17:37:56] Starting data epoch 372 in logical epoch 372
[2026-07-26 17:37:56] [data] Shuffling data
[2026-07-26 17:37:56] [data] Done reading 20,000 sentences
[2026-07-26 17:37:56] [data] Done shuffling 20,000 sentences to temp files
[2026-07-26 17:38:00] Seen 20,000 samples
[2026-07-26 17:38:00] Starting data epoch 373 in logical epoch 373
[2026-07-26 17:38:00] [data] Shuffling data
[2026-07-26 17:38:00] [data] Done reading 20,000 sentences
[2026-07-26 17:38:00] [data] Done shuffling 20,000 sentences to temp files
[2026-07-26 17:38:03] Seen 20,000 samples
[2026-07-26 17:38:03] Starting data epoch 374 in logical epoch 374
[2026-07-26 17:38:03] [data] Shuffling data
[2026-07-26 17:38:03] [data] Done reading 20,000 sentences
[2026-07-26 17:38:03] [data] Done shuffling 20,000 sentences to temp files
[2026-07-26 17:38:06] Seen 20,000 samples
[2026-07-26 17:38:06] Starting data epoch 375 in logical epoch 375
[2026-07-26 17:38:06] [data] Shuffling data
[2026-07-26 17:38:06] [data] Done reading 20,000 sentences
[2026-07-26 17:38:06] [data] Done shuffling 20,000 sentences to temp files
[2026-07-26 17:38:10] Seen 20,000 samples
[2026-07-26 17:38:10] Starting data epoch 376 in logical epoch 376
[2026-07-26 17:38:10] [data] Shuffling data
[2026-07-26 17:38:10] [data] Done reading 20,000 sentences
[2026-07-26 17:38:10] [data] Done shuffling 20,000 sentences to temp files
[2026-07-26 17:38:13] Seen 20,000 samples
[2026-07-26 17:38:13] Starting data epoch 377 in logical epoch 377
[2026-07-26 17:38:13] [data] Shuffling data
[2026-07-26 17:38:13] [data] Done reading 20,000 sentences
[2026-07-26 17:38:13] [data] Done shuffling 20,000 sentences to temp files
[2026-07-26 17:38:16] Seen 20,000 samples
[2026-07-26 17:38:16] Starting data epoch 378 in logical epoch 378
[2026-07-26 17:38:16] [data] Shuffling data
[2026-07-26 17:38:16] [data] Done reading 20,000 sentences
[2026-07-26 17:38:16] [data] Done shuffling 20,000 sentences to temp files
[2026-07-26 17:38:19] Seen 20,000 samples
[2026-07-26 17:38:19] Starting data epoch 379 in logical epoch 379
[2026-07-26 17:38:19] [data] Shuffling data
[2026-07-26 17:38:19] [data] Done reading 20,000 sentences
[2026-07-26 17:38:19] [data] Done shuffling 20,000 sentences to temp files
[2026-07-26 17:38:23] Seen 20,000 samples
[2026-07-26 17:38:23] Starting data epoch 380 in logical epoch 380
[2026-07-26 17:38:23] [data] Shuffling data
[2026-07-26 17:38:23] [data] Done reading 20,000 sentences
[2026-07-26 17:38:23] [data] Done shuffling 20,000 sentences to temp files
[2026-07-26 17:38:26] Seen 20,000 samples
[2026-07-26 17:38:26] Starting data epoch 381 in logical epoch 381
[2026-07-26 17:38:26] [data] Shuffling data
[2026-07-26 17:38:26] [data] Done reading 20,000 sentences
[2026-07-26 17:38:26] [data] Done shuffling 20,000 sentences to temp files
[2026-07-26 17:38:29] Seen 20,000 samples
[2026-07-26 17:38:29] Starting data epoch 382 in logical epoch 382
[2026-07-26 17:38:29] [data] Shuffling data
[2026-07-26 17:38:29] [data] Done reading 20,000 sentences
[2026-07-26 17:38:29] [data] Done shuffling 20,000 sentences to temp files
[2026-07-26 17:38:32] Seen 20,000 samples
[2026-07-26 17:38:32] Starting data epoch 383 in logical epoch 383
[2026-07-26 17:38:32] [data] Shuffling data
[2026-07-26 17:38:32] [data] Done reading 20,000 sentences
[2026-07-26 17:38:32] [data] Done shuffling 20,000 sentences to temp files
[2026-07-26 17:38:33] Ep. 383 : Up. 9500 : Sen. 3,529 : Cost 1.17934966 * 1,553,169 @ 3,828 after 29,558,846 : Time 65.77s : 23614.81 words/s : gNorm 0.2197 : L.r. 3.0000e-04
[2026-07-26 17:38:36] Seen 20,000 samples
[2026-07-26 17:38:36] Starting data epoch 384 in logical epoch 384
[2026-07-26 17:38:36] [data] Shuffling data
[2026-07-26 17:38:36] [data] Done reading 20,000 sentences
[2026-07-26 17:38:36] [data] Done shuffling 20,000 sentences to temp files
[2026-07-26 17:38:39] Seen 20,000 samples
[2026-07-26 17:38:39] Starting data epoch 385 in logical epoch 385
[2026-07-26 17:38:39] [data] Shuffling data
[2026-07-26 17:38:39] [data] Done reading 20,000 sentences
[2026-07-26 17:38:39] [data] Done shuffling 20,000 sentences to temp files
[2026-07-26 17:38:42] Seen 20,000 samples
[2026-07-26 17:38:42] Starting data epoch 386 in logical epoch 386
[2026-07-26 17:38:42] [data] Shuffling data
[2026-07-26 17:38:42] [data] Done reading 20,000 sentences
[2026-07-26 17:38:42] [data] Done shuffling 20,000 sentences to temp files
[2026-07-26 17:38:45] Seen 20,000 samples
[2026-07-26 17:38:45] Starting data epoch 387 in logical epoch 387
[2026-07-26 17:38:45] [data] Shuffling data
[2026-07-26 17:38:45] [data] Done reading 20,000 sentences
[2026-07-26 17:38:45] [data] Done shuffling 20,000 sentences to temp files
[2026-07-26 17:38:48] Seen 20,000 samples
[2026-07-26 17:38:48] Starting data epoch 388 in logical epoch 388
[2026-07-26 17:38:48] [data] Shuffling data
[2026-07-26 17:38:48] [data] Done reading 20,000 sentences
[2026-07-26 17:38:48] [data] Done shuffling 20,000 sentences to temp files
[2026-07-26 17:38:52] Seen 20,000 samples
[2026-07-26 17:38:52] Starting data epoch 389 in logical epoch 389
[2026-07-26 17:38:52] [data] Shuffling data
[2026-07-26 17:38:52] [data] Done reading 20,000 sentences
[2026-07-26 17:38:52] [data] Done shuffling 20,000 sentences to temp files
[2026-07-26 17:38:55] Seen 20,000 samples
[2026-07-26 17:38:55] Starting data epoch 390 in logical epoch 390
[2026-07-26 17:38:55] [data] Shuffling data
[2026-07-26 17:38:55] [data] Done reading 20,000 sentences
[2026-07-26 17:38:55] [data] Done shuffling 20,000 sentences to temp files
[2026-07-26 17:38:59] Seen 20,000 samples
[2026-07-26 17:38:59] Starting data epoch 391 in logical epoch 391
[2026-07-26 17:38:59] [data] Shuffling data
[2026-07-26 17:38:59] [data] Done reading 20,000 sentences
[2026-07-26 17:38:59] [data] Done shuffling 20,000 sentences to temp files
[2026-07-26 17:39:02] Seen 20,000 samples
[2026-07-26 17:39:02] Starting data epoch 392 in logical epoch 392
[2026-07-26 17:39:02] [data] Shuffling data
[2026-07-26 17:39:02] [data] Done reading 20,000 sentences
[2026-07-26 17:39:02] [data] Done shuffling 20,000 sentences to temp files
[2026-07-26 17:39:05] Seen 20,000 samples
[2026-07-26 17:39:05] Starting data epoch 393 in logical epoch 393
[2026-07-26 17:39:05] [data] Shuffling data
[2026-07-26 17:39:05] [data] Done reading 20,000 sentences
[2026-07-26 17:39:05] [data] Done shuffling 20,000 sentences to temp files
[2026-07-26 17:39:08] Seen 20,000 samples
[2026-07-26 17:39:08] Starting data epoch 394 in logical epoch 394
[2026-07-26 17:39:08] [data] Shuffling data
[2026-07-26 17:39:08] [data] Done reading 20,000 sentences
[2026-07-26 17:39:09] [data] Done shuffling 20,000 sentences to temp files
[2026-07-26 17:39:12] Seen 20,000 samples
[2026-07-26 17:39:12] Starting data epoch 395 in logical epoch 395
[2026-07-26 17:39:12] [data] Shuffling data
[2026-07-26 17:39:12] [data] Done reading 20,000 sentences
[2026-07-26 17:39:12] [data] Done shuffling 20,000 sentences to temp files
[2026-07-26 17:39:15] Seen 20,000 samples
[2026-07-26 17:39:15] Starting data epoch 396 in logical epoch 396
[2026-07-26 17:39:15] [data] Shuffling data
[2026-07-26 17:39:15] [data] Done reading 20,000 sentences
[2026-07-26 17:39:15] [data] Done shuffling 20,000 sentences to temp files
[2026-07-26 17:39:18] Seen 20,000 samples
[2026-07-26 17:39:18] Starting data epoch 397 in logical epoch 397
[2026-07-26 17:39:18] [data] Shuffling data
[2026-07-26 17:39:18] [data] Done reading 20,000 sentences
[2026-07-26 17:39:18] [data] Done shuffling 20,000 sentences to temp files
[2026-07-26 17:39:21] Seen 20,000 samples
[2026-07-26 17:39:21] Starting data epoch 398 in logical epoch 398
[2026-07-26 17:39:21] [data] Shuffling data
[2026-07-26 17:39:21] [data] Done reading 20,000 sentences
[2026-07-26 17:39:21] [data] Done shuffling 20,000 sentences to temp files
[2026-07-26 17:39:25] Seen 20,000 samples
[2026-07-26 17:39:25] Starting data epoch 399 in logical epoch 399
[2026-07-26 17:39:25] [data] Shuffling data
[2026-07-26 17:39:25] [data] Done reading 20,000 sentences
[2026-07-26 17:39:25] [data] Done shuffling 20,000 sentences to temp files
[2026-07-26 17:39:28] Seen 20,000 samples
[2026-07-26 17:39:28] Starting data epoch 400 in logical epoch 400
[2026-07-26 17:39:28] [data] Shuffling data
[2026-07-26 17:39:28] [data] Done reading 20,000 sentences
[2026-07-26 17:39:28] [data] Done shuffling 20,000 sentences to temp files
[2026-07-26 17:39:31] Seen 20,000 samples
[2026-07-26 17:39:31] Starting data epoch 401 in logical epoch 401
[2026-07-26 17:39:31] [data] Shuffling data
[2026-07-26 17:39:31] [data] Done reading 20,000 sentences
[2026-07-26 17:39:31] [data] Done shuffling 20,000 sentences to temp files
[2026-07-26 17:39:34] Seen 20,000 samples
[2026-07-26 17:39:34] Starting data epoch 402 in logical epoch 402
[2026-07-26 17:39:34] [data] Shuffling data
[2026-07-26 17:39:34] [data] Done reading 20,000 sentences
[2026-07-26 17:39:34] [data] Done shuffling 20,000 sentences to temp files
[2026-07-26 17:39:37] Seen 20,000 samples
[2026-07-26 17:39:37] Starting data epoch 403 in logical epoch 403
[2026-07-26 17:39:37] [data] Shuffling data
[2026-07-26 17:39:37] [data] Done reading 20,000 sentences
[2026-07-26 17:39:37] [data] Done shuffling 20,000 sentences to temp files
[2026-07-26 17:39:38] Ep. 403 : Up. 10000 : Sen. 3,529 : Cost 1.17791569 * 1,547,068 @ 564 after 31,105,914 : Time 65.22s : 23719.73 words/s : gNorm 0.2455 : L.r. 3.0000e-04
[2026-07-26 17:39:38] Saving model weights and runtime parameters to /d/Job_Requirements/PracticalProjectsFromDrYe/AIE-F/assignment-submission/class-22/TheinGiKyaw_Assignment7/model.transformer.warmup4000_dropout01.phmy/model.npz
[2026-07-26 17:39:39] Saving Adam parameters
[2026-07-26 17:39:39] [training] Saving training checkpoint to /d/Job_Requirements/PracticalProjectsFromDrYe/AIE-F/assignment-submission/class-22/TheinGiKyaw_Assignment7/model.transformer.warmup4000_dropout01.phmy/model.npz and /d/Job_Requirements/PracticalProjectsFromDrYe/AIE-F/assignment-submission/class-22/TheinGiKyaw_Assignment7/model.transformer.warmup4000_dropout01.phmy/model.npz.optimizer.npz
[2026-07-26 17:39:40] [valid] Ep. 403 : Up. 10000 : cross-entropy : 2.54707 : stalled 1 times (last best: 2.17222)
[2026-07-26 17:39:41] [valid] Ep. 403 : Up. 10000 : perplexity : 1.94002 : stalled 1 times (last best: 1.75974)
[2026-07-26 17:39:43] [valid] Ep. 403 : Up. 10000 : bleu : 75.8682 : stalled 1 times (last best: 76.4125)
[2026-07-26 17:39:45] Seen 20,000 samples
[2026-07-26 17:39:45] Starting data epoch 404 in logical epoch 404
[2026-07-26 17:39:45] [data] Shuffling data
[2026-07-26 17:39:45] [data] Done reading 20,000 sentences
[2026-07-26 17:39:45] [data] Done shuffling 20,000 sentences to temp files
[2026-07-26 17:39:48] Seen 20,000 samples
[2026-07-26 17:39:48] Starting data epoch 405 in logical epoch 405
[2026-07-26 17:39:48] [data] Shuffling data
[2026-07-26 17:39:48] [data] Done reading 20,000 sentences
[2026-07-26 17:39:48] [data] Done shuffling 20,000 sentences to temp files
[2026-07-26 17:39:51] Seen 20,000 samples
[2026-07-26 17:39:51] Starting data epoch 406 in logical epoch 406
[2026-07-26 17:39:51] [data] Shuffling data
[2026-07-26 17:39:51] [data] Done reading 20,000 sentences
[2026-07-26 17:39:51] [data] Done shuffling 20,000 sentences to temp files
[2026-07-26 17:39:54] Seen 20,000 samples
[2026-07-26 17:39:54] Starting data epoch 407 in logical epoch 407
[2026-07-26 17:39:54] [data] Shuffling data
[2026-07-26 17:39:54] [data] Done reading 20,000 sentences
[2026-07-26 17:39:54] [data] Done shuffling 20,000 sentences to temp files
[2026-07-26 17:39:57] Seen 20,000 samples
[2026-07-26 17:39:57] Starting data epoch 408 in logical epoch 408
[2026-07-26 17:39:57] [data] Shuffling data
[2026-07-26 17:39:57] [data] Done reading 20,000 sentences
[2026-07-26 17:39:57] [data] Done shuffling 20,000 sentences to temp files
[2026-07-26 17:40:00] Seen 20,000 samples
[2026-07-26 17:40:00] Starting data epoch 409 in logical epoch 409
[2026-07-26 17:40:00] [data] Shuffling data
[2026-07-26 17:40:00] [data] Done reading 20,000 sentences
[2026-07-26 17:40:00] [data] Done shuffling 20,000 sentences to temp files
[2026-07-26 17:40:03] Seen 20,000 samples
[2026-07-26 17:40:03] Starting data epoch 410 in logical epoch 410
[2026-07-26 17:40:03] [data] Shuffling data
[2026-07-26 17:40:03] [data] Done reading 20,000 sentences
[2026-07-26 17:40:03] [data] Done shuffling 20,000 sentences to temp files
[2026-07-26 17:40:07] Seen 20,000 samples
[2026-07-26 17:40:07] Starting data epoch 411 in logical epoch 411
[2026-07-26 17:40:07] [data] Shuffling data
[2026-07-26 17:40:07] [data] Done reading 20,000 sentences
[2026-07-26 17:40:07] [data] Done shuffling 20,000 sentences to temp files
[2026-07-26 17:40:10] Seen 20,000 samples
[2026-07-26 17:40:10] Starting data epoch 412 in logical epoch 412
[2026-07-26 17:40:10] [data] Shuffling data
[2026-07-26 17:40:10] [data] Done reading 20,000 sentences
[2026-07-26 17:40:10] [data] Done shuffling 20,000 sentences to temp files
[2026-07-26 17:40:13] Seen 20,000 samples
[2026-07-26 17:40:13] Starting data epoch 413 in logical epoch 413
[2026-07-26 17:40:13] [data] Shuffling data
[2026-07-26 17:40:13] [data] Done reading 20,000 sentences
[2026-07-26 17:40:13] [data] Done shuffling 20,000 sentences to temp files
[2026-07-26 17:40:16] Seen 20,000 samples
[2026-07-26 17:40:16] Starting data epoch 414 in logical epoch 414
[2026-07-26 17:40:16] [data] Shuffling data
[2026-07-26 17:40:16] [data] Done reading 20,000 sentences
[2026-07-26 17:40:16] [data] Done shuffling 20,000 sentences to temp files
[2026-07-26 17:40:20] Seen 20,000 samples
[2026-07-26 17:40:20] Starting data epoch 415 in logical epoch 415
[2026-07-26 17:40:20] [data] Shuffling data
[2026-07-26 17:40:20] [data] Done reading 20,000 sentences
[2026-07-26 17:40:20] [data] Done shuffling 20,000 sentences to temp files
[2026-07-26 17:40:23] Seen 20,000 samples
[2026-07-26 17:40:23] Starting data epoch 416 in logical epoch 416
[2026-07-26 17:40:23] [data] Shuffling data
[2026-07-26 17:40:23] [data] Done reading 20,000 sentences
[2026-07-26 17:40:23] [data] Done shuffling 20,000 sentences to temp files
[2026-07-26 17:40:26] Seen 20,000 samples
[2026-07-26 17:40:26] Starting data epoch 417 in logical epoch 417
[2026-07-26 17:40:26] [data] Shuffling data
[2026-07-26 17:40:26] [data] Done reading 20,000 sentences
[2026-07-26 17:40:26] [data] Done shuffling 20,000 sentences to temp files
[2026-07-26 17:40:29] Seen 20,000 samples
[2026-07-26 17:40:29] Starting data epoch 418 in logical epoch 418
[2026-07-26 17:40:29] [data] Shuffling data
[2026-07-26 17:40:29] [data] Done reading 20,000 sentences
[2026-07-26 17:40:30] [data] Done shuffling 20,000 sentences to temp files
[2026-07-26 17:40:33] Seen 20,000 samples
[2026-07-26 17:40:33] Starting data epoch 419 in logical epoch 419
[2026-07-26 17:40:33] [data] Shuffling data
[2026-07-26 17:40:33] [data] Done reading 20,000 sentences
[2026-07-26 17:40:33] [data] Done shuffling 20,000 sentences to temp files
[2026-07-26 17:40:36] Seen 20,000 samples
[2026-07-26 17:40:36] Starting data epoch 420 in logical epoch 420
[2026-07-26 17:40:36] [data] Shuffling data
[2026-07-26 17:40:36] [data] Done reading 20,000 sentences
[2026-07-26 17:40:36] [data] Done shuffling 20,000 sentences to temp files
[2026-07-26 17:40:39] Seen 20,000 samples
[2026-07-26 17:40:39] Starting data epoch 421 in logical epoch 421
[2026-07-26 17:40:39] [data] Shuffling data
[2026-07-26 17:40:39] [data] Done reading 20,000 sentences
[2026-07-26 17:40:39] [data] Done shuffling 20,000 sentences to temp files
[2026-07-26 17:40:42] Seen 20,000 samples
[2026-07-26 17:40:42] Starting data epoch 422 in logical epoch 422
[2026-07-26 17:40:42] [data] Shuffling data
[2026-07-26 17:40:42] [data] Done reading 20,000 sentences
[2026-07-26 17:40:42] [data] Done shuffling 20,000 sentences to temp files
[2026-07-26 17:40:45] Seen 20,000 samples
[2026-07-26 17:40:45] Starting data epoch 423 in logical epoch 423
[2026-07-26 17:40:45] [data] Shuffling data
[2026-07-26 17:40:45] [data] Done reading 20,000 sentences
[2026-07-26 17:40:45] [data] Done shuffling 20,000 sentences to temp files
[2026-07-26 17:40:46] Ep. 423 : Up. 10500 : Sen. 2,102 : Cost 1.17755365 * 1,542,936 @ 3,911 after 32,648,850 : Time 67.39s : 22896.93 words/s : gNorm 0.2587 : L.r. 3.0000e-04
[2026-07-26 17:40:48] Seen 20,000 samples
[2026-07-26 17:40:48] Starting data epoch 424 in logical epoch 424
[2026-07-26 17:40:48] [data] Shuffling data
[2026-07-26 17:40:48] [data] Done reading 20,000 sentences
[2026-07-26 17:40:48] [data] Done shuffling 20,000 sentences to temp files
[2026-07-26 17:40:52] Seen 20,000 samples
[2026-07-26 17:40:52] Starting data epoch 425 in logical epoch 425
[2026-07-26 17:40:52] [data] Shuffling data
[2026-07-26 17:40:52] [data] Done reading 20,000 sentences
[2026-07-26 17:40:52] [data] Done shuffling 20,000 sentences to temp files
[2026-07-26 17:40:55] Seen 20,000 samples
[2026-07-26 17:40:55] Starting data epoch 426 in logical epoch 426
[2026-07-26 17:40:55] [data] Shuffling data
[2026-07-26 17:40:55] [data] Done reading 20,000 sentences
[2026-07-26 17:40:55] [data] Done shuffling 20,000 sentences to temp files
[2026-07-26 17:40:58] Seen 20,000 samples
[2026-07-26 17:40:58] Starting data epoch 427 in logical epoch 427
[2026-07-26 17:40:58] [data] Shuffling data
[2026-07-26 17:40:58] [data] Done reading 20,000 sentences
[2026-07-26 17:40:58] [data] Done shuffling 20,000 sentences to temp files
[2026-07-26 17:41:01] Seen 20,000 samples
[2026-07-26 17:41:01] Starting data epoch 428 in logical epoch 428
[2026-07-26 17:41:01] [data] Shuffling data
[2026-07-26 17:41:01] [data] Done reading 20,000 sentences
[2026-07-26 17:41:01] [data] Done shuffling 20,000 sentences to temp files
[2026-07-26 17:41:04] Seen 20,000 samples
[2026-07-26 17:41:04] Starting data epoch 429 in logical epoch 429
[2026-07-26 17:41:04] [data] Shuffling data
[2026-07-26 17:41:05] [data] Done reading 20,000 sentences
[2026-07-26 17:41:05] [data] Done shuffling 20,000 sentences to temp files
[2026-07-26 17:41:08] Seen 20,000 samples
[2026-07-26 17:41:08] Starting data epoch 430 in logical epoch 430
[2026-07-26 17:41:08] [data] Shuffling data
[2026-07-26 17:41:08] [data] Done reading 20,000 sentences
[2026-07-26 17:41:08] [data] Done shuffling 20,000 sentences to temp files
[2026-07-26 17:41:11] Seen 20,000 samples
[2026-07-26 17:41:11] Starting data epoch 431 in logical epoch 431
[2026-07-26 17:41:11] [data] Shuffling data
[2026-07-26 17:41:11] [data] Done reading 20,000 sentences
[2026-07-26 17:41:11] [data] Done shuffling 20,000 sentences to temp files
[2026-07-26 17:41:14] Seen 20,000 samples
[2026-07-26 17:41:14] Starting data epoch 432 in logical epoch 432
[2026-07-26 17:41:14] [data] Shuffling data
[2026-07-26 17:41:14] [data] Done reading 20,000 sentences
[2026-07-26 17:41:14] [data] Done shuffling 20,000 sentences to temp files
[2026-07-26 17:41:18] Seen 20,000 samples
[2026-07-26 17:41:18] Starting data epoch 433 in logical epoch 433
[2026-07-26 17:41:18] [data] Shuffling data
[2026-07-26 17:41:18] [data] Done reading 20,000 sentences
[2026-07-26 17:41:18] [data] Done shuffling 20,000 sentences to temp files
[2026-07-26 17:41:21] Seen 20,000 samples
[2026-07-26 17:41:21] Starting data epoch 434 in logical epoch 434
[2026-07-26 17:41:21] [data] Shuffling data
[2026-07-26 17:41:21] [data] Done reading 20,000 sentences
[2026-07-26 17:41:21] [data] Done shuffling 20,000 sentences to temp files
[2026-07-26 17:41:24] Seen 20,000 samples
[2026-07-26 17:41:24] Starting data epoch 435 in logical epoch 435
[2026-07-26 17:41:24] [data] Shuffling data
[2026-07-26 17:41:24] [data] Done reading 20,000 sentences
[2026-07-26 17:41:24] [data] Done shuffling 20,000 sentences to temp files
[2026-07-26 17:41:28] Seen 20,000 samples
[2026-07-26 17:41:28] Starting data epoch 436 in logical epoch 436
[2026-07-26 17:41:28] [data] Shuffling data
[2026-07-26 17:41:28] [data] Done reading 20,000 sentences
[2026-07-26 17:41:28] [data] Done shuffling 20,000 sentences to temp files
[2026-07-26 17:41:31] Seen 20,000 samples
[2026-07-26 17:41:31] Starting data epoch 437 in logical epoch 437
[2026-07-26 17:41:31] [data] Shuffling data
[2026-07-26 17:41:31] [data] Done reading 20,000 sentences
[2026-07-26 17:41:31] [data] Done shuffling 20,000 sentences to temp files
[2026-07-26 17:41:34] Seen 20,000 samples
[2026-07-26 17:41:34] Starting data epoch 438 in logical epoch 438
[2026-07-26 17:41:34] [data] Shuffling data
[2026-07-26 17:41:34] [data] Done reading 20,000 sentences
[2026-07-26 17:41:34] [data] Done shuffling 20,000 sentences to temp files
[2026-07-26 17:41:37] Seen 20,000 samples
[2026-07-26 17:41:37] Starting data epoch 439 in logical epoch 439
[2026-07-26 17:41:37] [data] Shuffling data
[2026-07-26 17:41:37] [data] Done reading 20,000 sentences
[2026-07-26 17:41:37] [data] Done shuffling 20,000 sentences to temp files
[2026-07-26 17:41:41] Seen 20,000 samples
[2026-07-26 17:41:41] Starting data epoch 440 in logical epoch 440
[2026-07-26 17:41:41] [data] Shuffling data
[2026-07-26 17:41:41] [data] Done reading 20,000 sentences
[2026-07-26 17:41:41] [data] Done shuffling 20,000 sentences to temp files
[2026-07-26 17:41:43] Seen 20,000 samples
[2026-07-26 17:41:43] Starting data epoch 441 in logical epoch 441
[2026-07-26 17:41:43] [data] Shuffling data
[2026-07-26 17:41:44] [data] Done reading 20,000 sentences
[2026-07-26 17:41:44] [data] Done shuffling 20,000 sentences to temp files
[2026-07-26 17:41:47] Seen 20,000 samples
[2026-07-26 17:41:47] Starting data epoch 442 in logical epoch 442
[2026-07-26 17:41:47] [data] Shuffling data
[2026-07-26 17:41:47] [data] Done reading 20,000 sentences
[2026-07-26 17:41:47] [data] Done shuffling 20,000 sentences to temp files
[2026-07-26 17:41:50] Ep. 442 : Up. 11000 : Sen. 20,000 : Cost 1.17742658 * 1,537,640 @ 3,088 after 34,186,490 : Time 64.47s : 23849.23 words/s : gNorm 0.1980 : L.r. 3.0000e-04
[2026-07-26 17:41:50] Seen 20,000 samples
[2026-07-26 17:41:50] Starting data epoch 443 in logical epoch 443
[2026-07-26 17:41:50] [data] Shuffling data
[2026-07-26 17:41:50] [data] Done reading 20,000 sentences
[2026-07-26 17:41:50] [data] Done shuffling 20,000 sentences to temp files
[2026-07-26 17:41:53] Seen 20,000 samples
[2026-07-26 17:41:53] Starting data epoch 444 in logical epoch 444
[2026-07-26 17:41:53] [data] Shuffling data
[2026-07-26 17:41:53] [data] Done reading 20,000 sentences
[2026-07-26 17:41:53] [data] Done shuffling 20,000 sentences to temp files
[2026-07-26 17:41:56] Seen 20,000 samples
[2026-07-26 17:41:56] Starting data epoch 445 in logical epoch 445
[2026-07-26 17:41:56] [data] Shuffling data
[2026-07-26 17:41:56] [data] Done reading 20,000 sentences
[2026-07-26 17:41:56] [data] Done shuffling 20,000 sentences to temp files
[2026-07-26 17:42:00] Seen 20,000 samples
[2026-07-26 17:42:00] Starting data epoch 446 in logical epoch 446
[2026-07-26 17:42:00] [data] Shuffling data
[2026-07-26 17:42:00] [data] Done reading 20,000 sentences
[2026-07-26 17:42:00] [data] Done shuffling 20,000 sentences to temp files
[2026-07-26 17:42:03] Seen 20,000 samples
[2026-07-26 17:42:03] Starting data epoch 447 in logical epoch 447
[2026-07-26 17:42:03] [data] Shuffling data
[2026-07-26 17:42:03] [data] Done reading 20,000 sentences
[2026-07-26 17:42:03] [data] Done shuffling 20,000 sentences to temp files
[2026-07-26 17:42:06] Seen 20,000 samples
[2026-07-26 17:42:06] Starting data epoch 448 in logical epoch 448
[2026-07-26 17:42:06] [data] Shuffling data
[2026-07-26 17:42:06] [data] Done reading 20,000 sentences
[2026-07-26 17:42:06] [data] Done shuffling 20,000 sentences to temp files
[2026-07-26 17:42:09] Seen 20,000 samples
[2026-07-26 17:42:09] Starting data epoch 449 in logical epoch 449
[2026-07-26 17:42:09] [data] Shuffling data
[2026-07-26 17:42:09] [data] Done reading 20,000 sentences
[2026-07-26 17:42:09] [data] Done shuffling 20,000 sentences to temp files
[2026-07-26 17:42:13] Seen 20,000 samples
[2026-07-26 17:42:13] Starting data epoch 450 in logical epoch 450
[2026-07-26 17:42:13] [data] Shuffling data
[2026-07-26 17:42:13] [data] Done reading 20,000 sentences
[2026-07-26 17:42:13] [data] Done shuffling 20,000 sentences to temp files
[2026-07-26 17:42:16] Seen 20,000 samples
[2026-07-26 17:42:16] Starting data epoch 451 in logical epoch 451
[2026-07-26 17:42:16] [data] Shuffling data
[2026-07-26 17:42:16] [data] Done reading 20,000 sentences
[2026-07-26 17:42:16] [data] Done shuffling 20,000 sentences to temp files
[2026-07-26 17:42:19] Seen 20,000 samples
[2026-07-26 17:42:19] Starting data epoch 452 in logical epoch 452
[2026-07-26 17:42:19] [data] Shuffling data
[2026-07-26 17:42:19] [data] Done reading 20,000 sentences
[2026-07-26 17:42:19] [data] Done shuffling 20,000 sentences to temp files
[2026-07-26 17:42:23] Seen 20,000 samples
[2026-07-26 17:42:23] Starting data epoch 453 in logical epoch 453
[2026-07-26 17:42:23] [data] Shuffling data
[2026-07-26 17:42:23] [data] Done reading 20,000 sentences
[2026-07-26 17:42:23] [data] Done shuffling 20,000 sentences to temp files
[2026-07-26 17:42:26] Seen 20,000 samples
[2026-07-26 17:42:26] Starting data epoch 454 in logical epoch 454
[2026-07-26 17:42:26] [data] Shuffling data
[2026-07-26 17:42:26] [data] Done reading 20,000 sentences
[2026-07-26 17:42:26] [data] Done shuffling 20,000 sentences to temp files
[2026-07-26 17:42:30] Seen 20,000 samples
[2026-07-26 17:42:30] Starting data epoch 455 in logical epoch 455
[2026-07-26 17:42:30] [data] Shuffling data
[2026-07-26 17:42:30] [data] Done reading 20,000 sentences
[2026-07-26 17:42:30] [data] Done shuffling 20,000 sentences to temp files
[2026-07-26 17:42:33] Seen 20,000 samples
[2026-07-26 17:42:33] Starting data epoch 456 in logical epoch 456
[2026-07-26 17:42:33] [data] Shuffling data
[2026-07-26 17:42:33] [data] Done reading 20,000 sentences
[2026-07-26 17:42:33] [data] Done shuffling 20,000 sentences to temp files
[2026-07-26 17:42:36] Seen 20,000 samples
[2026-07-26 17:42:36] Starting data epoch 457 in logical epoch 457
[2026-07-26 17:42:36] [data] Shuffling data
[2026-07-26 17:42:36] [data] Done reading 20,000 sentences
[2026-07-26 17:42:36] [data] Done shuffling 20,000 sentences to temp files
[2026-07-26 17:42:40] Seen 20,000 samples
[2026-07-26 17:42:40] Starting data epoch 458 in logical epoch 458
[2026-07-26 17:42:40] [data] Shuffling data
[2026-07-26 17:42:40] [data] Done reading 20,000 sentences
[2026-07-26 17:42:40] [data] Done shuffling 20,000 sentences to temp files
[2026-07-26 17:42:43] Seen 20,000 samples
[2026-07-26 17:42:43] Starting data epoch 459 in logical epoch 459
[2026-07-26 17:42:43] [data] Shuffling data
[2026-07-26 17:42:43] [data] Done reading 20,000 sentences
[2026-07-26 17:42:43] [data] Done shuffling 20,000 sentences to temp files
[2026-07-26 17:42:47] Seen 20,000 samples
[2026-07-26 17:42:47] Starting data epoch 460 in logical epoch 460
[2026-07-26 17:42:47] [data] Shuffling data
[2026-07-26 17:42:47] [data] Done reading 20,000 sentences
[2026-07-26 17:42:47] [data] Done shuffling 20,000 sentences to temp files
[2026-07-26 17:42:50] Seen 20,000 samples
[2026-07-26 17:42:50] Starting data epoch 461 in logical epoch 461
[2026-07-26 17:42:50] [data] Shuffling data
[2026-07-26 17:42:50] [data] Done reading 20,000 sentences
[2026-07-26 17:42:50] [data] Done shuffling 20,000 sentences to temp files
[2026-07-26 17:42:54] Seen 20,000 samples
[2026-07-26 17:42:54] Starting data epoch 462 in logical epoch 462
[2026-07-26 17:42:54] [data] Shuffling data
[2026-07-26 17:42:54] [data] Done reading 20,000 sentences
[2026-07-26 17:42:54] [data] Done shuffling 20,000 sentences to temp files
[2026-07-26 17:42:57] Seen 20,000 samples
[2026-07-26 17:42:57] Starting data epoch 463 in logical epoch 463
[2026-07-26 17:42:57] [data] Shuffling data
[2026-07-26 17:42:57] [data] Done reading 20,000 sentences
[2026-07-26 17:42:57] [data] Done shuffling 20,000 sentences to temp files
[2026-07-26 17:42:57] Ep. 463 : Up. 11500 : Sen. 1,427 : Cost 1.17557442 * 1,553,642 @ 2,871 after 35,740,132 : Time 67.26s : 23098.66 words/s : gNorm 0.1402 : L.r. 3.0000e-04
[2026-07-26 17:43:00] Seen 20,000 samples
[2026-07-26 17:43:00] Starting data epoch 464 in logical epoch 464
[2026-07-26 17:43:00] [data] Shuffling data
[2026-07-26 17:43:00] [data] Done reading 20,000 sentences
[2026-07-26 17:43:00] [data] Done shuffling 20,000 sentences to temp files
[2026-07-26 17:43:03] Seen 20,000 samples
[2026-07-26 17:43:03] Starting data epoch 465 in logical epoch 465
[2026-07-26 17:43:03] [data] Shuffling data
[2026-07-26 17:43:03] [data] Done reading 20,000 sentences
[2026-07-26 17:43:03] [data] Done shuffling 20,000 sentences to temp files
[2026-07-26 17:43:07] Seen 20,000 samples
[2026-07-26 17:43:07] Starting data epoch 466 in logical epoch 466
[2026-07-26 17:43:07] [data] Shuffling data
[2026-07-26 17:43:07] [data] Done reading 20,000 sentences
[2026-07-26 17:43:07] [data] Done shuffling 20,000 sentences to temp files
[2026-07-26 17:43:10] Seen 20,000 samples
[2026-07-26 17:43:10] Starting data epoch 467 in logical epoch 467
[2026-07-26 17:43:10] [data] Shuffling data
[2026-07-26 17:43:10] [data] Done reading 20,000 sentences
[2026-07-26 17:43:10] [data] Done shuffling 20,000 sentences to temp files
[2026-07-26 17:43:13] Seen 20,000 samples
[2026-07-26 17:43:13] Starting data epoch 468 in logical epoch 468
[2026-07-26 17:43:13] [data] Shuffling data
[2026-07-26 17:43:13] [data] Done reading 20,000 sentences
[2026-07-26 17:43:13] [data] Done shuffling 20,000 sentences to temp files
[2026-07-26 17:43:17] Seen 20,000 samples
[2026-07-26 17:43:17] Starting data epoch 469 in logical epoch 469
[2026-07-26 17:43:17] [data] Shuffling data
[2026-07-26 17:43:17] [data] Done reading 20,000 sentences
[2026-07-26 17:43:17] [data] Done shuffling 20,000 sentences to temp files
[2026-07-26 17:43:20] Seen 20,000 samples
[2026-07-26 17:43:20] Starting data epoch 470 in logical epoch 470
[2026-07-26 17:43:20] [data] Shuffling data
[2026-07-26 17:43:20] [data] Done reading 20,000 sentences
[2026-07-26 17:43:20] [data] Done shuffling 20,000 sentences to temp files
[2026-07-26 17:43:23] Seen 20,000 samples
[2026-07-26 17:43:23] Starting data epoch 471 in logical epoch 471
[2026-07-26 17:43:23] [data] Shuffling data
[2026-07-26 17:43:23] [data] Done reading 20,000 sentences
[2026-07-26 17:43:23] [data] Done shuffling 20,000 sentences to temp files
[2026-07-26 17:43:27] Seen 20,000 samples
[2026-07-26 17:43:27] Starting data epoch 472 in logical epoch 472
[2026-07-26 17:43:27] [data] Shuffling data
[2026-07-26 17:43:27] [data] Done reading 20,000 sentences
[2026-07-26 17:43:27] [data] Done shuffling 20,000 sentences to temp files
[2026-07-26 17:43:30] Seen 20,000 samples
[2026-07-26 17:43:30] Starting data epoch 473 in logical epoch 473
[2026-07-26 17:43:30] [data] Shuffling data
[2026-07-26 17:43:30] [data] Done reading 20,000 sentences
[2026-07-26 17:43:30] [data] Done shuffling 20,000 sentences to temp files
[2026-07-26 17:43:33] Seen 20,000 samples
[2026-07-26 17:43:33] Starting data epoch 474 in logical epoch 474
[2026-07-26 17:43:33] [data] Shuffling data
[2026-07-26 17:43:33] [data] Done reading 20,000 sentences
[2026-07-26 17:43:33] [data] Done shuffling 20,000 sentences to temp files
[2026-07-26 17:43:37] Seen 20,000 samples
[2026-07-26 17:43:37] Starting data epoch 475 in logical epoch 475
[2026-07-26 17:43:37] [data] Shuffling data
[2026-07-26 17:43:37] [data] Done reading 20,000 sentences
[2026-07-26 17:43:37] [data] Done shuffling 20,000 sentences to temp files
[2026-07-26 17:43:40] Seen 20,000 samples
[2026-07-26 17:43:40] Starting data epoch 476 in logical epoch 476
[2026-07-26 17:43:40] [data] Shuffling data
[2026-07-26 17:43:40] [data] Done reading 20,000 sentences
[2026-07-26 17:43:40] [data] Done shuffling 20,000 sentences to temp files
[2026-07-26 17:43:43] Seen 20,000 samples
[2026-07-26 17:43:43] Starting data epoch 477 in logical epoch 477
[2026-07-26 17:43:43] [data] Shuffling data
[2026-07-26 17:43:43] [data] Done reading 20,000 sentences
[2026-07-26 17:43:43] [data] Done shuffling 20,000 sentences to temp files
[2026-07-26 17:43:46] Seen 20,000 samples
[2026-07-26 17:43:46] Starting data epoch 478 in logical epoch 478
[2026-07-26 17:43:46] [data] Shuffling data
[2026-07-26 17:43:46] [data] Done reading 20,000 sentences
[2026-07-26 17:43:46] [data] Done shuffling 20,000 sentences to temp files
[2026-07-26 17:43:49] Seen 20,000 samples
[2026-07-26 17:43:49] Starting data epoch 479 in logical epoch 479
[2026-07-26 17:43:49] [data] Shuffling data
[2026-07-26 17:43:49] [data] Done reading 20,000 sentences
[2026-07-26 17:43:49] [data] Done shuffling 20,000 sentences to temp files
[2026-07-26 17:43:53] Seen 20,000 samples
[2026-07-26 17:43:53] Starting data epoch 480 in logical epoch 480
[2026-07-26 17:43:53] [data] Shuffling data
[2026-07-26 17:43:53] [data] Done reading 20,000 sentences
[2026-07-26 17:43:53] [data] Done shuffling 20,000 sentences to temp files
[2026-07-26 17:43:56] Seen 20,000 samples
[2026-07-26 17:43:56] Starting data epoch 481 in logical epoch 481
[2026-07-26 17:43:56] [data] Shuffling data
[2026-07-26 17:43:56] [data] Done reading 20,000 sentences
[2026-07-26 17:43:56] [data] Done shuffling 20,000 sentences to temp files
[2026-07-26 17:43:59] Seen 20,000 samples
[2026-07-26 17:43:59] Starting data epoch 482 in logical epoch 482
[2026-07-26 17:43:59] [data] Shuffling data
[2026-07-26 17:43:59] [data] Done reading 20,000 sentences
[2026-07-26 17:43:59] [data] Done shuffling 20,000 sentences to temp files
[2026-07-26 17:44:02] Seen 20,000 samples
[2026-07-26 17:44:02] Starting data epoch 483 in logical epoch 483
[2026-07-26 17:44:02] [data] Shuffling data
[2026-07-26 17:44:02] [data] Done reading 20,000 sentences
[2026-07-26 17:44:02] [data] Done shuffling 20,000 sentences to temp files
[2026-07-26 17:44:03] Ep. 483 : Up. 12000 : Sen. 3,828 : Cost 1.17495096 * 1,554,722 @ 3,860 after 37,294,854 : Time 65.80s : 23629.49 words/s : gNorm 0.2846 : L.r. 3.0000e-04
[2026-07-26 17:44:06] Seen 20,000 samples
[2026-07-26 17:44:06] Starting data epoch 484 in logical epoch 484
[2026-07-26 17:44:06] [data] Shuffling data
[2026-07-26 17:44:06] [data] Done reading 20,000 sentences
[2026-07-26 17:44:06] [data] Done shuffling 20,000 sentences to temp files
[2026-07-26 17:44:09] Seen 20,000 samples
[2026-07-26 17:44:09] Starting data epoch 485 in logical epoch 485
[2026-07-26 17:44:09] [data] Shuffling data
[2026-07-26 17:44:09] [data] Done reading 20,000 sentences
[2026-07-26 17:44:09] [data] Done shuffling 20,000 sentences to temp files
[2026-07-26 17:44:12] Seen 20,000 samples
[2026-07-26 17:44:12] Starting data epoch 486 in logical epoch 486
[2026-07-26 17:44:12] [data] Shuffling data
[2026-07-26 17:44:12] [data] Done reading 20,000 sentences
[2026-07-26 17:44:12] [data] Done shuffling 20,000 sentences to temp files
[2026-07-26 17:44:15] Seen 20,000 samples
[2026-07-26 17:44:15] Starting data epoch 487 in logical epoch 487
[2026-07-26 17:44:15] [data] Shuffling data
[2026-07-26 17:44:15] [data] Done reading 20,000 sentences
[2026-07-26 17:44:15] [data] Done shuffling 20,000 sentences to temp files
[2026-07-26 17:44:18] Seen 20,000 samples
[2026-07-26 17:44:18] Starting data epoch 488 in logical epoch 488
[2026-07-26 17:44:18] [data] Shuffling data
[2026-07-26 17:44:18] [data] Done reading 20,000 sentences
[2026-07-26 17:44:18] [data] Done shuffling 20,000 sentences to temp files
[2026-07-26 17:44:22] Seen 20,000 samples
[2026-07-26 17:44:22] Starting data epoch 489 in logical epoch 489
[2026-07-26 17:44:22] [data] Shuffling data
[2026-07-26 17:44:22] [data] Done reading 20,000 sentences
[2026-07-26 17:44:22] [data] Done shuffling 20,000 sentences to temp files
[2026-07-26 17:44:25] Seen 20,000 samples
[2026-07-26 17:44:25] Starting data epoch 490 in logical epoch 490
[2026-07-26 17:44:25] [data] Shuffling data
[2026-07-26 17:44:25] [data] Done reading 20,000 sentences
[2026-07-26 17:44:25] [data] Done shuffling 20,000 sentences to temp files
[2026-07-26 17:44:28] Seen 20,000 samples
[2026-07-26 17:44:28] Starting data epoch 491 in logical epoch 491
[2026-07-26 17:44:28] [data] Shuffling data
[2026-07-26 17:44:28] [data] Done reading 20,000 sentences
[2026-07-26 17:44:29] [data] Done shuffling 20,000 sentences to temp files
[2026-07-26 17:44:32] Seen 20,000 samples
[2026-07-26 17:44:32] Starting data epoch 492 in logical epoch 492
[2026-07-26 17:44:32] [data] Shuffling data
[2026-07-26 17:44:32] [data] Done reading 20,000 sentences
[2026-07-26 17:44:32] [data] Done shuffling 20,000 sentences to temp files
[2026-07-26 17:44:35] Seen 20,000 samples
[2026-07-26 17:44:35] Starting data epoch 493 in logical epoch 493
[2026-07-26 17:44:35] [data] Shuffling data
[2026-07-26 17:44:35] [data] Done reading 20,000 sentences
[2026-07-26 17:44:35] [data] Done shuffling 20,000 sentences to temp files
[2026-07-26 17:44:39] Seen 20,000 samples
[2026-07-26 17:44:39] Starting data epoch 494 in logical epoch 494
[2026-07-26 17:44:39] [data] Shuffling data
[2026-07-26 17:44:39] [data] Done reading 20,000 sentences
[2026-07-26 17:44:39] [data] Done shuffling 20,000 sentences to temp files
[2026-07-26 17:44:42] Seen 20,000 samples
[2026-07-26 17:44:42] Starting data epoch 495 in logical epoch 495
[2026-07-26 17:44:42] [data] Shuffling data
[2026-07-26 17:44:42] [data] Done reading 20,000 sentences
[2026-07-26 17:44:42] [data] Done shuffling 20,000 sentences to temp files
[2026-07-26 17:44:45] Seen 20,000 samples
[2026-07-26 17:44:45] Starting data epoch 496 in logical epoch 496
[2026-07-26 17:44:45] [data] Shuffling data
[2026-07-26 17:44:45] [data] Done reading 20,000 sentences
[2026-07-26 17:44:45] [data] Done shuffling 20,000 sentences to temp files
[2026-07-26 17:44:49] Seen 20,000 samples
[2026-07-26 17:44:49] Starting data epoch 497 in logical epoch 497
[2026-07-26 17:44:49] [data] Shuffling data
[2026-07-26 17:44:49] [data] Done reading 20,000 sentences
[2026-07-26 17:44:49] [data] Done shuffling 20,000 sentences to temp files
[2026-07-26 17:44:52] Seen 20,000 samples
[2026-07-26 17:44:52] Starting data epoch 498 in logical epoch 498
[2026-07-26 17:44:52] [data] Shuffling data
[2026-07-26 17:44:52] [data] Done reading 20,000 sentences
[2026-07-26 17:44:52] [data] Done shuffling 20,000 sentences to temp files
[2026-07-26 17:44:55] Seen 20,000 samples
[2026-07-26 17:44:55] Starting data epoch 499 in logical epoch 499
[2026-07-26 17:44:55] [data] Shuffling data
[2026-07-26 17:44:55] [data] Done reading 20,000 sentences
[2026-07-26 17:44:55] [data] Done shuffling 20,000 sentences to temp files
[2026-07-26 17:44:58] Seen 20,000 samples
[2026-07-26 17:44:58] Starting data epoch 500 in logical epoch 500
[2026-07-26 17:44:58] [data] Shuffling data
[2026-07-26 17:44:58] [data] Done reading 20,000 sentences
[2026-07-26 17:44:58] [data] Done shuffling 20,000 sentences to temp files
[2026-07-26 17:45:02] Seen 20,000 samples
[2026-07-26 17:45:02] Starting data epoch 501 in logical epoch 501
[2026-07-26 17:45:02] [data] Shuffling data
[2026-07-26 17:45:02] [data] Done reading 20,000 sentences
[2026-07-26 17:45:02] [data] Done shuffling 20,000 sentences to temp files
[2026-07-26 17:45:05] Seen 20,000 samples
[2026-07-26 17:45:05] Starting data epoch 502 in logical epoch 502
[2026-07-26 17:45:05] [data] Shuffling data
[2026-07-26 17:45:05] [data] Done reading 20,000 sentences
[2026-07-26 17:45:05] [data] Done shuffling 20,000 sentences to temp files
[2026-07-26 17:45:08] Seen 20,000 samples
[2026-07-26 17:45:08] Starting data epoch 503 in logical epoch 503
[2026-07-26 17:45:08] [data] Shuffling data
[2026-07-26 17:45:08] [data] Done reading 20,000 sentences
[2026-07-26 17:45:08] [data] Done shuffling 20,000 sentences to temp files
[2026-07-26 17:45:09] Ep. 503 : Up. 12500 : Sen. 5,443 : Cost 1.17520988 * 1,552,373 @ 2,882 after 38,847,227 : Time 66.00s : 23521.18 words/s : gNorm 0.2425 : L.r. 3.0000e-04
[2026-07-26 17:45:11] Seen 20,000 samples
[2026-07-26 17:45:11] Starting data epoch 504 in logical epoch 504
[2026-07-26 17:45:11] [data] Shuffling data
[2026-07-26 17:45:11] [data] Done reading 20,000 sentences
[2026-07-26 17:45:11] [data] Done shuffling 20,000 sentences to temp files
[2026-07-26 17:45:15] Seen 20,000 samples
[2026-07-26 17:45:15] Starting data epoch 505 in logical epoch 505
[2026-07-26 17:45:15] [data] Shuffling data
[2026-07-26 17:45:15] [data] Done reading 20,000 sentences
[2026-07-26 17:45:15] [data] Done shuffling 20,000 sentences to temp files
[2026-07-26 17:45:18] Seen 20,000 samples
[2026-07-26 17:45:18] Starting data epoch 506 in logical epoch 506
[2026-07-26 17:45:18] [data] Shuffling data
[2026-07-26 17:45:18] [data] Done reading 20,000 sentences
[2026-07-26 17:45:18] [data] Done shuffling 20,000 sentences to temp files
[2026-07-26 17:45:21] Seen 20,000 samples
[2026-07-26 17:45:21] Starting data epoch 507 in logical epoch 507
[2026-07-26 17:45:21] [data] Shuffling data
[2026-07-26 17:45:21] [data] Done reading 20,000 sentences
[2026-07-26 17:45:21] [data] Done shuffling 20,000 sentences to temp files
[2026-07-26 17:45:25] Seen 20,000 samples
[2026-07-26 17:45:25] Starting data epoch 508 in logical epoch 508
[2026-07-26 17:45:25] [data] Shuffling data
[2026-07-26 17:45:25] [data] Done reading 20,000 sentences
[2026-07-26 17:45:25] [data] Done shuffling 20,000 sentences to temp files
[2026-07-26 17:45:28] Seen 20,000 samples
[2026-07-26 17:45:28] Starting data epoch 509 in logical epoch 509
[2026-07-26 17:45:28] [data] Shuffling data
[2026-07-26 17:45:28] [data] Done reading 20,000 sentences
[2026-07-26 17:45:28] [data] Done shuffling 20,000 sentences to temp files
[2026-07-26 17:45:31] Seen 20,000 samples
[2026-07-26 17:45:31] Starting data epoch 510 in logical epoch 510
[2026-07-26 17:45:31] [data] Shuffling data
[2026-07-26 17:45:31] [data] Done reading 20,000 sentences
[2026-07-26 17:45:31] [data] Done shuffling 20,000 sentences to temp files
[2026-07-26 17:45:34] Seen 20,000 samples
[2026-07-26 17:45:34] Starting data epoch 511 in logical epoch 511
[2026-07-26 17:45:34] [data] Shuffling data
[2026-07-26 17:45:34] [data] Done reading 20,000 sentences
[2026-07-26 17:45:34] [data] Done shuffling 20,000 sentences to temp files
[2026-07-26 17:45:38] Seen 20,000 samples
[2026-07-26 17:45:38] Starting data epoch 512 in logical epoch 512
[2026-07-26 17:45:38] [data] Shuffling data
[2026-07-26 17:45:38] [data] Done reading 20,000 sentences
[2026-07-26 17:45:38] [data] Done shuffling 20,000 sentences to temp files
[2026-07-26 17:45:41] Seen 20,000 samples
[2026-07-26 17:45:41] Starting data epoch 513 in logical epoch 513
[2026-07-26 17:45:41] [data] Shuffling data
[2026-07-26 17:45:41] [data] Done reading 20,000 sentences
[2026-07-26 17:45:41] [data] Done shuffling 20,000 sentences to temp files
[2026-07-26 17:45:44] Seen 20,000 samples
[2026-07-26 17:45:44] Starting data epoch 514 in logical epoch 514
[2026-07-26 17:45:44] [data] Shuffling data
[2026-07-26 17:45:44] [data] Done reading 20,000 sentences
[2026-07-26 17:45:44] [data] Done shuffling 20,000 sentences to temp files
[2026-07-26 17:45:48] Seen 20,000 samples
[2026-07-26 17:45:48] Starting data epoch 515 in logical epoch 515
[2026-07-26 17:45:48] [data] Shuffling data
[2026-07-26 17:45:48] [data] Done reading 20,000 sentences
[2026-07-26 17:45:48] [data] Done shuffling 20,000 sentences to temp files
[2026-07-26 17:45:51] Seen 20,000 samples
[2026-07-26 17:45:51] Starting data epoch 516 in logical epoch 516
[2026-07-26 17:45:51] [data] Shuffling data
[2026-07-26 17:45:51] [data] Done reading 20,000 sentences
[2026-07-26 17:45:51] [data] Done shuffling 20,000 sentences to temp files
[2026-07-26 17:45:54] Seen 20,000 samples
[2026-07-26 17:45:54] Starting data epoch 517 in logical epoch 517
[2026-07-26 17:45:54] [data] Shuffling data
[2026-07-26 17:45:54] [data] Done reading 20,000 sentences
[2026-07-26 17:45:54] [data] Done shuffling 20,000 sentences to temp files
[2026-07-26 17:45:57] Seen 20,000 samples
[2026-07-26 17:45:57] Starting data epoch 518 in logical epoch 518
[2026-07-26 17:45:57] [data] Shuffling data
[2026-07-26 17:45:57] [data] Done reading 20,000 sentences
[2026-07-26 17:45:57] [data] Done shuffling 20,000 sentences to temp files
[2026-07-26 17:46:01] Seen 20,000 samples
[2026-07-26 17:46:01] Starting data epoch 519 in logical epoch 519
[2026-07-26 17:46:01] [data] Shuffling data
[2026-07-26 17:46:01] [data] Done reading 20,000 sentences
[2026-07-26 17:46:01] [data] Done shuffling 20,000 sentences to temp files
[2026-07-26 17:46:04] Seen 20,000 samples
[2026-07-26 17:46:04] Starting data epoch 520 in logical epoch 520
[2026-07-26 17:46:04] [data] Shuffling data
[2026-07-26 17:46:04] [data] Done reading 20,000 sentences
[2026-07-26 17:46:04] [data] Done shuffling 20,000 sentences to temp files
[2026-07-26 17:46:07] Seen 20,000 samples
[2026-07-26 17:46:07] Starting data epoch 521 in logical epoch 521
[2026-07-26 17:46:07] [data] Shuffling data
[2026-07-26 17:46:07] [data] Done reading 20,000 sentences
[2026-07-26 17:46:07] [data] Done shuffling 20,000 sentences to temp files
[2026-07-26 17:46:10] Seen 20,000 samples
[2026-07-26 17:46:10] Starting data epoch 522 in logical epoch 522
[2026-07-26 17:46:10] [data] Shuffling data
[2026-07-26 17:46:10] [data] Done reading 20,000 sentences
[2026-07-26 17:46:10] [data] Done shuffling 20,000 sentences to temp files
[2026-07-26 17:46:14] Seen 20,000 samples
[2026-07-26 17:46:14] Starting data epoch 523 in logical epoch 523
[2026-07-26 17:46:14] [data] Shuffling data
[2026-07-26 17:46:14] [data] Done reading 20,000 sentences
[2026-07-26 17:46:14] [data] Done shuffling 20,000 sentences to temp files
[2026-07-26 17:46:15] Ep. 523 : Up. 13000 : Sen. 8,314 : Cost 1.17432451 * 1,559,520 @ 4,785 after 40,406,747 : Time 65.74s : 23721.16 words/s : gNorm 0.2341 : L.r. 3.0000e-04
[2026-07-26 17:46:17] Seen 20,000 samples
[2026-07-26 17:46:17] Starting data epoch 524 in logical epoch 524
[2026-07-26 17:46:17] [data] Shuffling data
[2026-07-26 17:46:17] [data] Done reading 20,000 sentences
[2026-07-26 17:46:17] [data] Done shuffling 20,000 sentences to temp files
[2026-07-26 17:46:20] Seen 20,000 samples
[2026-07-26 17:46:20] Starting data epoch 525 in logical epoch 525
[2026-07-26 17:46:20] [data] Shuffling data
[2026-07-26 17:46:20] [data] Done reading 20,000 sentences
[2026-07-26 17:46:20] [data] Done shuffling 20,000 sentences to temp files
[2026-07-26 17:46:23] Seen 20,000 samples
[2026-07-26 17:46:23] Starting data epoch 526 in logical epoch 526
[2026-07-26 17:46:23] [data] Shuffling data
[2026-07-26 17:46:23] [data] Done reading 20,000 sentences
[2026-07-26 17:46:23] [data] Done shuffling 20,000 sentences to temp files
[2026-07-26 17:46:26] Seen 20,000 samples
[2026-07-26 17:46:26] Starting data epoch 527 in logical epoch 527
[2026-07-26 17:46:26] [data] Shuffling data
[2026-07-26 17:46:26] [data] Done reading 20,000 sentences
[2026-07-26 17:46:26] [data] Done shuffling 20,000 sentences to temp files
[2026-07-26 17:46:30] Seen 20,000 samples
[2026-07-26 17:46:30] Starting data epoch 528 in logical epoch 528
[2026-07-26 17:46:30] [data] Shuffling data
[2026-07-26 17:46:30] [data] Done reading 20,000 sentences
[2026-07-26 17:46:30] [data] Done shuffling 20,000 sentences to temp files
[2026-07-26 17:46:33] Seen 20,000 samples
[2026-07-26 17:46:33] Starting data epoch 529 in logical epoch 529
[2026-07-26 17:46:33] [data] Shuffling data
[2026-07-26 17:46:33] [data] Done reading 20,000 sentences
[2026-07-26 17:46:33] [data] Done shuffling 20,000 sentences to temp files
[2026-07-26 17:46:36] Seen 20,000 samples
[2026-07-26 17:46:36] Starting data epoch 530 in logical epoch 530
[2026-07-26 17:46:36] [data] Shuffling data
[2026-07-26 17:46:36] [data] Done reading 20,000 sentences
[2026-07-26 17:46:36] [data] Done shuffling 20,000 sentences to temp files
[2026-07-26 17:46:40] Seen 20,000 samples
[2026-07-26 17:46:40] Starting data epoch 531 in logical epoch 531
[2026-07-26 17:46:40] [data] Shuffling data
[2026-07-26 17:46:40] [data] Done reading 20,000 sentences
[2026-07-26 17:46:40] [data] Done shuffling 20,000 sentences to temp files
[2026-07-26 17:46:43] Seen 20,000 samples
[2026-07-26 17:46:43] Starting data epoch 532 in logical epoch 532
[2026-07-26 17:46:43] [data] Shuffling data
[2026-07-26 17:46:43] [data] Done reading 20,000 sentences
[2026-07-26 17:46:43] [data] Done shuffling 20,000 sentences to temp files
[2026-07-26 17:46:46] Seen 20,000 samples
[2026-07-26 17:46:46] Starting data epoch 533 in logical epoch 533
[2026-07-26 17:46:46] [data] Shuffling data
[2026-07-26 17:46:46] [data] Done reading 20,000 sentences
[2026-07-26 17:46:46] [data] Done shuffling 20,000 sentences to temp files
[2026-07-26 17:46:49] Seen 20,000 samples
[2026-07-26 17:46:49] Starting data epoch 534 in logical epoch 534
[2026-07-26 17:46:49] [data] Shuffling data
[2026-07-26 17:46:49] [data] Done reading 20,000 sentences
[2026-07-26 17:46:49] [data] Done shuffling 20,000 sentences to temp files
[2026-07-26 17:46:52] Seen 20,000 samples
[2026-07-26 17:46:52] Starting data epoch 535 in logical epoch 535
[2026-07-26 17:46:52] [data] Shuffling data
[2026-07-26 17:46:52] [data] Done reading 20,000 sentences
[2026-07-26 17:46:52] [data] Done shuffling 20,000 sentences to temp files
[2026-07-26 17:46:56] Seen 20,000 samples
[2026-07-26 17:46:56] Starting data epoch 536 in logical epoch 536
[2026-07-26 17:46:56] [data] Shuffling data
[2026-07-26 17:46:56] [data] Done reading 20,000 sentences
[2026-07-26 17:46:56] [data] Done shuffling 20,000 sentences to temp files
[2026-07-26 17:46:59] Seen 20,000 samples
[2026-07-26 17:46:59] Starting data epoch 537 in logical epoch 537
[2026-07-26 17:46:59] [data] Shuffling data
[2026-07-26 17:46:59] [data] Done reading 20,000 sentences
[2026-07-26 17:46:59] [data] Done shuffling 20,000 sentences to temp files
[2026-07-26 17:47:02] Seen 20,000 samples
[2026-07-26 17:47:02] Starting data epoch 538 in logical epoch 538
[2026-07-26 17:47:02] [data] Shuffling data
[2026-07-26 17:47:02] [data] Done reading 20,000 sentences
[2026-07-26 17:47:02] [data] Done shuffling 20,000 sentences to temp files
[2026-07-26 17:47:05] Seen 20,000 samples
[2026-07-26 17:47:05] Starting data epoch 539 in logical epoch 539
[2026-07-26 17:47:05] [data] Shuffling data
[2026-07-26 17:47:05] [data] Done reading 20,000 sentences
[2026-07-26 17:47:05] [data] Done shuffling 20,000 sentences to temp files
[2026-07-26 17:47:09] Seen 20,000 samples
[2026-07-26 17:47:09] Starting data epoch 540 in logical epoch 540
[2026-07-26 17:47:09] [data] Shuffling data
[2026-07-26 17:47:09] [data] Done reading 20,000 sentences
[2026-07-26 17:47:09] [data] Done shuffling 20,000 sentences to temp files
[2026-07-26 17:47:13] Seen 20,000 samples
[2026-07-26 17:47:13] Starting data epoch 541 in logical epoch 541
[2026-07-26 17:47:13] [data] Shuffling data
[2026-07-26 17:47:13] [data] Done reading 20,000 sentences
[2026-07-26 17:47:13] [data] Done shuffling 20,000 sentences to temp files
[2026-07-26 17:47:16] Seen 20,000 samples
[2026-07-26 17:47:16] Starting data epoch 542 in logical epoch 542
[2026-07-26 17:47:16] [data] Shuffling data
[2026-07-26 17:47:16] [data] Done reading 20,000 sentences
[2026-07-26 17:47:16] [data] Done shuffling 20,000 sentences to temp files
[2026-07-26 17:47:20] Seen 20,000 samples
[2026-07-26 17:47:20] Starting data epoch 543 in logical epoch 543
[2026-07-26 17:47:20] [data] Shuffling data
[2026-07-26 17:47:20] [data] Done reading 20,000 sentences
[2026-07-26 17:47:20] [data] Done shuffling 20,000 sentences to temp files
[2026-07-26 17:47:21] Ep. 543 : Up. 13500 : Sen. 8,502 : Cost 1.17445743 * 1,546,208 @ 3,828 after 41,952,955 : Time 66.43s : 23274.68 words/s : gNorm 0.1579 : L.r. 3.0000e-04
[2026-07-26 17:47:23] Seen 20,000 samples
[2026-07-26 17:47:23] Starting data epoch 544 in logical epoch 544
[2026-07-26 17:47:23] [data] Shuffling data
[2026-07-26 17:47:23] [data] Done reading 20,000 sentences
[2026-07-26 17:47:24] [data] Done shuffling 20,000 sentences to temp files
[2026-07-26 17:47:27] Seen 20,000 samples
[2026-07-26 17:47:27] Starting data epoch 545 in logical epoch 545
[2026-07-26 17:47:27] [data] Shuffling data
[2026-07-26 17:47:27] [data] Done reading 20,000 sentences
[2026-07-26 17:47:27] [data] Done shuffling 20,000 sentences to temp files
[2026-07-26 17:47:30] Seen 20,000 samples
[2026-07-26 17:47:30] Starting data epoch 546 in logical epoch 546
[2026-07-26 17:47:30] [data] Shuffling data
[2026-07-26 17:47:30] [data] Done reading 20,000 sentences
[2026-07-26 17:47:30] [data] Done shuffling 20,000 sentences to temp files
[2026-07-26 17:47:33] Seen 20,000 samples
[2026-07-26 17:47:33] Starting data epoch 547 in logical epoch 547
[2026-07-26 17:47:33] [data] Shuffling data
[2026-07-26 17:47:33] [data] Done reading 20,000 sentences
[2026-07-26 17:47:33] [data] Done shuffling 20,000 sentences to temp files
[2026-07-26 17:47:37] Seen 20,000 samples
[2026-07-26 17:47:37] Starting data epoch 548 in logical epoch 548
[2026-07-26 17:47:37] [data] Shuffling data
[2026-07-26 17:47:37] [data] Done reading 20,000 sentences
[2026-07-26 17:47:37] [data] Done shuffling 20,000 sentences to temp files
[2026-07-26 17:47:40] Seen 20,000 samples
[2026-07-26 17:47:40] Starting data epoch 549 in logical epoch 549
[2026-07-26 17:47:40] [data] Shuffling data
[2026-07-26 17:47:40] [data] Done reading 20,000 sentences
[2026-07-26 17:47:40] [data] Done shuffling 20,000 sentences to temp files
[2026-07-26 17:47:43] Seen 20,000 samples
[2026-07-26 17:47:43] Starting data epoch 550 in logical epoch 550
[2026-07-26 17:47:43] [data] Shuffling data
[2026-07-26 17:47:43] [data] Done reading 20,000 sentences
[2026-07-26 17:47:44] [data] Done shuffling 20,000 sentences to temp files
[2026-07-26 17:47:47] Seen 20,000 samples
[2026-07-26 17:47:47] Starting data epoch 551 in logical epoch 551
[2026-07-26 17:47:47] [data] Shuffling data
[2026-07-26 17:47:47] [data] Done reading 20,000 sentences
[2026-07-26 17:47:47] [data] Done shuffling 20,000 sentences to temp files
[2026-07-26 17:47:50] Seen 20,000 samples
[2026-07-26 17:47:50] Starting data epoch 552 in logical epoch 552
[2026-07-26 17:47:50] [data] Shuffling data
[2026-07-26 17:47:50] [data] Done reading 20,000 sentences
[2026-07-26 17:47:50] [data] Done shuffling 20,000 sentences to temp files
[2026-07-26 17:47:54] Seen 20,000 samples
[2026-07-26 17:47:54] Starting data epoch 553 in logical epoch 553
[2026-07-26 17:47:54] [data] Shuffling data
[2026-07-26 17:47:54] [data] Done reading 20,000 sentences
[2026-07-26 17:47:54] [data] Done shuffling 20,000 sentences to temp files
[2026-07-26 17:47:57] Seen 20,000 samples
[2026-07-26 17:47:57] Starting data epoch 554 in logical epoch 554
[2026-07-26 17:47:57] [data] Shuffling data
[2026-07-26 17:47:57] [data] Done reading 20,000 sentences
[2026-07-26 17:47:57] [data] Done shuffling 20,000 sentences to temp files
[2026-07-26 17:48:01] Seen 20,000 samples
[2026-07-26 17:48:01] Starting data epoch 555 in logical epoch 555
[2026-07-26 17:48:01] [data] Shuffling data
[2026-07-26 17:48:01] [data] Done reading 20,000 sentences
[2026-07-26 17:48:01] [data] Done shuffling 20,000 sentences to temp files
[2026-07-26 17:48:04] Seen 20,000 samples
[2026-07-26 17:48:04] Starting data epoch 556 in logical epoch 556
[2026-07-26 17:48:04] [data] Shuffling data
[2026-07-26 17:48:04] [data] Done reading 20,000 sentences
[2026-07-26 17:48:04] [data] Done shuffling 20,000 sentences to temp files
[2026-07-26 17:48:07] Seen 20,000 samples
[2026-07-26 17:48:07] Starting data epoch 557 in logical epoch 557
[2026-07-26 17:48:07] [data] Shuffling data
[2026-07-26 17:48:07] [data] Done reading 20,000 sentences
[2026-07-26 17:48:07] [data] Done shuffling 20,000 sentences to temp files
[2026-07-26 17:48:11] Seen 20,000 samples
[2026-07-26 17:48:11] Starting data epoch 558 in logical epoch 558
[2026-07-26 17:48:11] [data] Shuffling data
[2026-07-26 17:48:11] [data] Done reading 20,000 sentences
[2026-07-26 17:48:11] [data] Done shuffling 20,000 sentences to temp files
[2026-07-26 17:48:14] Seen 20,000 samples
[2026-07-26 17:48:14] Starting data epoch 559 in logical epoch 559
[2026-07-26 17:48:14] [data] Shuffling data
[2026-07-26 17:48:14] [data] Done reading 20,000 sentences
[2026-07-26 17:48:14] [data] Done shuffling 20,000 sentences to temp files
[2026-07-26 17:48:17] Seen 20,000 samples
[2026-07-26 17:48:17] Starting data epoch 560 in logical epoch 560
[2026-07-26 17:48:17] [data] Shuffling data
[2026-07-26 17:48:17] [data] Done reading 20,000 sentences
[2026-07-26 17:48:17] [data] Done shuffling 20,000 sentences to temp files
[2026-07-26 17:48:21] Seen 20,000 samples
[2026-07-26 17:48:21] Starting data epoch 561 in logical epoch 561
[2026-07-26 17:48:21] [data] Shuffling data
[2026-07-26 17:48:21] [data] Done reading 20,000 sentences
[2026-07-26 17:48:21] [data] Done shuffling 20,000 sentences to temp files
[2026-07-26 17:48:24] Seen 20,000 samples
[2026-07-26 17:48:24] Starting data epoch 562 in logical epoch 562
[2026-07-26 17:48:24] [data] Shuffling data
[2026-07-26 17:48:24] [data] Done reading 20,000 sentences
[2026-07-26 17:48:24] [data] Done shuffling 20,000 sentences to temp files
[2026-07-26 17:48:27] Seen 20,000 samples
[2026-07-26 17:48:27] Starting data epoch 563 in logical epoch 563
[2026-07-26 17:48:27] [data] Shuffling data
[2026-07-26 17:48:27] [data] Done reading 20,000 sentences
[2026-07-26 17:48:27] [data] Done shuffling 20,000 sentences to temp files
[2026-07-26 17:48:29] Ep. 563 : Up. 14000 : Sen. 10,886 : Cost 1.17377543 * 1,557,713 @ 564 after 43,510,668 : Time 67.64s : 23028.70 words/s : gNorm 0.2066 : L.r. 3.0000e-04
[2026-07-26 17:48:30] Seen 20,000 samples
[2026-07-26 17:48:30] Starting data epoch 564 in logical epoch 564
[2026-07-26 17:48:30] [data] Shuffling data
[2026-07-26 17:48:30] [data] Done reading 20,000 sentences
[2026-07-26 17:48:30] [data] Done shuffling 20,000 sentences to temp files
[2026-07-26 17:48:34] Seen 20,000 samples
[2026-07-26 17:48:34] Starting data epoch 565 in logical epoch 565
[2026-07-26 17:48:34] [data] Shuffling data
[2026-07-26 17:48:34] [data] Done reading 20,000 sentences
[2026-07-26 17:48:34] [data] Done shuffling 20,000 sentences to temp files
[2026-07-26 17:48:37] Seen 20,000 samples
[2026-07-26 17:48:37] Starting data epoch 566 in logical epoch 566
[2026-07-26 17:48:37] [data] Shuffling data
[2026-07-26 17:48:37] [data] Done reading 20,000 sentences
[2026-07-26 17:48:37] [data] Done shuffling 20,000 sentences to temp files
[2026-07-26 17:48:40] Seen 20,000 samples
[2026-07-26 17:48:40] Starting data epoch 567 in logical epoch 567
[2026-07-26 17:48:40] [data] Shuffling data
[2026-07-26 17:48:41] [data] Done reading 20,000 sentences
[2026-07-26 17:48:41] [data] Done shuffling 20,000 sentences to temp files
[2026-07-26 17:48:44] Seen 20,000 samples
[2026-07-26 17:48:44] Starting data epoch 568 in logical epoch 568
[2026-07-26 17:48:44] [data] Shuffling data
[2026-07-26 17:48:44] [data] Done reading 20,000 sentences
[2026-07-26 17:48:44] [data] Done shuffling 20,000 sentences to temp files
[2026-07-26 17:48:47] Seen 20,000 samples
[2026-07-26 17:48:47] Starting data epoch 569 in logical epoch 569
[2026-07-26 17:48:47] [data] Shuffling data
[2026-07-26 17:48:47] [data] Done reading 20,000 sentences
[2026-07-26 17:48:47] [data] Done shuffling 20,000 sentences to temp files
[2026-07-26 17:48:51] Seen 20,000 samples
[2026-07-26 17:48:51] Starting data epoch 570 in logical epoch 570
[2026-07-26 17:48:51] [data] Shuffling data
[2026-07-26 17:48:51] [data] Done reading 20,000 sentences
[2026-07-26 17:48:51] [data] Done shuffling 20,000 sentences to temp files
[2026-07-26 17:48:54] Seen 20,000 samples
[2026-07-26 17:48:54] Starting data epoch 571 in logical epoch 571
[2026-07-26 17:48:54] [data] Shuffling data
[2026-07-26 17:48:54] [data] Done reading 20,000 sentences
[2026-07-26 17:48:54] [data] Done shuffling 20,000 sentences to temp files
[2026-07-26 17:48:57] Seen 20,000 samples
[2026-07-26 17:48:57] Starting data epoch 572 in logical epoch 572
[2026-07-26 17:48:57] [data] Shuffling data
[2026-07-26 17:48:57] [data] Done reading 20,000 sentences
[2026-07-26 17:48:57] [data] Done shuffling 20,000 sentences to temp files
[2026-07-26 17:49:01] Seen 20,000 samples
[2026-07-26 17:49:01] Starting data epoch 573 in logical epoch 573
[2026-07-26 17:49:01] [data] Shuffling data
[2026-07-26 17:49:01] [data] Done reading 20,000 sentences
[2026-07-26 17:49:01] [data] Done shuffling 20,000 sentences to temp files
[2026-07-26 17:49:04] Seen 20,000 samples
[2026-07-26 17:49:04] Starting data epoch 574 in logical epoch 574
[2026-07-26 17:49:04] [data] Shuffling data
[2026-07-26 17:49:04] [data] Done reading 20,000 sentences
[2026-07-26 17:49:04] [data] Done shuffling 20,000 sentences to temp files
[2026-07-26 17:49:07] Seen 20,000 samples
[2026-07-26 17:49:07] Starting data epoch 575 in logical epoch 575
[2026-07-26 17:49:07] [data] Shuffling data
[2026-07-26 17:49:07] [data] Done reading 20,000 sentences
[2026-07-26 17:49:07] [data] Done shuffling 20,000 sentences to temp files
[2026-07-26 17:49:11] Seen 20,000 samples
[2026-07-26 17:49:11] Starting data epoch 576 in logical epoch 576
[2026-07-26 17:49:11] [data] Shuffling data
[2026-07-26 17:49:11] [data] Done reading 20,000 sentences
[2026-07-26 17:49:11] [data] Done shuffling 20,000 sentences to temp files
[2026-07-26 17:49:14] Seen 20,000 samples
[2026-07-26 17:49:14] Starting data epoch 577 in logical epoch 577
[2026-07-26 17:49:14] [data] Shuffling data
[2026-07-26 17:49:14] [data] Done reading 20,000 sentences
[2026-07-26 17:49:14] [data] Done shuffling 20,000 sentences to temp files
[2026-07-26 17:49:17] Seen 20,000 samples
[2026-07-26 17:49:17] Starting data epoch 578 in logical epoch 578
[2026-07-26 17:49:17] [data] Shuffling data
[2026-07-26 17:49:17] [data] Done reading 20,000 sentences
[2026-07-26 17:49:17] [data] Done shuffling 20,000 sentences to temp files
[2026-07-26 17:49:21] Seen 20,000 samples
[2026-07-26 17:49:21] Starting data epoch 579 in logical epoch 579
[2026-07-26 17:49:21] [data] Shuffling data
[2026-07-26 17:49:21] [data] Done reading 20,000 sentences
[2026-07-26 17:49:21] [data] Done shuffling 20,000 sentences to temp files
[2026-07-26 17:49:24] Seen 20,000 samples
[2026-07-26 17:49:24] Starting data epoch 580 in logical epoch 580
[2026-07-26 17:49:24] [data] Shuffling data
[2026-07-26 17:49:24] [data] Done reading 20,000 sentences
[2026-07-26 17:49:24] [data] Done shuffling 20,000 sentences to temp files
[2026-07-26 17:49:27] Seen 20,000 samples
[2026-07-26 17:49:27] Starting data epoch 581 in logical epoch 581
[2026-07-26 17:49:27] [data] Shuffling data
[2026-07-26 17:49:27] [data] Done reading 20,000 sentences
[2026-07-26 17:49:27] [data] Done shuffling 20,000 sentences to temp files
[2026-07-26 17:49:31] Seen 20,000 samples
[2026-07-26 17:49:31] Starting data epoch 582 in logical epoch 582
[2026-07-26 17:49:31] [data] Shuffling data
[2026-07-26 17:49:31] [data] Done reading 20,000 sentences
[2026-07-26 17:49:31] [data] Done shuffling 20,000 sentences to temp files
[2026-07-26 17:49:34] Seen 20,000 samples
[2026-07-26 17:49:34] Starting data epoch 583 in logical epoch 583
[2026-07-26 17:49:34] [data] Shuffling data
[2026-07-26 17:49:34] [data] Done reading 20,000 sentences
[2026-07-26 17:49:34] [data] Done shuffling 20,000 sentences to temp files
[2026-07-26 17:49:36] Ep. 583 : Up. 14500 : Sen. 9,929 : Cost 1.17359436 * 1,542,137 @ 564 after 45,052,805 : Time 66.83s : 23075.12 words/s : gNorm 0.1947 : L.r. 3.0000e-04
[2026-07-26 17:49:37] Seen 20,000 samples
[2026-07-26 17:49:37] Starting data epoch 584 in logical epoch 584
[2026-07-26 17:49:37] [data] Shuffling data
[2026-07-26 17:49:37] [data] Done reading 20,000 sentences
[2026-07-26 17:49:37] [data] Done shuffling 20,000 sentences to temp files
[2026-07-26 17:49:41] Seen 20,000 samples
[2026-07-26 17:49:41] Starting data epoch 585 in logical epoch 585
[2026-07-26 17:49:41] [data] Shuffling data
[2026-07-26 17:49:41] [data] Done reading 20,000 sentences
[2026-07-26 17:49:41] [data] Done shuffling 20,000 sentences to temp files
[2026-07-26 17:49:44] Seen 20,000 samples
[2026-07-26 17:49:44] Starting data epoch 586 in logical epoch 586
[2026-07-26 17:49:44] [data] Shuffling data
[2026-07-26 17:49:44] [data] Done reading 20,000 sentences
[2026-07-26 17:49:44] [data] Done shuffling 20,000 sentences to temp files
[2026-07-26 17:49:47] Seen 20,000 samples
[2026-07-26 17:49:47] Starting data epoch 587 in logical epoch 587
[2026-07-26 17:49:47] [data] Shuffling data
[2026-07-26 17:49:47] [data] Done reading 20,000 sentences
[2026-07-26 17:49:47] [data] Done shuffling 20,000 sentences to temp files
[2026-07-26 17:49:51] Seen 20,000 samples
[2026-07-26 17:49:51] Starting data epoch 588 in logical epoch 588
[2026-07-26 17:49:51] [data] Shuffling data
[2026-07-26 17:49:51] [data] Done reading 20,000 sentences
[2026-07-26 17:49:51] [data] Done shuffling 20,000 sentences to temp files
[2026-07-26 17:49:54] Seen 20,000 samples
[2026-07-26 17:49:54] Starting data epoch 589 in logical epoch 589
[2026-07-26 17:49:54] [data] Shuffling data
[2026-07-26 17:49:54] [data] Done reading 20,000 sentences
[2026-07-26 17:49:54] [data] Done shuffling 20,000 sentences to temp files
[2026-07-26 17:49:57] Seen 20,000 samples
[2026-07-26 17:49:57] Starting data epoch 590 in logical epoch 590
[2026-07-26 17:49:57] [data] Shuffling data
[2026-07-26 17:49:57] [data] Done reading 20,000 sentences
[2026-07-26 17:49:57] [data] Done shuffling 20,000 sentences to temp files
[2026-07-26 17:50:01] Seen 20,000 samples
[2026-07-26 17:50:01] Starting data epoch 591 in logical epoch 591
[2026-07-26 17:50:01] [data] Shuffling data
[2026-07-26 17:50:01] [data] Done reading 20,000 sentences
[2026-07-26 17:50:01] [data] Done shuffling 20,000 sentences to temp files
[2026-07-26 17:50:04] Seen 20,000 samples
[2026-07-26 17:50:04] Starting data epoch 592 in logical epoch 592
[2026-07-26 17:50:04] [data] Shuffling data
[2026-07-26 17:50:04] [data] Done reading 20,000 sentences
[2026-07-26 17:50:04] [data] Done shuffling 20,000 sentences to temp files
[2026-07-26 17:50:08] Seen 20,000 samples
[2026-07-26 17:50:08] Starting data epoch 593 in logical epoch 593
[2026-07-26 17:50:08] [data] Shuffling data
[2026-07-26 17:50:08] [data] Done reading 20,000 sentences
[2026-07-26 17:50:08] [data] Done shuffling 20,000 sentences to temp files
[2026-07-26 17:50:11] Seen 20,000 samples
[2026-07-26 17:50:11] Starting data epoch 594 in logical epoch 594
[2026-07-26 17:50:11] [data] Shuffling data
[2026-07-26 17:50:11] [data] Done reading 20,000 sentences
[2026-07-26 17:50:11] [data] Done shuffling 20,000 sentences to temp files
[2026-07-26 17:50:14] Seen 20,000 samples
[2026-07-26 17:50:14] Starting data epoch 595 in logical epoch 595
[2026-07-26 17:50:14] [data] Shuffling data
[2026-07-26 17:50:14] [data] Done reading 20,000 sentences
[2026-07-26 17:50:14] [data] Done shuffling 20,000 sentences to temp files
[2026-07-26 17:50:17] Seen 20,000 samples
[2026-07-26 17:50:17] Starting data epoch 596 in logical epoch 596
[2026-07-26 17:50:17] [data] Shuffling data
[2026-07-26 17:50:17] [data] Done reading 20,000 sentences
[2026-07-26 17:50:18] [data] Done shuffling 20,000 sentences to temp files
[2026-07-26 17:50:21] Seen 20,000 samples
[2026-07-26 17:50:21] Starting data epoch 597 in logical epoch 597
[2026-07-26 17:50:21] [data] Shuffling data
[2026-07-26 17:50:21] [data] Done reading 20,000 sentences
[2026-07-26 17:50:21] [data] Done shuffling 20,000 sentences to temp files
[2026-07-26 17:50:24] Seen 20,000 samples
[2026-07-26 17:50:24] Starting data epoch 598 in logical epoch 598
[2026-07-26 17:50:24] [data] Shuffling data
[2026-07-26 17:50:24] [data] Done reading 20,000 sentences
[2026-07-26 17:50:24] [data] Done shuffling 20,000 sentences to temp files
[2026-07-26 17:50:27] Seen 20,000 samples
[2026-07-26 17:50:27] Starting data epoch 599 in logical epoch 599
[2026-07-26 17:50:27] [data] Shuffling data
[2026-07-26 17:50:27] [data] Done reading 20,000 sentences
[2026-07-26 17:50:27] [data] Done shuffling 20,000 sentences to temp files
[2026-07-26 17:50:31] Seen 20,000 samples
[2026-07-26 17:50:31] Starting data epoch 600 in logical epoch 600
[2026-07-26 17:50:31] [data] Shuffling data
[2026-07-26 17:50:31] [data] Done reading 20,000 sentences
[2026-07-26 17:50:31] [data] Done shuffling 20,000 sentences to temp files
[2026-07-26 17:50:34] Seen 20,000 samples
[2026-07-26 17:50:34] Starting data epoch 601 in logical epoch 601
[2026-07-26 17:50:34] [data] Shuffling data
[2026-07-26 17:50:34] [data] Done reading 20,000 sentences
[2026-07-26 17:50:34] [data] Done shuffling 20,000 sentences to temp files
[2026-07-26 17:50:38] Seen 20,000 samples
[2026-07-26 17:50:38] Starting data epoch 602 in logical epoch 602
[2026-07-26 17:50:38] [data] Shuffling data
[2026-07-26 17:50:38] [data] Done reading 20,000 sentences
[2026-07-26 17:50:38] [data] Done shuffling 20,000 sentences to temp files
[2026-07-26 17:50:41] Seen 20,000 samples
[2026-07-26 17:50:41] Starting data epoch 603 in logical epoch 603
[2026-07-26 17:50:41] [data] Shuffling data
[2026-07-26 17:50:41] [data] Done reading 20,000 sentences
[2026-07-26 17:50:41] [data] Done shuffling 20,000 sentences to temp files
[2026-07-26 17:50:43] Ep. 603 : Up. 15000 : Sen. 12,800 : Cost 1.17307746 * 1,558,401 @ 4,785 after 46,611,206 : Time 66.94s : 23280.31 words/s : gNorm 0.2736 : L.r. 3.0000e-04
[2026-07-26 17:50:43] Saving model weights and runtime parameters to /d/Job_Requirements/PracticalProjectsFromDrYe/AIE-F/assignment-submission/class-22/TheinGiKyaw_Assignment7/model.transformer.warmup4000_dropout01.phmy/model.npz
[2026-07-26 17:50:43] Saving Adam parameters
[2026-07-26 17:50:43] [training] Saving training checkpoint to /d/Job_Requirements/PracticalProjectsFromDrYe/AIE-F/assignment-submission/class-22/TheinGiKyaw_Assignment7/model.transformer.warmup4000_dropout01.phmy/model.npz and /d/Job_Requirements/PracticalProjectsFromDrYe/AIE-F/assignment-submission/class-22/TheinGiKyaw_Assignment7/model.transformer.warmup4000_dropout01.phmy/model.npz.optimizer.npz
[2026-07-26 17:50:45] [valid] Ep. 603 : Up. 15000 : cross-entropy : 2.73955 : stalled 2 times (last best: 2.17222)
[2026-07-26 17:50:45] [valid] Ep. 603 : Up. 15000 : perplexity : 2.03964 : stalled 2 times (last best: 1.75974)
[2026-07-26 17:50:47] [valid] Ep. 603 : Up. 15000 : bleu : 74.8552 : stalled 2 times (last best: 76.4125)
[2026-07-26 17:50:48] Seen 20,000 samples
[2026-07-26 17:50:48] Starting data epoch 604 in logical epoch 604
[2026-07-26 17:50:48] [data] Shuffling data
[2026-07-26 17:50:48] [data] Done reading 20,000 sentences
[2026-07-26 17:50:48] [data] Done shuffling 20,000 sentences to temp files
[2026-07-26 17:50:51] Seen 20,000 samples
[2026-07-26 17:50:51] Starting data epoch 605 in logical epoch 605
[2026-07-26 17:50:51] [data] Shuffling data
[2026-07-26 17:50:51] [data] Done reading 20,000 sentences
[2026-07-26 17:50:51] [data] Done shuffling 20,000 sentences to temp files
[2026-07-26 17:50:54] Seen 20,000 samples
[2026-07-26 17:50:54] Starting data epoch 606 in logical epoch 606
[2026-07-26 17:50:54] [data] Shuffling data
[2026-07-26 17:50:54] [data] Done reading 20,000 sentences
[2026-07-26 17:50:54] [data] Done shuffling 20,000 sentences to temp files
[2026-07-26 17:50:57] Seen 20,000 samples
[2026-07-26 17:50:57] Starting data epoch 607 in logical epoch 607
[2026-07-26 17:50:57] [data] Shuffling data
[2026-07-26 17:50:58] [data] Done reading 20,000 sentences
[2026-07-26 17:50:58] [data] Done shuffling 20,000 sentences to temp files
[2026-07-26 17:51:01] Seen 20,000 samples
[2026-07-26 17:51:01] Starting data epoch 608 in logical epoch 608
[2026-07-26 17:51:01] [data] Shuffling data
[2026-07-26 17:51:01] [data] Done reading 20,000 sentences
[2026-07-26 17:51:01] [data] Done shuffling 20,000 sentences to temp files
[2026-07-26 17:51:04] Seen 20,000 samples
[2026-07-26 17:51:04] Starting data epoch 609 in logical epoch 609
[2026-07-26 17:51:04] [data] Shuffling data
[2026-07-26 17:51:04] [data] Done reading 20,000 sentences
[2026-07-26 17:51:04] [data] Done shuffling 20,000 sentences to temp files
[2026-07-26 17:51:07] Seen 20,000 samples
[2026-07-26 17:51:07] Starting data epoch 610 in logical epoch 610
[2026-07-26 17:51:07] [data] Shuffling data
[2026-07-26 17:51:07] [data] Done reading 20,000 sentences
[2026-07-26 17:51:07] [data] Done shuffling 20,000 sentences to temp files
[2026-07-26 17:51:11] Seen 20,000 samples
[2026-07-26 17:51:11] Starting data epoch 611 in logical epoch 611
[2026-07-26 17:51:11] [data] Shuffling data
[2026-07-26 17:51:11] [data] Done reading 20,000 sentences
[2026-07-26 17:51:11] [data] Done shuffling 20,000 sentences to temp files
[2026-07-26 17:51:14] Seen 20,000 samples
[2026-07-26 17:51:14] Starting data epoch 612 in logical epoch 612
[2026-07-26 17:51:14] [data] Shuffling data
[2026-07-26 17:51:14] [data] Done reading 20,000 sentences
[2026-07-26 17:51:14] [data] Done shuffling 20,000 sentences to temp files
[2026-07-26 17:51:17] Seen 20,000 samples
[2026-07-26 17:51:17] Starting data epoch 613 in logical epoch 613
[2026-07-26 17:51:17] [data] Shuffling data
[2026-07-26 17:51:17] [data] Done reading 20,000 sentences
[2026-07-26 17:51:17] [data] Done shuffling 20,000 sentences to temp files
[2026-07-26 17:51:20] Seen 20,000 samples
[2026-07-26 17:51:20] Starting data epoch 614 in logical epoch 614
[2026-07-26 17:51:20] [data] Shuffling data
[2026-07-26 17:51:20] [data] Done reading 20,000 sentences
[2026-07-26 17:51:20] [data] Done shuffling 20,000 sentences to temp files
[2026-07-26 17:51:23] Seen 20,000 samples
[2026-07-26 17:51:23] Starting data epoch 615 in logical epoch 615
[2026-07-26 17:51:23] [data] Shuffling data
[2026-07-26 17:51:24] [data] Done reading 20,000 sentences
[2026-07-26 17:51:24] [data] Done shuffling 20,000 sentences to temp files
[2026-07-26 17:51:27] Seen 20,000 samples
[2026-07-26 17:51:27] Starting data epoch 616 in logical epoch 616
[2026-07-26 17:51:27] [data] Shuffling data
[2026-07-26 17:51:27] [data] Done reading 20,000 sentences
[2026-07-26 17:51:27] [data] Done shuffling 20,000 sentences to temp files
[2026-07-26 17:51:30] Seen 20,000 samples
[2026-07-26 17:51:30] Starting data epoch 617 in logical epoch 617
[2026-07-26 17:51:30] [data] Shuffling data
[2026-07-26 17:51:30] [data] Done reading 20,000 sentences
[2026-07-26 17:51:30] [data] Done shuffling 20,000 sentences to temp files
[2026-07-26 17:51:34] Seen 20,000 samples
[2026-07-26 17:51:34] Starting data epoch 618 in logical epoch 618
[2026-07-26 17:51:34] [data] Shuffling data
[2026-07-26 17:51:34] [data] Done reading 20,000 sentences
[2026-07-26 17:51:34] [data] Done shuffling 20,000 sentences to temp files
[2026-07-26 17:51:37] Seen 20,000 samples
[2026-07-26 17:51:37] Starting data epoch 619 in logical epoch 619
[2026-07-26 17:51:37] [data] Shuffling data
[2026-07-26 17:51:37] [data] Done reading 20,000 sentences
[2026-07-26 17:51:37] [data] Done shuffling 20,000 sentences to temp files
[2026-07-26 17:51:40] Seen 20,000 samples
[2026-07-26 17:51:40] Starting data epoch 620 in logical epoch 620
[2026-07-26 17:51:40] [data] Shuffling data
[2026-07-26 17:51:40] [data] Done reading 20,000 sentences
[2026-07-26 17:51:40] [data] Done shuffling 20,000 sentences to temp files
[2026-07-26 17:51:43] Seen 20,000 samples
[2026-07-26 17:51:43] Starting data epoch 621 in logical epoch 621
[2026-07-26 17:51:43] [data] Shuffling data
[2026-07-26 17:51:43] [data] Done reading 20,000 sentences
[2026-07-26 17:51:43] [data] Done shuffling 20,000 sentences to temp files
[2026-07-26 17:51:47] Seen 20,000 samples
[2026-07-26 17:51:47] Starting data epoch 622 in logical epoch 622
[2026-07-26 17:51:47] [data] Shuffling data
[2026-07-26 17:51:47] [data] Done reading 20,000 sentences
[2026-07-26 17:51:47] [data] Done shuffling 20,000 sentences to temp files
[2026-07-26 17:51:51] Seen 20,000 samples
[2026-07-26 17:51:51] Starting data epoch 623 in logical epoch 623
[2026-07-26 17:51:51] [data] Shuffling data
[2026-07-26 17:51:51] [data] Done reading 20,000 sentences
[2026-07-26 17:51:51] [data] Done shuffling 20,000 sentences to temp files
[2026-07-26 17:51:53] Ep. 623 : Up. 15500 : Sen. 16,141 : Cost 1.17246974 * 1,559,585 @ 2,861 after 48,170,791 : Time 70.48s : 22128.22 words/s : gNorm 0.1745 : L.r. 3.0000e-04
[2026-07-26 17:51:54] Seen 20,000 samples
[2026-07-26 17:51:54] Starting data epoch 624 in logical epoch 624
[2026-07-26 17:51:54] [data] Shuffling data
[2026-07-26 17:51:54] [data] Done reading 20,000 sentences
[2026-07-26 17:51:54] [data] Done shuffling 20,000 sentences to temp files
[2026-07-26 17:51:57] Seen 20,000 samples
[2026-07-26 17:51:57] Starting data epoch 625 in logical epoch 625
[2026-07-26 17:51:57] [data] Shuffling data
[2026-07-26 17:51:57] [data] Done reading 20,000 sentences
[2026-07-26 17:51:58] [data] Done shuffling 20,000 sentences to temp files
[2026-07-26 17:52:01] Seen 20,000 samples
[2026-07-26 17:52:01] Starting data epoch 626 in logical epoch 626
[2026-07-26 17:52:01] [data] Shuffling data
[2026-07-26 17:52:01] [data] Done reading 20,000 sentences
[2026-07-26 17:52:01] [data] Done shuffling 20,000 sentences to temp files
[2026-07-26 17:52:04] Seen 20,000 samples
[2026-07-26 17:52:04] Starting data epoch 627 in logical epoch 627
[2026-07-26 17:52:04] [data] Shuffling data
[2026-07-26 17:52:04] [data] Done reading 20,000 sentences
[2026-07-26 17:52:04] [data] Done shuffling 20,000 sentences to temp files
[2026-07-26 17:52:08] Seen 20,000 samples
[2026-07-26 17:52:08] Starting data epoch 628 in logical epoch 628
[2026-07-26 17:52:08] [data] Shuffling data
[2026-07-26 17:52:08] [data] Done reading 20,000 sentences
[2026-07-26 17:52:08] [data] Done shuffling 20,000 sentences to temp files
[2026-07-26 17:52:11] Seen 20,000 samples
[2026-07-26 17:52:11] Starting data epoch 629 in logical epoch 629
[2026-07-26 17:52:11] [data] Shuffling data
[2026-07-26 17:52:11] [data] Done reading 20,000 sentences
[2026-07-26 17:52:11] [data] Done shuffling 20,000 sentences to temp files
[2026-07-26 17:52:14] Seen 20,000 samples
[2026-07-26 17:52:14] Starting data epoch 630 in logical epoch 630
[2026-07-26 17:52:14] [data] Shuffling data
[2026-07-26 17:52:14] [data] Done reading 20,000 sentences
[2026-07-26 17:52:14] [data] Done shuffling 20,000 sentences to temp files
[2026-07-26 17:52:18] Seen 20,000 samples
[2026-07-26 17:52:18] Starting data epoch 631 in logical epoch 631
[2026-07-26 17:52:18] [data] Shuffling data
[2026-07-26 17:52:18] [data] Done reading 20,000 sentences
[2026-07-26 17:52:18] [data] Done shuffling 20,000 sentences to temp files
[2026-07-26 17:52:21] Seen 20,000 samples
[2026-07-26 17:52:21] Starting data epoch 632 in logical epoch 632
[2026-07-26 17:52:21] [data] Shuffling data
[2026-07-26 17:52:21] [data] Done reading 20,000 sentences
[2026-07-26 17:52:21] [data] Done shuffling 20,000 sentences to temp files
[2026-07-26 17:52:24] Seen 20,000 samples
[2026-07-26 17:52:24] Starting data epoch 633 in logical epoch 633
[2026-07-26 17:52:24] [data] Shuffling data
[2026-07-26 17:52:24] [data] Done reading 20,000 sentences
[2026-07-26 17:52:24] [data] Done shuffling 20,000 sentences to temp files
[2026-07-26 17:52:28] Seen 20,000 samples
[2026-07-26 17:52:28] Starting data epoch 634 in logical epoch 634
[2026-07-26 17:52:28] [data] Shuffling data
[2026-07-26 17:52:28] [data] Done reading 20,000 sentences
[2026-07-26 17:52:28] [data] Done shuffling 20,000 sentences to temp files
[2026-07-26 17:52:31] Seen 20,000 samples
[2026-07-26 17:52:31] Starting data epoch 635 in logical epoch 635
[2026-07-26 17:52:31] [data] Shuffling data
[2026-07-26 17:52:31] [data] Done reading 20,000 sentences
[2026-07-26 17:52:31] [data] Done shuffling 20,000 sentences to temp files
[2026-07-26 17:52:34] Seen 20,000 samples
[2026-07-26 17:52:34] Starting data epoch 636 in logical epoch 636
[2026-07-26 17:52:34] [data] Shuffling data
[2026-07-26 17:52:34] [data] Done reading 20,000 sentences
[2026-07-26 17:52:34] [data] Done shuffling 20,000 sentences to temp files
[2026-07-26 17:52:38] Seen 20,000 samples
[2026-07-26 17:52:38] Starting data epoch 637 in logical epoch 637
[2026-07-26 17:52:38] [data] Shuffling data
[2026-07-26 17:52:38] [data] Done reading 20,000 sentences
[2026-07-26 17:52:38] [data] Done shuffling 20,000 sentences to temp files
[2026-07-26 17:52:42] Seen 20,000 samples
[2026-07-26 17:52:42] Starting data epoch 638 in logical epoch 638
[2026-07-26 17:52:42] [data] Shuffling data
[2026-07-26 17:52:42] [data] Done reading 20,000 sentences
[2026-07-26 17:52:42] [data] Done shuffling 20,000 sentences to temp files
[2026-07-26 17:52:45] Seen 20,000 samples
[2026-07-26 17:52:45] Starting data epoch 639 in logical epoch 639
[2026-07-26 17:52:45] [data] Shuffling data
[2026-07-26 17:52:45] [data] Done reading 20,000 sentences
[2026-07-26 17:52:45] [data] Done shuffling 20,000 sentences to temp files
[2026-07-26 17:52:48] Seen 20,000 samples
[2026-07-26 17:52:48] Starting data epoch 640 in logical epoch 640
[2026-07-26 17:52:48] [data] Shuffling data
[2026-07-26 17:52:48] [data] Done reading 20,000 sentences
[2026-07-26 17:52:48] [data] Done shuffling 20,000 sentences to temp files
[2026-07-26 17:52:52] Seen 20,000 samples
[2026-07-26 17:52:52] Starting data epoch 641 in logical epoch 641
[2026-07-26 17:52:52] [data] Shuffling data
[2026-07-26 17:52:52] [data] Done reading 20,000 sentences
[2026-07-26 17:52:52] [data] Done shuffling 20,000 sentences to temp files
[2026-07-26 17:52:55] Seen 20,000 samples
[2026-07-26 17:52:55] Starting data epoch 642 in logical epoch 642
[2026-07-26 17:52:55] [data] Shuffling data
[2026-07-26 17:52:55] [data] Done reading 20,000 sentences
[2026-07-26 17:52:55] [data] Done shuffling 20,000 sentences to temp files
[2026-07-26 17:52:58] Seen 20,000 samples
[2026-07-26 17:52:58] Starting data epoch 643 in logical epoch 643
[2026-07-26 17:52:58] [data] Shuffling data
[2026-07-26 17:52:58] [data] Done reading 20,000 sentences
[2026-07-26 17:52:58] [data] Done shuffling 20,000 sentences to temp files
[2026-07-26 17:53:01] Ep. 643 : Up. 16000 : Sen. 17,098 : Cost 1.17229629 * 1,552,631 @ 2,822 after 49,723,422 : Time 68.04s : 22821.04 words/s : gNorm 0.3091 : L.r. 3.0000e-04
[2026-07-26 17:53:02] Seen 20,000 samples
[2026-07-26 17:53:02] Starting data epoch 644 in logical epoch 644
[2026-07-26 17:53:02] [data] Shuffling data
[2026-07-26 17:53:02] [data] Done reading 20,000 sentences
[2026-07-26 17:53:02] [data] Done shuffling 20,000 sentences to temp files
[2026-07-26 17:53:05] Seen 20,000 samples
[2026-07-26 17:53:05] Starting data epoch 645 in logical epoch 645
[2026-07-26 17:53:05] [data] Shuffling data
[2026-07-26 17:53:05] [data] Done reading 20,000 sentences
[2026-07-26 17:53:05] [data] Done shuffling 20,000 sentences to temp files
[2026-07-26 17:53:08] Seen 20,000 samples
[2026-07-26 17:53:08] Starting data epoch 646 in logical epoch 646
[2026-07-26 17:53:08] [data] Shuffling data
[2026-07-26 17:53:08] [data] Done reading 20,000 sentences
[2026-07-26 17:53:08] [data] Done shuffling 20,000 sentences to temp files
[2026-07-26 17:53:11] Seen 20,000 samples
[2026-07-26 17:53:11] Starting data epoch 647 in logical epoch 647
[2026-07-26 17:53:11] [data] Shuffling data
[2026-07-26 17:53:11] [data] Done reading 20,000 sentences
[2026-07-26 17:53:11] [data] Done shuffling 20,000 sentences to temp files
[2026-07-26 17:53:15] Seen 20,000 samples
[2026-07-26 17:53:15] Starting data epoch 648 in logical epoch 648
[2026-07-26 17:53:15] [data] Shuffling data
[2026-07-26 17:53:15] [data] Done reading 20,000 sentences
[2026-07-26 17:53:15] [data] Done shuffling 20,000 sentences to temp files
[2026-07-26 17:53:18] Seen 20,000 samples
[2026-07-26 17:53:18] Starting data epoch 649 in logical epoch 649
[2026-07-26 17:53:18] [data] Shuffling data
[2026-07-26 17:53:18] [data] Done reading 20,000 sentences
[2026-07-26 17:53:18] [data] Done shuffling 20,000 sentences to temp files
[2026-07-26 17:53:22] Seen 20,000 samples
[2026-07-26 17:53:22] Starting data epoch 650 in logical epoch 650
[2026-07-26 17:53:22] [data] Shuffling data
[2026-07-26 17:53:22] [data] Done reading 20,000 sentences
[2026-07-26 17:53:22] [data] Done shuffling 20,000 sentences to temp files
[2026-07-26 17:53:25] Seen 20,000 samples
[2026-07-26 17:53:25] Starting data epoch 651 in logical epoch 651
[2026-07-26 17:53:25] [data] Shuffling data
[2026-07-26 17:53:25] [data] Done reading 20,000 sentences
[2026-07-26 17:53:25] [data] Done shuffling 20,000 sentences to temp files
[2026-07-26 17:53:29] Seen 20,000 samples
[2026-07-26 17:53:29] Starting data epoch 652 in logical epoch 652
[2026-07-26 17:53:29] [data] Shuffling data
[2026-07-26 17:53:29] [data] Done reading 20,000 sentences
[2026-07-26 17:53:29] [data] Done shuffling 20,000 sentences to temp files
[2026-07-26 17:53:32] Seen 20,000 samples
[2026-07-26 17:53:32] Starting data epoch 653 in logical epoch 653
[2026-07-26 17:53:32] [data] Shuffling data
[2026-07-26 17:53:32] [data] Done reading 20,000 sentences
[2026-07-26 17:53:32] [data] Done shuffling 20,000 sentences to temp files
[2026-07-26 17:53:35] Seen 20,000 samples
[2026-07-26 17:53:35] Starting data epoch 654 in logical epoch 654
[2026-07-26 17:53:35] [data] Shuffling data
[2026-07-26 17:53:35] [data] Done reading 20,000 sentences
[2026-07-26 17:53:35] [data] Done shuffling 20,000 sentences to temp files
[2026-07-26 17:53:38] Seen 20,000 samples
[2026-07-26 17:53:38] Starting data epoch 655 in logical epoch 655
[2026-07-26 17:53:38] [data] Shuffling data
[2026-07-26 17:53:38] [data] Done reading 20,000 sentences
[2026-07-26 17:53:38] [data] Done shuffling 20,000 sentences to temp files
[2026-07-26 17:53:42] Seen 20,000 samples
[2026-07-26 17:53:42] Starting data epoch 656 in logical epoch 656
[2026-07-26 17:53:42] [data] Shuffling data
[2026-07-26 17:53:42] [data] Done reading 20,000 sentences
[2026-07-26 17:53:42] [data] Done shuffling 20,000 sentences to temp files
[2026-07-26 17:53:45] Seen 20,000 samples
[2026-07-26 17:53:45] Starting data epoch 657 in logical epoch 657
[2026-07-26 17:53:45] [data] Shuffling data
[2026-07-26 17:53:45] [data] Done reading 20,000 sentences
[2026-07-26 17:53:45] [data] Done shuffling 20,000 sentences to temp files
[2026-07-26 17:53:48] Seen 20,000 samples
[2026-07-26 17:53:48] Starting data epoch 658 in logical epoch 658
[2026-07-26 17:53:48] [data] Shuffling data
[2026-07-26 17:53:48] [data] Done reading 20,000 sentences
[2026-07-26 17:53:48] [data] Done shuffling 20,000 sentences to temp files
[2026-07-26 17:53:51] Seen 20,000 samples
[2026-07-26 17:53:51] Starting data epoch 659 in logical epoch 659
[2026-07-26 17:53:51] [data] Shuffling data
[2026-07-26 17:53:51] [data] Done reading 20,000 sentences
[2026-07-26 17:53:51] [data] Done shuffling 20,000 sentences to temp files
[2026-07-26 17:53:54] Seen 20,000 samples
[2026-07-26 17:53:54] Starting data epoch 660 in logical epoch 660
[2026-07-26 17:53:54] [data] Shuffling data
[2026-07-26 17:53:54] [data] Done reading 20,000 sentences
[2026-07-26 17:53:54] [data] Done shuffling 20,000 sentences to temp files
[2026-07-26 17:53:58] Seen 20,000 samples
[2026-07-26 17:53:58] Starting data epoch 661 in logical epoch 661
[2026-07-26 17:53:58] [data] Shuffling data
[2026-07-26 17:53:58] [data] Done reading 20,000 sentences
[2026-07-26 17:53:58] [data] Done shuffling 20,000 sentences to temp files
[2026-07-26 17:54:01] Seen 20,000 samples
[2026-07-26 17:54:01] Starting data epoch 662 in logical epoch 662
[2026-07-26 17:54:01] [data] Shuffling data
[2026-07-26 17:54:01] [data] Done reading 20,000 sentences
[2026-07-26 17:54:01] [data] Done shuffling 20,000 sentences to temp files
[2026-07-26 17:54:04] Seen 20,000 samples
[2026-07-26 17:54:04] Starting data epoch 663 in logical epoch 663
[2026-07-26 17:54:04] [data] Shuffling data
[2026-07-26 17:54:04] [data] Done reading 20,000 sentences
[2026-07-26 17:54:04] [data] Done shuffling 20,000 sentences to temp files
[2026-07-26 17:54:08] Seen 20,000 samples
[2026-07-26 17:54:08] Starting data epoch 664 in logical epoch 664
[2026-07-26 17:54:08] [data] Shuffling data
[2026-07-26 17:54:08] [data] Done reading 20,000 sentences
[2026-07-26 17:54:08] [data] Done shuffling 20,000 sentences to temp files
[2026-07-26 17:54:08] Ep. 664 : Up. 16500 : Sen. 957 : Cost 1.17218745 * 1,559,184 @ 2,871 after 51,282,606 : Time 66.80s : 23340.43 words/s : gNorm 0.1645 : L.r. 2.9542e-04
[2026-07-26 17:54:11] Seen 20,000 samples
[2026-07-26 17:54:11] Starting data epoch 665 in logical epoch 665
[2026-07-26 17:54:11] [data] Shuffling data
[2026-07-26 17:54:11] [data] Done reading 20,000 sentences
[2026-07-26 17:54:11] [data] Done shuffling 20,000 sentences to temp files
[2026-07-26 17:54:14] Seen 20,000 samples
[2026-07-26 17:54:14] Starting data epoch 666 in logical epoch 666
[2026-07-26 17:54:14] [data] Shuffling data
[2026-07-26 17:54:14] [data] Done reading 20,000 sentences
[2026-07-26 17:54:14] [data] Done shuffling 20,000 sentences to temp files
[2026-07-26 17:54:18] Seen 20,000 samples
[2026-07-26 17:54:18] Starting data epoch 667 in logical epoch 667
[2026-07-26 17:54:18] [data] Shuffling data
[2026-07-26 17:54:18] [data] Done reading 20,000 sentences
[2026-07-26 17:54:18] [data] Done shuffling 20,000 sentences to temp files
[2026-07-26 17:54:21] Seen 20,000 samples
[2026-07-26 17:54:21] Starting data epoch 668 in logical epoch 668
[2026-07-26 17:54:21] [data] Shuffling data
[2026-07-26 17:54:21] [data] Done reading 20,000 sentences
[2026-07-26 17:54:21] [data] Done shuffling 20,000 sentences to temp files
[2026-07-26 17:54:25] Seen 20,000 samples
[2026-07-26 17:54:25] Starting data epoch 669 in logical epoch 669
[2026-07-26 17:54:25] [data] Shuffling data
[2026-07-26 17:54:25] [data] Done reading 20,000 sentences
[2026-07-26 17:54:25] [data] Done shuffling 20,000 sentences to temp files
[2026-07-26 17:54:28] Seen 20,000 samples
[2026-07-26 17:54:28] Starting data epoch 670 in logical epoch 670
[2026-07-26 17:54:28] [data] Shuffling data
[2026-07-26 17:54:28] [data] Done reading 20,000 sentences
[2026-07-26 17:54:28] [data] Done shuffling 20,000 sentences to temp files
[2026-07-26 17:54:31] Seen 20,000 samples
[2026-07-26 17:54:31] Starting data epoch 671 in logical epoch 671
[2026-07-26 17:54:31] [data] Shuffling data
[2026-07-26 17:54:31] [data] Done reading 20,000 sentences
[2026-07-26 17:54:31] [data] Done shuffling 20,000 sentences to temp files
[2026-07-26 17:54:35] Seen 20,000 samples
[2026-07-26 17:54:35] Starting data epoch 672 in logical epoch 672
[2026-07-26 17:54:35] [data] Shuffling data
[2026-07-26 17:54:35] [data] Done reading 20,000 sentences
[2026-07-26 17:54:35] [data] Done shuffling 20,000 sentences to temp files
[2026-07-26 17:54:38] Seen 20,000 samples
[2026-07-26 17:54:38] Starting data epoch 673 in logical epoch 673
[2026-07-26 17:54:38] [data] Shuffling data
[2026-07-26 17:54:38] [data] Done reading 20,000 sentences
[2026-07-26 17:54:38] [data] Done shuffling 20,000 sentences to temp files
[2026-07-26 17:54:41] Seen 20,000 samples
[2026-07-26 17:54:41] Starting data epoch 674 in logical epoch 674
[2026-07-26 17:54:41] [data] Shuffling data
[2026-07-26 17:54:41] [data] Done reading 20,000 sentences
[2026-07-26 17:54:41] [data] Done shuffling 20,000 sentences to temp files
[2026-07-26 17:54:44] Seen 20,000 samples
[2026-07-26 17:54:44] Starting data epoch 675 in logical epoch 675
[2026-07-26 17:54:44] [data] Shuffling data
[2026-07-26 17:54:44] [data] Done reading 20,000 sentences
[2026-07-26 17:54:44] [data] Done shuffling 20,000 sentences to temp files
[2026-07-26 17:54:48] Seen 20,000 samples
[2026-07-26 17:54:48] Starting data epoch 676 in logical epoch 676
[2026-07-26 17:54:48] [data] Shuffling data
[2026-07-26 17:54:48] [data] Done reading 20,000 sentences
[2026-07-26 17:54:48] [data] Done shuffling 20,000 sentences to temp files
[2026-07-26 17:54:51] Seen 20,000 samples
[2026-07-26 17:54:51] Starting data epoch 677 in logical epoch 677
[2026-07-26 17:54:51] [data] Shuffling data
[2026-07-26 17:54:51] [data] Done reading 20,000 sentences
[2026-07-26 17:54:51] [data] Done shuffling 20,000 sentences to temp files
[2026-07-26 17:54:54] Seen 20,000 samples
[2026-07-26 17:54:54] Starting data epoch 678 in logical epoch 678
[2026-07-26 17:54:54] [data] Shuffling data
[2026-07-26 17:54:54] [data] Done reading 20,000 sentences
[2026-07-26 17:54:54] [data] Done shuffling 20,000 sentences to temp files
[2026-07-26 17:54:57] Seen 20,000 samples
[2026-07-26 17:54:57] Starting data epoch 679 in logical epoch 679
[2026-07-26 17:54:57] [data] Shuffling data
[2026-07-26 17:54:57] [data] Done reading 20,000 sentences
[2026-07-26 17:54:57] [data] Done shuffling 20,000 sentences to temp files
[2026-07-26 17:55:01] Seen 20,000 samples
[2026-07-26 17:55:01] Starting data epoch 680 in logical epoch 680
[2026-07-26 17:55:01] [data] Shuffling data
[2026-07-26 17:55:01] [data] Done reading 20,000 sentences
[2026-07-26 17:55:01] [data] Done shuffling 20,000 sentences to temp files
[2026-07-26 17:55:04] Seen 20,000 samples
[2026-07-26 17:55:04] Starting data epoch 681 in logical epoch 681
[2026-07-26 17:55:04] [data] Shuffling data
[2026-07-26 17:55:04] [data] Done reading 20,000 sentences
[2026-07-26 17:55:04] [data] Done shuffling 20,000 sentences to temp files
[2026-07-26 17:55:07] Seen 20,000 samples
[2026-07-26 17:55:07] Starting data epoch 682 in logical epoch 682
[2026-07-26 17:55:07] [data] Shuffling data
[2026-07-26 17:55:07] [data] Done reading 20,000 sentences
[2026-07-26 17:55:07] [data] Done shuffling 20,000 sentences to temp files
[2026-07-26 17:55:11] Seen 20,000 samples
[2026-07-26 17:55:11] Starting data epoch 683 in logical epoch 683
[2026-07-26 17:55:11] [data] Shuffling data
[2026-07-26 17:55:11] [data] Done reading 20,000 sentences
[2026-07-26 17:55:11] [data] Done shuffling 20,000 sentences to temp files
[2026-07-26 17:55:14] Ep. 683 : Up. 17000 : Sen. 20,000 : Cost 1.17133272 * 1,544,029 @ 3,120 after 52,826,635 : Time 65.52s : 23564.29 words/s : gNorm 0.1048 : L.r. 2.9104e-04
[2026-07-26 17:55:14] Seen 20,000 samples
[2026-07-26 17:55:14] Starting data epoch 684 in logical epoch 684
[2026-07-26 17:55:14] [data] Shuffling data
[2026-07-26 17:55:14] [data] Done reading 20,000 sentences
[2026-07-26 17:55:14] [data] Done shuffling 20,000 sentences to temp files
[2026-07-26 17:55:17] Seen 20,000 samples
[2026-07-26 17:55:17] Starting data epoch 685 in logical epoch 685
[2026-07-26 17:55:17] [data] Shuffling data
[2026-07-26 17:55:17] [data] Done reading 20,000 sentences
[2026-07-26 17:55:17] [data] Done shuffling 20,000 sentences to temp files
[2026-07-26 17:55:20] Seen 20,000 samples
[2026-07-26 17:55:20] Starting data epoch 686 in logical epoch 686
[2026-07-26 17:55:20] [data] Shuffling data
[2026-07-26 17:55:20] [data] Done reading 20,000 sentences
[2026-07-26 17:55:20] [data] Done shuffling 20,000 sentences to temp files
[2026-07-26 17:55:24] Seen 20,000 samples
[2026-07-26 17:55:24] Starting data epoch 687 in logical epoch 687
[2026-07-26 17:55:24] [data] Shuffling data
[2026-07-26 17:55:24] [data] Done reading 20,000 sentences
[2026-07-26 17:55:24] [data] Done shuffling 20,000 sentences to temp files
[2026-07-26 17:55:28] Seen 20,000 samples
[2026-07-26 17:55:28] Starting data epoch 688 in logical epoch 688
[2026-07-26 17:55:28] [data] Shuffling data
[2026-07-26 17:55:28] [data] Done reading 20,000 sentences
[2026-07-26 17:55:28] [data] Done shuffling 20,000 sentences to temp files
[2026-07-26 17:55:31] Seen 20,000 samples
[2026-07-26 17:55:31] Starting data epoch 689 in logical epoch 689
[2026-07-26 17:55:31] [data] Shuffling data
[2026-07-26 17:55:31] [data] Done reading 20,000 sentences
[2026-07-26 17:55:31] [data] Done shuffling 20,000 sentences to temp files
[2026-07-26 17:55:34] Seen 20,000 samples
[2026-07-26 17:55:34] Starting data epoch 690 in logical epoch 690
[2026-07-26 17:55:34] [data] Shuffling data
[2026-07-26 17:55:34] [data] Done reading 20,000 sentences
[2026-07-26 17:55:34] [data] Done shuffling 20,000 sentences to temp files
[2026-07-26 17:55:37] Seen 20,000 samples
[2026-07-26 17:55:37] Starting data epoch 691 in logical epoch 691
[2026-07-26 17:55:37] [data] Shuffling data
[2026-07-26 17:55:37] [data] Done reading 20,000 sentences
[2026-07-26 17:55:37] [data] Done shuffling 20,000 sentences to temp files
[2026-07-26 17:55:41] Seen 20,000 samples
[2026-07-26 17:55:41] Starting data epoch 692 in logical epoch 692
[2026-07-26 17:55:41] [data] Shuffling data
[2026-07-26 17:55:41] [data] Done reading 20,000 sentences
[2026-07-26 17:55:41] [data] Done shuffling 20,000 sentences to temp files
[2026-07-26 17:55:44] Seen 20,000 samples
[2026-07-26 17:55:44] Starting data epoch 693 in logical epoch 693
[2026-07-26 17:55:44] [data] Shuffling data
[2026-07-26 17:55:44] [data] Done reading 20,000 sentences
[2026-07-26 17:55:44] [data] Done shuffling 20,000 sentences to temp files
[2026-07-26 17:55:47] Seen 20,000 samples
[2026-07-26 17:55:47] Starting data epoch 694 in logical epoch 694
[2026-07-26 17:55:47] [data] Shuffling data
[2026-07-26 17:55:47] [data] Done reading 20,000 sentences
[2026-07-26 17:55:47] [data] Done shuffling 20,000 sentences to temp files
[2026-07-26 17:55:50] Seen 20,000 samples
[2026-07-26 17:55:50] Starting data epoch 695 in logical epoch 695
[2026-07-26 17:55:50] [data] Shuffling data
[2026-07-26 17:55:50] [data] Done reading 20,000 sentences
[2026-07-26 17:55:50] [data] Done shuffling 20,000 sentences to temp files
[2026-07-26 17:55:53] Seen 20,000 samples
[2026-07-26 17:55:53] Starting data epoch 696 in logical epoch 696
[2026-07-26 17:55:53] [data] Shuffling data
[2026-07-26 17:55:53] [data] Done reading 20,000 sentences
[2026-07-26 17:55:53] [data] Done shuffling 20,000 sentences to temp files
[2026-07-26 17:55:57] Seen 20,000 samples
[2026-07-26 17:55:57] Starting data epoch 697 in logical epoch 697
[2026-07-26 17:55:57] [data] Shuffling data
[2026-07-26 17:55:57] [data] Done reading 20,000 sentences
[2026-07-26 17:55:57] [data] Done shuffling 20,000 sentences to temp files
[2026-07-26 17:56:00] Seen 20,000 samples
[2026-07-26 17:56:00] Starting data epoch 698 in logical epoch 698
[2026-07-26 17:56:00] [data] Shuffling data
[2026-07-26 17:56:00] [data] Done reading 20,000 sentences
[2026-07-26 17:56:00] [data] Done shuffling 20,000 sentences to temp files
[2026-07-26 17:56:03] Seen 20,000 samples
[2026-07-26 17:56:03] Starting data epoch 699 in logical epoch 699
[2026-07-26 17:56:03] [data] Shuffling data
[2026-07-26 17:56:03] [data] Done reading 20,000 sentences
[2026-07-26 17:56:03] [data] Done shuffling 20,000 sentences to temp files
[2026-07-26 17:56:06] Seen 20,000 samples
[2026-07-26 17:56:06] Starting data epoch 700 in logical epoch 700
[2026-07-26 17:56:06] [data] Shuffling data
[2026-07-26 17:56:06] [data] Done reading 20,000 sentences
[2026-07-26 17:56:06] [data] Done shuffling 20,000 sentences to temp files
[2026-07-26 17:56:10] Seen 20,000 samples
[2026-07-26 17:56:10] Starting data epoch 701 in logical epoch 701
[2026-07-26 17:56:10] [data] Shuffling data
[2026-07-26 17:56:10] [data] Done reading 20,000 sentences
[2026-07-26 17:56:10] [data] Done shuffling 20,000 sentences to temp files
[2026-07-26 17:56:13] Seen 20,000 samples
[2026-07-26 17:56:13] Starting data epoch 702 in logical epoch 702
[2026-07-26 17:56:13] [data] Shuffling data
[2026-07-26 17:56:13] [data] Done reading 20,000 sentences
[2026-07-26 17:56:13] [data] Done shuffling 20,000 sentences to temp files
[2026-07-26 17:56:16] Seen 20,000 samples
[2026-07-26 17:56:16] Starting data epoch 703 in logical epoch 703
[2026-07-26 17:56:16] [data] Shuffling data
[2026-07-26 17:56:16] [data] Done reading 20,000 sentences
[2026-07-26 17:56:16] [data] Done shuffling 20,000 sentences to temp files
[2026-07-26 17:56:19] Ep. 703 : Up. 17500 : Sen. 19,200 : Cost 1.17064953 * 1,543,769 @ 564 after 54,370,404 : Time 65.64s : 23520.32 words/s : gNorm 0.1347 : L.r. 2.8685e-04
[2026-07-26 17:56:19] Seen 20,000 samples
[2026-07-26 17:56:19] Starting data epoch 704 in logical epoch 704
[2026-07-26 17:56:19] [data] Shuffling data
[2026-07-26 17:56:19] [data] Done reading 20,000 sentences
[2026-07-26 17:56:19] [data] Done shuffling 20,000 sentences to temp files
[2026-07-26 17:56:23] Seen 20,000 samples
[2026-07-26 17:56:23] Starting data epoch 705 in logical epoch 705
[2026-07-26 17:56:23] [data] Shuffling data
[2026-07-26 17:56:23] [data] Done reading 20,000 sentences
[2026-07-26 17:56:23] [data] Done shuffling 20,000 sentences to temp files
[2026-07-26 17:56:26] Seen 20,000 samples
[2026-07-26 17:56:26] Starting data epoch 706 in logical epoch 706
[2026-07-26 17:56:26] [data] Shuffling data
[2026-07-26 17:56:26] [data] Done reading 20,000 sentences
[2026-07-26 17:56:26] [data] Done shuffling 20,000 sentences to temp files
[2026-07-26 17:56:29] Seen 20,000 samples
[2026-07-26 17:56:29] Starting data epoch 707 in logical epoch 707
[2026-07-26 17:56:29] [data] Shuffling data
[2026-07-26 17:56:29] [data] Done reading 20,000 sentences
[2026-07-26 17:56:29] [data] Done shuffling 20,000 sentences to temp files
[2026-07-26 17:56:33] Seen 20,000 samples
[2026-07-26 17:56:33] Starting data epoch 708 in logical epoch 708
[2026-07-26 17:56:33] [data] Shuffling data
[2026-07-26 17:56:33] [data] Done reading 20,000 sentences
[2026-07-26 17:56:33] [data] Done shuffling 20,000 sentences to temp files
[2026-07-26 17:56:36] Seen 20,000 samples
[2026-07-26 17:56:36] Starting data epoch 709 in logical epoch 709
[2026-07-26 17:56:36] [data] Shuffling data
[2026-07-26 17:56:36] [data] Done reading 20,000 sentences
[2026-07-26 17:56:36] [data] Done shuffling 20,000 sentences to temp files
[2026-07-26 17:56:39] Seen 20,000 samples
[2026-07-26 17:56:39] Starting data epoch 710 in logical epoch 710
[2026-07-26 17:56:39] [data] Shuffling data
[2026-07-26 17:56:39] [data] Done reading 20,000 sentences
[2026-07-26 17:56:39] [data] Done shuffling 20,000 sentences to temp files
[2026-07-26 17:56:43] Seen 20,000 samples
[2026-07-26 17:56:43] Starting data epoch 711 in logical epoch 711
[2026-07-26 17:56:43] [data] Shuffling data
[2026-07-26 17:56:43] [data] Done reading 20,000 sentences
[2026-07-26 17:56:43] [data] Done shuffling 20,000 sentences to temp files
[2026-07-26 17:56:46] Seen 20,000 samples
[2026-07-26 17:56:46] Starting data epoch 712 in logical epoch 712
[2026-07-26 17:56:46] [data] Shuffling data
[2026-07-26 17:56:46] [data] Done reading 20,000 sentences
[2026-07-26 17:56:46] [data] Done shuffling 20,000 sentences to temp files
[2026-07-26 17:56:49] Seen 20,000 samples
[2026-07-26 17:56:49] Starting data epoch 713 in logical epoch 713
[2026-07-26 17:56:49] [data] Shuffling data
[2026-07-26 17:56:49] [data] Done reading 20,000 sentences
[2026-07-26 17:56:49] [data] Done shuffling 20,000 sentences to temp files
[2026-07-26 17:56:52] Seen 20,000 samples
[2026-07-26 17:56:52] Starting data epoch 714 in logical epoch 714
[2026-07-26 17:56:52] [data] Shuffling data
[2026-07-26 17:56:52] [data] Done reading 20,000 sentences
[2026-07-26 17:56:52] [data] Done shuffling 20,000 sentences to temp files
[2026-07-26 17:56:55] Seen 20,000 samples
[2026-07-26 17:56:55] Starting data epoch 715 in logical epoch 715
[2026-07-26 17:56:55] [data] Shuffling data
[2026-07-26 17:56:55] [data] Done reading 20,000 sentences
[2026-07-26 17:56:55] [data] Done shuffling 20,000 sentences to temp files
[2026-07-26 17:56:59] Seen 20,000 samples
[2026-07-26 17:56:59] Starting data epoch 716 in logical epoch 716
[2026-07-26 17:56:59] [data] Shuffling data
[2026-07-26 17:56:59] [data] Done reading 20,000 sentences
[2026-07-26 17:56:59] [data] Done shuffling 20,000 sentences to temp files
[2026-07-26 17:57:02] Seen 20,000 samples
[2026-07-26 17:57:02] Starting data epoch 717 in logical epoch 717
[2026-07-26 17:57:02] [data] Shuffling data
[2026-07-26 17:57:02] [data] Done reading 20,000 sentences
[2026-07-26 17:57:02] [data] Done shuffling 20,000 sentences to temp files
[2026-07-26 17:57:05] Seen 20,000 samples
[2026-07-26 17:57:05] Starting data epoch 718 in logical epoch 718
[2026-07-26 17:57:05] [data] Shuffling data
[2026-07-26 17:57:05] [data] Done reading 20,000 sentences
[2026-07-26 17:57:05] [data] Done shuffling 20,000 sentences to temp files
[2026-07-26 17:57:08] Seen 20,000 samples
[2026-07-26 17:57:08] Starting data epoch 719 in logical epoch 719
[2026-07-26 17:57:08] [data] Shuffling data
[2026-07-26 17:57:08] [data] Done reading 20,000 sentences
[2026-07-26 17:57:08] [data] Done shuffling 20,000 sentences to temp files
[2026-07-26 17:57:12] Seen 20,000 samples
[2026-07-26 17:57:12] Starting data epoch 720 in logical epoch 720
[2026-07-26 17:57:12] [data] Shuffling data
[2026-07-26 17:57:12] [data] Done reading 20,000 sentences
[2026-07-26 17:57:12] [data] Done shuffling 20,000 sentences to temp files
[2026-07-26 17:57:15] Seen 20,000 samples
[2026-07-26 17:57:15] Starting data epoch 721 in logical epoch 721
[2026-07-26 17:57:15] [data] Shuffling data
[2026-07-26 17:57:15] [data] Done reading 20,000 sentences
[2026-07-26 17:57:15] [data] Done shuffling 20,000 sentences to temp files
[2026-07-26 17:57:18] Seen 20,000 samples
[2026-07-26 17:57:18] Starting data epoch 722 in logical epoch 722
[2026-07-26 17:57:18] [data] Shuffling data
[2026-07-26 17:57:18] [data] Done reading 20,000 sentences
[2026-07-26 17:57:18] [data] Done shuffling 20,000 sentences to temp files
[2026-07-26 17:57:22] Seen 20,000 samples
[2026-07-26 17:57:22] Starting data epoch 723 in logical epoch 723
[2026-07-26 17:57:22] [data] Shuffling data
[2026-07-26 17:57:22] [data] Done reading 20,000 sentences
[2026-07-26 17:57:22] [data] Done shuffling 20,000 sentences to temp files
[2026-07-26 17:57:26] Ep. 723 : Up. 18000 : Sen. 20,000 : Cost 1.17048872 * 1,550,031 @ 3,090 after 55,920,435 : Time 66.71s : 23236.60 words/s : gNorm 0.2056 : L.r. 2.8284e-04
[2026-07-26 17:57:26] Seen 20,000 samples
[2026-07-26 17:57:26] Starting data epoch 724 in logical epoch 724
[2026-07-26 17:57:26] [data] Shuffling data
[2026-07-26 17:57:26] [data] Done reading 20,000 sentences
[2026-07-26 17:57:26] [data] Done shuffling 20,000 sentences to temp files
[2026-07-26 17:57:29] Seen 20,000 samples
[2026-07-26 17:57:29] Starting data epoch 725 in logical epoch 725
[2026-07-26 17:57:29] [data] Shuffling data
[2026-07-26 17:57:30] [data] Done reading 20,000 sentences
[2026-07-26 17:57:30] [data] Done shuffling 20,000 sentences to temp files
[2026-07-26 17:57:33] Seen 20,000 samples
[2026-07-26 17:57:33] Starting data epoch 726 in logical epoch 726
[2026-07-26 17:57:33] [data] Shuffling data
[2026-07-26 17:57:33] [data] Done reading 20,000 sentences
[2026-07-26 17:57:33] [data] Done shuffling 20,000 sentences to temp files
[2026-07-26 17:57:36] Seen 20,000 samples
[2026-07-26 17:57:36] Starting data epoch 727 in logical epoch 727
[2026-07-26 17:57:36] [data] Shuffling data
[2026-07-26 17:57:36] [data] Done reading 20,000 sentences
[2026-07-26 17:57:36] [data] Done shuffling 20,000 sentences to temp files
[2026-07-26 17:57:40] Seen 20,000 samples
[2026-07-26 17:57:40] Starting data epoch 728 in logical epoch 728
[2026-07-26 17:57:40] [data] Shuffling data
[2026-07-26 17:57:40] [data] Done reading 20,000 sentences
[2026-07-26 17:57:40] [data] Done shuffling 20,000 sentences to temp files
[2026-07-26 17:57:43] Seen 20,000 samples
[2026-07-26 17:57:43] Starting data epoch 729 in logical epoch 729
[2026-07-26 17:57:43] [data] Shuffling data
[2026-07-26 17:57:43] [data] Done reading 20,000 sentences
[2026-07-26 17:57:43] [data] Done shuffling 20,000 sentences to temp files
[2026-07-26 17:57:47] Seen 20,000 samples
[2026-07-26 17:57:47] Starting data epoch 730 in logical epoch 730
[2026-07-26 17:57:47] [data] Shuffling data
[2026-07-26 17:57:47] [data] Done reading 20,000 sentences
[2026-07-26 17:57:47] [data] Done shuffling 20,000 sentences to temp files
[2026-07-26 17:57:50] Seen 20,000 samples
[2026-07-26 17:57:50] Starting data epoch 731 in logical epoch 731
[2026-07-26 17:57:50] [data] Shuffling data
[2026-07-26 17:57:50] [data] Done reading 20,000 sentences
[2026-07-26 17:57:50] [data] Done shuffling 20,000 sentences to temp files
[2026-07-26 17:57:53] Seen 20,000 samples
[2026-07-26 17:57:53] Starting data epoch 732 in logical epoch 732
[2026-07-26 17:57:53] [data] Shuffling data
[2026-07-26 17:57:53] [data] Done reading 20,000 sentences
[2026-07-26 17:57:53] [data] Done shuffling 20,000 sentences to temp files
[2026-07-26 17:57:57] Seen 20,000 samples
[2026-07-26 17:57:57] Starting data epoch 733 in logical epoch 733
[2026-07-26 17:57:57] [data] Shuffling data
[2026-07-26 17:57:57] [data] Done reading 20,000 sentences
[2026-07-26 17:57:57] [data] Done shuffling 20,000 sentences to temp files
[2026-07-26 17:58:00] Seen 20,000 samples
[2026-07-26 17:58:00] Starting data epoch 734 in logical epoch 734
[2026-07-26 17:58:00] [data] Shuffling data
[2026-07-26 17:58:00] [data] Done reading 20,000 sentences
[2026-07-26 17:58:00] [data] Done shuffling 20,000 sentences to temp files
[2026-07-26 17:58:03] Seen 20,000 samples
[2026-07-26 17:58:03] Starting data epoch 735 in logical epoch 735
[2026-07-26 17:58:03] [data] Shuffling data
[2026-07-26 17:58:03] [data] Done reading 20,000 sentences
[2026-07-26 17:58:03] [data] Done shuffling 20,000 sentences to temp files
[2026-07-26 17:58:06] Seen 20,000 samples
[2026-07-26 17:58:06] Starting data epoch 736 in logical epoch 736
[2026-07-26 17:58:06] [data] Shuffling data
[2026-07-26 17:58:07] [data] Done reading 20,000 sentences
[2026-07-26 17:58:07] [data] Done shuffling 20,000 sentences to temp files
[2026-07-26 17:58:10] Seen 20,000 samples
[2026-07-26 17:58:10] Starting data epoch 737 in logical epoch 737
[2026-07-26 17:58:10] [data] Shuffling data
[2026-07-26 17:58:10] [data] Done reading 20,000 sentences
[2026-07-26 17:58:10] [data] Done shuffling 20,000 sentences to temp files
[2026-07-26 17:58:13] Seen 20,000 samples
[2026-07-26 17:58:13] Starting data epoch 738 in logical epoch 738
[2026-07-26 17:58:13] [data] Shuffling data
[2026-07-26 17:58:13] [data] Done reading 20,000 sentences
[2026-07-26 17:58:13] [data] Done shuffling 20,000 sentences to temp files
[2026-07-26 17:58:16] Seen 20,000 samples
[2026-07-26 17:58:16] Starting data epoch 739 in logical epoch 739
[2026-07-26 17:58:16] [data] Shuffling data
[2026-07-26 17:58:16] [data] Done reading 20,000 sentences
[2026-07-26 17:58:16] [data] Done shuffling 20,000 sentences to temp files
[2026-07-26 17:58:20] Seen 20,000 samples
[2026-07-26 17:58:20] Starting data epoch 740 in logical epoch 740
[2026-07-26 17:58:20] [data] Shuffling data
[2026-07-26 17:58:20] [data] Done reading 20,000 sentences
[2026-07-26 17:58:20] [data] Done shuffling 20,000 sentences to temp files
[2026-07-26 17:58:23] Seen 20,000 samples
[2026-07-26 17:58:23] Starting data epoch 741 in logical epoch 741
[2026-07-26 17:58:23] [data] Shuffling data
[2026-07-26 17:58:23] [data] Done reading 20,000 sentences
[2026-07-26 17:58:23] [data] Done shuffling 20,000 sentences to temp files
[2026-07-26 17:58:26] Seen 20,000 samples
[2026-07-26 17:58:26] Starting data epoch 742 in logical epoch 742
[2026-07-26 17:58:26] [data] Shuffling data
[2026-07-26 17:58:26] [data] Done reading 20,000 sentences
[2026-07-26 17:58:26] [data] Done shuffling 20,000 sentences to temp files
[2026-07-26 17:58:30] Seen 20,000 samples
[2026-07-26 17:58:30] Starting data epoch 743 in logical epoch 743
[2026-07-26 17:58:30] [data] Shuffling data
[2026-07-26 17:58:30] [data] Done reading 20,000 sentences
[2026-07-26 17:58:30] [data] Done shuffling 20,000 sentences to temp files
[2026-07-26 17:58:32] Ep. 743 : Up. 18500 : Sen. 19,200 : Cost 1.17027962 * 1,543,792 @ 3,058 after 57,464,227 : Time 66.58s : 23186.99 words/s : gNorm 0.1926 : L.r. 2.7899e-04
[2026-07-26 17:58:33] Seen 20,000 samples
[2026-07-26 17:58:33] Starting data epoch 744 in logical epoch 744
[2026-07-26 17:58:33] [data] Shuffling data
[2026-07-26 17:58:33] [data] Done reading 20,000 sentences
[2026-07-26 17:58:33] [data] Done shuffling 20,000 sentences to temp files
[2026-07-26 17:58:36] Seen 20,000 samples
[2026-07-26 17:58:36] Starting data epoch 745 in logical epoch 745
[2026-07-26 17:58:36] [data] Shuffling data
[2026-07-26 17:58:36] [data] Done reading 20,000 sentences
[2026-07-26 17:58:36] [data] Done shuffling 20,000 sentences to temp files
[2026-07-26 17:58:39] Seen 20,000 samples
[2026-07-26 17:58:39] Starting data epoch 746 in logical epoch 746
[2026-07-26 17:58:39] [data] Shuffling data
[2026-07-26 17:58:39] [data] Done reading 20,000 sentences
[2026-07-26 17:58:39] [data] Done shuffling 20,000 sentences to temp files
[2026-07-26 17:58:42] Seen 20,000 samples
[2026-07-26 17:58:42] Starting data epoch 747 in logical epoch 747
[2026-07-26 17:58:42] [data] Shuffling data
[2026-07-26 17:58:42] [data] Done reading 20,000 sentences
[2026-07-26 17:58:42] [data] Done shuffling 20,000 sentences to temp files
[2026-07-26 17:58:46] Seen 20,000 samples
[2026-07-26 17:58:46] Starting data epoch 748 in logical epoch 748
[2026-07-26 17:58:46] [data] Shuffling data
[2026-07-26 17:58:46] [data] Done reading 20,000 sentences
[2026-07-26 17:58:46] [data] Done shuffling 20,000 sentences to temp files
[2026-07-26 17:58:49] Seen 20,000 samples
[2026-07-26 17:58:49] Starting data epoch 749 in logical epoch 749
[2026-07-26 17:58:49] [data] Shuffling data
[2026-07-26 17:58:49] [data] Done reading 20,000 sentences
[2026-07-26 17:58:49] [data] Done shuffling 20,000 sentences to temp files
[2026-07-26 17:58:53] Seen 20,000 samples
[2026-07-26 17:58:53] Starting data epoch 750 in logical epoch 750
[2026-07-26 17:58:53] [data] Shuffling data
[2026-07-26 17:58:53] [data] Done reading 20,000 sentences
[2026-07-26 17:58:53] [data] Done shuffling 20,000 sentences to temp files
[2026-07-26 17:58:56] Seen 20,000 samples
[2026-07-26 17:58:56] Starting data epoch 751 in logical epoch 751
[2026-07-26 17:58:56] [data] Shuffling data
[2026-07-26 17:58:56] [data] Done reading 20,000 sentences
[2026-07-26 17:58:56] [data] Done shuffling 20,000 sentences to temp files
[2026-07-26 17:58:59] Seen 20,000 samples
[2026-07-26 17:58:59] Starting data epoch 752 in logical epoch 752
[2026-07-26 17:58:59] [data] Shuffling data
[2026-07-26 17:58:59] [data] Done reading 20,000 sentences
[2026-07-26 17:58:59] [data] Done shuffling 20,000 sentences to temp files
[2026-07-26 17:59:02] Seen 20,000 samples
[2026-07-26 17:59:02] Starting data epoch 753 in logical epoch 753
[2026-07-26 17:59:02] [data] Shuffling data
[2026-07-26 17:59:02] [data] Done reading 20,000 sentences
[2026-07-26 17:59:02] [data] Done shuffling 20,000 sentences to temp files
[2026-07-26 17:59:06] Seen 20,000 samples
[2026-07-26 17:59:06] Starting data epoch 754 in logical epoch 754
[2026-07-26 17:59:06] [data] Shuffling data
[2026-07-26 17:59:06] [data] Done reading 20,000 sentences
[2026-07-26 17:59:06] [data] Done shuffling 20,000 sentences to temp files
[2026-07-26 17:59:09] Seen 20,000 samples
[2026-07-26 17:59:09] Starting data epoch 755 in logical epoch 755
[2026-07-26 17:59:09] [data] Shuffling data
[2026-07-26 17:59:09] [data] Done reading 20,000 sentences
[2026-07-26 17:59:09] [data] Done shuffling 20,000 sentences to temp files
[2026-07-26 17:59:12] Seen 20,000 samples
[2026-07-26 17:59:12] Starting data epoch 756 in logical epoch 756
[2026-07-26 17:59:12] [data] Shuffling data
[2026-07-26 17:59:12] [data] Done reading 20,000 sentences
[2026-07-26 17:59:12] [data] Done shuffling 20,000 sentences to temp files
[2026-07-26 17:59:15] Seen 20,000 samples
[2026-07-26 17:59:15] Starting data epoch 757 in logical epoch 757
[2026-07-26 17:59:15] [data] Shuffling data
[2026-07-26 17:59:15] [data] Done reading 20,000 sentences
[2026-07-26 17:59:15] [data] Done shuffling 20,000 sentences to temp files
[2026-07-26 17:59:19] Seen 20,000 samples
[2026-07-26 17:59:19] Starting data epoch 758 in logical epoch 758
[2026-07-26 17:59:19] [data] Shuffling data
[2026-07-26 17:59:19] [data] Done reading 20,000 sentences
[2026-07-26 17:59:19] [data] Done shuffling 20,000 sentences to temp files
[2026-07-26 17:59:22] Seen 20,000 samples
[2026-07-26 17:59:22] Starting data epoch 759 in logical epoch 759
[2026-07-26 17:59:22] [data] Shuffling data
[2026-07-26 17:59:22] [data] Done reading 20,000 sentences
[2026-07-26 17:59:22] [data] Done shuffling 20,000 sentences to temp files
[2026-07-26 17:59:25] Seen 20,000 samples
[2026-07-26 17:59:25] Starting data epoch 760 in logical epoch 760
[2026-07-26 17:59:25] [data] Shuffling data
[2026-07-26 17:59:25] [data] Done reading 20,000 sentences
[2026-07-26 17:59:25] [data] Done shuffling 20,000 sentences to temp files
[2026-07-26 17:59:29] Seen 20,000 samples
[2026-07-26 17:59:29] Starting data epoch 761 in logical epoch 761
[2026-07-26 17:59:29] [data] Shuffling data
[2026-07-26 17:59:29] [data] Done reading 20,000 sentences
[2026-07-26 17:59:29] [data] Done shuffling 20,000 sentences to temp files
[2026-07-26 17:59:32] Seen 20,000 samples
[2026-07-26 17:59:32] Starting data epoch 762 in logical epoch 762
[2026-07-26 17:59:32] [data] Shuffling data
[2026-07-26 17:59:32] [data] Done reading 20,000 sentences
[2026-07-26 17:59:32] [data] Done shuffling 20,000 sentences to temp files
[2026-07-26 17:59:35] Seen 20,000 samples
[2026-07-26 17:59:35] Starting data epoch 763 in logical epoch 763
[2026-07-26 17:59:35] [data] Shuffling data
[2026-07-26 17:59:35] [data] Done reading 20,000 sentences
[2026-07-26 17:59:35] [data] Done shuffling 20,000 sentences to temp files
[2026-07-26 17:59:38] Ep. 763 : Up. 19000 : Sen. 19,200 : Cost 1.17031002 * 1,546,937 @ 3,890 after 59,011,164 : Time 65.72s : 23537.44 words/s : gNorm 0.1835 : L.r. 2.7530e-04
[2026-07-26 17:59:38] Seen 20,000 samples
[2026-07-26 17:59:38] Starting data epoch 764 in logical epoch 764
[2026-07-26 17:59:38] [data] Shuffling data
[2026-07-26 17:59:38] [data] Done reading 20,000 sentences
[2026-07-26 17:59:38] [data] Done shuffling 20,000 sentences to temp files
[2026-07-26 17:59:42] Seen 20,000 samples
[2026-07-26 17:59:42] Starting data epoch 765 in logical epoch 765
[2026-07-26 17:59:42] [data] Shuffling data
[2026-07-26 17:59:42] [data] Done reading 20,000 sentences
[2026-07-26 17:59:42] [data] Done shuffling 20,000 sentences to temp files
[2026-07-26 17:59:45] Seen 20,000 samples
[2026-07-26 17:59:45] Starting data epoch 766 in logical epoch 766
[2026-07-26 17:59:45] [data] Shuffling data
[2026-07-26 17:59:45] [data] Done reading 20,000 sentences
[2026-07-26 17:59:45] [data] Done shuffling 20,000 sentences to temp files
[2026-07-26 17:59:48] Seen 20,000 samples
[2026-07-26 17:59:48] Starting data epoch 767 in logical epoch 767
[2026-07-26 17:59:48] [data] Shuffling data
[2026-07-26 17:59:48] [data] Done reading 20,000 sentences
[2026-07-26 17:59:48] [data] Done shuffling 20,000 sentences to temp files
[2026-07-26 17:59:52] Seen 20,000 samples
[2026-07-26 17:59:52] Starting data epoch 768 in logical epoch 768
[2026-07-26 17:59:52] [data] Shuffling data
[2026-07-26 17:59:52] [data] Done reading 20,000 sentences
[2026-07-26 17:59:52] [data] Done shuffling 20,000 sentences to temp files
[2026-07-26 17:59:55] Seen 20,000 samples
[2026-07-26 17:59:55] Starting data epoch 769 in logical epoch 769
[2026-07-26 17:59:55] [data] Shuffling data
[2026-07-26 17:59:55] [data] Done reading 20,000 sentences
[2026-07-26 17:59:55] [data] Done shuffling 20,000 sentences to temp files
[2026-07-26 17:59:59] Seen 20,000 samples
[2026-07-26 17:59:59] Starting data epoch 770 in logical epoch 770
[2026-07-26 17:59:59] [data] Shuffling data
[2026-07-26 17:59:59] [data] Done reading 20,000 sentences
[2026-07-26 17:59:59] [data] Done shuffling 20,000 sentences to temp files
[2026-07-26 18:00:02] Seen 20,000 samples
[2026-07-26 18:00:02] Starting data epoch 771 in logical epoch 771
[2026-07-26 18:00:02] [data] Shuffling data
[2026-07-26 18:00:02] [data] Done reading 20,000 sentences
[2026-07-26 18:00:02] [data] Done shuffling 20,000 sentences to temp files
[2026-07-26 18:00:05] Seen 20,000 samples
[2026-07-26 18:00:05] Starting data epoch 772 in logical epoch 772
[2026-07-26 18:00:05] [data] Shuffling data
[2026-07-26 18:00:05] [data] Done reading 20,000 sentences
[2026-07-26 18:00:05] [data] Done shuffling 20,000 sentences to temp files
[2026-07-26 18:00:09] Seen 20,000 samples
[2026-07-26 18:00:09] Starting data epoch 773 in logical epoch 773
[2026-07-26 18:00:09] [data] Shuffling data
[2026-07-26 18:00:09] [data] Done reading 20,000 sentences
[2026-07-26 18:00:09] [data] Done shuffling 20,000 sentences to temp files
[2026-07-26 18:00:12] Seen 20,000 samples
[2026-07-26 18:00:12] Starting data epoch 774 in logical epoch 774
[2026-07-26 18:00:12] [data] Shuffling data
[2026-07-26 18:00:12] [data] Done reading 20,000 sentences
[2026-07-26 18:00:12] [data] Done shuffling 20,000 sentences to temp files
[2026-07-26 18:00:15] Seen 20,000 samples
[2026-07-26 18:00:15] Starting data epoch 775 in logical epoch 775
[2026-07-26 18:00:15] [data] Shuffling data
[2026-07-26 18:00:15] [data] Done reading 20,000 sentences
[2026-07-26 18:00:15] [data] Done shuffling 20,000 sentences to temp files
[2026-07-26 18:00:19] Seen 20,000 samples
[2026-07-26 18:00:19] Starting data epoch 776 in logical epoch 776
[2026-07-26 18:00:19] [data] Shuffling data
[2026-07-26 18:00:19] [data] Done reading 20,000 sentences
[2026-07-26 18:00:19] [data] Done shuffling 20,000 sentences to temp files
[2026-07-26 18:00:22] Seen 20,000 samples
[2026-07-26 18:00:22] Starting data epoch 777 in logical epoch 777
[2026-07-26 18:00:22] [data] Shuffling data
[2026-07-26 18:00:22] [data] Done reading 20,000 sentences
[2026-07-26 18:00:22] [data] Done shuffling 20,000 sentences to temp files
[2026-07-26 18:00:25] Seen 20,000 samples
[2026-07-26 18:00:25] Starting data epoch 778 in logical epoch 778
[2026-07-26 18:00:25] [data] Shuffling data
[2026-07-26 18:00:25] [data] Done reading 20,000 sentences
[2026-07-26 18:00:25] [data] Done shuffling 20,000 sentences to temp files
[2026-07-26 18:00:28] Seen 20,000 samples
[2026-07-26 18:00:28] Starting data epoch 779 in logical epoch 779
[2026-07-26 18:00:28] [data] Shuffling data
[2026-07-26 18:00:28] [data] Done reading 20,000 sentences
[2026-07-26 18:00:28] [data] Done shuffling 20,000 sentences to temp files
[2026-07-26 18:00:32] Seen 20,000 samples
[2026-07-26 18:00:32] Starting data epoch 780 in logical epoch 780
[2026-07-26 18:00:32] [data] Shuffling data
[2026-07-26 18:00:32] [data] Done reading 20,000 sentences
[2026-07-26 18:00:32] [data] Done shuffling 20,000 sentences to temp files
[2026-07-26 18:00:35] Seen 20,000 samples
[2026-07-26 18:00:35] Starting data epoch 781 in logical epoch 781
[2026-07-26 18:00:35] [data] Shuffling data
[2026-07-26 18:00:35] [data] Done reading 20,000 sentences
[2026-07-26 18:00:35] [data] Done shuffling 20,000 sentences to temp files
[2026-07-26 18:00:38] Seen 20,000 samples
[2026-07-26 18:00:38] Starting data epoch 782 in logical epoch 782
[2026-07-26 18:00:38] [data] Shuffling data
[2026-07-26 18:00:38] [data] Done reading 20,000 sentences
[2026-07-26 18:00:38] [data] Done shuffling 20,000 sentences to temp files
[2026-07-26 18:00:42] Seen 20,000 samples
[2026-07-26 18:00:42] Starting data epoch 783 in logical epoch 783
[2026-07-26 18:00:42] [data] Shuffling data
[2026-07-26 18:00:42] [data] Done reading 20,000 sentences
[2026-07-26 18:00:42] [data] Done shuffling 20,000 sentences to temp files
[2026-07-26 18:00:45] Seen 20,000 samples
[2026-07-26 18:00:45] Starting data epoch 784 in logical epoch 784
[2026-07-26 18:00:45] [data] Shuffling data
[2026-07-26 18:00:45] [data] Done reading 20,000 sentences
[2026-07-26 18:00:45] [data] Done shuffling 20,000 sentences to temp files
[2026-07-26 18:00:45] Ep. 784 : Up. 19500 : Sen. 957 : Cost 1.16959786 * 1,552,842 @ 2,871 after 60,564,006 : Time 67.15s : 23126.01 words/s : gNorm 0.1028 : L.r. 2.7175e-04
[2026-07-26 18:00:48] Seen 20,000 samples
[2026-07-26 18:00:48] Starting data epoch 785 in logical epoch 785
[2026-07-26 18:00:48] [data] Shuffling data
[2026-07-26 18:00:48] [data] Done reading 20,000 sentences
[2026-07-26 18:00:48] [data] Done shuffling 20,000 sentences to temp files
[2026-07-26 18:00:52] Seen 20,000 samples
[2026-07-26 18:00:52] Starting data epoch 786 in logical epoch 786
[2026-07-26 18:00:52] [data] Shuffling data
[2026-07-26 18:00:52] [data] Done reading 20,000 sentences
[2026-07-26 18:00:52] [data] Done shuffling 20,000 sentences to temp files
[2026-07-26 18:00:55] Seen 20,000 samples
[2026-07-26 18:00:55] Starting data epoch 787 in logical epoch 787
[2026-07-26 18:00:55] [data] Shuffling data
[2026-07-26 18:00:55] [data] Done reading 20,000 sentences
[2026-07-26 18:00:55] [data] Done shuffling 20,000 sentences to temp files
[2026-07-26 18:00:58] Seen 20,000 samples
[2026-07-26 18:00:58] Starting data epoch 788 in logical epoch 788
[2026-07-26 18:00:58] [data] Shuffling data
[2026-07-26 18:00:58] [data] Done reading 20,000 sentences
[2026-07-26 18:00:58] [data] Done shuffling 20,000 sentences to temp files
[2026-07-26 18:01:02] Seen 20,000 samples
[2026-07-26 18:01:02] Starting data epoch 789 in logical epoch 789
[2026-07-26 18:01:02] [data] Shuffling data
[2026-07-26 18:01:02] [data] Done reading 20,000 sentences
[2026-07-26 18:01:02] [data] Done shuffling 20,000 sentences to temp files
[2026-07-26 18:01:05] Seen 20,000 samples
[2026-07-26 18:01:05] Starting data epoch 790 in logical epoch 790
[2026-07-26 18:01:05] [data] Shuffling data
[2026-07-26 18:01:05] [data] Done reading 20,000 sentences
[2026-07-26 18:01:05] [data] Done shuffling 20,000 sentences to temp files
[2026-07-26 18:01:08] Seen 20,000 samples
[2026-07-26 18:01:08] Starting data epoch 791 in logical epoch 791
[2026-07-26 18:01:08] [data] Shuffling data
[2026-07-26 18:01:08] [data] Done reading 20,000 sentences
[2026-07-26 18:01:08] [data] Done shuffling 20,000 sentences to temp files
[2026-07-26 18:01:12] Seen 20,000 samples
[2026-07-26 18:01:12] Starting data epoch 792 in logical epoch 792
[2026-07-26 18:01:12] [data] Shuffling data
[2026-07-26 18:01:12] [data] Done reading 20,000 sentences
[2026-07-26 18:01:12] [data] Done shuffling 20,000 sentences to temp files
[2026-07-26 18:01:15] Seen 20,000 samples
[2026-07-26 18:01:15] Starting data epoch 793 in logical epoch 793
[2026-07-26 18:01:15] [data] Shuffling data
[2026-07-26 18:01:15] [data] Done reading 20,000 sentences
[2026-07-26 18:01:15] [data] Done shuffling 20,000 sentences to temp files
[2026-07-26 18:01:18] Seen 20,000 samples
[2026-07-26 18:01:18] Starting data epoch 794 in logical epoch 794
[2026-07-26 18:01:18] [data] Shuffling data
[2026-07-26 18:01:18] [data] Done reading 20,000 sentences
[2026-07-26 18:01:18] [data] Done shuffling 20,000 sentences to temp files
[2026-07-26 18:01:21] Seen 20,000 samples
[2026-07-26 18:01:21] Starting data epoch 795 in logical epoch 795
[2026-07-26 18:01:21] [data] Shuffling data
[2026-07-26 18:01:21] [data] Done reading 20,000 sentences
[2026-07-26 18:01:21] [data] Done shuffling 20,000 sentences to temp files
[2026-07-26 18:01:25] Seen 20,000 samples
[2026-07-26 18:01:25] Starting data epoch 796 in logical epoch 796
[2026-07-26 18:01:25] [data] Shuffling data
[2026-07-26 18:01:25] [data] Done reading 20,000 sentences
[2026-07-26 18:01:25] [data] Done shuffling 20,000 sentences to temp files
[2026-07-26 18:01:28] Seen 20,000 samples
[2026-07-26 18:01:28] Starting data epoch 797 in logical epoch 797
[2026-07-26 18:01:28] [data] Shuffling data
[2026-07-26 18:01:28] [data] Done reading 20,000 sentences
[2026-07-26 18:01:28] [data] Done shuffling 20,000 sentences to temp files
[2026-07-26 18:01:32] Seen 20,000 samples
[2026-07-26 18:01:32] Starting data epoch 798 in logical epoch 798
[2026-07-26 18:01:32] [data] Shuffling data
[2026-07-26 18:01:32] [data] Done reading 20,000 sentences
[2026-07-26 18:01:32] [data] Done shuffling 20,000 sentences to temp files
[2026-07-26 18:01:35] Seen 20,000 samples
[2026-07-26 18:01:35] Starting data epoch 799 in logical epoch 799
[2026-07-26 18:01:35] [data] Shuffling data
[2026-07-26 18:01:35] [data] Done reading 20,000 sentences
[2026-07-26 18:01:35] [data] Done shuffling 20,000 sentences to temp files
[2026-07-26 18:01:38] Seen 20,000 samples
[2026-07-26 18:01:38] Starting data epoch 800 in logical epoch 800
[2026-07-26 18:01:38] [data] Shuffling data
[2026-07-26 18:01:38] [data] Done reading 20,000 sentences
[2026-07-26 18:01:38] [data] Done shuffling 20,000 sentences to temp files
[2026-07-26 18:01:41] Seen 20,000 samples
[2026-07-26 18:01:41] Starting data epoch 801 in logical epoch 801
[2026-07-26 18:01:41] [data] Shuffling data
[2026-07-26 18:01:41] [data] Done reading 20,000 sentences
[2026-07-26 18:01:41] [data] Done shuffling 20,000 sentences to temp files
[2026-07-26 18:01:44] Seen 20,000 samples
[2026-07-26 18:01:44] Starting data epoch 802 in logical epoch 802
[2026-07-26 18:01:44] [data] Shuffling data
[2026-07-26 18:01:44] [data] Done reading 20,000 sentences
[2026-07-26 18:01:44] [data] Done shuffling 20,000 sentences to temp files
[2026-07-26 18:01:48] Seen 20,000 samples
[2026-07-26 18:01:48] Starting data epoch 803 in logical epoch 803
[2026-07-26 18:01:48] [data] Shuffling data
[2026-07-26 18:01:48] [data] Done reading 20,000 sentences
[2026-07-26 18:01:48] [data] Done shuffling 20,000 sentences to temp files
[2026-07-26 18:01:51] Seen 20,000 samples
[2026-07-26 18:01:51] Starting data epoch 804 in logical epoch 804
[2026-07-26 18:01:51] [data] Shuffling data
[2026-07-26 18:01:51] [data] Done reading 20,000 sentences
[2026-07-26 18:01:51] [data] Done shuffling 20,000 sentences to temp files
[2026-07-26 18:01:51] Ep. 804 : Up. 20000 : Sen. 1,914 : Cost 1.16908050 * 1,551,685 @ 4,785 after 62,115,691 : Time 66.03s : 23499.67 words/s : gNorm 0.2289 : L.r. 2.6833e-04
[2026-07-26 18:01:51] Saving model weights and runtime parameters to /d/Job_Requirements/PracticalProjectsFromDrYe/AIE-F/assignment-submission/class-22/TheinGiKyaw_Assignment7/model.transformer.warmup4000_dropout01.phmy/model.npz
[2026-07-26 18:01:52] Saving Adam parameters
[2026-07-26 18:01:52] [training] Saving training checkpoint to /d/Job_Requirements/PracticalProjectsFromDrYe/AIE-F/assignment-submission/class-22/TheinGiKyaw_Assignment7/model.transformer.warmup4000_dropout01.phmy/model.npz and /d/Job_Requirements/PracticalProjectsFromDrYe/AIE-F/assignment-submission/class-22/TheinGiKyaw_Assignment7/model.transformer.warmup4000_dropout01.phmy/model.npz.optimizer.npz
[2026-07-26 18:01:53] [valid] Ep. 804 : Up. 20000 : cross-entropy : 2.95193 : stalled 3 times (last best: 2.17222)
[2026-07-26 18:01:54] [valid] Ep. 804 : Up. 20000 : perplexity : 2.15552 : stalled 3 times (last best: 1.75974)
[2026-07-26 18:01:56] [valid] Ep. 804 : Up. 20000 : bleu : 74.9607 : stalled 3 times (last best: 76.4125)
[2026-07-26 18:01:59] Seen 20,000 samples
[2026-07-26 18:01:59] Starting data epoch 805 in logical epoch 805
[2026-07-26 18:01:59] [data] Shuffling data
[2026-07-26 18:01:59] [data] Done reading 20,000 sentences
[2026-07-26 18:01:59] [data] Done shuffling 20,000 sentences to temp files
[2026-07-26 18:02:02] Seen 20,000 samples
[2026-07-26 18:02:02] Starting data epoch 806 in logical epoch 806
[2026-07-26 18:02:02] [data] Shuffling data
[2026-07-26 18:02:02] [data] Done reading 20,000 sentences
[2026-07-26 18:02:02] [data] Done shuffling 20,000 sentences to temp files
[2026-07-26 18:02:05] Seen 20,000 samples
[2026-07-26 18:02:05] Starting data epoch 807 in logical epoch 807
[2026-07-26 18:02:05] [data] Shuffling data
[2026-07-26 18:02:05] [data] Done reading 20,000 sentences
[2026-07-26 18:02:05] [data] Done shuffling 20,000 sentences to temp files
[2026-07-26 18:02:08] Seen 20,000 samples
[2026-07-26 18:02:08] Starting data epoch 808 in logical epoch 808
[2026-07-26 18:02:08] [data] Shuffling data
[2026-07-26 18:02:08] [data] Done reading 20,000 sentences
[2026-07-26 18:02:08] [data] Done shuffling 20,000 sentences to temp files
[2026-07-26 18:02:11] Seen 20,000 samples
[2026-07-26 18:02:11] Starting data epoch 809 in logical epoch 809
[2026-07-26 18:02:11] [data] Shuffling data
[2026-07-26 18:02:11] [data] Done reading 20,000 sentences
[2026-07-26 18:02:11] [data] Done shuffling 20,000 sentences to temp files
[2026-07-26 18:02:14] Seen 20,000 samples
[2026-07-26 18:02:14] Starting data epoch 810 in logical epoch 810
[2026-07-26 18:02:14] [data] Shuffling data
[2026-07-26 18:02:14] [data] Done reading 20,000 sentences
[2026-07-26 18:02:14] [data] Done shuffling 20,000 sentences to temp files
[2026-07-26 18:02:17] Seen 20,000 samples
[2026-07-26 18:02:17] Starting data epoch 811 in logical epoch 811
[2026-07-26 18:02:17] [data] Shuffling data
[2026-07-26 18:02:17] [data] Done reading 20,000 sentences
[2026-07-26 18:02:17] [data] Done shuffling 20,000 sentences to temp files
[2026-07-26 18:02:20] Seen 20,000 samples
[2026-07-26 18:02:20] Starting data epoch 812 in logical epoch 812
[2026-07-26 18:02:20] [data] Shuffling data
[2026-07-26 18:02:20] [data] Done reading 20,000 sentences
[2026-07-26 18:02:20] [data] Done shuffling 20,000 sentences to temp files
[2026-07-26 18:02:23] Seen 20,000 samples
[2026-07-26 18:02:23] Starting data epoch 813 in logical epoch 813
[2026-07-26 18:02:23] [data] Shuffling data
[2026-07-26 18:02:23] [data] Done reading 20,000 sentences
[2026-07-26 18:02:23] [data] Done shuffling 20,000 sentences to temp files
[2026-07-26 18:02:26] Seen 20,000 samples
[2026-07-26 18:02:26] Starting data epoch 814 in logical epoch 814
[2026-07-26 18:02:26] [data] Shuffling data
[2026-07-26 18:02:26] [data] Done reading 20,000 sentences
[2026-07-26 18:02:26] [data] Done shuffling 20,000 sentences to temp files
[2026-07-26 18:02:29] Seen 20,000 samples
[2026-07-26 18:02:29] Starting data epoch 815 in logical epoch 815
[2026-07-26 18:02:29] [data] Shuffling data
[2026-07-26 18:02:29] [data] Done reading 20,000 sentences
[2026-07-26 18:02:29] [data] Done shuffling 20,000 sentences to temp files
[2026-07-26 18:02:32] Seen 20,000 samples
[2026-07-26 18:02:32] Starting data epoch 816 in logical epoch 816
[2026-07-26 18:02:32] [data] Shuffling data
[2026-07-26 18:02:32] [data] Done reading 20,000 sentences
[2026-07-26 18:02:32] [data] Done shuffling 20,000 sentences to temp files
[2026-07-26 18:02:35] Seen 20,000 samples
[2026-07-26 18:02:35] Starting data epoch 817 in logical epoch 817
[2026-07-26 18:02:35] [data] Shuffling data
[2026-07-26 18:02:35] [data] Done reading 20,000 sentences
[2026-07-26 18:02:35] [data] Done shuffling 20,000 sentences to temp files
[2026-07-26 18:02:38] Seen 20,000 samples
[2026-07-26 18:02:38] Starting data epoch 818 in logical epoch 818
[2026-07-26 18:02:38] [data] Shuffling data
[2026-07-26 18:02:38] [data] Done reading 20,000 sentences
[2026-07-26 18:02:38] [data] Done shuffling 20,000 sentences to temp files
[2026-07-26 18:02:41] Seen 20,000 samples
[2026-07-26 18:02:41] Starting data epoch 819 in logical epoch 819
[2026-07-26 18:02:41] [data] Shuffling data
[2026-07-26 18:02:41] [data] Done reading 20,000 sentences
[2026-07-26 18:02:41] [data] Done shuffling 20,000 sentences to temp files
[2026-07-26 18:02:44] Seen 20,000 samples
[2026-07-26 18:02:44] Starting data epoch 820 in logical epoch 820
[2026-07-26 18:02:44] [data] Shuffling data
[2026-07-26 18:02:44] [data] Done reading 20,000 sentences
[2026-07-26 18:02:44] [data] Done shuffling 20,000 sentences to temp files
[2026-07-26 18:02:48] Seen 20,000 samples
[2026-07-26 18:02:48] Starting data epoch 821 in logical epoch 821
[2026-07-26 18:02:48] [data] Shuffling data
[2026-07-26 18:02:48] [data] Done reading 20,000 sentences
[2026-07-26 18:02:48] [data] Done shuffling 20,000 sentences to temp files
[2026-07-26 18:02:51] Seen 20,000 samples
[2026-07-26 18:02:51] Starting data epoch 822 in logical epoch 822
[2026-07-26 18:02:51] [data] Shuffling data
[2026-07-26 18:02:51] [data] Done reading 20,000 sentences
[2026-07-26 18:02:51] [data] Done shuffling 20,000 sentences to temp files
[2026-07-26 18:02:54] Seen 20,000 samples
[2026-07-26 18:02:54] Starting data epoch 823 in logical epoch 823
[2026-07-26 18:02:54] [data] Shuffling data
[2026-07-26 18:02:54] [data] Done reading 20,000 sentences
[2026-07-26 18:02:54] [data] Done shuffling 20,000 sentences to temp files
[2026-07-26 18:02:57] Ep. 823 : Up. 20500 : Sen. 20,000 : Cost 1.16949224 * 1,539,244 @ 3,051 after 63,654,935 : Time 65.85s : 23376.36 words/s : gNorm 0.1988 : L.r. 2.6504e-04
[2026-07-26 18:02:57] Seen 20,000 samples
[2026-07-26 18:02:57] Starting data epoch 824 in logical epoch 824
[2026-07-26 18:02:57] [data] Shuffling data
[2026-07-26 18:02:57] [data] Done reading 20,000 sentences
[2026-07-26 18:02:57] [data] Done shuffling 20,000 sentences to temp files
[2026-07-26 18:03:01] Seen 20,000 samples
[2026-07-26 18:03:01] Starting data epoch 825 in logical epoch 825
[2026-07-26 18:03:01] [data] Shuffling data
[2026-07-26 18:03:01] [data] Done reading 20,000 sentences
[2026-07-26 18:03:01] [data] Done shuffling 20,000 sentences to temp files
[2026-07-26 18:03:04] Seen 20,000 samples
[2026-07-26 18:03:04] Starting data epoch 826 in logical epoch 826
[2026-07-26 18:03:04] [data] Shuffling data
[2026-07-26 18:03:04] [data] Done reading 20,000 sentences
[2026-07-26 18:03:04] [data] Done shuffling 20,000 sentences to temp files
[2026-07-26 18:03:07] Seen 20,000 samples
[2026-07-26 18:03:07] Starting data epoch 827 in logical epoch 827
[2026-07-26 18:03:07] [data] Shuffling data
[2026-07-26 18:03:07] [data] Done reading 20,000 sentences
[2026-07-26 18:03:07] [data] Done shuffling 20,000 sentences to temp files
[2026-07-26 18:03:11] Seen 20,000 samples
[2026-07-26 18:03:11] Starting data epoch 828 in logical epoch 828
[2026-07-26 18:03:11] [data] Shuffling data
[2026-07-26 18:03:11] [data] Done reading 20,000 sentences
[2026-07-26 18:03:11] [data] Done shuffling 20,000 sentences to temp files
[2026-07-26 18:03:14] Seen 20,000 samples
[2026-07-26 18:03:14] Starting data epoch 829 in logical epoch 829
[2026-07-26 18:03:14] [data] Shuffling data
[2026-07-26 18:03:14] [data] Done reading 20,000 sentences
[2026-07-26 18:03:14] [data] Done shuffling 20,000 sentences to temp files
[2026-07-26 18:03:17] Seen 20,000 samples
[2026-07-26 18:03:17] Starting data epoch 830 in logical epoch 830
[2026-07-26 18:03:17] [data] Shuffling data
[2026-07-26 18:03:17] [data] Done reading 20,000 sentences
[2026-07-26 18:03:17] [data] Done shuffling 20,000 sentences to temp files
[2026-07-26 18:03:20] Seen 20,000 samples
[2026-07-26 18:03:20] Starting data epoch 831 in logical epoch 831
[2026-07-26 18:03:20] [data] Shuffling data
[2026-07-26 18:03:20] [data] Done reading 20,000 sentences
[2026-07-26 18:03:20] [data] Done shuffling 20,000 sentences to temp files
[2026-07-26 18:03:24] Seen 20,000 samples
[2026-07-26 18:03:24] Starting data epoch 832 in logical epoch 832
[2026-07-26 18:03:24] [data] Shuffling data
[2026-07-26 18:03:24] [data] Done reading 20,000 sentences
[2026-07-26 18:03:24] [data] Done shuffling 20,000 sentences to temp files
[2026-07-26 18:03:30] Seen 20,000 samples
[2026-07-26 18:03:30] Starting data epoch 833 in logical epoch 833
[2026-07-26 18:03:30] [data] Shuffling data
[2026-07-26 18:03:30] [data] Done reading 20,000 sentences
[2026-07-26 18:03:30] [data] Done shuffling 20,000 sentences to temp files
[2026-07-26 18:03:33] Seen 20,000 samples
[2026-07-26 18:03:33] Starting data epoch 834 in logical epoch 834
[2026-07-26 18:03:33] [data] Shuffling data
[2026-07-26 18:03:33] [data] Done reading 20,000 sentences
[2026-07-26 18:03:33] [data] Done shuffling 20,000 sentences to temp files
[2026-07-26 18:03:37] Seen 20,000 samples
[2026-07-26 18:03:37] Starting data epoch 835 in logical epoch 835
[2026-07-26 18:03:37] [data] Shuffling data
[2026-07-26 18:03:37] [data] Done reading 20,000 sentences
[2026-07-26 18:03:37] [data] Done shuffling 20,000 sentences to temp files
[2026-07-26 18:03:41] Seen 20,000 samples
[2026-07-26 18:03:41] Starting data epoch 836 in logical epoch 836
[2026-07-26 18:03:41] [data] Shuffling data
[2026-07-26 18:03:41] [data] Done reading 20,000 sentences
[2026-07-26 18:03:41] [data] Done shuffling 20,000 sentences to temp files
[2026-07-26 18:03:45] Seen 20,000 samples
[2026-07-26 18:03:45] Starting data epoch 837 in logical epoch 837
[2026-07-26 18:03:45] [data] Shuffling data
[2026-07-26 18:03:45] [data] Done reading 20,000 sentences
[2026-07-26 18:03:45] [data] Done shuffling 20,000 sentences to temp files
[2026-07-26 18:03:50] Seen 20,000 samples
[2026-07-26 18:03:50] Starting data epoch 838 in logical epoch 838
[2026-07-26 18:03:50] [data] Shuffling data
[2026-07-26 18:03:50] [data] Done reading 20,000 sentences
[2026-07-26 18:03:50] [data] Done shuffling 20,000 sentences to temp files
[2026-07-26 18:03:54] Seen 20,000 samples
[2026-07-26 18:03:54] Starting data epoch 839 in logical epoch 839
[2026-07-26 18:03:54] [data] Shuffling data
[2026-07-26 18:03:54] [data] Done reading 20,000 sentences
[2026-07-26 18:03:54] [data] Done shuffling 20,000 sentences to temp files
[2026-07-26 18:03:58] Seen 20,000 samples
[2026-07-26 18:03:58] Starting data epoch 840 in logical epoch 840
[2026-07-26 18:03:58] [data] Shuffling data
[2026-07-26 18:03:58] [data] Done reading 20,000 sentences
[2026-07-26 18:03:58] [data] Done shuffling 20,000 sentences to temp files
[2026-07-26 18:04:03] Seen 20,000 samples
[2026-07-26 18:04:03] Starting data epoch 841 in logical epoch 841
[2026-07-26 18:04:03] [data] Shuffling data
[2026-07-26 18:04:03] [data] Done reading 20,000 sentences
[2026-07-26 18:04:03] [data] Done shuffling 20,000 sentences to temp files
[2026-07-26 18:04:07] Seen 20,000 samples
[2026-07-26 18:04:07] Starting data epoch 842 in logical epoch 842
[2026-07-26 18:04:07] [data] Shuffling data
[2026-07-26 18:04:07] [data] Done reading 20,000 sentences
[2026-07-26 18:04:07] [data] Done shuffling 20,000 sentences to temp files
[2026-07-26 18:04:11] Seen 20,000 samples
[2026-07-26 18:04:11] Starting data epoch 843 in logical epoch 843
[2026-07-26 18:04:11] [data] Shuffling data
[2026-07-26 18:04:11] [data] Done reading 20,000 sentences
[2026-07-26 18:04:11] [data] Done shuffling 20,000 sentences to temp files
[2026-07-26 18:04:14] Ep. 843 : Up. 21000 : Sen. 18,243 : Cost 1.16911721 * 1,540,338 @ 2,871 after 65,195,273 : Time 76.75s : 20070.32 words/s : gNorm 0.1337 : L.r. 2.6186e-04
[2026-07-26 18:04:14] Seen 20,000 samples
[2026-07-26 18:04:14] Starting data epoch 844 in logical epoch 844
[2026-07-26 18:04:14] [data] Shuffling data
[2026-07-26 18:04:14] [data] Done reading 20,000 sentences
[2026-07-26 18:04:14] [data] Done shuffling 20,000 sentences to temp files
[2026-07-26 18:04:18] Seen 20,000 samples
[2026-07-26 18:04:18] Starting data epoch 845 in logical epoch 845
[2026-07-26 18:04:18] [data] Shuffling data
[2026-07-26 18:04:18] [data] Done reading 20,000 sentences
[2026-07-26 18:04:18] [data] Done shuffling 20,000 sentences to temp files
[2026-07-26 18:04:22] Seen 20,000 samples
[2026-07-26 18:04:22] Starting data epoch 846 in logical epoch 846
[2026-07-26 18:04:22] [data] Shuffling data
[2026-07-26 18:04:22] [data] Done reading 20,000 sentences
[2026-07-26 18:04:22] [data] Done shuffling 20,000 sentences to temp files
[2026-07-26 18:04:26] Seen 20,000 samples
[2026-07-26 18:04:26] Starting data epoch 847 in logical epoch 847
[2026-07-26 18:04:26] [data] Shuffling data
[2026-07-26 18:04:27] [data] Done reading 20,000 sentences
[2026-07-26 18:04:27] [data] Done shuffling 20,000 sentences to temp files
[2026-07-26 18:04:31] Seen 20,000 samples
[2026-07-26 18:04:31] Starting data epoch 848 in logical epoch 848
[2026-07-26 18:04:31] [data] Shuffling data
[2026-07-26 18:04:31] [data] Done reading 20,000 sentences
[2026-07-26 18:04:31] [data] Done shuffling 20,000 sentences to temp files
[2026-07-26 18:04:35] Seen 20,000 samples
[2026-07-26 18:04:35] Starting data epoch 849 in logical epoch 849
[2026-07-26 18:04:35] [data] Shuffling data
[2026-07-26 18:04:35] [data] Done reading 20,000 sentences
[2026-07-26 18:04:35] [data] Done shuffling 20,000 sentences to temp files
[2026-07-26 18:04:38] Seen 20,000 samples
[2026-07-26 18:04:38] Starting data epoch 850 in logical epoch 850
[2026-07-26 18:04:38] [data] Shuffling data
[2026-07-26 18:04:38] [data] Done reading 20,000 sentences
[2026-07-26 18:04:39] [data] Done shuffling 20,000 sentences to temp files
[2026-07-26 18:04:42] Seen 20,000 samples
[2026-07-26 18:04:42] Starting data epoch 851 in logical epoch 851
[2026-07-26 18:04:42] [data] Shuffling data
[2026-07-26 18:04:42] [data] Done reading 20,000 sentences
[2026-07-26 18:04:42] [data] Done shuffling 20,000 sentences to temp files
[2026-07-26 18:04:45] Seen 20,000 samples
[2026-07-26 18:04:45] Starting data epoch 852 in logical epoch 852
[2026-07-26 18:04:45] [data] Shuffling data
[2026-07-26 18:04:45] [data] Done reading 20,000 sentences
[2026-07-26 18:04:45] [data] Done shuffling 20,000 sentences to temp files
[2026-07-26 18:04:49] Seen 20,000 samples
[2026-07-26 18:04:49] Starting data epoch 853 in logical epoch 853
[2026-07-26 18:04:49] [data] Shuffling data
[2026-07-26 18:04:49] [data] Done reading 20,000 sentences
[2026-07-26 18:04:49] [data] Done shuffling 20,000 sentences to temp files
[2026-07-26 18:04:52] Seen 20,000 samples
[2026-07-26 18:04:52] Starting data epoch 854 in logical epoch 854
[2026-07-26 18:04:52] [data] Shuffling data
[2026-07-26 18:04:52] [data] Done reading 20,000 sentences
[2026-07-26 18:04:52] [data] Done shuffling 20,000 sentences to temp files
[2026-07-26 18:04:56] Seen 20,000 samples
[2026-07-26 18:04:56] Starting data epoch 855 in logical epoch 855
[2026-07-26 18:04:56] [data] Shuffling data
[2026-07-26 18:04:56] [data] Done reading 20,000 sentences
[2026-07-26 18:04:56] [data] Done shuffling 20,000 sentences to temp files
[2026-07-26 18:04:59] Seen 20,000 samples
[2026-07-26 18:04:59] Starting data epoch 856 in logical epoch 856
[2026-07-26 18:04:59] [data] Shuffling data
[2026-07-26 18:04:59] [data] Done reading 20,000 sentences
[2026-07-26 18:04:59] [data] Done shuffling 20,000 sentences to temp files
[2026-07-26 18:05:03] Seen 20,000 samples
[2026-07-26 18:05:03] Starting data epoch 857 in logical epoch 857
[2026-07-26 18:05:03] [data] Shuffling data
[2026-07-26 18:05:03] [data] Done reading 20,000 sentences
[2026-07-26 18:05:03] [data] Done shuffling 20,000 sentences to temp files
[2026-07-26 18:05:07] Seen 20,000 samples
[2026-07-26 18:05:07] Starting data epoch 858 in logical epoch 858
[2026-07-26 18:05:07] [data] Shuffling data
[2026-07-26 18:05:07] [data] Done reading 20,000 sentences
[2026-07-26 18:05:07] [data] Done shuffling 20,000 sentences to temp files
[2026-07-26 18:05:11] Seen 20,000 samples
[2026-07-26 18:05:11] Starting data epoch 859 in logical epoch 859
[2026-07-26 18:05:11] [data] Shuffling data
[2026-07-26 18:05:11] [data] Done reading 20,000 sentences
[2026-07-26 18:05:11] [data] Done shuffling 20,000 sentences to temp files
[2026-07-26 18:05:15] Seen 20,000 samples
[2026-07-26 18:05:15] Starting data epoch 860 in logical epoch 860
[2026-07-26 18:05:15] [data] Shuffling data
[2026-07-26 18:05:15] [data] Done reading 20,000 sentences
[2026-07-26 18:05:15] [data] Done shuffling 20,000 sentences to temp files
[2026-07-26 18:05:18] Seen 20,000 samples
[2026-07-26 18:05:18] Starting data epoch 861 in logical epoch 861
[2026-07-26 18:05:18] [data] Shuffling data
[2026-07-26 18:05:18] [data] Done reading 20,000 sentences
[2026-07-26 18:05:18] [data] Done shuffling 20,000 sentences to temp files
[2026-07-26 18:05:21] Seen 20,000 samples
[2026-07-26 18:05:21] Starting data epoch 862 in logical epoch 862
[2026-07-26 18:05:21] [data] Shuffling data
[2026-07-26 18:05:21] [data] Done reading 20,000 sentences
[2026-07-26 18:05:21] [data] Done shuffling 20,000 sentences to temp files
[2026-07-26 18:05:25] Seen 20,000 samples
[2026-07-26 18:05:25] Starting data epoch 863 in logical epoch 863
[2026-07-26 18:05:25] [data] Shuffling data
[2026-07-26 18:05:25] [data] Done reading 20,000 sentences
[2026-07-26 18:05:25] [data] Done shuffling 20,000 sentences to temp files
[2026-07-26 18:05:28] Ep. 863 : Up. 21500 : Sen. 19,670 : Cost 1.16864800 * 1,552,472 @ 2,128 after 66,747,745 : Time 74.24s : 20910.93 words/s : gNorm 0.1454 : L.r. 2.5880e-04
[2026-07-26 18:05:28] Seen 20,000 samples
[2026-07-26 18:05:28] Starting data epoch 864 in logical epoch 864
[2026-07-26 18:05:28] [data] Shuffling data
[2026-07-26 18:05:28] [data] Done reading 20,000 sentences
[2026-07-26 18:05:28] [data] Done shuffling 20,000 sentences to temp files
[2026-07-26 18:05:32] Seen 20,000 samples
[2026-07-26 18:05:32] Starting data epoch 865 in logical epoch 865
[2026-07-26 18:05:32] [data] Shuffling data
[2026-07-26 18:05:32] [data] Done reading 20,000 sentences
[2026-07-26 18:05:32] [data] Done shuffling 20,000 sentences to temp files
[2026-07-26 18:05:36] Seen 20,000 samples
[2026-07-26 18:05:36] Starting data epoch 866 in logical epoch 866
[2026-07-26 18:05:36] [data] Shuffling data
[2026-07-26 18:05:36] [data] Done reading 20,000 sentences
[2026-07-26 18:05:36] [data] Done shuffling 20,000 sentences to temp files
[2026-07-26 18:05:39] Seen 20,000 samples
[2026-07-26 18:05:39] Starting data epoch 867 in logical epoch 867
[2026-07-26 18:05:39] [data] Shuffling data
[2026-07-26 18:05:39] [data] Done reading 20,000 sentences
[2026-07-26 18:05:39] [data] Done shuffling 20,000 sentences to temp files
[2026-07-26 18:05:42] Seen 20,000 samples
[2026-07-26 18:05:42] Starting data epoch 868 in logical epoch 868
[2026-07-26 18:05:42] [data] Shuffling data
[2026-07-26 18:05:42] [data] Done reading 20,000 sentences
[2026-07-26 18:05:43] [data] Done shuffling 20,000 sentences to temp files
[2026-07-26 18:05:46] Seen 20,000 samples
[2026-07-26 18:05:46] Starting data epoch 869 in logical epoch 869
[2026-07-26 18:05:46] [data] Shuffling data
[2026-07-26 18:05:46] [data] Done reading 20,000 sentences
[2026-07-26 18:05:46] [data] Done shuffling 20,000 sentences to temp files
[2026-07-26 18:05:50] Seen 20,000 samples
[2026-07-26 18:05:50] Starting data epoch 870 in logical epoch 870
[2026-07-26 18:05:50] [data] Shuffling data
[2026-07-26 18:05:50] [data] Done reading 20,000 sentences
[2026-07-26 18:05:50] [data] Done shuffling 20,000 sentences to temp files
[2026-07-26 18:05:54] Seen 20,000 samples
[2026-07-26 18:05:54] Starting data epoch 871 in logical epoch 871
[2026-07-26 18:05:54] [data] Shuffling data
[2026-07-26 18:05:54] [data] Done reading 20,000 sentences
[2026-07-26 18:05:54] [data] Done shuffling 20,000 sentences to temp files
[2026-07-26 18:05:57] Seen 20,000 samples
[2026-07-26 18:05:57] Starting data epoch 872 in logical epoch 872
[2026-07-26 18:05:57] [data] Shuffling data
[2026-07-26 18:05:57] [data] Done reading 20,000 sentences
[2026-07-26 18:05:57] [data] Done shuffling 20,000 sentences to temp files
[2026-07-26 18:06:01] Seen 20,000 samples
[2026-07-26 18:06:01] Starting data epoch 873 in logical epoch 873
[2026-07-26 18:06:01] [data] Shuffling data
[2026-07-26 18:06:01] [data] Done reading 20,000 sentences
[2026-07-26 18:06:01] [data] Done shuffling 20,000 sentences to temp files
[2026-07-26 18:06:04] Seen 20,000 samples
[2026-07-26 18:06:04] Starting data epoch 874 in logical epoch 874
[2026-07-26 18:06:04] [data] Shuffling data
[2026-07-26 18:06:04] [data] Done reading 20,000 sentences
[2026-07-26 18:06:04] [data] Done shuffling 20,000 sentences to temp files
[2026-07-26 18:06:08] Seen 20,000 samples
[2026-07-26 18:06:08] Starting data epoch 875 in logical epoch 875
[2026-07-26 18:06:08] [data] Shuffling data
[2026-07-26 18:06:08] [data] Done reading 20,000 sentences
[2026-07-26 18:06:08] [data] Done shuffling 20,000 sentences to temp files
[2026-07-26 18:06:11] Seen 20,000 samples
[2026-07-26 18:06:11] Starting data epoch 876 in logical epoch 876
[2026-07-26 18:06:11] [data] Shuffling data
[2026-07-26 18:06:11] [data] Done reading 20,000 sentences
[2026-07-26 18:06:11] [data] Done shuffling 20,000 sentences to temp files
[2026-07-26 18:06:14] Seen 20,000 samples
[2026-07-26 18:06:14] Starting data epoch 877 in logical epoch 877
[2026-07-26 18:06:14] [data] Shuffling data
[2026-07-26 18:06:14] [data] Done reading 20,000 sentences
[2026-07-26 18:06:14] [data] Done shuffling 20,000 sentences to temp files
[2026-07-26 18:06:18] Seen 20,000 samples
[2026-07-26 18:06:18] Starting data epoch 878 in logical epoch 878
[2026-07-26 18:06:18] [data] Shuffling data
[2026-07-26 18:06:18] [data] Done reading 20,000 sentences
[2026-07-26 18:06:18] [data] Done shuffling 20,000 sentences to temp files
[2026-07-26 18:06:21] Seen 20,000 samples
[2026-07-26 18:06:21] Starting data epoch 879 in logical epoch 879
[2026-07-26 18:06:21] [data] Shuffling data
[2026-07-26 18:06:21] [data] Done reading 20,000 sentences
[2026-07-26 18:06:21] [data] Done shuffling 20,000 sentences to temp files
[2026-07-26 18:06:24] Seen 20,000 samples
[2026-07-26 18:06:24] Starting data epoch 880 in logical epoch 880
[2026-07-26 18:06:24] [data] Shuffling data
[2026-07-26 18:06:24] [data] Done reading 20,000 sentences
[2026-07-26 18:06:25] [data] Done shuffling 20,000 sentences to temp files
[2026-07-26 18:06:28] Seen 20,000 samples
[2026-07-26 18:06:28] Starting data epoch 881 in logical epoch 881
[2026-07-26 18:06:28] [data] Shuffling data
[2026-07-26 18:06:28] [data] Done reading 20,000 sentences
[2026-07-26 18:06:28] [data] Done shuffling 20,000 sentences to temp files
[2026-07-26 18:06:31] Seen 20,000 samples
[2026-07-26 18:06:31] Starting data epoch 882 in logical epoch 882
[2026-07-26 18:06:31] [data] Shuffling data
[2026-07-26 18:06:31] [data] Done reading 20,000 sentences
[2026-07-26 18:06:31] [data] Done shuffling 20,000 sentences to temp files
[2026-07-26 18:06:35] Seen 20,000 samples
[2026-07-26 18:06:35] Starting data epoch 883 in logical epoch 883
[2026-07-26 18:06:35] [data] Shuffling data
[2026-07-26 18:06:35] [data] Done reading 20,000 sentences
[2026-07-26 18:06:35] [data] Done shuffling 20,000 sentences to temp files
[2026-07-26 18:06:38] Ep. 883 : Up. 22000 : Sen. 18,243 : Cost 1.16875994 * 1,540,994 @ 3,095 after 68,288,739 : Time 69.56s : 22153.73 words/s : gNorm 0.1384 : L.r. 2.5584e-04
[2026-07-26 18:06:38] Seen 20,000 samples
[2026-07-26 18:06:38] Starting data epoch 884 in logical epoch 884
[2026-07-26 18:06:38] [data] Shuffling data
[2026-07-26 18:06:38] [data] Done reading 20,000 sentences
[2026-07-26 18:06:38] [data] Done shuffling 20,000 sentences to temp files
[2026-07-26 18:06:41] Seen 20,000 samples
[2026-07-26 18:06:41] Starting data epoch 885 in logical epoch 885
[2026-07-26 18:06:41] [data] Shuffling data
[2026-07-26 18:06:41] [data] Done reading 20,000 sentences
[2026-07-26 18:06:41] [data] Done shuffling 20,000 sentences to temp files
[2026-07-26 18:06:45] Seen 20,000 samples
[2026-07-26 18:06:45] Starting data epoch 886 in logical epoch 886
[2026-07-26 18:06:45] [data] Shuffling data
[2026-07-26 18:06:45] [data] Done reading 20,000 sentences
[2026-07-26 18:06:45] [data] Done shuffling 20,000 sentences to temp files
[2026-07-26 18:06:48] Seen 20,000 samples
[2026-07-26 18:06:48] Starting data epoch 887 in logical epoch 887
[2026-07-26 18:06:48] [data] Shuffling data
[2026-07-26 18:06:48] [data] Done reading 20,000 sentences
[2026-07-26 18:06:48] [data] Done shuffling 20,000 sentences to temp files
[2026-07-26 18:06:52] Seen 20,000 samples
[2026-07-26 18:06:52] Starting data epoch 888 in logical epoch 888
[2026-07-26 18:06:52] [data] Shuffling data
[2026-07-26 18:06:52] [data] Done reading 20,000 sentences
[2026-07-26 18:06:52] [data] Done shuffling 20,000 sentences to temp files
[2026-07-26 18:06:55] Seen 20,000 samples
[2026-07-26 18:06:55] Starting data epoch 889 in logical epoch 889
[2026-07-26 18:06:55] [data] Shuffling data
[2026-07-26 18:06:55] [data] Done reading 20,000 sentences
[2026-07-26 18:06:55] [data] Done shuffling 20,000 sentences to temp files
[2026-07-26 18:06:59] Seen 20,000 samples
[2026-07-26 18:06:59] Starting data epoch 890 in logical epoch 890
[2026-07-26 18:06:59] [data] Shuffling data
[2026-07-26 18:06:59] [data] Done reading 20,000 sentences
[2026-07-26 18:06:59] [data] Done shuffling 20,000 sentences to temp files
[2026-07-26 18:07:03] Seen 20,000 samples
[2026-07-26 18:07:03] Starting data epoch 891 in logical epoch 891
[2026-07-26 18:07:03] [data] Shuffling data
[2026-07-26 18:07:03] [data] Done reading 20,000 sentences
[2026-07-26 18:07:03] [data] Done shuffling 20,000 sentences to temp files
[2026-07-26 18:07:06] Seen 20,000 samples
[2026-07-26 18:07:06] Starting data epoch 892 in logical epoch 892
[2026-07-26 18:07:06] [data] Shuffling data
[2026-07-26 18:07:06] [data] Done reading 20,000 sentences
[2026-07-26 18:07:06] [data] Done shuffling 20,000 sentences to temp files
[2026-07-26 18:07:09] Seen 20,000 samples
[2026-07-26 18:07:09] Starting data epoch 893 in logical epoch 893
[2026-07-26 18:07:09] [data] Shuffling data
[2026-07-26 18:07:09] [data] Done reading 20,000 sentences
[2026-07-26 18:07:09] [data] Done shuffling 20,000 sentences to temp files
[2026-07-26 18:07:13] Seen 20,000 samples
[2026-07-26 18:07:13] Starting data epoch 894 in logical epoch 894
[2026-07-26 18:07:13] [data] Shuffling data
[2026-07-26 18:07:13] [data] Done reading 20,000 sentences
[2026-07-26 18:07:13] [data] Done shuffling 20,000 sentences to temp files
[2026-07-26 18:07:17] Seen 20,000 samples
[2026-07-26 18:07:17] Starting data epoch 895 in logical epoch 895
[2026-07-26 18:07:17] [data] Shuffling data
[2026-07-26 18:07:17] [data] Done reading 20,000 sentences
[2026-07-26 18:07:17] [data] Done shuffling 20,000 sentences to temp files
[2026-07-26 18:07:21] Seen 20,000 samples
[2026-07-26 18:07:21] Starting data epoch 896 in logical epoch 896
[2026-07-26 18:07:21] [data] Shuffling data
[2026-07-26 18:07:21] [data] Done reading 20,000 sentences
[2026-07-26 18:07:21] [data] Done shuffling 20,000 sentences to temp files
[2026-07-26 18:07:24] Seen 20,000 samples
[2026-07-26 18:07:24] Starting data epoch 897 in logical epoch 897
[2026-07-26 18:07:24] [data] Shuffling data
[2026-07-26 18:07:24] [data] Done reading 20,000 sentences
[2026-07-26 18:07:24] [data] Done shuffling 20,000 sentences to temp files
[2026-07-26 18:07:28] Seen 20,000 samples
[2026-07-26 18:07:28] Starting data epoch 898 in logical epoch 898
[2026-07-26 18:07:28] [data] Shuffling data
[2026-07-26 18:07:28] [data] Done reading 20,000 sentences
[2026-07-26 18:07:28] [data] Done shuffling 20,000 sentences to temp files
[2026-07-26 18:07:31] Seen 20,000 samples
[2026-07-26 18:07:31] Starting data epoch 899 in logical epoch 899
[2026-07-26 18:07:31] [data] Shuffling data
[2026-07-26 18:07:31] [data] Done reading 20,000 sentences
[2026-07-26 18:07:31] [data] Done shuffling 20,000 sentences to temp files
[2026-07-26 18:07:34] Seen 20,000 samples
[2026-07-26 18:07:34] Starting data epoch 900 in logical epoch 900
[2026-07-26 18:07:34] [data] Shuffling data
[2026-07-26 18:07:34] [data] Done reading 20,000 sentences
[2026-07-26 18:07:34] [data] Done shuffling 20,000 sentences to temp files
[2026-07-26 18:07:38] Seen 20,000 samples
[2026-07-26 18:07:38] Starting data epoch 901 in logical epoch 901
[2026-07-26 18:07:38] [data] Shuffling data
[2026-07-26 18:07:38] [data] Done reading 20,000 sentences
[2026-07-26 18:07:38] [data] Done shuffling 20,000 sentences to temp files
[2026-07-26 18:07:41] Seen 20,000 samples
[2026-07-26 18:07:41] Starting data epoch 902 in logical epoch 902
[2026-07-26 18:07:41] [data] Shuffling data
[2026-07-26 18:07:41] [data] Done reading 20,000 sentences
[2026-07-26 18:07:41] [data] Done shuffling 20,000 sentences to temp files
[2026-07-26 18:07:45] Seen 20,000 samples
[2026-07-26 18:07:45] Starting data epoch 903 in logical epoch 903
[2026-07-26 18:07:45] [data] Shuffling data
[2026-07-26 18:07:45] [data] Done reading 20,000 sentences
[2026-07-26 18:07:45] [data] Done shuffling 20,000 sentences to temp files
[2026-07-26 18:07:48] Ep. 903 : Up. 22500 : Sen. 17,286 : Cost 1.16813922 * 1,543,788 @ 2,871 after 69,832,527 : Time 69.92s : 22078.33 words/s : gNorm 0.1468 : L.r. 2.5298e-04
[2026-07-26 18:07:48] Seen 20,000 samples
[2026-07-26 18:07:48] Starting data epoch 904 in logical epoch 904
[2026-07-26 18:07:48] [data] Shuffling data
[2026-07-26 18:07:48] [data] Done reading 20,000 sentences
[2026-07-26 18:07:48] [data] Done shuffling 20,000 sentences to temp files
[2026-07-26 18:07:51] Seen 20,000 samples
[2026-07-26 18:07:51] Starting data epoch 905 in logical epoch 905
[2026-07-26 18:07:51] [data] Shuffling data
[2026-07-26 18:07:51] [data] Done reading 20,000 sentences
[2026-07-26 18:07:52] [data] Done shuffling 20,000 sentences to temp files
[2026-07-26 18:07:55] Seen 20,000 samples
[2026-07-26 18:07:55] Starting data epoch 906 in logical epoch 906
[2026-07-26 18:07:55] [data] Shuffling data
[2026-07-26 18:07:55] [data] Done reading 20,000 sentences
[2026-07-26 18:07:55] [data] Done shuffling 20,000 sentences to temp files
[2026-07-26 18:07:58] Seen 20,000 samples
[2026-07-26 18:07:58] Starting data epoch 907 in logical epoch 907
[2026-07-26 18:07:58] [data] Shuffling data
[2026-07-26 18:07:58] [data] Done reading 20,000 sentences
[2026-07-26 18:07:58] [data] Done shuffling 20,000 sentences to temp files
[2026-07-26 18:08:02] Seen 20,000 samples
[2026-07-26 18:08:02] Starting data epoch 908 in logical epoch 908
[2026-07-26 18:08:02] [data] Shuffling data
[2026-07-26 18:08:02] [data] Done reading 20,000 sentences
[2026-07-26 18:08:02] [data] Done shuffling 20,000 sentences to temp files
[2026-07-26 18:08:06] Seen 20,000 samples
[2026-07-26 18:08:06] Starting data epoch 909 in logical epoch 909
[2026-07-26 18:08:06] [data] Shuffling data
[2026-07-26 18:08:06] [data] Done reading 20,000 sentences
[2026-07-26 18:08:06] [data] Done shuffling 20,000 sentences to temp files
[2026-07-26 18:08:09] Seen 20,000 samples
[2026-07-26 18:08:09] Starting data epoch 910 in logical epoch 910
[2026-07-26 18:08:09] [data] Shuffling data
[2026-07-26 18:08:09] [data] Done reading 20,000 sentences
[2026-07-26 18:08:09] [data] Done shuffling 20,000 sentences to temp files
[2026-07-26 18:08:12] Seen 20,000 samples
[2026-07-26 18:08:12] Starting data epoch 911 in logical epoch 911
[2026-07-26 18:08:12] [data] Shuffling data
[2026-07-26 18:08:12] [data] Done reading 20,000 sentences
[2026-07-26 18:08:12] [data] Done shuffling 20,000 sentences to temp files
[2026-07-26 18:08:16] Seen 20,000 samples
[2026-07-26 18:08:16] Starting data epoch 912 in logical epoch 912
[2026-07-26 18:08:16] [data] Shuffling data
[2026-07-26 18:08:16] [data] Done reading 20,000 sentences
[2026-07-26 18:08:16] [data] Done shuffling 20,000 sentences to temp files
[2026-07-26 18:08:19] Seen 20,000 samples
[2026-07-26 18:08:19] Starting data epoch 913 in logical epoch 913
[2026-07-26 18:08:19] [data] Shuffling data
[2026-07-26 18:08:19] [data] Done reading 20,000 sentences
[2026-07-26 18:08:19] [data] Done shuffling 20,000 sentences to temp files
[2026-07-26 18:08:22] Seen 20,000 samples
[2026-07-26 18:08:22] Starting data epoch 914 in logical epoch 914
[2026-07-26 18:08:22] [data] Shuffling data
[2026-07-26 18:08:22] [data] Done reading 20,000 sentences
[2026-07-26 18:08:22] [data] Done shuffling 20,000 sentences to temp files
[2026-07-26 18:08:26] Seen 20,000 samples
[2026-07-26 18:08:26] Starting data epoch 915 in logical epoch 915
[2026-07-26 18:08:26] [data] Shuffling data
[2026-07-26 18:08:26] [data] Done reading 20,000 sentences
[2026-07-26 18:08:26] [data] Done shuffling 20,000 sentences to temp files
[2026-07-26 18:08:29] Seen 20,000 samples
[2026-07-26 18:08:29] Starting data epoch 916 in logical epoch 916
[2026-07-26 18:08:29] [data] Shuffling data
[2026-07-26 18:08:30] [data] Done reading 20,000 sentences
[2026-07-26 18:08:30] [data] Done shuffling 20,000 sentences to temp files
[2026-07-26 18:08:33] Seen 20,000 samples
[2026-07-26 18:08:33] Starting data epoch 917 in logical epoch 917
[2026-07-26 18:08:33] [data] Shuffling data
[2026-07-26 18:08:33] [data] Done reading 20,000 sentences
[2026-07-26 18:08:34] [data] Done shuffling 20,000 sentences to temp files
[2026-07-26 18:08:37] Seen 20,000 samples
[2026-07-26 18:08:37] Starting data epoch 918 in logical epoch 918
[2026-07-26 18:08:37] [data] Shuffling data
[2026-07-26 18:08:37] [data] Done reading 20,000 sentences
[2026-07-26 18:08:37] [data] Done shuffling 20,000 sentences to temp files
[2026-07-26 18:08:41] Seen 20,000 samples
[2026-07-26 18:08:41] Starting data epoch 919 in logical epoch 919
[2026-07-26 18:08:41] [data] Shuffling data
[2026-07-26 18:08:41] [data] Done reading 20,000 sentences
[2026-07-26 18:08:41] [data] Done shuffling 20,000 sentences to temp files
[2026-07-26 18:08:44] Seen 20,000 samples
[2026-07-26 18:08:44] Starting data epoch 920 in logical epoch 920
[2026-07-26 18:08:44] [data] Shuffling data
[2026-07-26 18:08:44] [data] Done reading 20,000 sentences
[2026-07-26 18:08:44] [data] Done shuffling 20,000 sentences to temp files
[2026-07-26 18:08:48] Seen 20,000 samples
[2026-07-26 18:08:48] Starting data epoch 921 in logical epoch 921
[2026-07-26 18:08:48] [data] Shuffling data
[2026-07-26 18:08:48] [data] Done reading 20,000 sentences
[2026-07-26 18:08:48] [data] Done shuffling 20,000 sentences to temp files
[2026-07-26 18:08:52] Seen 20,000 samples
[2026-07-26 18:08:52] Starting data epoch 922 in logical epoch 922
[2026-07-26 18:08:52] [data] Shuffling data
[2026-07-26 18:08:52] [data] Done reading 20,000 sentences
[2026-07-26 18:08:52] [data] Done shuffling 20,000 sentences to temp files
[2026-07-26 18:08:55] Seen 20,000 samples
[2026-07-26 18:08:55] Starting data epoch 923 in logical epoch 923
[2026-07-26 18:08:55] [data] Shuffling data
[2026-07-26 18:08:55] [data] Done reading 20,000 sentences
[2026-07-26 18:08:55] [data] Done shuffling 20,000 sentences to temp files
[2026-07-26 18:08:59] Ep. 923 : Up. 23000 : Sen. 19,200 : Cost 1.16792631 * 1,553,741 @ 3,046 after 71,386,268 : Time 70.92s : 21909.87 words/s : gNorm 0.1347 : L.r. 2.5022e-04
[2026-07-26 18:08:59] Seen 20,000 samples
[2026-07-26 18:08:59] Starting data epoch 924 in logical epoch 924
[2026-07-26 18:08:59] [data] Shuffling data
[2026-07-26 18:08:59] [data] Done reading 20,000 sentences
[2026-07-26 18:08:59] [data] Done shuffling 20,000 sentences to temp files
[2026-07-26 18:09:02] Seen 20,000 samples
[2026-07-26 18:09:02] Starting data epoch 925 in logical epoch 925
[2026-07-26 18:09:02] [data] Shuffling data
[2026-07-26 18:09:02] [data] Done reading 20,000 sentences
[2026-07-26 18:09:02] [data] Done shuffling 20,000 sentences to temp files
[2026-07-26 18:09:07] Seen 20,000 samples
[2026-07-26 18:09:07] Starting data epoch 926 in logical epoch 926
[2026-07-26 18:09:07] [data] Shuffling data
[2026-07-26 18:09:07] [data] Done reading 20,000 sentences
[2026-07-26 18:09:07] [data] Done shuffling 20,000 sentences to temp files
[2026-07-26 18:09:10] Seen 20,000 samples
[2026-07-26 18:09:10] Starting data epoch 927 in logical epoch 927
[2026-07-26 18:09:10] [data] Shuffling data
[2026-07-26 18:09:11] [data] Done reading 20,000 sentences
[2026-07-26 18:09:11] [data] Done shuffling 20,000 sentences to temp files
[2026-07-26 18:09:14] Seen 20,000 samples
[2026-07-26 18:09:14] Starting data epoch 928 in logical epoch 928
[2026-07-26 18:09:14] [data] Shuffling data
[2026-07-26 18:09:14] [data] Done reading 20,000 sentences
[2026-07-26 18:09:14] [data] Done shuffling 20,000 sentences to temp files
[2026-07-26 18:09:17] Seen 20,000 samples
[2026-07-26 18:09:17] Starting data epoch 929 in logical epoch 929
[2026-07-26 18:09:17] [data] Shuffling data
[2026-07-26 18:09:17] [data] Done reading 20,000 sentences
[2026-07-26 18:09:17] [data] Done shuffling 20,000 sentences to temp files
[2026-07-26 18:09:20] Seen 20,000 samples
[2026-07-26 18:09:20] Starting data epoch 930 in logical epoch 930
[2026-07-26 18:09:20] [data] Shuffling data
[2026-07-26 18:09:20] [data] Done reading 20,000 sentences
[2026-07-26 18:09:20] [data] Done shuffling 20,000 sentences to temp files
[2026-07-26 18:09:24] Seen 20,000 samples
[2026-07-26 18:09:24] Starting data epoch 931 in logical epoch 931
[2026-07-26 18:09:24] [data] Shuffling data
[2026-07-26 18:09:24] [data] Done reading 20,000 sentences
[2026-07-26 18:09:24] [data] Done shuffling 20,000 sentences to temp files
[2026-07-26 18:09:27] Seen 20,000 samples
[2026-07-26 18:09:27] Starting data epoch 932 in logical epoch 932
[2026-07-26 18:09:27] [data] Shuffling data
[2026-07-26 18:09:27] [data] Done reading 20,000 sentences
[2026-07-26 18:09:27] [data] Done shuffling 20,000 sentences to temp files
[2026-07-26 18:09:30] Seen 20,000 samples
[2026-07-26 18:09:30] Starting data epoch 933 in logical epoch 933
[2026-07-26 18:09:30] [data] Shuffling data
[2026-07-26 18:09:30] [data] Done reading 20,000 sentences
[2026-07-26 18:09:30] [data] Done shuffling 20,000 sentences to temp files
[2026-07-26 18:09:34] Seen 20,000 samples
[2026-07-26 18:09:34] Starting data epoch 934 in logical epoch 934
[2026-07-26 18:09:34] [data] Shuffling data
[2026-07-26 18:09:34] [data] Done reading 20,000 sentences
[2026-07-26 18:09:34] [data] Done shuffling 20,000 sentences to temp files
[2026-07-26 18:09:38] Seen 20,000 samples
[2026-07-26 18:09:38] Starting data epoch 935 in logical epoch 935
[2026-07-26 18:09:38] [data] Shuffling data
[2026-07-26 18:09:38] [data] Done reading 20,000 sentences
[2026-07-26 18:09:38] [data] Done shuffling 20,000 sentences to temp files
[2026-07-26 18:09:41] Seen 20,000 samples
[2026-07-26 18:09:41] Starting data epoch 936 in logical epoch 936
[2026-07-26 18:09:41] [data] Shuffling data
[2026-07-26 18:09:41] [data] Done reading 20,000 sentences
[2026-07-26 18:09:41] [data] Done shuffling 20,000 sentences to temp files
[2026-07-26 18:09:45] Seen 20,000 samples
[2026-07-26 18:09:45] Starting data epoch 937 in logical epoch 937
[2026-07-26 18:09:45] [data] Shuffling data
[2026-07-26 18:09:45] [data] Done reading 20,000 sentences
[2026-07-26 18:09:45] [data] Done shuffling 20,000 sentences to temp files
[2026-07-26 18:09:48] Seen 20,000 samples
[2026-07-26 18:09:48] Starting data epoch 938 in logical epoch 938
[2026-07-26 18:09:48] [data] Shuffling data
[2026-07-26 18:09:48] [data] Done reading 20,000 sentences
[2026-07-26 18:09:48] [data] Done shuffling 20,000 sentences to temp files
[2026-07-26 18:09:52] Seen 20,000 samples
[2026-07-26 18:09:52] Starting data epoch 939 in logical epoch 939
[2026-07-26 18:09:52] [data] Shuffling data
[2026-07-26 18:09:52] [data] Done reading 20,000 sentences
[2026-07-26 18:09:52] [data] Done shuffling 20,000 sentences to temp files
[2026-07-26 18:09:55] Seen 20,000 samples
[2026-07-26 18:09:55] Starting data epoch 940 in logical epoch 940
[2026-07-26 18:09:55] [data] Shuffling data
[2026-07-26 18:09:55] [data] Done reading 20,000 sentences
[2026-07-26 18:09:55] [data] Done shuffling 20,000 sentences to temp files
[2026-07-26 18:09:59] Seen 20,000 samples
[2026-07-26 18:09:59] Starting data epoch 941 in logical epoch 941
[2026-07-26 18:09:59] [data] Shuffling data
[2026-07-26 18:09:59] [data] Done reading 20,000 sentences
[2026-07-26 18:09:59] [data] Done shuffling 20,000 sentences to temp files
[2026-07-26 18:10:02] Seen 20,000 samples
[2026-07-26 18:10:02] Starting data epoch 942 in logical epoch 942
[2026-07-26 18:10:02] [data] Shuffling data
[2026-07-26 18:10:02] [data] Done reading 20,000 sentences
[2026-07-26 18:10:02] [data] Done shuffling 20,000 sentences to temp files
[2026-07-26 18:10:06] Seen 20,000 samples
[2026-07-26 18:10:06] Starting data epoch 943 in logical epoch 943
[2026-07-26 18:10:06] [data] Shuffling data
[2026-07-26 18:10:06] [data] Done reading 20,000 sentences
[2026-07-26 18:10:06] [data] Done shuffling 20,000 sentences to temp files
[2026-07-26 18:10:09] Seen 20,000 samples
[2026-07-26 18:10:09] Starting data epoch 944 in logical epoch 944
[2026-07-26 18:10:09] [data] Shuffling data
[2026-07-26 18:10:09] [data] Done reading 20,000 sentences
[2026-07-26 18:10:09] [data] Done shuffling 20,000 sentences to temp files
[2026-07-26 18:10:10] Ep. 944 : Up. 23500 : Sen. 658 : Cost 1.16804278 * 1,552,041 @ 1,974 after 72,938,309 : Time 71.22s : 21791.32 words/s : gNorm 0.4156 : L.r. 2.4754e-04
[2026-07-26 18:10:13] Seen 20,000 samples
[2026-07-26 18:10:13] Starting data epoch 945 in logical epoch 945
[2026-07-26 18:10:13] [data] Shuffling data
[2026-07-26 18:10:13] [data] Done reading 20,000 sentences
[2026-07-26 18:10:13] [data] Done shuffling 20,000 sentences to temp files
[2026-07-26 18:10:16] Seen 20,000 samples
[2026-07-26 18:10:16] Starting data epoch 946 in logical epoch 946
[2026-07-26 18:10:16] [data] Shuffling data
[2026-07-26 18:10:16] [data] Done reading 20,000 sentences
[2026-07-26 18:10:16] [data] Done shuffling 20,000 sentences to temp files
[2026-07-26 18:10:20] Seen 20,000 samples
[2026-07-26 18:10:20] Starting data epoch 947 in logical epoch 947
[2026-07-26 18:10:20] [data] Shuffling data
[2026-07-26 18:10:20] [data] Done reading 20,000 sentences
[2026-07-26 18:10:20] [data] Done shuffling 20,000 sentences to temp files
[2026-07-26 18:10:23] Seen 20,000 samples
[2026-07-26 18:10:23] Starting data epoch 948 in logical epoch 948
[2026-07-26 18:10:23] [data] Shuffling data
[2026-07-26 18:10:23] [data] Done reading 20,000 sentences
[2026-07-26 18:10:23] [data] Done shuffling 20,000 sentences to temp files
[2026-07-26 18:10:26] Seen 20,000 samples
[2026-07-26 18:10:26] Starting data epoch 949 in logical epoch 949
[2026-07-26 18:10:26] [data] Shuffling data
[2026-07-26 18:10:26] [data] Done reading 20,000 sentences
[2026-07-26 18:10:27] [data] Done shuffling 20,000 sentences to temp files
[2026-07-26 18:10:31] Seen 20,000 samples
[2026-07-26 18:10:31] Starting data epoch 950 in logical epoch 950
[2026-07-26 18:10:31] [data] Shuffling data
[2026-07-26 18:10:31] [data] Done reading 20,000 sentences
[2026-07-26 18:10:31] [data] Done shuffling 20,000 sentences to temp files
[2026-07-26 18:10:35] Seen 20,000 samples
[2026-07-26 18:10:35] Starting data epoch 951 in logical epoch 951
[2026-07-26 18:10:35] [data] Shuffling data
[2026-07-26 18:10:35] [data] Done reading 20,000 sentences
[2026-07-26 18:10:35] [data] Done shuffling 20,000 sentences to temp files
[2026-07-26 18:10:39] Seen 20,000 samples
[2026-07-26 18:10:39] Starting data epoch 952 in logical epoch 952
[2026-07-26 18:10:39] [data] Shuffling data
[2026-07-26 18:10:39] [data] Done reading 20,000 sentences
[2026-07-26 18:10:39] [data] Done shuffling 20,000 sentences to temp files
[2026-07-26 18:10:44] Seen 20,000 samples
[2026-07-26 18:10:44] Starting data epoch 953 in logical epoch 953
[2026-07-26 18:10:44] [data] Shuffling data
[2026-07-26 18:10:44] [data] Done reading 20,000 sentences
[2026-07-26 18:10:44] [data] Done shuffling 20,000 sentences to temp files
[2026-07-26 18:10:48] Seen 20,000 samples
[2026-07-26 18:10:48] Starting data epoch 954 in logical epoch 954
[2026-07-26 18:10:48] [data] Shuffling data
[2026-07-26 18:10:48] [data] Done reading 20,000 sentences
[2026-07-26 18:10:48] [data] Done shuffling 20,000 sentences to temp files
[2026-07-26 18:10:51] Seen 20,000 samples
[2026-07-26 18:10:51] Starting data epoch 955 in logical epoch 955
[2026-07-26 18:10:51] [data] Shuffling data
[2026-07-26 18:10:51] [data] Done reading 20,000 sentences
[2026-07-26 18:10:51] [data] Done shuffling 20,000 sentences to temp files
[2026-07-26 18:10:55] Seen 20,000 samples
[2026-07-26 18:10:55] Starting data epoch 956 in logical epoch 956
[2026-07-26 18:10:55] [data] Shuffling data
[2026-07-26 18:10:55] [data] Done reading 20,000 sentences
[2026-07-26 18:10:55] [data] Done shuffling 20,000 sentences to temp files
[2026-07-26 18:10:59] Seen 20,000 samples
[2026-07-26 18:10:59] Starting data epoch 957 in logical epoch 957
[2026-07-26 18:10:59] [data] Shuffling data
[2026-07-26 18:10:59] [data] Done reading 20,000 sentences
[2026-07-26 18:10:59] [data] Done shuffling 20,000 sentences to temp files
[2026-07-26 18:11:03] Seen 20,000 samples
[2026-07-26 18:11:03] Starting data epoch 958 in logical epoch 958
[2026-07-26 18:11:03] [data] Shuffling data
[2026-07-26 18:11:03] [data] Done reading 20,000 sentences
[2026-07-26 18:11:03] [data] Done shuffling 20,000 sentences to temp files
[2026-07-26 18:11:07] Seen 20,000 samples
[2026-07-26 18:11:07] Starting data epoch 959 in logical epoch 959
[2026-07-26 18:11:07] [data] Shuffling data
[2026-07-26 18:11:07] [data] Done reading 20,000 sentences
[2026-07-26 18:11:07] [data] Done shuffling 20,000 sentences to temp files
[2026-07-26 18:11:10] Seen 20,000 samples
[2026-07-26 18:11:10] Starting data epoch 960 in logical epoch 960
[2026-07-26 18:11:10] [data] Shuffling data
[2026-07-26 18:11:10] [data] Done reading 20,000 sentences
[2026-07-26 18:11:11] [data] Done shuffling 20,000 sentences to temp files
[2026-07-26 18:11:14] Seen 20,000 samples
[2026-07-26 18:11:14] Starting data epoch 961 in logical epoch 961
[2026-07-26 18:11:14] [data] Shuffling data
[2026-07-26 18:11:14] [data] Done reading 20,000 sentences
[2026-07-26 18:11:14] [data] Done shuffling 20,000 sentences to temp files
[2026-07-26 18:11:18] Seen 20,000 samples
[2026-07-26 18:11:18] Starting data epoch 962 in logical epoch 962
[2026-07-26 18:11:18] [data] Shuffling data
[2026-07-26 18:11:18] [data] Done reading 20,000 sentences
[2026-07-26 18:11:18] [data] Done shuffling 20,000 sentences to temp files
[2026-07-26 18:11:22] Seen 20,000 samples
[2026-07-26 18:11:22] Starting data epoch 963 in logical epoch 963
[2026-07-26 18:11:22] [data] Shuffling data
[2026-07-26 18:11:22] [data] Done reading 20,000 sentences
[2026-07-26 18:11:22] [data] Done shuffling 20,000 sentences to temp files
[2026-07-26 18:11:26] Seen 20,000 samples
[2026-07-26 18:11:26] Starting data epoch 964 in logical epoch 964
[2026-07-26 18:11:26] [data] Shuffling data
[2026-07-26 18:11:26] [data] Done reading 20,000 sentences
[2026-07-26 18:11:26] [data] Done shuffling 20,000 sentences to temp files
[2026-07-26 18:11:27] Ep. 964 : Up. 24000 : Sen. 4,298 : Cost 1.16763794 * 1,562,398 @ 2,883 after 74,500,707 : Time 76.99s : 20293.53 words/s : gNorm 0.1294 : L.r. 2.4495e-04
[2026-07-26 18:11:29] Seen 20,000 samples
[2026-07-26 18:11:29] Starting data epoch 965 in logical epoch 965
[2026-07-26 18:11:29] [data] Shuffling data
[2026-07-26 18:11:29] [data] Done reading 20,000 sentences
[2026-07-26 18:11:29] [data] Done shuffling 20,000 sentences to temp files
[2026-07-26 18:11:33] Seen 20,000 samples
[2026-07-26 18:11:33] Starting data epoch 966 in logical epoch 966
[2026-07-26 18:11:33] [data] Shuffling data
[2026-07-26 18:11:33] [data] Done reading 20,000 sentences
[2026-07-26 18:11:33] [data] Done shuffling 20,000 sentences to temp files
[2026-07-26 18:11:37] Seen 20,000 samples
[2026-07-26 18:11:37] Starting data epoch 967 in logical epoch 967
[2026-07-26 18:11:37] [data] Shuffling data
[2026-07-26 18:11:37] [data] Done reading 20,000 sentences
[2026-07-26 18:11:37] [data] Done shuffling 20,000 sentences to temp files
[2026-07-26 18:11:41] Seen 20,000 samples
[2026-07-26 18:11:41] Starting data epoch 968 in logical epoch 968
[2026-07-26 18:11:41] [data] Shuffling data
[2026-07-26 18:11:41] [data] Done reading 20,000 sentences
[2026-07-26 18:11:41] [data] Done shuffling 20,000 sentences to temp files
[2026-07-26 18:11:44] Seen 20,000 samples
[2026-07-26 18:11:44] Starting data epoch 969 in logical epoch 969
[2026-07-26 18:11:44] [data] Shuffling data
[2026-07-26 18:11:44] [data] Done reading 20,000 sentences
[2026-07-26 18:11:44] [data] Done shuffling 20,000 sentences to temp files
[2026-07-26 18:11:48] Seen 20,000 samples
[2026-07-26 18:11:48] Starting data epoch 970 in logical epoch 970
[2026-07-26 18:11:48] [data] Shuffling data
[2026-07-26 18:11:48] [data] Done reading 20,000 sentences
[2026-07-26 18:11:48] [data] Done shuffling 20,000 sentences to temp files
[2026-07-26 18:11:51] Seen 20,000 samples
[2026-07-26 18:11:51] Starting data epoch 971 in logical epoch 971
[2026-07-26 18:11:51] [data] Shuffling data
[2026-07-26 18:11:51] [data] Done reading 20,000 sentences
[2026-07-26 18:11:52] [data] Done shuffling 20,000 sentences to temp files
[2026-07-26 18:11:55] Seen 20,000 samples
[2026-07-26 18:11:55] Starting data epoch 972 in logical epoch 972
[2026-07-26 18:11:55] [data] Shuffling data
[2026-07-26 18:11:55] [data] Done reading 20,000 sentences
[2026-07-26 18:11:55] [data] Done shuffling 20,000 sentences to temp files
[2026-07-26 18:11:58] Seen 20,000 samples
[2026-07-26 18:11:58] Starting data epoch 973 in logical epoch 973
[2026-07-26 18:11:58] [data] Shuffling data
[2026-07-26 18:11:58] [data] Done reading 20,000 sentences
[2026-07-26 18:11:58] [data] Done shuffling 20,000 sentences to temp files
[2026-07-26 18:12:02] Seen 20,000 samples
[2026-07-26 18:12:02] Starting data epoch 974 in logical epoch 974
[2026-07-26 18:12:02] [data] Shuffling data
[2026-07-26 18:12:02] [data] Done reading 20,000 sentences
[2026-07-26 18:12:02] [data] Done shuffling 20,000 sentences to temp files
[2026-07-26 18:12:05] Seen 20,000 samples
[2026-07-26 18:12:05] Starting data epoch 975 in logical epoch 975
[2026-07-26 18:12:05] [data] Shuffling data
[2026-07-26 18:12:05] [data] Done reading 20,000 sentences
[2026-07-26 18:12:05] [data] Done shuffling 20,000 sentences to temp files
[2026-07-26 18:12:08] Seen 20,000 samples
[2026-07-26 18:12:08] Starting data epoch 976 in logical epoch 976
[2026-07-26 18:12:08] [data] Shuffling data
[2026-07-26 18:12:08] [data] Done reading 20,000 sentences
[2026-07-26 18:12:08] [data] Done shuffling 20,000 sentences to temp files
[2026-07-26 18:12:12] Seen 20,000 samples
[2026-07-26 18:12:12] Starting data epoch 977 in logical epoch 977
[2026-07-26 18:12:12] [data] Shuffling data
[2026-07-26 18:12:12] [data] Done reading 20,000 sentences
[2026-07-26 18:12:12] [data] Done shuffling 20,000 sentences to temp files
[2026-07-26 18:12:16] Seen 20,000 samples
[2026-07-26 18:12:16] Starting data epoch 978 in logical epoch 978
[2026-07-26 18:12:16] [data] Shuffling data
[2026-07-26 18:12:16] [data] Done reading 20,000 sentences
[2026-07-26 18:12:16] [data] Done shuffling 20,000 sentences to temp files
[2026-07-26 18:12:19] Seen 20,000 samples
[2026-07-26 18:12:19] Starting data epoch 979 in logical epoch 979
[2026-07-26 18:12:19] [data] Shuffling data
[2026-07-26 18:12:19] [data] Done reading 20,000 sentences
[2026-07-26 18:12:19] [data] Done shuffling 20,000 sentences to temp files
[2026-07-26 18:12:23] Seen 20,000 samples
[2026-07-26 18:12:23] Starting data epoch 980 in logical epoch 980
[2026-07-26 18:12:23] [data] Shuffling data
[2026-07-26 18:12:23] [data] Done reading 20,000 sentences
[2026-07-26 18:12:23] [data] Done shuffling 20,000 sentences to temp files
[2026-07-26 18:12:27] Seen 20,000 samples
[2026-07-26 18:12:27] Starting data epoch 981 in logical epoch 981
[2026-07-26 18:12:27] [data] Shuffling data
[2026-07-26 18:12:27] [data] Done reading 20,000 sentences
[2026-07-26 18:12:27] [data] Done shuffling 20,000 sentences to temp files
[2026-07-26 18:12:31] Seen 20,000 samples
[2026-07-26 18:12:31] Starting data epoch 982 in logical epoch 982
[2026-07-26 18:12:31] [data] Shuffling data
[2026-07-26 18:12:31] [data] Done reading 20,000 sentences
[2026-07-26 18:12:31] [data] Done shuffling 20,000 sentences to temp files
[2026-07-26 18:12:34] Seen 20,000 samples
[2026-07-26 18:12:34] Starting data epoch 983 in logical epoch 983
[2026-07-26 18:12:34] [data] Shuffling data
[2026-07-26 18:12:34] [data] Done reading 20,000 sentences
[2026-07-26 18:12:34] [data] Done shuffling 20,000 sentences to temp files
[2026-07-26 18:12:37] Seen 20,000 samples
[2026-07-26 18:12:37] Starting data epoch 984 in logical epoch 984
[2026-07-26 18:12:37] [data] Shuffling data
[2026-07-26 18:12:38] [data] Done reading 20,000 sentences
[2026-07-26 18:12:38] [data] Done shuffling 20,000 sentences to temp files
[2026-07-26 18:12:38] Ep. 984 : Up. 24500 : Sen. 3,059 : Cost 1.16724479 * 1,540,588 @ 2,871 after 76,041,295 : Time 71.51s : 21544.42 words/s : gNorm 0.1161 : L.r. 2.4244e-04
[2026-07-26 18:12:41] Seen 20,000 samples
[2026-07-26 18:12:41] Starting data epoch 985 in logical epoch 985
[2026-07-26 18:12:41] [data] Shuffling data
[2026-07-26 18:12:41] [data] Done reading 20,000 sentences
[2026-07-26 18:12:41] [data] Done shuffling 20,000 sentences to temp files
[2026-07-26 18:12:45] Seen 20,000 samples
[2026-07-26 18:12:45] Starting data epoch 986 in logical epoch 986
[2026-07-26 18:12:45] [data] Shuffling data
[2026-07-26 18:12:45] [data] Done reading 20,000 sentences
[2026-07-26 18:12:45] [data] Done shuffling 20,000 sentences to temp files
[2026-07-26 18:12:49] Seen 20,000 samples
[2026-07-26 18:12:49] Starting data epoch 987 in logical epoch 987
[2026-07-26 18:12:49] [data] Shuffling data
[2026-07-26 18:12:49] [data] Done reading 20,000 sentences
[2026-07-26 18:12:49] [data] Done shuffling 20,000 sentences to temp files
[2026-07-26 18:12:53] Seen 20,000 samples
[2026-07-26 18:12:53] Starting data epoch 988 in logical epoch 988
[2026-07-26 18:12:53] [data] Shuffling data
[2026-07-26 18:12:53] [data] Done reading 20,000 sentences
[2026-07-26 18:12:53] [data] Done shuffling 20,000 sentences to temp files
[2026-07-26 18:12:56] Seen 20,000 samples
[2026-07-26 18:12:56] Starting data epoch 989 in logical epoch 989
[2026-07-26 18:12:56] [data] Shuffling data
[2026-07-26 18:12:56] [data] Done reading 20,000 sentences
[2026-07-26 18:12:56] [data] Done shuffling 20,000 sentences to temp files
[2026-07-26 18:13:00] Seen 20,000 samples
[2026-07-26 18:13:00] Starting data epoch 990 in logical epoch 990
[2026-07-26 18:13:00] [data] Shuffling data
[2026-07-26 18:13:00] [data] Done reading 20,000 sentences
[2026-07-26 18:13:00] [data] Done shuffling 20,000 sentences to temp files
[2026-07-26 18:13:03] Seen 20,000 samples
[2026-07-26 18:13:03] Starting data epoch 991 in logical epoch 991
[2026-07-26 18:13:03] [data] Shuffling data
[2026-07-26 18:13:04] [data] Done reading 20,000 sentences
[2026-07-26 18:13:04] [data] Done shuffling 20,000 sentences to temp files
[2026-07-26 18:13:07] Seen 20,000 samples
[2026-07-26 18:13:07] Starting data epoch 992 in logical epoch 992
[2026-07-26 18:13:07] [data] Shuffling data
[2026-07-26 18:13:07] [data] Done reading 20,000 sentences
[2026-07-26 18:13:07] [data] Done shuffling 20,000 sentences to temp files
[2026-07-26 18:13:11] Seen 20,000 samples
[2026-07-26 18:13:11] Starting data epoch 993 in logical epoch 993
[2026-07-26 18:13:11] [data] Shuffling data
[2026-07-26 18:13:11] [data] Done reading 20,000 sentences
[2026-07-26 18:13:11] [data] Done shuffling 20,000 sentences to temp files
[2026-07-26 18:13:14] Seen 20,000 samples
[2026-07-26 18:13:14] Starting data epoch 994 in logical epoch 994
[2026-07-26 18:13:14] [data] Shuffling data
[2026-07-26 18:13:14] [data] Done reading 20,000 sentences
[2026-07-26 18:13:15] [data] Done shuffling 20,000 sentences to temp files
[2026-07-26 18:13:18] Seen 20,000 samples
[2026-07-26 18:13:18] Starting data epoch 995 in logical epoch 995
[2026-07-26 18:13:18] [data] Shuffling data
[2026-07-26 18:13:18] [data] Done reading 20,000 sentences
[2026-07-26 18:13:18] [data] Done shuffling 20,000 sentences to temp files
[2026-07-26 18:13:22] Seen 20,000 samples
[2026-07-26 18:13:22] Starting data epoch 996 in logical epoch 996
[2026-07-26 18:13:22] [data] Shuffling data
[2026-07-26 18:13:22] [data] Done reading 20,000 sentences
[2026-07-26 18:13:22] [data] Done shuffling 20,000 sentences to temp files
[2026-07-26 18:13:26] Seen 20,000 samples
[2026-07-26 18:13:26] Starting data epoch 997 in logical epoch 997
[2026-07-26 18:13:26] [data] Shuffling data
[2026-07-26 18:13:26] [data] Done reading 20,000 sentences
[2026-07-26 18:13:26] [data] Done shuffling 20,000 sentences to temp files
[2026-07-26 18:13:30] Seen 20,000 samples
[2026-07-26 18:13:30] Starting data epoch 998 in logical epoch 998
[2026-07-26 18:13:30] [data] Shuffling data
[2026-07-26 18:13:30] [data] Done reading 20,000 sentences
[2026-07-26 18:13:30] [data] Done shuffling 20,000 sentences to temp files
[2026-07-26 18:13:33] Seen 20,000 samples
[2026-07-26 18:13:33] Starting data epoch 999 in logical epoch 999
[2026-07-26 18:13:33] [data] Shuffling data
[2026-07-26 18:13:33] [data] Done reading 20,000 sentences
[2026-07-26 18:13:33] [data] Done shuffling 20,000 sentences to temp files
[2026-07-26 18:13:37] Seen 20,000 samples
[2026-07-26 18:13:37] Starting data epoch 1000 in logical epoch 1000
[2026-07-26 18:13:37] [data] Shuffling data
[2026-07-26 18:13:37] [data] Done reading 20,000 sentences
[2026-07-26 18:13:37] [data] Done shuffling 20,000 sentences to temp files
[2026-07-26 18:13:40] Seen 20,000 samples
[2026-07-26 18:13:40] Starting data epoch 1001 in logical epoch 1001
[2026-07-26 18:13:40] [data] Shuffling data
[2026-07-26 18:13:40] [data] Done reading 20,000 sentences
[2026-07-26 18:13:40] [data] Done shuffling 20,000 sentences to temp files
[2026-07-26 18:13:44] Seen 20,000 samples
[2026-07-26 18:13:44] Starting data epoch 1002 in logical epoch 1002
[2026-07-26 18:13:44] [data] Shuffling data
[2026-07-26 18:13:44] [data] Done reading 20,000 sentences
[2026-07-26 18:13:44] [data] Done shuffling 20,000 sentences to temp files
[2026-07-26 18:13:48] Seen 20,000 samples
[2026-07-26 18:13:48] Starting data epoch 1003 in logical epoch 1003
[2026-07-26 18:13:48] [data] Shuffling data
[2026-07-26 18:13:48] [data] Done reading 20,000 sentences
[2026-07-26 18:13:48] [data] Done shuffling 20,000 sentences to temp files
[2026-07-26 18:13:51] Seen 20,000 samples
[2026-07-26 18:13:51] Starting data epoch 1004 in logical epoch 1004
[2026-07-26 18:13:51] [data] Shuffling data
[2026-07-26 18:13:51] [data] Done reading 20,000 sentences
[2026-07-26 18:13:51] [data] Done shuffling 20,000 sentences to temp files
[2026-07-26 18:13:52] Ep. 1004 : Up. 25000 : Sen. 2,871 : Cost 1.16752303 * 1,548,236 @ 4,785 after 77,589,531 : Time 73.99s : 20925.26 words/s : gNorm 0.1187 : L.r. 2.4000e-04
[2026-07-26 18:13:52] Saving model weights and runtime parameters to /d/Job_Requirements/PracticalProjectsFromDrYe/AIE-F/assignment-submission/class-22/TheinGiKyaw_Assignment7/model.transformer.warmup4000_dropout01.phmy/model.npz
[2026-07-26 18:13:53] Saving Adam parameters
[2026-07-26 18:13:54] [training] Saving training checkpoint to /d/Job_Requirements/PracticalProjectsFromDrYe/AIE-F/assignment-submission/class-22/TheinGiKyaw_Assignment7/model.transformer.warmup4000_dropout01.phmy/model.npz and /d/Job_Requirements/PracticalProjectsFromDrYe/AIE-F/assignment-submission/class-22/TheinGiKyaw_Assignment7/model.transformer.warmup4000_dropout01.phmy/model.npz.optimizer.npz
[2026-07-26 18:13:57] [valid] Ep. 1004 : Up. 25000 : cross-entropy : 3.08683 : stalled 4 times (last best: 2.17222)
[2026-07-26 18:13:58] [valid] Ep. 1004 : Up. 25000 : perplexity : 2.23252 : stalled 4 times (last best: 1.75974)
[2026-07-26 18:14:02] [valid] Ep. 1004 : Up. 25000 : bleu : 75.0141 : stalled 4 times (last best: 76.4125)
[2026-07-26 18:14:04] Seen 20,000 samples
[2026-07-26 18:14:04] Starting data epoch 1005 in logical epoch 1005
[2026-07-26 18:14:04] [data] Shuffling data
[2026-07-26 18:14:04] [data] Done reading 20,000 sentences
[2026-07-26 18:14:04] [data] Done shuffling 20,000 sentences to temp files
[2026-07-26 18:14:07] Seen 20,000 samples
[2026-07-26 18:14:07] Starting data epoch 1006 in logical epoch 1006
[2026-07-26 18:14:07] [data] Shuffling data
[2026-07-26 18:14:07] [data] Done reading 20,000 sentences
[2026-07-26 18:14:07] [data] Done shuffling 20,000 sentences to temp files
[2026-07-26 18:14:10] Seen 20,000 samples
[2026-07-26 18:14:10] Starting data epoch 1007 in logical epoch 1007
[2026-07-26 18:14:10] [data] Shuffling data
[2026-07-26 18:14:10] [data] Done reading 20,000 sentences
[2026-07-26 18:14:10] [data] Done shuffling 20,000 sentences to temp files
[2026-07-26 18:14:13] Seen 20,000 samples
[2026-07-26 18:14:13] Starting data epoch 1008 in logical epoch 1008
[2026-07-26 18:14:13] [data] Shuffling data
[2026-07-26 18:14:13] [data] Done reading 20,000 sentences
[2026-07-26 18:14:13] [data] Done shuffling 20,000 sentences to temp files
[2026-07-26 18:14:16] Seen 20,000 samples
[2026-07-26 18:14:16] Starting data epoch 1009 in logical epoch 1009
[2026-07-26 18:14:16] [data] Shuffling data
[2026-07-26 18:14:16] [data] Done reading 20,000 sentences
[2026-07-26 18:14:16] [data] Done shuffling 20,000 sentences to temp files
[2026-07-26 18:14:20] Seen 20,000 samples
[2026-07-26 18:14:20] Starting data epoch 1010 in logical epoch 1010
[2026-07-26 18:14:20] [data] Shuffling data
[2026-07-26 18:14:20] [data] Done reading 20,000 sentences
[2026-07-26 18:14:20] [data] Done shuffling 20,000 sentences to temp files
[2026-07-26 18:14:24] Seen 20,000 samples
[2026-07-26 18:14:24] Starting data epoch 1011 in logical epoch 1011
[2026-07-26 18:14:24] [data] Shuffling data
[2026-07-26 18:14:24] [data] Done reading 20,000 sentences
[2026-07-26 18:14:24] [data] Done shuffling 20,000 sentences to temp files
[2026-07-26 18:14:28] Seen 20,000 samples
[2026-07-26 18:14:28] Starting data epoch 1012 in logical epoch 1012
[2026-07-26 18:14:28] [data] Shuffling data
[2026-07-26 18:14:28] [data] Done reading 20,000 sentences
[2026-07-26 18:14:28] [data] Done shuffling 20,000 sentences to temp files
[2026-07-26 18:14:32] Seen 20,000 samples
[2026-07-26 18:14:32] Starting data epoch 1013 in logical epoch 1013
[2026-07-26 18:14:32] [data] Shuffling data
[2026-07-26 18:14:32] [data] Done reading 20,000 sentences
[2026-07-26 18:14:32] [data] Done shuffling 20,000 sentences to temp files
[2026-07-26 18:14:36] Seen 20,000 samples
[2026-07-26 18:14:36] Starting data epoch 1014 in logical epoch 1014
[2026-07-26 18:14:36] [data] Shuffling data
[2026-07-26 18:14:36] [data] Done reading 20,000 sentences
[2026-07-26 18:14:36] [data] Done shuffling 20,000 sentences to temp files
[2026-07-26 18:14:40] Seen 20,000 samples
[2026-07-26 18:14:40] Starting data epoch 1015 in logical epoch 1015
[2026-07-26 18:14:40] [data] Shuffling data
[2026-07-26 18:14:40] [data] Done reading 20,000 sentences
[2026-07-26 18:14:40] [data] Done shuffling 20,000 sentences to temp files
[2026-07-26 18:14:43] Seen 20,000 samples
[2026-07-26 18:14:43] Starting data epoch 1016 in logical epoch 1016
[2026-07-26 18:14:43] [data] Shuffling data
[2026-07-26 18:14:43] [data] Done reading 20,000 sentences
[2026-07-26 18:14:44] [data] Done shuffling 20,000 sentences to temp files
[2026-07-26 18:14:47] Seen 20,000 samples
[2026-07-26 18:14:47] Starting data epoch 1017 in logical epoch 1017
[2026-07-26 18:14:47] [data] Shuffling data
[2026-07-26 18:14:47] [data] Done reading 20,000 sentences
[2026-07-26 18:14:47] [data] Done shuffling 20,000 sentences to temp files
[2026-07-26 18:14:51] Seen 20,000 samples
[2026-07-26 18:14:51] Starting data epoch 1018 in logical epoch 1018
[2026-07-26 18:14:51] [data] Shuffling data
[2026-07-26 18:14:51] [data] Done reading 20,000 sentences
[2026-07-26 18:14:51] [data] Done shuffling 20,000 sentences to temp files
[2026-07-26 18:14:55] Seen 20,000 samples
[2026-07-26 18:14:55] Starting data epoch 1019 in logical epoch 1019
[2026-07-26 18:14:55] [data] Shuffling data
[2026-07-26 18:14:55] [data] Done reading 20,000 sentences
[2026-07-26 18:14:55] [data] Done shuffling 20,000 sentences to temp files
[2026-07-26 18:14:59] Seen 20,000 samples
[2026-07-26 18:14:59] Starting data epoch 1020 in logical epoch 1020
[2026-07-26 18:14:59] [data] Shuffling data
[2026-07-26 18:14:59] [data] Done reading 20,000 sentences
[2026-07-26 18:14:59] [data] Done shuffling 20,000 sentences to temp files
[2026-07-26 18:15:03] Seen 20,000 samples
[2026-07-26 18:15:03] Starting data epoch 1021 in logical epoch 1021
[2026-07-26 18:15:03] [data] Shuffling data
[2026-07-26 18:15:03] [data] Done reading 20,000 sentences
[2026-07-26 18:15:03] [data] Done shuffling 20,000 sentences to temp files
[2026-07-26 18:15:07] Seen 20,000 samples
[2026-07-26 18:15:07] Starting data epoch 1022 in logical epoch 1022
[2026-07-26 18:15:07] [data] Shuffling data
[2026-07-26 18:15:07] [data] Done reading 20,000 sentences
[2026-07-26 18:15:07] [data] Done shuffling 20,000 sentences to temp files
[2026-07-26 18:15:11] Seen 20,000 samples
[2026-07-26 18:15:11] Starting data epoch 1023 in logical epoch 1023
[2026-07-26 18:15:11] [data] Shuffling data
[2026-07-26 18:15:11] [data] Done reading 20,000 sentences
[2026-07-26 18:15:11] [data] Done shuffling 20,000 sentences to temp files
[2026-07-26 18:15:15] Seen 20,000 samples
[2026-07-26 18:15:15] Starting data epoch 1024 in logical epoch 1024
[2026-07-26 18:15:15] [data] Shuffling data
[2026-07-26 18:15:15] [data] Done reading 20,000 sentences
[2026-07-26 18:15:15] [data] Done shuffling 20,000 sentences to temp files
[2026-07-26 18:15:16] Ep. 1024 : Up. 25500 : Sen. 3,529 : Cost 1.16712987 * 1,547,481 @ 2,871 after 79,137,012 : Time 83.54s : 18524.72 words/s : gNorm 0.1469 : L.r. 2.3764e-04
[2026-07-26 18:15:19] Seen 20,000 samples
[2026-07-26 18:15:19] Starting data epoch 1025 in logical epoch 1025
[2026-07-26 18:15:19] [data] Shuffling data
[2026-07-26 18:15:19] [data] Done reading 20,000 sentences
[2026-07-26 18:15:19] [data] Done shuffling 20,000 sentences to temp files
[2026-07-26 18:15:23] Seen 20,000 samples
[2026-07-26 18:15:23] Starting data epoch 1026 in logical epoch 1026
[2026-07-26 18:15:23] [data] Shuffling data
[2026-07-26 18:15:23] [data] Done reading 20,000 sentences
[2026-07-26 18:15:23] [data] Done shuffling 20,000 sentences to temp files
[2026-07-26 18:15:26] Seen 20,000 samples
[2026-07-26 18:15:26] Starting data epoch 1027 in logical epoch 1027
[2026-07-26 18:15:26] [data] Shuffling data
[2026-07-26 18:15:26] [data] Done reading 20,000 sentences
[2026-07-26 18:15:27] [data] Done shuffling 20,000 sentences to temp files
[2026-07-26 18:15:30] Seen 20,000 samples
[2026-07-26 18:15:30] Starting data epoch 1028 in logical epoch 1028
[2026-07-26 18:15:30] [data] Shuffling data
[2026-07-26 18:15:30] [data] Done reading 20,000 sentences
[2026-07-26 18:15:30] [data] Done shuffling 20,000 sentences to temp files
[2026-07-26 18:15:34] Seen 20,000 samples
[2026-07-26 18:15:34] Starting data epoch 1029 in logical epoch 1029
[2026-07-26 18:15:34] [data] Shuffling data
[2026-07-26 18:15:34] [data] Done reading 20,000 sentences
[2026-07-26 18:15:34] [data] Done shuffling 20,000 sentences to temp files
[2026-07-26 18:15:38] Seen 20,000 samples
[2026-07-26 18:15:38] Starting data epoch 1030 in logical epoch 1030
[2026-07-26 18:15:38] [data] Shuffling data
[2026-07-26 18:15:38] [data] Done reading 20,000 sentences
[2026-07-26 18:15:38] [data] Done shuffling 20,000 sentences to temp files
[2026-07-26 18:15:42] Seen 20,000 samples
[2026-07-26 18:15:42] Starting data epoch 1031 in logical epoch 1031
[2026-07-26 18:15:42] [data] Shuffling data
[2026-07-26 18:15:42] [data] Done reading 20,000 sentences
[2026-07-26 18:15:42] [data] Done shuffling 20,000 sentences to temp files
[2026-07-26 18:15:45] Seen 20,000 samples
[2026-07-26 18:15:45] Starting data epoch 1032 in logical epoch 1032
[2026-07-26 18:15:45] [data] Shuffling data
[2026-07-26 18:15:45] [data] Done reading 20,000 sentences
[2026-07-26 18:15:45] [data] Done shuffling 20,000 sentences to temp files
[2026-07-26 18:15:49] Seen 20,000 samples
[2026-07-26 18:15:49] Starting data epoch 1033 in logical epoch 1033
[2026-07-26 18:15:49] [data] Shuffling data
[2026-07-26 18:15:49] [data] Done reading 20,000 sentences
[2026-07-26 18:15:49] [data] Done shuffling 20,000 sentences to temp files
[2026-07-26 18:15:53] Seen 20,000 samples
[2026-07-26 18:15:53] Starting data epoch 1034 in logical epoch 1034
[2026-07-26 18:15:53] [data] Shuffling data
[2026-07-26 18:15:53] [data] Done reading 20,000 sentences
[2026-07-26 18:15:53] [data] Done shuffling 20,000 sentences to temp files
[2026-07-26 18:15:57] Seen 20,000 samples
[2026-07-26 18:15:57] Starting data epoch 1035 in logical epoch 1035
[2026-07-26 18:15:57] [data] Shuffling data
[2026-07-26 18:15:57] [data] Done reading 20,000 sentences
[2026-07-26 18:15:57] [data] Done shuffling 20,000 sentences to temp files
[2026-07-26 18:16:00] Seen 20,000 samples
[2026-07-26 18:16:00] Starting data epoch 1036 in logical epoch 1036
[2026-07-26 18:16:00] [data] Shuffling data
[2026-07-26 18:16:00] [data] Done reading 20,000 sentences
[2026-07-26 18:16:00] [data] Done shuffling 20,000 sentences to temp files
[2026-07-26 18:16:04] Seen 20,000 samples
[2026-07-26 18:16:04] Starting data epoch 1037 in logical epoch 1037
[2026-07-26 18:16:04] [data] Shuffling data
[2026-07-26 18:16:04] [data] Done reading 20,000 sentences
[2026-07-26 18:16:04] [data] Done shuffling 20,000 sentences to temp files
[2026-07-26 18:16:08] Seen 20,000 samples
[2026-07-26 18:16:08] Starting data epoch 1038 in logical epoch 1038
[2026-07-26 18:16:08] [data] Shuffling data
[2026-07-26 18:16:08] [data] Done reading 20,000 sentences
[2026-07-26 18:16:08] [data] Done shuffling 20,000 sentences to temp files
[2026-07-26 18:16:12] Seen 20,000 samples
[2026-07-26 18:16:12] Starting data epoch 1039 in logical epoch 1039
[2026-07-26 18:16:12] [data] Shuffling data
[2026-07-26 18:16:12] [data] Done reading 20,000 sentences
[2026-07-26 18:16:12] [data] Done shuffling 20,000 sentences to temp files
[2026-07-26 18:16:16] Seen 20,000 samples
[2026-07-26 18:16:16] Starting data epoch 1040 in logical epoch 1040
[2026-07-26 18:16:16] [data] Shuffling data
[2026-07-26 18:16:16] [data] Done reading 20,000 sentences
[2026-07-26 18:16:16] [data] Done shuffling 20,000 sentences to temp files
[2026-07-26 18:16:20] Seen 20,000 samples
[2026-07-26 18:16:21] Starting data epoch 1041 in logical epoch 1041
[2026-07-26 18:16:21] [data] Shuffling data
[2026-07-26 18:16:21] [data] Done reading 20,000 sentences
[2026-07-26 18:16:21] [data] Done shuffling 20,000 sentences to temp files
[2026-07-26 18:16:24] Seen 20,000 samples
[2026-07-26 18:16:24] Starting data epoch 1042 in logical epoch 1042
[2026-07-26 18:16:24] [data] Shuffling data
[2026-07-26 18:16:24] [data] Done reading 20,000 sentences
[2026-07-26 18:16:24] [data] Done shuffling 20,000 sentences to temp files
[2026-07-26 18:16:28] Seen 20,000 samples
[2026-07-26 18:16:28] Starting data epoch 1043 in logical epoch 1043
[2026-07-26 18:16:28] [data] Shuffling data
[2026-07-26 18:16:28] [data] Done reading 20,000 sentences
[2026-07-26 18:16:28] [data] Done shuffling 20,000 sentences to temp files
[2026-07-26 18:16:32] Seen 20,000 samples
[2026-07-26 18:16:32] Starting data epoch 1044 in logical epoch 1044
[2026-07-26 18:16:32] [data] Shuffling data
[2026-07-26 18:16:32] [data] Done reading 20,000 sentences
[2026-07-26 18:16:32] [data] Done shuffling 20,000 sentences to temp files
[2026-07-26 18:16:34] Ep. 1044 : Up. 26000 : Sen. 5,443 : Cost 1.16713798 * 1,554,741 @ 564 after 80,691,753 : Time 77.73s : 20001.03 words/s : gNorm 0.1164 : L.r. 2.3534e-04
[2026-07-26 18:16:36] Seen 20,000 samples
[2026-07-26 18:16:36] Starting data epoch 1045 in logical epoch 1045
[2026-07-26 18:16:36] [data] Shuffling data
[2026-07-26 18:16:36] [data] Done reading 20,000 sentences
[2026-07-26 18:16:36] [data] Done shuffling 20,000 sentences to temp files
[2026-07-26 18:16:40] Seen 20,000 samples
[2026-07-26 18:16:40] Starting data epoch 1046 in logical epoch 1046
[2026-07-26 18:16:40] [data] Shuffling data
[2026-07-26 18:16:40] [data] Done reading 20,000 sentences
[2026-07-26 18:16:40] [data] Done shuffling 20,000 sentences to temp files
[2026-07-26 18:16:44] Seen 20,000 samples
[2026-07-26 18:16:44] Starting data epoch 1047 in logical epoch 1047
[2026-07-26 18:16:44] [data] Shuffling data
[2026-07-26 18:16:44] [data] Done reading 20,000 sentences
[2026-07-26 18:16:44] [data] Done shuffling 20,000 sentences to temp files
[2026-07-26 18:16:48] Seen 20,000 samples
[2026-07-26 18:16:48] Starting data epoch 1048 in logical epoch 1048
[2026-07-26 18:16:48] [data] Shuffling data
[2026-07-26 18:16:48] [data] Done reading 20,000 sentences
[2026-07-26 18:16:48] [data] Done shuffling 20,000 sentences to temp files
[2026-07-26 18:16:52] Seen 20,000 samples
[2026-07-26 18:16:52] Starting data epoch 1049 in logical epoch 1049
[2026-07-26 18:16:52] [data] Shuffling data
[2026-07-26 18:16:52] [data] Done reading 20,000 sentences
[2026-07-26 18:16:52] [data] Done shuffling 20,000 sentences to temp files
[2026-07-26 18:16:55] Seen 20,000 samples
[2026-07-26 18:16:55] Starting data epoch 1050 in logical epoch 1050
[2026-07-26 18:16:55] [data] Shuffling data
[2026-07-26 18:16:55] [data] Done reading 20,000 sentences
[2026-07-26 18:16:56] [data] Done shuffling 20,000 sentences to temp files
[2026-07-26 18:16:59] Seen 20,000 samples
[2026-07-26 18:16:59] Starting data epoch 1051 in logical epoch 1051
[2026-07-26 18:16:59] [data] Shuffling data
[2026-07-26 18:16:59] [data] Done reading 20,000 sentences
[2026-07-26 18:16:59] [data] Done shuffling 20,000 sentences to temp files
[2026-07-26 18:17:03] Seen 20,000 samples
[2026-07-26 18:17:03] Starting data epoch 1052 in logical epoch 1052
[2026-07-26 18:17:03] [data] Shuffling data
[2026-07-26 18:17:03] [data] Done reading 20,000 sentences
[2026-07-26 18:17:03] [data] Done shuffling 20,000 sentences to temp files
[2026-07-26 18:17:07] Seen 20,000 samples
[2026-07-26 18:17:07] Starting data epoch 1053 in logical epoch 1053
[2026-07-26 18:17:07] [data] Shuffling data
[2026-07-26 18:17:07] [data] Done reading 20,000 sentences
[2026-07-26 18:17:07] [data] Done shuffling 20,000 sentences to temp files
[2026-07-26 18:17:11] Seen 20,000 samples
[2026-07-26 18:17:11] Starting data epoch 1054 in logical epoch 1054
[2026-07-26 18:17:11] [data] Shuffling data
[2026-07-26 18:17:11] [data] Done reading 20,000 sentences
[2026-07-26 18:17:11] [data] Done shuffling 20,000 sentences to temp files
[2026-07-26 18:17:15] Seen 20,000 samples
[2026-07-26 18:17:15] Starting data epoch 1055 in logical epoch 1055
[2026-07-26 18:17:15] [data] Shuffling data
[2026-07-26 18:17:15] [data] Done reading 20,000 sentences
[2026-07-26 18:17:15] [data] Done shuffling 20,000 sentences to temp files
[2026-07-26 18:17:18] Seen 20,000 samples
[2026-07-26 18:17:18] Starting data epoch 1056 in logical epoch 1056
[2026-07-26 18:17:18] [data] Shuffling data
[2026-07-26 18:17:18] [data] Done reading 20,000 sentences
[2026-07-26 18:17:18] [data] Done shuffling 20,000 sentences to temp files
[2026-07-26 18:17:22] Seen 20,000 samples
[2026-07-26 18:17:22] Starting data epoch 1057 in logical epoch 1057
[2026-07-26 18:17:22] [data] Shuffling data
[2026-07-26 18:17:22] [data] Done reading 20,000 sentences
[2026-07-26 18:17:22] [data] Done shuffling 20,000 sentences to temp files
[2026-07-26 18:17:26] Seen 20,000 samples
[2026-07-26 18:17:26] Starting data epoch 1058 in logical epoch 1058
[2026-07-26 18:17:26] [data] Shuffling data
[2026-07-26 18:17:26] [data] Done reading 20,000 sentences
[2026-07-26 18:17:26] [data] Done shuffling 20,000 sentences to temp files
[2026-07-26 18:17:30] Seen 20,000 samples
[2026-07-26 18:17:30] Starting data epoch 1059 in logical epoch 1059
[2026-07-26 18:17:30] [data] Shuffling data
[2026-07-26 18:17:30] [data] Done reading 20,000 sentences
[2026-07-26 18:17:30] [data] Done shuffling 20,000 sentences to temp files
[2026-07-26 18:17:34] Seen 20,000 samples
[2026-07-26 18:17:34] Starting data epoch 1060 in logical epoch 1060
[2026-07-26 18:17:34] [data] Shuffling data
[2026-07-26 18:17:34] [data] Done reading 20,000 sentences
[2026-07-26 18:17:34] [data] Done shuffling 20,000 sentences to temp files
[2026-07-26 18:17:38] Seen 20,000 samples
[2026-07-26 18:17:38] Starting data epoch 1061 in logical epoch 1061
[2026-07-26 18:17:38] [data] Shuffling data
[2026-07-26 18:17:38] [data] Done reading 20,000 sentences
[2026-07-26 18:17:38] [data] Done shuffling 20,000 sentences to temp files
[2026-07-26 18:17:41] Seen 20,000 samples
[2026-07-26 18:17:41] Starting data epoch 1062 in logical epoch 1062
[2026-07-26 18:17:41] [data] Shuffling data
[2026-07-26 18:17:41] [data] Done reading 20,000 sentences
[2026-07-26 18:17:41] [data] Done shuffling 20,000 sentences to temp files
[2026-07-26 18:17:45] Seen 20,000 samples
[2026-07-26 18:17:45] Starting data epoch 1063 in logical epoch 1063
[2026-07-26 18:17:45] [data] Shuffling data
[2026-07-26 18:17:45] [data] Done reading 20,000 sentences
[2026-07-26 18:17:45] [data] Done shuffling 20,000 sentences to temp files
[2026-07-26 18:17:49] Seen 20,000 samples
[2026-07-26 18:17:49] Starting data epoch 1064 in logical epoch 1064
[2026-07-26 18:17:49] [data] Shuffling data
[2026-07-26 18:17:49] [data] Done reading 20,000 sentences
[2026-07-26 18:17:49] [data] Done shuffling 20,000 sentences to temp files
[2026-07-26 18:17:51] Ep. 1064 : Up. 26500 : Sen. 6,400 : Cost 1.16684747 * 1,550,833 @ 2,871 after 82,242,586 : Time 77.11s : 20112.97 words/s : gNorm 0.1167 : L.r. 2.3311e-04
[2026-07-26 18:17:53] Seen 20,000 samples
[2026-07-26 18:17:53] Starting data epoch 1065 in logical epoch 1065
[2026-07-26 18:17:53] [data] Shuffling data
[2026-07-26 18:17:53] [data] Done reading 20,000 sentences
[2026-07-26 18:17:53] [data] Done shuffling 20,000 sentences to temp files
[2026-07-26 18:17:57] Seen 20,000 samples
[2026-07-26 18:17:57] Starting data epoch 1066 in logical epoch 1066
[2026-07-26 18:17:57] [data] Shuffling data
[2026-07-26 18:17:57] [data] Done reading 20,000 sentences
[2026-07-26 18:17:57] [data] Done shuffling 20,000 sentences to temp files
[2026-07-26 18:18:01] Seen 20,000 samples
[2026-07-26 18:18:01] Starting data epoch 1067 in logical epoch 1067
[2026-07-26 18:18:01] [data] Shuffling data
[2026-07-26 18:18:01] [data] Done reading 20,000 sentences
[2026-07-26 18:18:01] [data] Done shuffling 20,000 sentences to temp files
[2026-07-26 18:18:05] Seen 20,000 samples
[2026-07-26 18:18:05] Starting data epoch 1068 in logical epoch 1068
[2026-07-26 18:18:05] [data] Shuffling data
[2026-07-26 18:18:05] [data] Done reading 20,000 sentences
[2026-07-26 18:18:05] [data] Done shuffling 20,000 sentences to temp files
[2026-07-26 18:18:08] Seen 20,000 samples
[2026-07-26 18:18:08] Starting data epoch 1069 in logical epoch 1069
[2026-07-26 18:18:08] [data] Shuffling data
[2026-07-26 18:18:08] [data] Done reading 20,000 sentences
[2026-07-26 18:18:08] [data] Done shuffling 20,000 sentences to temp files
[2026-07-26 18:18:12] Seen 20,000 samples
[2026-07-26 18:18:12] Starting data epoch 1070 in logical epoch 1070
[2026-07-26 18:18:12] [data] Shuffling data
[2026-07-26 18:18:12] [data] Done reading 20,000 sentences
[2026-07-26 18:18:12] [data] Done shuffling 20,000 sentences to temp files
[2026-07-26 18:18:16] Seen 20,000 samples
[2026-07-26 18:18:16] Starting data epoch 1071 in logical epoch 1071
[2026-07-26 18:18:16] [data] Shuffling data
[2026-07-26 18:18:16] [data] Done reading 20,000 sentences
[2026-07-26 18:18:16] [data] Done shuffling 20,000 sentences to temp files
[2026-07-26 18:18:20] Seen 20,000 samples
[2026-07-26 18:18:20] Starting data epoch 1072 in logical epoch 1072
[2026-07-26 18:18:20] [data] Shuffling data
[2026-07-26 18:18:20] [data] Done reading 20,000 sentences
[2026-07-26 18:18:20] [data] Done shuffling 20,000 sentences to temp files
[2026-07-26 18:18:23] Seen 20,000 samples
[2026-07-26 18:18:23] Starting data epoch 1073 in logical epoch 1073
[2026-07-26 18:18:23] [data] Shuffling data
[2026-07-26 18:18:24] [data] Done reading 20,000 sentences
[2026-07-26 18:18:24] [data] Done shuffling 20,000 sentences to temp files
[2026-07-26 18:18:27] Seen 20,000 samples
[2026-07-26 18:18:27] Starting data epoch 1074 in logical epoch 1074
[2026-07-26 18:18:27] [data] Shuffling data
[2026-07-26 18:18:27] [data] Done reading 20,000 sentences
[2026-07-26 18:18:28] [data] Done shuffling 20,000 sentences to temp files
[2026-07-26 18:18:31] Seen 20,000 samples
[2026-07-26 18:18:31] Starting data epoch 1075 in logical epoch 1075
[2026-07-26 18:18:31] [data] Shuffling data
[2026-07-26 18:18:31] [data] Done reading 20,000 sentences
[2026-07-26 18:18:31] [data] Done shuffling 20,000 sentences to temp files
[2026-07-26 18:18:35] Seen 20,000 samples
[2026-07-26 18:18:35] Starting data epoch 1076 in logical epoch 1076
[2026-07-26 18:18:35] [data] Shuffling data
[2026-07-26 18:18:35] [data] Done reading 20,000 sentences
[2026-07-26 18:18:35] [data] Done shuffling 20,000 sentences to temp files
[2026-07-26 18:18:39] Seen 20,000 samples
[2026-07-26 18:18:39] Starting data epoch 1077 in logical epoch 1077
[2026-07-26 18:18:39] [data] Shuffling data
[2026-07-26 18:18:39] [data] Done reading 20,000 sentences
[2026-07-26 18:18:39] [data] Done shuffling 20,000 sentences to temp files
[2026-07-26 18:18:43] Seen 20,000 samples
[2026-07-26 18:18:43] Starting data epoch 1078 in logical epoch 1078
[2026-07-26 18:18:43] [data] Shuffling data
[2026-07-26 18:18:43] [data] Done reading 20,000 sentences
[2026-07-26 18:18:43] [data] Done shuffling 20,000 sentences to temp files
[2026-07-26 18:18:47] Seen 20,000 samples
[2026-07-26 18:18:47] Starting data epoch 1079 in logical epoch 1079
[2026-07-26 18:18:47] [data] Shuffling data
[2026-07-26 18:18:47] [data] Done reading 20,000 sentences
[2026-07-26 18:18:47] [data] Done shuffling 20,000 sentences to temp files
[2026-07-26 18:18:50] Seen 20,000 samples
[2026-07-26 18:18:50] Starting data epoch 1080 in logical epoch 1080
[2026-07-26 18:18:50] [data] Shuffling data
[2026-07-26 18:18:50] [data] Done reading 20,000 sentences
[2026-07-26 18:18:50] [data] Done shuffling 20,000 sentences to temp files
[2026-07-26 18:18:54] Seen 20,000 samples
[2026-07-26 18:18:54] Starting data epoch 1081 in logical epoch 1081
[2026-07-26 18:18:54] [data] Shuffling data
[2026-07-26 18:18:54] [data] Done reading 20,000 sentences
[2026-07-26 18:18:54] [data] Done shuffling 20,000 sentences to temp files
[2026-07-26 18:18:58] Seen 20,000 samples
[2026-07-26 18:18:58] Starting data epoch 1082 in logical epoch 1082
[2026-07-26 18:18:58] [data] Shuffling data
[2026-07-26 18:18:58] [data] Done reading 20,000 sentences
[2026-07-26 18:18:58] [data] Done shuffling 20,000 sentences to temp files
[2026-07-26 18:19:01] Seen 20,000 samples
[2026-07-26 18:19:01] Starting data epoch 1083 in logical epoch 1083
[2026-07-26 18:19:01] [data] Shuffling data
[2026-07-26 18:19:02] [data] Done reading 20,000 sentences
[2026-07-26 18:19:02] [data] Done shuffling 20,000 sentences to temp files
[2026-07-26 18:19:05] Seen 20,000 samples
[2026-07-26 18:19:05] Starting data epoch 1084 in logical epoch 1084
[2026-07-26 18:19:05] [data] Shuffling data
[2026-07-26 18:19:05] [data] Done reading 20,000 sentences
[2026-07-26 18:19:05] [data] Done shuffling 20,000 sentences to temp files
[2026-07-26 18:19:07] Ep. 1084 : Up. 27000 : Sen. 6,212 : Cost 1.16652119 * 1,546,165 @ 2,871 after 83,788,751 : Time 76.07s : 20324.95 words/s : gNorm 0.0976 : L.r. 2.3094e-04
[2026-07-26 18:19:09] Seen 20,000 samples
[2026-07-26 18:19:09] Starting data epoch 1085 in logical epoch 1085
[2026-07-26 18:19:09] [data] Shuffling data
[2026-07-26 18:19:09] [data] Done reading 20,000 sentences
[2026-07-26 18:19:09] [data] Done shuffling 20,000 sentences to temp files
[2026-07-26 18:19:13] Seen 20,000 samples
[2026-07-26 18:19:13] Starting data epoch 1086 in logical epoch 1086
[2026-07-26 18:19:13] [data] Shuffling data
[2026-07-26 18:19:13] [data] Done reading 20,000 sentences
[2026-07-26 18:19:13] [data] Done shuffling 20,000 sentences to temp files
[2026-07-26 18:19:17] Seen 20,000 samples
[2026-07-26 18:19:17] Starting data epoch 1087 in logical epoch 1087
[2026-07-26 18:19:17] [data] Shuffling data
[2026-07-26 18:19:17] [data] Done reading 20,000 sentences
[2026-07-26 18:19:17] [data] Done shuffling 20,000 sentences to temp files
[2026-07-26 18:19:21] Seen 20,000 samples
[2026-07-26 18:19:21] Starting data epoch 1088 in logical epoch 1088
[2026-07-26 18:19:21] [data] Shuffling data
[2026-07-26 18:19:21] [data] Done reading 20,000 sentences
[2026-07-26 18:19:21] [data] Done shuffling 20,000 sentences to temp files
[2026-07-26 18:19:25] Seen 20,000 samples
[2026-07-26 18:19:25] Starting data epoch 1089 in logical epoch 1089
[2026-07-26 18:19:25] [data] Shuffling data
[2026-07-26 18:19:25] [data] Done reading 20,000 sentences
[2026-07-26 18:19:25] [data] Done shuffling 20,000 sentences to temp files
[2026-07-26 18:19:28] Seen 20,000 samples
[2026-07-26 18:19:28] Starting data epoch 1090 in logical epoch 1090
[2026-07-26 18:19:28] [data] Shuffling data
[2026-07-26 18:19:28] [data] Done reading 20,000 sentences
[2026-07-26 18:19:29] [data] Done shuffling 20,000 sentences to temp files
[2026-07-26 18:19:32] Seen 20,000 samples
[2026-07-26 18:19:32] Starting data epoch 1091 in logical epoch 1091
[2026-07-26 18:19:32] [data] Shuffling data
[2026-07-26 18:19:32] [data] Done reading 20,000 sentences
[2026-07-26 18:19:32] [data] Done shuffling 20,000 sentences to temp files
[2026-07-26 18:19:36] Seen 20,000 samples
[2026-07-26 18:19:36] Starting data epoch 1092 in logical epoch 1092
[2026-07-26 18:19:36] [data] Shuffling data
[2026-07-26 18:19:36] [data] Done reading 20,000 sentences
[2026-07-26 18:19:36] [data] Done shuffling 20,000 sentences to temp files
[2026-07-26 18:19:40] Seen 20,000 samples
[2026-07-26 18:19:40] Starting data epoch 1093 in logical epoch 1093
[2026-07-26 18:19:40] [data] Shuffling data
[2026-07-26 18:19:40] [data] Done reading 20,000 sentences
[2026-07-26 18:19:40] [data] Done shuffling 20,000 sentences to temp files
[2026-07-26 18:19:44] Seen 20,000 samples
[2026-07-26 18:19:44] Starting data epoch 1094 in logical epoch 1094
[2026-07-26 18:19:44] [data] Shuffling data
[2026-07-26 18:19:44] [data] Done reading 20,000 sentences
[2026-07-26 18:19:44] [data] Done shuffling 20,000 sentences to temp files
[2026-07-26 18:19:48] Seen 20,000 samples
[2026-07-26 18:19:48] Starting data epoch 1095 in logical epoch 1095
[2026-07-26 18:19:48] [data] Shuffling data
[2026-07-26 18:19:48] [data] Done reading 20,000 sentences
[2026-07-26 18:19:48] [data] Done shuffling 20,000 sentences to temp files
[2026-07-26 18:19:51] Seen 20,000 samples
[2026-07-26 18:19:51] Starting data epoch 1096 in logical epoch 1096
[2026-07-26 18:19:51] [data] Shuffling data
[2026-07-26 18:19:52] [data] Done reading 20,000 sentences
[2026-07-26 18:19:52] [data] Done shuffling 20,000 sentences to temp files
[2026-07-26 18:19:55] Seen 20,000 samples
[2026-07-26 18:19:55] Starting data epoch 1097 in logical epoch 1097
[2026-07-26 18:19:55] [data] Shuffling data
[2026-07-26 18:19:55] [data] Done reading 20,000 sentences
[2026-07-26 18:19:55] [data] Done shuffling 20,000 sentences to temp files
[2026-07-26 18:19:59] Seen 20,000 samples
[2026-07-26 18:19:59] Starting data epoch 1098 in logical epoch 1098
[2026-07-26 18:19:59] [data] Shuffling data
[2026-07-26 18:19:59] [data] Done reading 20,000 sentences
[2026-07-26 18:19:59] [data] Done shuffling 20,000 sentences to temp files
[2026-07-26 18:20:03] Seen 20,000 samples
[2026-07-26 18:20:03] Starting data epoch 1099 in logical epoch 1099
[2026-07-26 18:20:03] [data] Shuffling data
[2026-07-26 18:20:03] [data] Done reading 20,000 sentences
[2026-07-26 18:20:03] [data] Done shuffling 20,000 sentences to temp files
[2026-07-26 18:20:07] Seen 20,000 samples
[2026-07-26 18:20:07] Starting data epoch 1100 in logical epoch 1100
[2026-07-26 18:20:07] [data] Shuffling data
[2026-07-26 18:20:07] [data] Done reading 20,000 sentences
[2026-07-26 18:20:07] [data] Done shuffling 20,000 sentences to temp files
[2026-07-26 18:20:10] Seen 20,000 samples
[2026-07-26 18:20:10] Starting data epoch 1101 in logical epoch 1101
[2026-07-26 18:20:10] [data] Shuffling data
[2026-07-26 18:20:10] [data] Done reading 20,000 sentences
[2026-07-26 18:20:10] [data] Done shuffling 20,000 sentences to temp files
[2026-07-26 18:20:14] Seen 20,000 samples
[2026-07-26 18:20:14] Starting data epoch 1102 in logical epoch 1102
[2026-07-26 18:20:14] [data] Shuffling data
[2026-07-26 18:20:14] [data] Done reading 20,000 sentences
[2026-07-26 18:20:14] [data] Done shuffling 20,000 sentences to temp files
[2026-07-26 18:20:18] Seen 20,000 samples
[2026-07-26 18:20:18] Starting data epoch 1103 in logical epoch 1103
[2026-07-26 18:20:18] [data] Shuffling data
[2026-07-26 18:20:18] [data] Done reading 20,000 sentences
[2026-07-26 18:20:18] [data] Done shuffling 20,000 sentences to temp files
[2026-07-26 18:20:21] Seen 20,000 samples
[2026-07-26 18:20:21] Starting data epoch 1104 in logical epoch 1104
[2026-07-26 18:20:21] [data] Shuffling data
[2026-07-26 18:20:21] [data] Done reading 20,000 sentences
[2026-07-26 18:20:21] [data] Done shuffling 20,000 sentences to temp files
[2026-07-26 18:20:23] Ep. 1104 : Up. 27500 : Sen. 5,255 : Cost 1.16706717 * 1,542,209 @ 2,871 after 85,330,960 : Time 75.84s : 20334.48 words/s : gNorm 0.1824 : L.r. 2.2883e-04
[2026-07-26 18:20:25] Seen 20,000 samples
[2026-07-26 18:20:25] Starting data epoch 1105 in logical epoch 1105
[2026-07-26 18:20:25] [data] Shuffling data
[2026-07-26 18:20:25] [data] Done reading 20,000 sentences
[2026-07-26 18:20:25] [data] Done shuffling 20,000 sentences to temp files
[2026-07-26 18:20:29] Seen 20,000 samples
[2026-07-26 18:20:29] Starting data epoch 1106 in logical epoch 1106
[2026-07-26 18:20:29] [data] Shuffling data
[2026-07-26 18:20:29] [data] Done reading 20,000 sentences
[2026-07-26 18:20:29] [data] Done shuffling 20,000 sentences to temp files
[2026-07-26 18:20:33] Seen 20,000 samples
[2026-07-26 18:20:33] Starting data epoch 1107 in logical epoch 1107
[2026-07-26 18:20:33] [data] Shuffling data
[2026-07-26 18:20:33] [data] Done reading 20,000 sentences
[2026-07-26 18:20:33] [data] Done shuffling 20,000 sentences to temp files
[2026-07-26 18:20:37] Seen 20,000 samples
[2026-07-26 18:20:37] Starting data epoch 1108 in logical epoch 1108
[2026-07-26 18:20:37] [data] Shuffling data
[2026-07-26 18:20:37] [data] Done reading 20,000 sentences
[2026-07-26 18:20:37] [data] Done shuffling 20,000 sentences to temp files
[2026-07-26 18:20:40] Seen 20,000 samples
[2026-07-26 18:20:40] Starting data epoch 1109 in logical epoch 1109
[2026-07-26 18:20:40] [data] Shuffling data
[2026-07-26 18:20:40] [data] Done reading 20,000 sentences
[2026-07-26 18:20:41] [data] Done shuffling 20,000 sentences to temp files
[2026-07-26 18:20:44] Seen 20,000 samples
[2026-07-26 18:20:44] Starting data epoch 1110 in logical epoch 1110
[2026-07-26 18:20:44] [data] Shuffling data
[2026-07-26 18:20:44] [data] Done reading 20,000 sentences
[2026-07-26 18:20:44] [data] Done shuffling 20,000 sentences to temp files
[2026-07-26 18:20:47] Seen 20,000 samples
[2026-07-26 18:20:47] Starting data epoch 1111 in logical epoch 1111
[2026-07-26 18:20:47] [data] Shuffling data
[2026-07-26 18:20:48] [data] Done reading 20,000 sentences
[2026-07-26 18:20:48] [data] Done shuffling 20,000 sentences to temp files
[2026-07-26 18:20:51] Seen 20,000 samples
[2026-07-26 18:20:51] Starting data epoch 1112 in logical epoch 1112
[2026-07-26 18:20:51] [data] Shuffling data
[2026-07-26 18:20:51] [data] Done reading 20,000 sentences
[2026-07-26 18:20:51] [data] Done shuffling 20,000 sentences to temp files
[2026-07-26 18:20:55] Seen 20,000 samples
[2026-07-26 18:20:55] Starting data epoch 1113 in logical epoch 1113
[2026-07-26 18:20:55] [data] Shuffling data
[2026-07-26 18:20:55] [data] Done reading 20,000 sentences
[2026-07-26 18:20:55] [data] Done shuffling 20,000 sentences to temp files
[2026-07-26 18:20:59] Seen 20,000 samples
[2026-07-26 18:20:59] Starting data epoch 1114 in logical epoch 1114
[2026-07-26 18:20:59] [data] Shuffling data
[2026-07-26 18:20:59] [data] Done reading 20,000 sentences
[2026-07-26 18:20:59] [data] Done shuffling 20,000 sentences to temp files
[2026-07-26 18:21:03] Seen 20,000 samples
[2026-07-26 18:21:03] Starting data epoch 1115 in logical epoch 1115
[2026-07-26 18:21:03] [data] Shuffling data
[2026-07-26 18:21:03] [data] Done reading 20,000 sentences
[2026-07-26 18:21:03] [data] Done shuffling 20,000 sentences to temp files
[2026-07-26 18:21:06] Seen 20,000 samples
[2026-07-26 18:21:06] Starting data epoch 1116 in logical epoch 1116
[2026-07-26 18:21:06] [data] Shuffling data
[2026-07-26 18:21:07] [data] Done reading 20,000 sentences
[2026-07-26 18:21:07] [data] Done shuffling 20,000 sentences to temp files
[2026-07-26 18:21:10] Seen 20,000 samples
[2026-07-26 18:21:10] Starting data epoch 1117 in logical epoch 1117
[2026-07-26 18:21:10] [data] Shuffling data
[2026-07-26 18:21:10] [data] Done reading 20,000 sentences
[2026-07-26 18:21:10] [data] Done shuffling 20,000 sentences to temp files
[2026-07-26 18:21:14] Seen 20,000 samples
[2026-07-26 18:21:14] Starting data epoch 1118 in logical epoch 1118
[2026-07-26 18:21:14] [data] Shuffling data
[2026-07-26 18:21:14] [data] Done reading 20,000 sentences
[2026-07-26 18:21:14] [data] Done shuffling 20,000 sentences to temp files
[2026-07-26 18:21:18] Seen 20,000 samples
[2026-07-26 18:21:18] Starting data epoch 1119 in logical epoch 1119
[2026-07-26 18:21:18] [data] Shuffling data
[2026-07-26 18:21:18] [data] Done reading 20,000 sentences
[2026-07-26 18:21:18] [data] Done shuffling 20,000 sentences to temp files
[2026-07-26 18:21:22] Seen 20,000 samples
[2026-07-26 18:21:22] Starting data epoch 1120 in logical epoch 1120
[2026-07-26 18:21:22] [data] Shuffling data
[2026-07-26 18:21:22] [data] Done reading 20,000 sentences
[2026-07-26 18:21:22] [data] Done shuffling 20,000 sentences to temp files
[2026-07-26 18:21:26] Seen 20,000 samples
[2026-07-26 18:21:26] Starting data epoch 1121 in logical epoch 1121
[2026-07-26 18:21:26] [data] Shuffling data
[2026-07-26 18:21:26] [data] Done reading 20,000 sentences
[2026-07-26 18:21:26] [data] Done shuffling 20,000 sentences to temp files
[2026-07-26 18:21:29] Seen 20,000 samples
[2026-07-26 18:21:29] Starting data epoch 1122 in logical epoch 1122
[2026-07-26 18:21:29] [data] Shuffling data
[2026-07-26 18:21:29] [data] Done reading 20,000 sentences
[2026-07-26 18:21:30] [data] Done shuffling 20,000 sentences to temp files
[2026-07-26 18:21:33] Seen 20,000 samples
[2026-07-26 18:21:33] Starting data epoch 1123 in logical epoch 1123
[2026-07-26 18:21:33] [data] Shuffling data
[2026-07-26 18:21:33] [data] Done reading 20,000 sentences
[2026-07-26 18:21:33] [data] Done shuffling 20,000 sentences to temp files
[2026-07-26 18:21:37] Seen 20,000 samples
[2026-07-26 18:21:37] Starting data epoch 1124 in logical epoch 1124
[2026-07-26 18:21:37] [data] Shuffling data
[2026-07-26 18:21:37] [data] Done reading 20,000 sentences
[2026-07-26 18:21:37] [data] Done shuffling 20,000 sentences to temp files
[2026-07-26 18:21:38] Ep. 1124 : Up. 28000 : Sen. 3,059 : Cost 1.16638339 * 1,538,566 @ 2,871 after 86,869,526 : Time 75.30s : 20433.79 words/s : gNorm 0.1028 : L.r. 2.2678e-04
[2026-07-26 18:21:41] Seen 20,000 samples
[2026-07-26 18:21:41] Starting data epoch 1125 in logical epoch 1125
[2026-07-26 18:21:41] [data] Shuffling data
[2026-07-26 18:21:41] [data] Done reading 20,000 sentences
[2026-07-26 18:21:41] [data] Done shuffling 20,000 sentences to temp files
[2026-07-26 18:21:45] Seen 20,000 samples
[2026-07-26 18:21:45] Starting data epoch 1126 in logical epoch 1126
[2026-07-26 18:21:45] [data] Shuffling data
[2026-07-26 18:21:45] [data] Done reading 20,000 sentences
[2026-07-26 18:21:45] [data] Done shuffling 20,000 sentences to temp files
[2026-07-26 18:21:49] Seen 20,000 samples
[2026-07-26 18:21:49] Starting data epoch 1127 in logical epoch 1127
[2026-07-26 18:21:49] [data] Shuffling data
[2026-07-26 18:21:49] [data] Done reading 20,000 sentences
[2026-07-26 18:21:49] [data] Done shuffling 20,000 sentences to temp files
[2026-07-26 18:21:53] Seen 20,000 samples
[2026-07-26 18:21:53] Starting data epoch 1128 in logical epoch 1128
[2026-07-26 18:21:53] [data] Shuffling data
[2026-07-26 18:21:53] [data] Done reading 20,000 sentences
[2026-07-26 18:21:53] [data] Done shuffling 20,000 sentences to temp files
[2026-07-26 18:21:57] Seen 20,000 samples
[2026-07-26 18:21:57] Starting data epoch 1129 in logical epoch 1129
[2026-07-26 18:21:57] [data] Shuffling data
[2026-07-26 18:21:57] [data] Done reading 20,000 sentences
[2026-07-26 18:21:57] [data] Done shuffling 20,000 sentences to temp files
[2026-07-26 18:22:01] Seen 20,000 samples
[2026-07-26 18:22:01] Starting data epoch 1130 in logical epoch 1130
[2026-07-26 18:22:01] [data] Shuffling data
[2026-07-26 18:22:01] [data] Done reading 20,000 sentences
[2026-07-26 18:22:01] [data] Done shuffling 20,000 sentences to temp files
[2026-07-26 18:22:05] Seen 20,000 samples
[2026-07-26 18:22:05] Starting data epoch 1131 in logical epoch 1131
[2026-07-26 18:22:05] [data] Shuffling data
[2026-07-26 18:22:05] [data] Done reading 20,000 sentences
[2026-07-26 18:22:05] [data] Done shuffling 20,000 sentences to temp files
[2026-07-26 18:22:08] Seen 20,000 samples
[2026-07-26 18:22:08] Starting data epoch 1132 in logical epoch 1132
[2026-07-26 18:22:08] [data] Shuffling data
[2026-07-26 18:22:08] [data] Done reading 20,000 sentences
[2026-07-26 18:22:09] [data] Done shuffling 20,000 sentences to temp files
[2026-07-26 18:22:12] Seen 20,000 samples
[2026-07-26 18:22:12] Starting data epoch 1133 in logical epoch 1133
[2026-07-26 18:22:12] [data] Shuffling data
[2026-07-26 18:22:12] [data] Done reading 20,000 sentences
[2026-07-26 18:22:12] [data] Done shuffling 20,000 sentences to temp files
[2026-07-26 18:22:16] Seen 20,000 samples
[2026-07-26 18:22:16] Starting data epoch 1134 in logical epoch 1134
[2026-07-26 18:22:16] [data] Shuffling data
[2026-07-26 18:22:16] [data] Done reading 20,000 sentences
[2026-07-26 18:22:16] [data] Done shuffling 20,000 sentences to temp files
[2026-07-26 18:22:20] Seen 20,000 samples
[2026-07-26 18:22:20] Starting data epoch 1135 in logical epoch 1135
[2026-07-26 18:22:20] [data] Shuffling data
[2026-07-26 18:22:20] [data] Done reading 20,000 sentences
[2026-07-26 18:22:20] [data] Done shuffling 20,000 sentences to temp files
[2026-07-26 18:22:24] Seen 20,000 samples
[2026-07-26 18:22:24] Starting data epoch 1136 in logical epoch 1136
[2026-07-26 18:22:24] [data] Shuffling data
[2026-07-26 18:22:24] [data] Done reading 20,000 sentences
[2026-07-26 18:22:24] [data] Done shuffling 20,000 sentences to temp files
[2026-07-26 18:22:27] Seen 20,000 samples
[2026-07-26 18:22:27] Starting data epoch 1137 in logical epoch 1137
[2026-07-26 18:22:27] [data] Shuffling data
[2026-07-26 18:22:27] [data] Done reading 20,000 sentences
[2026-07-26 18:22:28] [data] Done shuffling 20,000 sentences to temp files
[2026-07-26 18:22:31] Seen 20,000 samples
[2026-07-26 18:22:31] Starting data epoch 1138 in logical epoch 1138
[2026-07-26 18:22:31] [data] Shuffling data
[2026-07-26 18:22:31] [data] Done reading 20,000 sentences
[2026-07-26 18:22:31] [data] Done shuffling 20,000 sentences to temp files
[2026-07-26 18:22:35] Seen 20,000 samples
[2026-07-26 18:22:35] Starting data epoch 1139 in logical epoch 1139
[2026-07-26 18:22:35] [data] Shuffling data
[2026-07-26 18:22:35] [data] Done reading 20,000 sentences
[2026-07-26 18:22:35] [data] Done shuffling 20,000 sentences to temp files
[2026-07-26 18:22:39] Seen 20,000 samples
[2026-07-26 18:22:39] Starting data epoch 1140 in logical epoch 1140
[2026-07-26 18:22:39] [data] Shuffling data
[2026-07-26 18:22:39] [data] Done reading 20,000 sentences
[2026-07-26 18:22:39] [data] Done shuffling 20,000 sentences to temp files
[2026-07-26 18:22:43] Seen 20,000 samples
[2026-07-26 18:22:43] Starting data epoch 1141 in logical epoch 1141
[2026-07-26 18:22:43] [data] Shuffling data
[2026-07-26 18:22:43] [data] Done reading 20,000 sentences
[2026-07-26 18:22:43] [data] Done shuffling 20,000 sentences to temp files
[2026-07-26 18:22:46] Seen 20,000 samples
[2026-07-26 18:22:46] Starting data epoch 1142 in logical epoch 1142
[2026-07-26 18:22:46] [data] Shuffling data
[2026-07-26 18:22:47] [data] Done reading 20,000 sentences
[2026-07-26 18:22:47] [data] Done shuffling 20,000 sentences to temp files
[2026-07-26 18:22:50] Seen 20,000 samples
[2026-07-26 18:22:50] Starting data epoch 1143 in logical epoch 1143
[2026-07-26 18:22:50] [data] Shuffling data
[2026-07-26 18:22:50] [data] Done reading 20,000 sentences
[2026-07-26 18:22:50] [data] Done shuffling 20,000 sentences to temp files
[2026-07-26 18:22:54] Seen 20,000 samples
[2026-07-26 18:22:54] Starting data epoch 1144 in logical epoch 1144
[2026-07-26 18:22:54] [data] Shuffling data
[2026-07-26 18:22:54] [data] Done reading 20,000 sentences
[2026-07-26 18:22:54] [data] Done shuffling 20,000 sentences to temp files
[2026-07-26 18:22:56] Ep. 1144 : Up. 28500 : Sen. 4,785 : Cost 1.16648316 * 1,555,671 @ 5,291 after 88,425,197 : Time 77.68s : 20025.67 words/s : gNorm 0.1220 : L.r. 2.2478e-04
[2026-07-26 18:22:58] Seen 20,000 samples
[2026-07-26 18:22:58] Starting data epoch 1145 in logical epoch 1145
[2026-07-26 18:22:58] [data] Shuffling data
[2026-07-26 18:22:58] [data] Done reading 20,000 sentences
[2026-07-26 18:22:58] [data] Done shuffling 20,000 sentences to temp files
[2026-07-26 18:23:02] Seen 20,000 samples
[2026-07-26 18:23:02] Starting data epoch 1146 in logical epoch 1146
[2026-07-26 18:23:02] [data] Shuffling data
[2026-07-26 18:23:02] [data] Done reading 20,000 sentences
[2026-07-26 18:23:02] [data] Done shuffling 20,000 sentences to temp files
[2026-07-26 18:23:05] Seen 20,000 samples
[2026-07-26 18:23:05] Starting data epoch 1147 in logical epoch 1147
[2026-07-26 18:23:05] [data] Shuffling data
[2026-07-26 18:23:06] [data] Done reading 20,000 sentences
[2026-07-26 18:23:06] [data] Done shuffling 20,000 sentences to temp files
[2026-07-26 18:23:09] Seen 20,000 samples
[2026-07-26 18:23:09] Starting data epoch 1148 in logical epoch 1148
[2026-07-26 18:23:09] [data] Shuffling data
[2026-07-26 18:23:09] [data] Done reading 20,000 sentences
[2026-07-26 18:23:09] [data] Done shuffling 20,000 sentences to temp files
[2026-07-26 18:23:13] Seen 20,000 samples
[2026-07-26 18:23:13] Starting data epoch 1149 in logical epoch 1149
[2026-07-26 18:23:13] [data] Shuffling data
[2026-07-26 18:23:13] [data] Done reading 20,000 sentences
[2026-07-26 18:23:13] [data] Done shuffling 20,000 sentences to temp files
[2026-07-26 18:23:17] Seen 20,000 samples
[2026-07-26 18:23:17] Starting data epoch 1150 in logical epoch 1150
[2026-07-26 18:23:17] [data] Shuffling data
[2026-07-26 18:23:17] [data] Done reading 20,000 sentences
[2026-07-26 18:23:17] [data] Done shuffling 20,000 sentences to temp files
[2026-07-26 18:23:20] Seen 20,000 samples
[2026-07-26 18:23:20] Starting data epoch 1151 in logical epoch 1151
[2026-07-26 18:23:20] [data] Shuffling data
[2026-07-26 18:23:20] [data] Done reading 20,000 sentences
[2026-07-26 18:23:20] [data] Done shuffling 20,000 sentences to temp files
[2026-07-26 18:23:24] Seen 20,000 samples
[2026-07-26 18:23:24] Starting data epoch 1152 in logical epoch 1152
[2026-07-26 18:23:24] [data] Shuffling data
[2026-07-26 18:23:24] [data] Done reading 20,000 sentences
[2026-07-26 18:23:24] [data] Done shuffling 20,000 sentences to temp files
[2026-07-26 18:23:28] Seen 20,000 samples
[2026-07-26 18:23:28] Starting data epoch 1153 in logical epoch 1153
[2026-07-26 18:23:28] [data] Shuffling data
[2026-07-26 18:23:28] [data] Done reading 20,000 sentences
[2026-07-26 18:23:28] [data] Done shuffling 20,000 sentences to temp files
[2026-07-26 18:23:31] Seen 20,000 samples
[2026-07-26 18:23:31] Starting data epoch 1154 in logical epoch 1154
[2026-07-26 18:23:31] [data] Shuffling data
[2026-07-26 18:23:32] [data] Done reading 20,000 sentences
[2026-07-26 18:23:32] [data] Done shuffling 20,000 sentences to temp files
[2026-07-26 18:23:35] Seen 20,000 samples
[2026-07-26 18:23:35] Starting data epoch 1155 in logical epoch 1155
[2026-07-26 18:23:35] [data] Shuffling data
[2026-07-26 18:23:35] [data] Done reading 20,000 sentences
[2026-07-26 18:23:35] [data] Done shuffling 20,000 sentences to temp files
[2026-07-26 18:23:39] Seen 20,000 samples
[2026-07-26 18:23:39] Starting data epoch 1156 in logical epoch 1156
[2026-07-26 18:23:39] [data] Shuffling data
[2026-07-26 18:23:39] [data] Done reading 20,000 sentences
[2026-07-26 18:23:39] [data] Done shuffling 20,000 sentences to temp files
[2026-07-26 18:23:43] Seen 20,000 samples
[2026-07-26 18:23:43] Starting data epoch 1157 in logical epoch 1157
[2026-07-26 18:23:43] [data] Shuffling data
[2026-07-26 18:23:43] [data] Done reading 20,000 sentences
[2026-07-26 18:23:43] [data] Done shuffling 20,000 sentences to temp files
[2026-07-26 18:23:46] Seen 20,000 samples
[2026-07-26 18:23:46] Starting data epoch 1158 in logical epoch 1158
[2026-07-26 18:23:46] [data] Shuffling data
[2026-07-26 18:23:46] [data] Done reading 20,000 sentences
[2026-07-26 18:23:47] [data] Done shuffling 20,000 sentences to temp files
[2026-07-26 18:23:50] Seen 20,000 samples
[2026-07-26 18:23:50] Starting data epoch 1159 in logical epoch 1159
[2026-07-26 18:23:50] [data] Shuffling data
[2026-07-26 18:23:50] [data] Done reading 20,000 sentences
[2026-07-26 18:23:50] [data] Done shuffling 20,000 sentences to temp files
[2026-07-26 18:23:54] Seen 20,000 samples
[2026-07-26 18:23:54] Starting data epoch 1160 in logical epoch 1160
[2026-07-26 18:23:54] [data] Shuffling data
[2026-07-26 18:23:54] [data] Done reading 20,000 sentences
[2026-07-26 18:23:54] [data] Done shuffling 20,000 sentences to temp files
[2026-07-26 18:23:57] Seen 20,000 samples
[2026-07-26 18:23:57] Starting data epoch 1161 in logical epoch 1161
[2026-07-26 18:23:57] [data] Shuffling data
[2026-07-26 18:23:58] [data] Done reading 20,000 sentences
[2026-07-26 18:23:58] [data] Done shuffling 20,000 sentences to temp files
[2026-07-26 18:24:01] Seen 20,000 samples
[2026-07-26 18:24:01] Starting data epoch 1162 in logical epoch 1162
[2026-07-26 18:24:01] [data] Shuffling data
[2026-07-26 18:24:01] [data] Done reading 20,000 sentences
[2026-07-26 18:24:01] [data] Done shuffling 20,000 sentences to temp files
[2026-07-26 18:24:05] Seen 20,000 samples
[2026-07-26 18:24:05] Starting data epoch 1163 in logical epoch 1163
[2026-07-26 18:24:05] [data] Shuffling data
[2026-07-26 18:24:05] [data] Done reading 20,000 sentences
[2026-07-26 18:24:05] [data] Done shuffling 20,000 sentences to temp files
[2026-07-26 18:24:09] Seen 20,000 samples
[2026-07-26 18:24:09] Starting data epoch 1164 in logical epoch 1164
[2026-07-26 18:24:09] [data] Shuffling data
[2026-07-26 18:24:09] [data] Done reading 20,000 sentences
[2026-07-26 18:24:09] [data] Done shuffling 20,000 sentences to temp files
[2026-07-26 18:24:10] Ep. 1164 : Up. 29000 : Sen. 5,930 : Cost 1.16647220 * 1,548,912 @ 3,894 after 89,974,109 : Time 74.25s : 20861.49 words/s : gNorm 0.1285 : L.r. 2.2283e-04
[2026-07-26 18:24:12] Seen 20,000 samples
[2026-07-26 18:24:12] Starting data epoch 1165 in logical epoch 1165
[2026-07-26 18:24:12] [data] Shuffling data
[2026-07-26 18:24:12] [data] Done reading 20,000 sentences
[2026-07-26 18:24:12] [data] Done shuffling 20,000 sentences to temp files
[2026-07-26 18:24:16] Seen 20,000 samples
[2026-07-26 18:24:16] Starting data epoch 1166 in logical epoch 1166
[2026-07-26 18:24:16] [data] Shuffling data
[2026-07-26 18:24:16] [data] Done reading 20,000 sentences
[2026-07-26 18:24:16] [data] Done shuffling 20,000 sentences to temp files
[2026-07-26 18:24:20] Seen 20,000 samples
[2026-07-26 18:24:20] Starting data epoch 1167 in logical epoch 1167
[2026-07-26 18:24:20] [data] Shuffling data
[2026-07-26 18:24:20] [data] Done reading 20,000 sentences
[2026-07-26 18:24:20] [data] Done shuffling 20,000 sentences to temp files
[2026-07-26 18:24:23] Seen 20,000 samples
[2026-07-26 18:24:23] Starting data epoch 1168 in logical epoch 1168
[2026-07-26 18:24:23] [data] Shuffling data
[2026-07-26 18:24:24] [data] Done reading 20,000 sentences
[2026-07-26 18:24:24] [data] Done shuffling 20,000 sentences to temp files
[2026-07-26 18:24:27] Seen 20,000 samples
[2026-07-26 18:24:27] Starting data epoch 1169 in logical epoch 1169
[2026-07-26 18:24:27] [data] Shuffling data
[2026-07-26 18:24:27] [data] Done reading 20,000 sentences
[2026-07-26 18:24:27] [data] Done shuffling 20,000 sentences to temp files
[2026-07-26 18:24:31] Seen 20,000 samples
[2026-07-26 18:24:31] Starting data epoch 1170 in logical epoch 1170
[2026-07-26 18:24:31] [data] Shuffling data
[2026-07-26 18:24:31] [data] Done reading 20,000 sentences
[2026-07-26 18:24:31] [data] Done shuffling 20,000 sentences to temp files
[2026-07-26 18:24:35] Seen 20,000 samples
[2026-07-26 18:24:35] Starting data epoch 1171 in logical epoch 1171
[2026-07-26 18:24:35] [data] Shuffling data
[2026-07-26 18:24:35] [data] Done reading 20,000 sentences
[2026-07-26 18:24:35] [data] Done shuffling 20,000 sentences to temp files
[2026-07-26 18:24:38] Seen 20,000 samples
[2026-07-26 18:24:38] Starting data epoch 1172 in logical epoch 1172
[2026-07-26 18:24:38] [data] Shuffling data
[2026-07-26 18:24:38] [data] Done reading 20,000 sentences
[2026-07-26 18:24:38] [data] Done shuffling 20,000 sentences to temp files
[2026-07-26 18:24:42] Seen 20,000 samples
[2026-07-26 18:24:42] Starting data epoch 1173 in logical epoch 1173
[2026-07-26 18:24:42] [data] Shuffling data
[2026-07-26 18:24:42] [data] Done reading 20,000 sentences
[2026-07-26 18:24:42] [data] Done shuffling 20,000 sentences to temp files
[2026-07-26 18:24:46] Seen 20,000 samples
[2026-07-26 18:24:46] Starting data epoch 1174 in logical epoch 1174
[2026-07-26 18:24:46] [data] Shuffling data
[2026-07-26 18:24:46] [data] Done reading 20,000 sentences
[2026-07-26 18:24:46] [data] Done shuffling 20,000 sentences to temp files
[2026-07-26 18:24:50] Seen 20,000 samples
[2026-07-26 18:24:50] Starting data epoch 1175 in logical epoch 1175
[2026-07-26 18:24:50] [data] Shuffling data
[2026-07-26 18:24:50] [data] Done reading 20,000 sentences
[2026-07-26 18:24:50] [data] Done shuffling 20,000 sentences to temp files
[2026-07-26 18:24:53] Seen 20,000 samples
[2026-07-26 18:24:53] Starting data epoch 1176 in logical epoch 1176
[2026-07-26 18:24:53] [data] Shuffling data
[2026-07-26 18:24:53] [data] Done reading 20,000 sentences
[2026-07-26 18:24:53] [data] Done shuffling 20,000 sentences to temp files
[2026-07-26 18:24:57] Seen 20,000 samples
[2026-07-26 18:24:57] Starting data epoch 1177 in logical epoch 1177
[2026-07-26 18:24:57] [data] Shuffling data
[2026-07-26 18:24:57] [data] Done reading 20,000 sentences
[2026-07-26 18:24:57] [data] Done shuffling 20,000 sentences to temp files
[2026-07-26 18:25:01] Seen 20,000 samples
[2026-07-26 18:25:01] Starting data epoch 1178 in logical epoch 1178
[2026-07-26 18:25:01] [data] Shuffling data
[2026-07-26 18:25:01] [data] Done reading 20,000 sentences
[2026-07-26 18:25:01] [data] Done shuffling 20,000 sentences to temp files
[2026-07-26 18:25:05] Seen 20,000 samples
[2026-07-26 18:25:05] Starting data epoch 1179 in logical epoch 1179
[2026-07-26 18:25:05] [data] Shuffling data
[2026-07-26 18:25:05] [data] Done reading 20,000 sentences
[2026-07-26 18:25:05] [data] Done shuffling 20,000 sentences to temp files
[2026-07-26 18:25:08] Seen 20,000 samples
[2026-07-26 18:25:08] Starting data epoch 1180 in logical epoch 1180
[2026-07-26 18:25:08] [data] Shuffling data
[2026-07-26 18:25:08] [data] Done reading 20,000 sentences
[2026-07-26 18:25:09] [data] Done shuffling 20,000 sentences to temp files
[2026-07-26 18:25:12] Seen 20,000 samples
[2026-07-26 18:25:12] Starting data epoch 1181 in logical epoch 1181
[2026-07-26 18:25:12] [data] Shuffling data
[2026-07-26 18:25:12] [data] Done reading 20,000 sentences
[2026-07-26 18:25:12] [data] Done shuffling 20,000 sentences to temp files
[2026-07-26 18:25:16] Seen 20,000 samples
[2026-07-26 18:25:16] Starting data epoch 1182 in logical epoch 1182
[2026-07-26 18:25:16] [data] Shuffling data
[2026-07-26 18:25:16] [data] Done reading 20,000 sentences
[2026-07-26 18:25:16] [data] Done shuffling 20,000 sentences to temp files
[2026-07-26 18:25:20] Seen 20,000 samples
[2026-07-26 18:25:20] Starting data epoch 1183 in logical epoch 1183
[2026-07-26 18:25:20] [data] Shuffling data
[2026-07-26 18:25:20] [data] Done reading 20,000 sentences
[2026-07-26 18:25:20] [data] Done shuffling 20,000 sentences to temp files
[2026-07-26 18:25:23] Seen 20,000 samples
[2026-07-26 18:25:23] Starting data epoch 1184 in logical epoch 1184
[2026-07-26 18:25:23] [data] Shuffling data
[2026-07-26 18:25:24] [data] Done reading 20,000 sentences
[2026-07-26 18:25:24] [data] Done shuffling 20,000 sentences to temp files
[2026-07-26 18:25:25] Ep. 1184 : Up. 29500 : Sen. 7,545 : Cost 1.16626704 * 1,553,464 @ 3,071 after 91,527,573 : Time 75.32s : 20625.78 words/s : gNorm 0.0920 : L.r. 2.2094e-04
[2026-07-26 18:25:27] Seen 20,000 samples
[2026-07-26 18:25:27] Starting data epoch 1185 in logical epoch 1185
[2026-07-26 18:25:27] [data] Shuffling data
[2026-07-26 18:25:27] [data] Done reading 20,000 sentences
[2026-07-26 18:25:27] [data] Done shuffling 20,000 sentences to temp files
[2026-07-26 18:25:31] Seen 20,000 samples
[2026-07-26 18:25:31] Starting data epoch 1186 in logical epoch 1186
[2026-07-26 18:25:31] [data] Shuffling data
[2026-07-26 18:25:31] [data] Done reading 20,000 sentences
[2026-07-26 18:25:31] [data] Done shuffling 20,000 sentences to temp files
[2026-07-26 18:25:35] Seen 20,000 samples
[2026-07-26 18:25:35] Starting data epoch 1187 in logical epoch 1187
[2026-07-26 18:25:35] [data] Shuffling data
[2026-07-26 18:25:35] [data] Done reading 20,000 sentences
[2026-07-26 18:25:35] [data] Done shuffling 20,000 sentences to temp files
[2026-07-26 18:25:38] Seen 20,000 samples
[2026-07-26 18:25:38] Starting data epoch 1188 in logical epoch 1188
[2026-07-26 18:25:38] [data] Shuffling data
[2026-07-26 18:25:38] [data] Done reading 20,000 sentences
[2026-07-26 18:25:39] [data] Done shuffling 20,000 sentences to temp files
[2026-07-26 18:25:42] Seen 20,000 samples
[2026-07-26 18:25:42] Starting data epoch 1189 in logical epoch 1189
[2026-07-26 18:25:42] [data] Shuffling data
[2026-07-26 18:25:42] [data] Done reading 20,000 sentences
[2026-07-26 18:25:42] [data] Done shuffling 20,000 sentences to temp files
[2026-07-26 18:25:46] Seen 20,000 samples
[2026-07-26 18:25:46] Starting data epoch 1190 in logical epoch 1190
[2026-07-26 18:25:46] [data] Shuffling data
[2026-07-26 18:25:46] [data] Done reading 20,000 sentences
[2026-07-26 18:25:46] [data] Done shuffling 20,000 sentences to temp files
[2026-07-26 18:25:49] Seen 20,000 samples
[2026-07-26 18:25:49] Starting data epoch 1191 in logical epoch 1191
[2026-07-26 18:25:49] [data] Shuffling data
[2026-07-26 18:25:50] [data] Done reading 20,000 sentences
[2026-07-26 18:25:50] [data] Done shuffling 20,000 sentences to temp files
[2026-07-26 18:25:53] Seen 20,000 samples
[2026-07-26 18:25:53] Starting data epoch 1192 in logical epoch 1192
[2026-07-26 18:25:53] [data] Shuffling data
[2026-07-26 18:25:53] [data] Done reading 20,000 sentences
[2026-07-26 18:25:53] [data] Done shuffling 20,000 sentences to temp files
[2026-07-26 18:25:57] Seen 20,000 samples
[2026-07-26 18:25:57] Starting data epoch 1193 in logical epoch 1193
[2026-07-26 18:25:57] [data] Shuffling data
[2026-07-26 18:25:57] [data] Done reading 20,000 sentences
[2026-07-26 18:25:57] [data] Done shuffling 20,000 sentences to temp files
[2026-07-26 18:26:01] Seen 20,000 samples
[2026-07-26 18:26:01] Starting data epoch 1194 in logical epoch 1194
[2026-07-26 18:26:01] [data] Shuffling data
[2026-07-26 18:26:01] [data] Done reading 20,000 sentences
[2026-07-26 18:26:01] [data] Done shuffling 20,000 sentences to temp files
[2026-07-26 18:26:05] Seen 20,000 samples
[2026-07-26 18:26:05] Starting data epoch 1195 in logical epoch 1195
[2026-07-26 18:26:05] [data] Shuffling data
[2026-07-26 18:26:05] [data] Done reading 20,000 sentences
[2026-07-26 18:26:05] [data] Done shuffling 20,000 sentences to temp files
[2026-07-26 18:26:09] Seen 20,000 samples
[2026-07-26 18:26:09] Starting data epoch 1196 in logical epoch 1196
[2026-07-26 18:26:09] [data] Shuffling data
[2026-07-26 18:26:09] [data] Done reading 20,000 sentences
[2026-07-26 18:26:09] [data] Done shuffling 20,000 sentences to temp files
[2026-07-26 18:26:13] Seen 20,000 samples
[2026-07-26 18:26:13] Starting data epoch 1197 in logical epoch 1197
[2026-07-26 18:26:13] [data] Shuffling data
[2026-07-26 18:26:13] [data] Done reading 20,000 sentences
[2026-07-26 18:26:13] [data] Done shuffling 20,000 sentences to temp files
[2026-07-26 18:26:17] Seen 20,000 samples
[2026-07-26 18:26:17] Starting data epoch 1198 in logical epoch 1198
[2026-07-26 18:26:17] [data] Shuffling data
[2026-07-26 18:26:17] [data] Done reading 20,000 sentences
[2026-07-26 18:26:17] [data] Done shuffling 20,000 sentences to temp files
[2026-07-26 18:26:20] Seen 20,000 samples
[2026-07-26 18:26:20] Starting data epoch 1199 in logical epoch 1199
[2026-07-26 18:26:20] [data] Shuffling data
[2026-07-26 18:26:20] [data] Done reading 20,000 sentences
[2026-07-26 18:26:21] [data] Done shuffling 20,000 sentences to temp files
[2026-07-26 18:26:24] Seen 20,000 samples
[2026-07-26 18:26:24] Starting data epoch 1200 in logical epoch 1200
[2026-07-26 18:26:24] [data] Shuffling data
[2026-07-26 18:26:24] [data] Done reading 20,000 sentences
[2026-07-26 18:26:24] [data] Done shuffling 20,000 sentences to temp files
[2026-07-26 18:26:28] Seen 20,000 samples
[2026-07-26 18:26:28] Starting data epoch 1201 in logical epoch 1201
[2026-07-26 18:26:28] [data] Shuffling data
[2026-07-26 18:26:28] [data] Done reading 20,000 sentences
[2026-07-26 18:26:28] [data] Done shuffling 20,000 sentences to temp files
[2026-07-26 18:26:32] Seen 20,000 samples
[2026-07-26 18:26:32] Starting data epoch 1202 in logical epoch 1202
[2026-07-26 18:26:32] [data] Shuffling data
[2026-07-26 18:26:32] [data] Done reading 20,000 sentences
[2026-07-26 18:26:32] [data] Done shuffling 20,000 sentences to temp files
[2026-07-26 18:26:36] Seen 20,000 samples
[2026-07-26 18:26:36] Starting data epoch 1203 in logical epoch 1203
[2026-07-26 18:26:36] [data] Shuffling data
[2026-07-26 18:26:36] [data] Done reading 20,000 sentences
[2026-07-26 18:26:36] [data] Done shuffling 20,000 sentences to temp files
[2026-07-26 18:26:39] Seen 20,000 samples
[2026-07-26 18:26:39] Starting data epoch 1204 in logical epoch 1204
[2026-07-26 18:26:39] [data] Shuffling data
[2026-07-26 18:26:39] [data] Done reading 20,000 sentences
[2026-07-26 18:26:39] [data] Done shuffling 20,000 sentences to temp files
[2026-07-26 18:26:41] Ep. 1204 : Up. 30000 : Sen. 8,314 : Cost 1.16633546 * 1,550,900 @ 3,828 after 93,078,473 : Time 75.89s : 20435.06 words/s : gNorm 0.1053 : L.r. 2.1909e-04
[2026-07-26 18:26:41] Saving model weights and runtime parameters to /d/Job_Requirements/PracticalProjectsFromDrYe/AIE-F/assignment-submission/class-22/TheinGiKyaw_Assignment7/model.transformer.warmup4000_dropout01.phmy/model.npz
[2026-07-26 18:26:42] Saving Adam parameters
[2026-07-26 18:26:43] [training] Saving training checkpoint to /d/Job_Requirements/PracticalProjectsFromDrYe/AIE-F/assignment-submission/class-22/TheinGiKyaw_Assignment7/model.transformer.warmup4000_dropout01.phmy/model.npz and /d/Job_Requirements/PracticalProjectsFromDrYe/AIE-F/assignment-submission/class-22/TheinGiKyaw_Assignment7/model.transformer.warmup4000_dropout01.phmy/model.npz.optimizer.npz
[2026-07-26 18:26:46] [valid] Ep. 1204 : Up. 30000 : cross-entropy : 3.15401 : stalled 5 times (last best: 2.17222)
[2026-07-26 18:26:47] [valid] Ep. 1204 : Up. 30000 : perplexity : 2.27188 : stalled 5 times (last best: 1.75974)
[2026-07-26 18:26:50] [valid] Ep. 1204 : Up. 30000 : bleu : 74.8707 : stalled 5 times (last best: 76.4125)
[2026-07-26 18:26:52] Seen 20,000 samples
[2026-07-26 18:26:52] Starting data epoch 1205 in logical epoch 1205
[2026-07-26 18:26:52] [data] Shuffling data
[2026-07-26 18:26:52] [data] Done reading 20,000 sentences
[2026-07-26 18:26:52] [data] Done shuffling 20,000 sentences to temp files
[2026-07-26 18:26:55] Seen 20,000 samples
[2026-07-26 18:26:55] Starting data epoch 1206 in logical epoch 1206
[2026-07-26 18:26:55] [data] Shuffling data
[2026-07-26 18:26:55] [data] Done reading 20,000 sentences
[2026-07-26 18:26:55] [data] Done shuffling 20,000 sentences to temp files
[2026-07-26 18:26:57] Seen 20,000 samples
[2026-07-26 18:26:57] Starting data epoch 1207 in logical epoch 1207
[2026-07-26 18:26:57] [data] Shuffling data
[2026-07-26 18:26:58] [data] Done reading 20,000 sentences
[2026-07-26 18:26:58] [data] Done shuffling 20,000 sentences to temp files
[2026-07-26 18:27:01] Seen 20,000 samples
[2026-07-26 18:27:01] Starting data epoch 1208 in logical epoch 1208
[2026-07-26 18:27:01] [data] Shuffling data
[2026-07-26 18:27:01] [data] Done reading 20,000 sentences
[2026-07-26 18:27:02] [data] Done shuffling 20,000 sentences to temp files
[2026-07-26 18:27:05] Seen 20,000 samples
[2026-07-26 18:27:05] Starting data epoch 1209 in logical epoch 1209
[2026-07-26 18:27:05] [data] Shuffling data
[2026-07-26 18:27:05] [data] Done reading 20,000 sentences
[2026-07-26 18:27:05] [data] Done shuffling 20,000 sentences to temp files
[2026-07-26 18:27:09] Seen 20,000 samples
[2026-07-26 18:27:09] Starting data epoch 1210 in logical epoch 1210
[2026-07-26 18:27:09] [data] Shuffling data
[2026-07-26 18:27:09] [data] Done reading 20,000 sentences
[2026-07-26 18:27:09] [data] Done shuffling 20,000 sentences to temp files
[2026-07-26 18:27:13] Seen 20,000 samples
[2026-07-26 18:27:13] Starting data epoch 1211 in logical epoch 1211
[2026-07-26 18:27:13] [data] Shuffling data
[2026-07-26 18:27:13] [data] Done reading 20,000 sentences
[2026-07-26 18:27:13] [data] Done shuffling 20,000 sentences to temp files
[2026-07-26 18:27:17] Seen 20,000 samples
[2026-07-26 18:27:17] Starting data epoch 1212 in logical epoch 1212
[2026-07-26 18:27:17] [data] Shuffling data
[2026-07-26 18:27:17] [data] Done reading 20,000 sentences
[2026-07-26 18:27:17] [data] Done shuffling 20,000 sentences to temp files
[2026-07-26 18:27:20] Seen 20,000 samples
[2026-07-26 18:27:20] Starting data epoch 1213 in logical epoch 1213
[2026-07-26 18:27:20] [data] Shuffling data
[2026-07-26 18:27:20] [data] Done reading 20,000 sentences
[2026-07-26 18:27:20] [data] Done shuffling 20,000 sentences to temp files
[2026-07-26 18:27:24] Seen 20,000 samples
[2026-07-26 18:27:24] Starting data epoch 1214 in logical epoch 1214
[2026-07-26 18:27:24] [data] Shuffling data
[2026-07-26 18:27:24] [data] Done reading 20,000 sentences
[2026-07-26 18:27:24] [data] Done shuffling 20,000 sentences to temp files
[2026-07-26 18:27:28] Seen 20,000 samples
[2026-07-26 18:27:28] Starting data epoch 1215 in logical epoch 1215
[2026-07-26 18:27:28] [data] Shuffling data
[2026-07-26 18:27:28] [data] Done reading 20,000 sentences
[2026-07-26 18:27:28] [data] Done shuffling 20,000 sentences to temp files
[2026-07-26 18:27:32] Seen 20,000 samples
[2026-07-26 18:27:32] Starting data epoch 1216 in logical epoch 1216
[2026-07-26 18:27:32] [data] Shuffling data
[2026-07-26 18:27:32] [data] Done reading 20,000 sentences
[2026-07-26 18:27:32] [data] Done shuffling 20,000 sentences to temp files
[2026-07-26 18:27:35] Seen 20,000 samples
[2026-07-26 18:27:35] Starting data epoch 1217 in logical epoch 1217
[2026-07-26 18:27:35] [data] Shuffling data
[2026-07-26 18:27:35] [data] Done reading 20,000 sentences
[2026-07-26 18:27:35] [data] Done shuffling 20,000 sentences to temp files
[2026-07-26 18:27:39] Seen 20,000 samples
[2026-07-26 18:27:39] Starting data epoch 1218 in logical epoch 1218
[2026-07-26 18:27:39] [data] Shuffling data
[2026-07-26 18:27:39] [data] Done reading 20,000 sentences
[2026-07-26 18:27:39] [data] Done shuffling 20,000 sentences to temp files
[2026-07-26 18:27:43] Seen 20,000 samples
[2026-07-26 18:27:43] Starting data epoch 1219 in logical epoch 1219
[2026-07-26 18:27:43] [data] Shuffling data
[2026-07-26 18:27:43] [data] Done reading 20,000 sentences
[2026-07-26 18:27:43] [data] Done shuffling 20,000 sentences to temp files
[2026-07-26 18:27:47] Seen 20,000 samples
[2026-07-26 18:27:47] Starting data epoch 1220 in logical epoch 1220
[2026-07-26 18:27:47] [data] Shuffling data
[2026-07-26 18:27:47] [data] Done reading 20,000 sentences
[2026-07-26 18:27:47] [data] Done shuffling 20,000 sentences to temp files
[2026-07-26 18:27:50] Seen 20,000 samples
[2026-07-26 18:27:50] Starting data epoch 1221 in logical epoch 1221
[2026-07-26 18:27:50] [data] Shuffling data
[2026-07-26 18:27:51] [data] Done reading 20,000 sentences
[2026-07-26 18:27:51] [data] Done shuffling 20,000 sentences to temp files
[2026-07-26 18:27:54] Seen 20,000 samples
[2026-07-26 18:27:54] Starting data epoch 1222 in logical epoch 1222
[2026-07-26 18:27:54] [data] Shuffling data
[2026-07-26 18:27:54] [data] Done reading 20,000 sentences
[2026-07-26 18:27:54] [data] Done shuffling 20,000 sentences to temp files
[2026-07-26 18:27:58] Seen 20,000 samples
[2026-07-26 18:27:58] Starting data epoch 1223 in logical epoch 1223
[2026-07-26 18:27:58] [data] Shuffling data
[2026-07-26 18:27:58] [data] Done reading 20,000 sentences
[2026-07-26 18:27:58] [data] Done shuffling 20,000 sentences to temp files
[2026-07-26 18:28:02] Seen 20,000 samples
[2026-07-26 18:28:02] Starting data epoch 1224 in logical epoch 1224
[2026-07-26 18:28:02] [data] Shuffling data
[2026-07-26 18:28:02] [data] Done reading 20,000 sentences
[2026-07-26 18:28:02] [data] Done shuffling 20,000 sentences to temp files
[2026-07-26 18:28:04] Ep. 1224 : Up. 30500 : Sen. 8,784 : Cost 1.16608357 * 1,549,739 @ 2,856 after 94,628,212 : Time 82.88s : 18698.70 words/s : gNorm 0.1245 : L.r. 2.1729e-04
[2026-07-26 18:28:06] Seen 20,000 samples
[2026-07-26 18:28:06] Starting data epoch 1225 in logical epoch 1225
[2026-07-26 18:28:06] [data] Shuffling data
[2026-07-26 18:28:06] [data] Done reading 20,000 sentences
[2026-07-26 18:28:06] [data] Done shuffling 20,000 sentences to temp files
[2026-07-26 18:28:09] Seen 20,000 samples
[2026-07-26 18:28:09] Starting data epoch 1226 in logical epoch 1226
[2026-07-26 18:28:09] [data] Shuffling data
[2026-07-26 18:28:09] [data] Done reading 20,000 sentences
[2026-07-26 18:28:10] [data] Done shuffling 20,000 sentences to temp files
[2026-07-26 18:28:13] Seen 20,000 samples
[2026-07-26 18:28:13] Starting data epoch 1227 in logical epoch 1227
[2026-07-26 18:28:13] [data] Shuffling data
[2026-07-26 18:28:13] [data] Done reading 20,000 sentences
[2026-07-26 18:28:13] [data] Done shuffling 20,000 sentences to temp files
[2026-07-26 18:28:17] Seen 20,000 samples
[2026-07-26 18:28:17] Starting data epoch 1228 in logical epoch 1228
[2026-07-26 18:28:17] [data] Shuffling data
[2026-07-26 18:28:17] [data] Done reading 20,000 sentences
[2026-07-26 18:28:17] [data] Done shuffling 20,000 sentences to temp files
[2026-07-26 18:28:21] Seen 20,000 samples
[2026-07-26 18:28:21] Starting data epoch 1229 in logical epoch 1229
[2026-07-26 18:28:21] [data] Shuffling data
[2026-07-26 18:28:21] [data] Done reading 20,000 sentences
[2026-07-26 18:28:21] [data] Done shuffling 20,000 sentences to temp files
[2026-07-26 18:28:25] Seen 20,000 samples
[2026-07-26 18:28:25] Starting data epoch 1230 in logical epoch 1230
[2026-07-26 18:28:25] [data] Shuffling data
[2026-07-26 18:28:25] [data] Done reading 20,000 sentences
[2026-07-26 18:28:25] [data] Done shuffling 20,000 sentences to temp files
[2026-07-26 18:28:28] Seen 20,000 samples
[2026-07-26 18:28:28] Starting data epoch 1231 in logical epoch 1231
[2026-07-26 18:28:28] [data] Shuffling data
[2026-07-26 18:28:28] [data] Done reading 20,000 sentences
[2026-07-26 18:28:28] [data] Done shuffling 20,000 sentences to temp files
[2026-07-26 18:28:32] Seen 20,000 samples
[2026-07-26 18:28:32] Starting data epoch 1232 in logical epoch 1232
[2026-07-26 18:28:32] [data] Shuffling data
[2026-07-26 18:28:32] [data] Done reading 20,000 sentences
[2026-07-26 18:28:32] [data] Done shuffling 20,000 sentences to temp files
[2026-07-26 18:28:36] Seen 20,000 samples
[2026-07-26 18:28:36] Starting data epoch 1233 in logical epoch 1233
[2026-07-26 18:28:36] [data] Shuffling data
[2026-07-26 18:28:36] [data] Done reading 20,000 sentences
[2026-07-26 18:28:36] [data] Done shuffling 20,000 sentences to temp files
[2026-07-26 18:28:40] Seen 20,000 samples
[2026-07-26 18:28:40] Starting data epoch 1234 in logical epoch 1234
[2026-07-26 18:28:40] [data] Shuffling data
[2026-07-26 18:28:40] [data] Done reading 20,000 sentences
[2026-07-26 18:28:40] [data] Done shuffling 20,000 sentences to temp files
[2026-07-26 18:28:43] Seen 20,000 samples
[2026-07-26 18:28:43] Starting data epoch 1235 in logical epoch 1235
[2026-07-26 18:28:43] [data] Shuffling data
[2026-07-26 18:28:43] [data] Done reading 20,000 sentences
[2026-07-26 18:28:44] [data] Done shuffling 20,000 sentences to temp files
[2026-07-26 18:28:47] Seen 20,000 samples
[2026-07-26 18:28:47] Starting data epoch 1236 in logical epoch 1236
[2026-07-26 18:28:47] [data] Shuffling data
[2026-07-26 18:28:47] [data] Done reading 20,000 sentences
[2026-07-26 18:28:47] [data] Done shuffling 20,000 sentences to temp files
[2026-07-26 18:28:51] Seen 20,000 samples
[2026-07-26 18:28:51] Starting data epoch 1237 in logical epoch 1237
[2026-07-26 18:28:51] [data] Shuffling data
[2026-07-26 18:28:51] [data] Done reading 20,000 sentences
[2026-07-26 18:28:51] [data] Done shuffling 20,000 sentences to temp files
[2026-07-26 18:28:55] Seen 20,000 samples
[2026-07-26 18:28:55] Starting data epoch 1238 in logical epoch 1238
[2026-07-26 18:28:55] [data] Shuffling data
[2026-07-26 18:28:55] [data] Done reading 20,000 sentences
[2026-07-26 18:28:55] [data] Done shuffling 20,000 sentences to temp files
[2026-07-26 18:28:59] Seen 20,000 samples
[2026-07-26 18:28:59] Starting data epoch 1239 in logical epoch 1239
[2026-07-26 18:28:59] [data] Shuffling data
[2026-07-26 18:28:59] [data] Done reading 20,000 sentences
[2026-07-26 18:28:59] [data] Done shuffling 20,000 sentences to temp files
[2026-07-26 18:29:02] Seen 20,000 samples
[2026-07-26 18:29:02] Starting data epoch 1240 in logical epoch 1240
[2026-07-26 18:29:02] [data] Shuffling data
[2026-07-26 18:29:02] [data] Done reading 20,000 sentences
[2026-07-26 18:29:02] [data] Done shuffling 20,000 sentences to temp files
[2026-07-26 18:29:06] Seen 20,000 samples
[2026-07-26 18:29:06] Starting data epoch 1241 in logical epoch 1241
[2026-07-26 18:29:06] [data] Shuffling data
[2026-07-26 18:29:06] [data] Done reading 20,000 sentences
[2026-07-26 18:29:06] [data] Done shuffling 20,000 sentences to temp files
[2026-07-26 18:29:10] Seen 20,000 samples
[2026-07-26 18:29:10] Starting data epoch 1242 in logical epoch 1242
[2026-07-26 18:29:10] [data] Shuffling data
[2026-07-26 18:29:10] [data] Done reading 20,000 sentences
[2026-07-26 18:29:10] [data] Done shuffling 20,000 sentences to temp files
[2026-07-26 18:29:14] Seen 20,000 samples
[2026-07-26 18:29:14] Starting data epoch 1243 in logical epoch 1243
[2026-07-26 18:29:14] [data] Shuffling data
[2026-07-26 18:29:14] [data] Done reading 20,000 sentences
[2026-07-26 18:29:14] [data] Done shuffling 20,000 sentences to temp files
[2026-07-26 18:29:17] Seen 20,000 samples
[2026-07-26 18:29:17] Starting data epoch 1244 in logical epoch 1244
[2026-07-26 18:29:17] [data] Shuffling data
[2026-07-26 18:29:17] [data] Done reading 20,000 sentences
[2026-07-26 18:29:17] [data] Done shuffling 20,000 sentences to temp files
[2026-07-26 18:29:19] Ep. 1244 : Up. 31000 : Sen. 7,357 : Cost 1.16604257 * 1,540,256 @ 3,879 after 96,168,468 : Time 75.14s : 20497.55 words/s : gNorm 0.1108 : L.r. 2.1553e-04
[2026-07-26 18:29:21] Seen 20,000 samples
[2026-07-26 18:29:21] Starting data epoch 1245 in logical epoch 1245
[2026-07-26 18:29:21] [data] Shuffling data
[2026-07-26 18:29:21] [data] Done reading 20,000 sentences
[2026-07-26 18:29:21] [data] Done shuffling 20,000 sentences to temp files
[2026-07-26 18:29:25] Seen 20,000 samples
[2026-07-26 18:29:25] Starting data epoch 1246 in logical epoch 1246
[2026-07-26 18:29:25] [data] Shuffling data
[2026-07-26 18:29:25] [data] Done reading 20,000 sentences
[2026-07-26 18:29:25] [data] Done shuffling 20,000 sentences to temp files
[2026-07-26 18:29:29] Seen 20,000 samples
[2026-07-26 18:29:29] Starting data epoch 1247 in logical epoch 1247
[2026-07-26 18:29:29] [data] Shuffling data
[2026-07-26 18:29:29] [data] Done reading 20,000 sentences
[2026-07-26 18:29:29] [data] Done shuffling 20,000 sentences to temp files
[2026-07-26 18:29:33] Seen 20,000 samples
[2026-07-26 18:29:33] Starting data epoch 1248 in logical epoch 1248
[2026-07-26 18:29:33] [data] Shuffling data
[2026-07-26 18:29:33] [data] Done reading 20,000 sentences
[2026-07-26 18:29:33] [data] Done shuffling 20,000 sentences to temp files
[2026-07-26 18:29:36] Seen 20,000 samples
[2026-07-26 18:29:36] Starting data epoch 1249 in logical epoch 1249
[2026-07-26 18:29:36] [data] Shuffling data
[2026-07-26 18:29:36] [data] Done reading 20,000 sentences
[2026-07-26 18:29:37] [data] Done shuffling 20,000 sentences to temp files
[2026-07-26 18:29:40] Seen 20,000 samples
[2026-07-26 18:29:40] Starting data epoch 1250 in logical epoch 1250
[2026-07-26 18:29:40] [data] Shuffling data
[2026-07-26 18:29:40] [data] Done reading 20,000 sentences
[2026-07-26 18:29:40] [data] Done shuffling 20,000 sentences to temp files
[2026-07-26 18:29:44] Seen 20,000 samples
[2026-07-26 18:29:44] Starting data epoch 1251 in logical epoch 1251
[2026-07-26 18:29:44] [data] Shuffling data
[2026-07-26 18:29:44] [data] Done reading 20,000 sentences
[2026-07-26 18:29:44] [data] Done shuffling 20,000 sentences to temp files
[2026-07-26 18:29:48] Seen 20,000 samples
[2026-07-26 18:29:48] Starting data epoch 1252 in logical epoch 1252
[2026-07-26 18:29:48] [data] Shuffling data
[2026-07-26 18:29:48] [data] Done reading 20,000 sentences
[2026-07-26 18:29:48] [data] Done shuffling 20,000 sentences to temp files
[2026-07-26 18:29:52] Seen 20,000 samples
[2026-07-26 18:29:52] Starting data epoch 1253 in logical epoch 1253
[2026-07-26 18:29:52] [data] Shuffling data
[2026-07-26 18:29:52] [data] Done reading 20,000 sentences
[2026-07-26 18:29:52] [data] Done shuffling 20,000 sentences to temp files
[2026-07-26 18:29:55] Seen 20,000 samples
[2026-07-26 18:29:55] Starting data epoch 1254 in logical epoch 1254
[2026-07-26 18:29:55] [data] Shuffling data
[2026-07-26 18:29:55] [data] Done reading 20,000 sentences
[2026-07-26 18:29:55] [data] Done shuffling 20,000 sentences to temp files
[2026-07-26 18:29:59] Seen 20,000 samples
[2026-07-26 18:29:59] Starting data epoch 1255 in logical epoch 1255
[2026-07-26 18:29:59] [data] Shuffling data
[2026-07-26 18:29:59] [data] Done reading 20,000 sentences
[2026-07-26 18:29:59] [data] Done shuffling 20,000 sentences to temp files
[2026-07-26 18:30:03] Seen 20,000 samples
[2026-07-26 18:30:03] Starting data epoch 1256 in logical epoch 1256
[2026-07-26 18:30:03] [data] Shuffling data
[2026-07-26 18:30:03] [data] Done reading 20,000 sentences
[2026-07-26 18:30:03] [data] Done shuffling 20,000 sentences to temp files
[2026-07-26 18:30:06] Seen 20,000 samples
[2026-07-26 18:30:06] Starting data epoch 1257 in logical epoch 1257
[2026-07-26 18:30:06] [data] Shuffling data
[2026-07-26 18:30:06] [data] Done reading 20,000 sentences
[2026-07-26 18:30:07] [data] Done shuffling 20,000 sentences to temp files
[2026-07-26 18:30:10] Seen 20,000 samples
[2026-07-26 18:30:10] Starting data epoch 1258 in logical epoch 1258
[2026-07-26 18:30:10] [data] Shuffling data
[2026-07-26 18:30:10] [data] Done reading 20,000 sentences
[2026-07-26 18:30:10] [data] Done shuffling 20,000 sentences to temp files
[2026-07-26 18:30:14] Seen 20,000 samples
[2026-07-26 18:30:14] Starting data epoch 1259 in logical epoch 1259
[2026-07-26 18:30:14] [data] Shuffling data
[2026-07-26 18:30:14] [data] Done reading 20,000 sentences
[2026-07-26 18:30:14] [data] Done shuffling 20,000 sentences to temp files
[2026-07-26 18:30:18] Seen 20,000 samples
[2026-07-26 18:30:18] Starting data epoch 1260 in logical epoch 1260
[2026-07-26 18:30:18] [data] Shuffling data
[2026-07-26 18:30:18] [data] Done reading 20,000 sentences
[2026-07-26 18:30:18] [data] Done shuffling 20,000 sentences to temp files
[2026-07-26 18:30:21] Seen 20,000 samples
[2026-07-26 18:30:21] Starting data epoch 1261 in logical epoch 1261
[2026-07-26 18:30:21] [data] Shuffling data
[2026-07-26 18:30:21] [data] Done reading 20,000 sentences
[2026-07-26 18:30:21] [data] Done shuffling 20,000 sentences to temp files
[2026-07-26 18:30:25] Seen 20,000 samples
[2026-07-26 18:30:25] Starting data epoch 1262 in logical epoch 1262
[2026-07-26 18:30:25] [data] Shuffling data
[2026-07-26 18:30:25] [data] Done reading 20,000 sentences
[2026-07-26 18:30:25] [data] Done shuffling 20,000 sentences to temp files
[2026-07-26 18:30:29] Seen 20,000 samples
[2026-07-26 18:30:29] Starting data epoch 1263 in logical epoch 1263
[2026-07-26 18:30:29] [data] Shuffling data
[2026-07-26 18:30:29] [data] Done reading 20,000 sentences
[2026-07-26 18:30:29] [data] Done shuffling 20,000 sentences to temp files
[2026-07-26 18:30:33] Seen 20,000 samples
[2026-07-26 18:30:33] Starting data epoch 1264 in logical epoch 1264
[2026-07-26 18:30:33] [data] Shuffling data
[2026-07-26 18:30:33] [data] Done reading 20,000 sentences
[2026-07-26 18:30:33] [data] Done shuffling 20,000 sentences to temp files
[2026-07-26 18:30:35] Ep. 1264 : Up. 31500 : Sen. 10,886 : Cost 1.16582358 * 1,560,996 @ 2,871 after 97,729,464 : Time 75.76s : 20604.52 words/s : gNorm 0.1125 : L.r. 2.1381e-04
[2026-07-26 18:30:36] Seen 20,000 samples
[2026-07-26 18:30:36] Starting data epoch 1265 in logical epoch 1265
[2026-07-26 18:30:36] [data] Shuffling data
[2026-07-26 18:30:36] [data] Done reading 20,000 sentences
[2026-07-26 18:30:36] [data] Done shuffling 20,000 sentences to temp files
[2026-07-26 18:30:40] Seen 20,000 samples
[2026-07-26 18:30:40] Starting data epoch 1266 in logical epoch 1266
[2026-07-26 18:30:40] [data] Shuffling data
[2026-07-26 18:30:40] [data] Done reading 20,000 sentences
[2026-07-26 18:30:40] [data] Done shuffling 20,000 sentences to temp files
[2026-07-26 18:30:44] Seen 20,000 samples
[2026-07-26 18:30:44] Starting data epoch 1267 in logical epoch 1267
[2026-07-26 18:30:44] [data] Shuffling data
[2026-07-26 18:30:44] [data] Done reading 20,000 sentences
[2026-07-26 18:30:44] [data] Done shuffling 20,000 sentences to temp files
[2026-07-26 18:30:48] Seen 20,000 samples
[2026-07-26 18:30:48] Starting data epoch 1268 in logical epoch 1268
[2026-07-26 18:30:48] [data] Shuffling data
[2026-07-26 18:30:48] [data] Done reading 20,000 sentences
[2026-07-26 18:30:48] [data] Done shuffling 20,000 sentences to temp files
[2026-07-26 18:30:51] Seen 20,000 samples
[2026-07-26 18:30:51] Starting data epoch 1269 in logical epoch 1269
[2026-07-26 18:30:51] [data] Shuffling data
[2026-07-26 18:30:51] [data] Done reading 20,000 sentences
[2026-07-26 18:30:51] [data] Done shuffling 20,000 sentences to temp files
[2026-07-26 18:30:55] Seen 20,000 samples
[2026-07-26 18:30:55] Starting data epoch 1270 in logical epoch 1270
[2026-07-26 18:30:55] [data] Shuffling data
[2026-07-26 18:30:55] [data] Done reading 20,000 sentences
[2026-07-26 18:30:55] [data] Done shuffling 20,000 sentences to temp files
[2026-07-26 18:30:59] Seen 20,000 samples
[2026-07-26 18:30:59] Starting data epoch 1271 in logical epoch 1271
[2026-07-26 18:30:59] [data] Shuffling data
[2026-07-26 18:30:59] [data] Done reading 20,000 sentences
[2026-07-26 18:30:59] [data] Done shuffling 20,000 sentences to temp files
[2026-07-26 18:31:03] Seen 20,000 samples
[2026-07-26 18:31:03] Starting data epoch 1272 in logical epoch 1272
[2026-07-26 18:31:03] [data] Shuffling data
[2026-07-26 18:31:03] [data] Done reading 20,000 sentences
[2026-07-26 18:31:03] [data] Done shuffling 20,000 sentences to temp files
[2026-07-26 18:31:07] Seen 20,000 samples
[2026-07-26 18:31:07] Starting data epoch 1273 in logical epoch 1273
[2026-07-26 18:31:07] [data] Shuffling data
[2026-07-26 18:31:07] [data] Done reading 20,000 sentences
[2026-07-26 18:31:07] [data] Done shuffling 20,000 sentences to temp files
[2026-07-26 18:31:11] Seen 20,000 samples
[2026-07-26 18:31:11] Starting data epoch 1274 in logical epoch 1274
[2026-07-26 18:31:11] [data] Shuffling data
[2026-07-26 18:31:11] [data] Done reading 20,000 sentences
[2026-07-26 18:31:11] [data] Done shuffling 20,000 sentences to temp files
[2026-07-26 18:31:15] Seen 20,000 samples
[2026-07-26 18:31:15] Starting data epoch 1275 in logical epoch 1275
[2026-07-26 18:31:15] [data] Shuffling data
[2026-07-26 18:31:15] [data] Done reading 20,000 sentences
[2026-07-26 18:31:15] [data] Done shuffling 20,000 sentences to temp files
[2026-07-26 18:31:19] Seen 20,000 samples
[2026-07-26 18:31:19] Starting data epoch 1276 in logical epoch 1276
[2026-07-26 18:31:19] [data] Shuffling data
[2026-07-26 18:31:19] [data] Done reading 20,000 sentences
[2026-07-26 18:31:19] [data] Done shuffling 20,000 sentences to temp files
[2026-07-26 18:31:24] Seen 20,000 samples
[2026-07-26 18:31:24] Starting data epoch 1277 in logical epoch 1277
[2026-07-26 18:31:24] [data] Shuffling data
[2026-07-26 18:31:24] [data] Done reading 20,000 sentences
[2026-07-26 18:31:24] [data] Done shuffling 20,000 sentences to temp files
[2026-07-26 18:31:29] Seen 20,000 samples
[2026-07-26 18:31:29] Starting data epoch 1278 in logical epoch 1278
[2026-07-26 18:31:29] [data] Shuffling data
[2026-07-26 18:31:30] [data] Done reading 20,000 sentences
[2026-07-26 18:31:30] [data] Done shuffling 20,000 sentences to temp files
[2026-07-26 18:31:34] Seen 20,000 samples
[2026-07-26 18:31:34] Starting data epoch 1279 in logical epoch 1279
[2026-07-26 18:31:34] [data] Shuffling data
[2026-07-26 18:31:34] [data] Done reading 20,000 sentences
[2026-07-26 18:31:34] [data] Done shuffling 20,000 sentences to temp files
[2026-07-26 18:31:38] Seen 20,000 samples
[2026-07-26 18:31:38] Starting data epoch 1280 in logical epoch 1280
[2026-07-26 18:31:38] [data] Shuffling data
[2026-07-26 18:31:38] [data] Done reading 20,000 sentences
[2026-07-26 18:31:38] [data] Done shuffling 20,000 sentences to temp files
[2026-07-26 18:31:42] Seen 20,000 samples
[2026-07-26 18:31:42] Starting data epoch 1281 in logical epoch 1281
[2026-07-26 18:31:42] [data] Shuffling data
[2026-07-26 18:31:42] [data] Done reading 20,000 sentences
[2026-07-26 18:31:42] [data] Done shuffling 20,000 sentences to temp files
[2026-07-26 18:31:45] Seen 20,000 samples
[2026-07-26 18:31:45] Starting data epoch 1282 in logical epoch 1282
[2026-07-26 18:31:45] [data] Shuffling data
[2026-07-26 18:31:45] [data] Done reading 20,000 sentences
[2026-07-26 18:31:45] [data] Done shuffling 20,000 sentences to temp files
[2026-07-26 18:31:49] Seen 20,000 samples
[2026-07-26 18:31:49] Starting data epoch 1283 in logical epoch 1283
[2026-07-26 18:31:49] [data] Shuffling data
[2026-07-26 18:31:49] [data] Done reading 20,000 sentences
[2026-07-26 18:31:49] [data] Done shuffling 20,000 sentences to temp files
[2026-07-26 18:31:53] Seen 20,000 samples
[2026-07-26 18:31:53] Starting data epoch 1284 in logical epoch 1284
[2026-07-26 18:31:53] [data] Shuffling data
[2026-07-26 18:31:53] [data] Done reading 20,000 sentences
[2026-07-26 18:31:53] [data] Done shuffling 20,000 sentences to temp files
[2026-07-26 18:31:55] Ep. 1284 : Up. 32000 : Sen. 11,843 : Cost 1.16582453 * 1,550,830 @ 2,848 after 99,280,294 : Time 80.53s : 19258.70 words/s : gNorm 0.1156 : L.r. 2.1213e-04
[2026-07-26 18:31:57] Seen 20,000 samples
[2026-07-26 18:31:57] Starting data epoch 1285 in logical epoch 1285
[2026-07-26 18:31:57] [data] Shuffling data
[2026-07-26 18:31:57] [data] Done reading 20,000 sentences
[2026-07-26 18:31:57] [data] Done shuffling 20,000 sentences to temp files
[2026-07-26 18:32:01] Seen 20,000 samples
[2026-07-26 18:32:01] Starting data epoch 1286 in logical epoch 1286
[2026-07-26 18:32:01] [data] Shuffling data
[2026-07-26 18:32:01] [data] Done reading 20,000 sentences
[2026-07-26 18:32:01] [data] Done shuffling 20,000 sentences to temp files
[2026-07-26 18:32:04] Seen 20,000 samples
[2026-07-26 18:32:04] Starting data epoch 1287 in logical epoch 1287
[2026-07-26 18:32:04] [data] Shuffling data
[2026-07-26 18:32:04] [data] Done reading 20,000 sentences
[2026-07-26 18:32:04] [data] Done shuffling 20,000 sentences to temp files
[2026-07-26 18:32:08] Seen 20,000 samples
[2026-07-26 18:32:08] Starting data epoch 1288 in logical epoch 1288
[2026-07-26 18:32:08] [data] Shuffling data
[2026-07-26 18:32:08] [data] Done reading 20,000 sentences
[2026-07-26 18:32:08] [data] Done shuffling 20,000 sentences to temp files
[2026-07-26 18:32:12] Seen 20,000 samples
[2026-07-26 18:32:12] Starting data epoch 1289 in logical epoch 1289
[2026-07-26 18:32:12] [data] Shuffling data
[2026-07-26 18:32:12] [data] Done reading 20,000 sentences
[2026-07-26 18:32:12] [data] Done shuffling 20,000 sentences to temp files
[2026-07-26 18:32:16] Seen 20,000 samples
[2026-07-26 18:32:16] Starting data epoch 1290 in logical epoch 1290
[2026-07-26 18:32:16] [data] Shuffling data
[2026-07-26 18:32:16] [data] Done reading 20,000 sentences
[2026-07-26 18:32:16] [data] Done shuffling 20,000 sentences to temp files
[2026-07-26 18:32:20] Seen 20,000 samples
[2026-07-26 18:32:20] Starting data epoch 1291 in logical epoch 1291
[2026-07-26 18:32:20] [data] Shuffling data
[2026-07-26 18:32:20] [data] Done reading 20,000 sentences
[2026-07-26 18:32:20] [data] Done shuffling 20,000 sentences to temp files
[2026-07-26 18:32:24] Seen 20,000 samples
[2026-07-26 18:32:24] Starting data epoch 1292 in logical epoch 1292
[2026-07-26 18:32:24] [data] Shuffling data
[2026-07-26 18:32:24] [data] Done reading 20,000 sentences
[2026-07-26 18:32:24] [data] Done shuffling 20,000 sentences to temp files
[2026-07-26 18:32:27] Seen 20,000 samples
[2026-07-26 18:32:27] Starting data epoch 1293 in logical epoch 1293
[2026-07-26 18:32:27] [data] Shuffling data
[2026-07-26 18:32:28] [data] Done reading 20,000 sentences
[2026-07-26 18:32:28] [data] Done shuffling 20,000 sentences to temp files
[2026-07-26 18:32:31] Seen 20,000 samples
[2026-07-26 18:32:31] Starting data epoch 1294 in logical epoch 1294
[2026-07-26 18:32:31] [data] Shuffling data
[2026-07-26 18:32:31] [data] Done reading 20,000 sentences
[2026-07-26 18:32:31] [data] Done shuffling 20,000 sentences to temp files
[2026-07-26 18:32:35] Seen 20,000 samples
[2026-07-26 18:32:35] Starting data epoch 1295 in logical epoch 1295
[2026-07-26 18:32:35] [data] Shuffling data
[2026-07-26 18:32:35] [data] Done reading 20,000 sentences
[2026-07-26 18:32:35] [data] Done shuffling 20,000 sentences to temp files
[2026-07-26 18:32:39] Seen 20,000 samples
[2026-07-26 18:32:39] Starting data epoch 1296 in logical epoch 1296
[2026-07-26 18:32:39] [data] Shuffling data
[2026-07-26 18:32:39] [data] Done reading 20,000 sentences
[2026-07-26 18:32:39] [data] Done shuffling 20,000 sentences to temp files
[2026-07-26 18:32:43] Seen 20,000 samples
[2026-07-26 18:32:43] Starting data epoch 1297 in logical epoch 1297
[2026-07-26 18:32:43] [data] Shuffling data
[2026-07-26 18:32:43] [data] Done reading 20,000 sentences
[2026-07-26 18:32:43] [data] Done shuffling 20,000 sentences to temp files
[2026-07-26 18:32:47] Seen 20,000 samples
[2026-07-26 18:32:47] Starting data epoch 1298 in logical epoch 1298
[2026-07-26 18:32:47] [data] Shuffling data
[2026-07-26 18:32:47] [data] Done reading 20,000 sentences
[2026-07-26 18:32:47] [data] Done shuffling 20,000 sentences to temp files
[2026-07-26 18:32:51] Seen 20,000 samples
[2026-07-26 18:32:51] Starting data epoch 1299 in logical epoch 1299
[2026-07-26 18:32:51] [data] Shuffling data
[2026-07-26 18:32:51] [data] Done reading 20,000 sentences
[2026-07-26 18:32:51] [data] Done shuffling 20,000 sentences to temp files
[2026-07-26 18:32:54] Seen 20,000 samples
[2026-07-26 18:32:54] Starting data epoch 1300 in logical epoch 1300
[2026-07-26 18:32:54] [data] Shuffling data
[2026-07-26 18:32:55] [data] Done reading 20,000 sentences
[2026-07-26 18:32:55] [data] Done shuffling 20,000 sentences to temp files
[2026-07-26 18:32:58] Seen 20,000 samples
[2026-07-26 18:32:58] Starting data epoch 1301 in logical epoch 1301
[2026-07-26 18:32:58] [data] Shuffling data
[2026-07-26 18:32:58] [data] Done reading 20,000 sentences
[2026-07-26 18:32:58] [data] Done shuffling 20,000 sentences to temp files
[2026-07-26 18:33:02] Seen 20,000 samples
[2026-07-26 18:33:02] Starting data epoch 1302 in logical epoch 1302
[2026-07-26 18:33:02] [data] Shuffling data
[2026-07-26 18:33:02] [data] Done reading 20,000 sentences
[2026-07-26 18:33:02] [data] Done shuffling 20,000 sentences to temp files
[2026-07-26 18:33:06] Seen 20,000 samples
[2026-07-26 18:33:06] Starting data epoch 1303 in logical epoch 1303
[2026-07-26 18:33:06] [data] Shuffling data
[2026-07-26 18:33:06] [data] Done reading 20,000 sentences
[2026-07-26 18:33:06] [data] Done shuffling 20,000 sentences to temp files
[2026-07-26 18:33:10] Seen 20,000 samples
[2026-07-26 18:33:10] Starting data epoch 1304 in logical epoch 1304
[2026-07-26 18:33:10] [data] Shuffling data
[2026-07-26 18:33:10] [data] Done reading 20,000 sentences
[2026-07-26 18:33:10] [data] Done shuffling 20,000 sentences to temp files
[2026-07-26 18:33:13] Ep. 1304 : Up. 32500 : Sen. 14,227 : Cost 1.16567981 * 1,555,420 @ 2,844 after 100,835,714 : Time 77.33s : 20114.88 words/s : gNorm 0.1140 : L.r. 2.1049e-04
[2026-07-26 18:33:14] Seen 20,000 samples
[2026-07-26 18:33:14] Starting data epoch 1305 in logical epoch 1305
[2026-07-26 18:33:14] [data] Shuffling data
[2026-07-26 18:33:14] [data] Done reading 20,000 sentences
[2026-07-26 18:33:14] [data] Done shuffling 20,000 sentences to temp files
[2026-07-26 18:33:18] Seen 20,000 samples
[2026-07-26 18:33:18] Starting data epoch 1306 in logical epoch 1306
[2026-07-26 18:33:18] [data] Shuffling data
[2026-07-26 18:33:18] [data] Done reading 20,000 sentences
[2026-07-26 18:33:18] [data] Done shuffling 20,000 sentences to temp files
[2026-07-26 18:33:21] Seen 20,000 samples
[2026-07-26 18:33:21] Starting data epoch 1307 in logical epoch 1307
[2026-07-26 18:33:21] [data] Shuffling data
[2026-07-26 18:33:21] [data] Done reading 20,000 sentences
[2026-07-26 18:33:21] [data] Done shuffling 20,000 sentences to temp files
[2026-07-26 18:33:25] Seen 20,000 samples
[2026-07-26 18:33:25] Starting data epoch 1308 in logical epoch 1308
[2026-07-26 18:33:25] [data] Shuffling data
[2026-07-26 18:33:25] [data] Done reading 20,000 sentences
[2026-07-26 18:33:25] [data] Done shuffling 20,000 sentences to temp files
[2026-07-26 18:33:29] Seen 20,000 samples
[2026-07-26 18:33:29] Starting data epoch 1309 in logical epoch 1309
[2026-07-26 18:33:29] [data] Shuffling data
[2026-07-26 18:33:29] [data] Done reading 20,000 sentences
[2026-07-26 18:33:29] [data] Done shuffling 20,000 sentences to temp files
[2026-07-26 18:33:33] Seen 20,000 samples
[2026-07-26 18:33:33] Starting data epoch 1310 in logical epoch 1310
[2026-07-26 18:33:33] [data] Shuffling data
[2026-07-26 18:33:33] [data] Done reading 20,000 sentences
[2026-07-26 18:33:33] [data] Done shuffling 20,000 sentences to temp files
[2026-07-26 18:33:37] Seen 20,000 samples
[2026-07-26 18:33:37] Starting data epoch 1311 in logical epoch 1311
[2026-07-26 18:33:37] [data] Shuffling data
[2026-07-26 18:33:37] [data] Done reading 20,000 sentences
[2026-07-26 18:33:37] [data] Done shuffling 20,000 sentences to temp files
[2026-07-26 18:33:41] Seen 20,000 samples
[2026-07-26 18:33:41] Starting data epoch 1312 in logical epoch 1312
[2026-07-26 18:33:41] [data] Shuffling data
[2026-07-26 18:33:41] [data] Done reading 20,000 sentences
[2026-07-26 18:33:41] [data] Done shuffling 20,000 sentences to temp files
[2026-07-26 18:33:44] Seen 20,000 samples
[2026-07-26 18:33:44] Starting data epoch 1313 in logical epoch 1313
[2026-07-26 18:33:44] [data] Shuffling data
[2026-07-26 18:33:45] [data] Done reading 20,000 sentences
[2026-07-26 18:33:45] [data] Done shuffling 20,000 sentences to temp files
[2026-07-26 18:33:48] Seen 20,000 samples
[2026-07-26 18:33:48] Starting data epoch 1314 in logical epoch 1314
[2026-07-26 18:33:48] [data] Shuffling data
[2026-07-26 18:33:48] [data] Done reading 20,000 sentences
[2026-07-26 18:33:48] [data] Done shuffling 20,000 sentences to temp files
[2026-07-26 18:33:52] Seen 20,000 samples
[2026-07-26 18:33:52] Starting data epoch 1315 in logical epoch 1315
[2026-07-26 18:33:52] [data] Shuffling data
[2026-07-26 18:33:52] [data] Done reading 20,000 sentences
[2026-07-26 18:33:52] [data] Done shuffling 20,000 sentences to temp files
[2026-07-26 18:33:56] Seen 20,000 samples
[2026-07-26 18:33:56] Starting data epoch 1316 in logical epoch 1316
[2026-07-26 18:33:56] [data] Shuffling data
[2026-07-26 18:33:56] [data] Done reading 20,000 sentences
[2026-07-26 18:33:56] [data] Done shuffling 20,000 sentences to temp files
[2026-07-26 18:34:00] Seen 20,000 samples
[2026-07-26 18:34:00] Starting data epoch 1317 in logical epoch 1317
[2026-07-26 18:34:00] [data] Shuffling data
[2026-07-26 18:34:00] [data] Done reading 20,000 sentences
[2026-07-26 18:34:00] [data] Done shuffling 20,000 sentences to temp files
[2026-07-26 18:34:04] Seen 20,000 samples
[2026-07-26 18:34:04] Starting data epoch 1318 in logical epoch 1318
[2026-07-26 18:34:04] [data] Shuffling data
[2026-07-26 18:34:04] [data] Done reading 20,000 sentences
[2026-07-26 18:34:04] [data] Done shuffling 20,000 sentences to temp files
[2026-07-26 18:34:07] Seen 20,000 samples
[2026-07-26 18:34:07] Starting data epoch 1319 in logical epoch 1319
[2026-07-26 18:34:07] [data] Shuffling data
[2026-07-26 18:34:07] [data] Done reading 20,000 sentences
[2026-07-26 18:34:07] [data] Done shuffling 20,000 sentences to temp files
[2026-07-26 18:34:11] Seen 20,000 samples
[2026-07-26 18:34:11] Starting data epoch 1320 in logical epoch 1320
[2026-07-26 18:34:11] [data] Shuffling data
[2026-07-26 18:34:11] [data] Done reading 20,000 sentences
[2026-07-26 18:34:11] [data] Done shuffling 20,000 sentences to temp files
[2026-07-26 18:34:15] Seen 20,000 samples
[2026-07-26 18:34:15] Starting data epoch 1321 in logical epoch 1321
[2026-07-26 18:34:15] [data] Shuffling data
[2026-07-26 18:34:15] [data] Done reading 20,000 sentences
[2026-07-26 18:34:15] [data] Done shuffling 20,000 sentences to temp files
[2026-07-26 18:34:19] Seen 20,000 samples
[2026-07-26 18:34:19] Starting data epoch 1322 in logical epoch 1322
[2026-07-26 18:34:19] [data] Shuffling data
[2026-07-26 18:34:19] [data] Done reading 20,000 sentences
[2026-07-26 18:34:19] [data] Done shuffling 20,000 sentences to temp files
[2026-07-26 18:34:23] Seen 20,000 samples
[2026-07-26 18:34:23] Starting data epoch 1323 in logical epoch 1323
[2026-07-26 18:34:23] [data] Shuffling data
[2026-07-26 18:34:23] [data] Done reading 20,000 sentences
[2026-07-26 18:34:23] [data] Done shuffling 20,000 sentences to temp files
[2026-07-26 18:34:26] Seen 20,000 samples
[2026-07-26 18:34:26] Starting data epoch 1324 in logical epoch 1324
[2026-07-26 18:34:26] [data] Shuffling data
[2026-07-26 18:34:26] [data] Done reading 20,000 sentences
[2026-07-26 18:34:27] [data] Done shuffling 20,000 sentences to temp files
[2026-07-26 18:34:30] Ep. 1324 : Up. 33000 : Sen. 20,000 : Cost 1.16559315 * 1,569,066 @ 3,096 after 102,404,780 : Time 77.65s : 20206.78 words/s : gNorm 0.2276 : L.r. 2.0889e-04
[2026-07-26 18:34:30] Seen 20,000 samples
[2026-07-26 18:34:30] Starting data epoch 1325 in logical epoch 1325
[2026-07-26 18:34:30] [data] Shuffling data
[2026-07-26 18:34:30] [data] Done reading 20,000 sentences
[2026-07-26 18:34:30] [data] Done shuffling 20,000 sentences to temp files
[2026-07-26 18:34:34] Seen 20,000 samples
[2026-07-26 18:34:34] Starting data epoch 1326 in logical epoch 1326
[2026-07-26 18:34:34] [data] Shuffling data
[2026-07-26 18:34:34] [data] Done reading 20,000 sentences
[2026-07-26 18:34:34] [data] Done shuffling 20,000 sentences to temp files
[2026-07-26 18:34:38] Seen 20,000 samples
[2026-07-26 18:34:38] Starting data epoch 1327 in logical epoch 1327
[2026-07-26 18:34:38] [data] Shuffling data
[2026-07-26 18:34:38] [data] Done reading 20,000 sentences
[2026-07-26 18:34:38] [data] Done shuffling 20,000 sentences to temp files
[2026-07-26 18:34:42] Seen 20,000 samples
[2026-07-26 18:34:42] Starting data epoch 1328 in logical epoch 1328
[2026-07-26 18:34:42] [data] Shuffling data
[2026-07-26 18:34:42] [data] Done reading 20,000 sentences
[2026-07-26 18:34:42] [data] Done shuffling 20,000 sentences to temp files
[2026-07-26 18:34:45] Seen 20,000 samples
[2026-07-26 18:34:45] Starting data epoch 1329 in logical epoch 1329
[2026-07-26 18:34:45] [data] Shuffling data
[2026-07-26 18:34:45] [data] Done reading 20,000 sentences
[2026-07-26 18:34:45] [data] Done shuffling 20,000 sentences to temp files
[2026-07-26 18:34:49] Seen 20,000 samples
[2026-07-26 18:34:49] Starting data epoch 1330 in logical epoch 1330
[2026-07-26 18:34:49] [data] Shuffling data
[2026-07-26 18:34:49] [data] Done reading 20,000 sentences
[2026-07-26 18:34:49] [data] Done shuffling 20,000 sentences to temp files
[2026-07-26 18:34:53] Seen 20,000 samples
[2026-07-26 18:34:53] Starting data epoch 1331 in logical epoch 1331
[2026-07-26 18:34:53] [data] Shuffling data
[2026-07-26 18:34:53] [data] Done reading 20,000 sentences
[2026-07-26 18:34:53] [data] Done shuffling 20,000 sentences to temp files
[2026-07-26 18:34:57] Seen 20,000 samples
[2026-07-26 18:34:57] Starting data epoch 1332 in logical epoch 1332
[2026-07-26 18:34:57] [data] Shuffling data
[2026-07-26 18:34:57] [data] Done reading 20,000 sentences
[2026-07-26 18:34:57] [data] Done shuffling 20,000 sentences to temp files
[2026-07-26 18:35:01] Seen 20,000 samples
[2026-07-26 18:35:01] Starting data epoch 1333 in logical epoch 1333
[2026-07-26 18:35:01] [data] Shuffling data
[2026-07-26 18:35:01] [data] Done reading 20,000 sentences
[2026-07-26 18:35:01] [data] Done shuffling 20,000 sentences to temp files
[2026-07-26 18:35:05] Seen 20,000 samples
[2026-07-26 18:35:05] Starting data epoch 1334 in logical epoch 1334
[2026-07-26 18:35:05] [data] Shuffling data
[2026-07-26 18:35:05] [data] Done reading 20,000 sentences
[2026-07-26 18:35:05] [data] Done shuffling 20,000 sentences to temp files
[2026-07-26 18:35:09] Seen 20,000 samples
[2026-07-26 18:35:09] Starting data epoch 1335 in logical epoch 1335
[2026-07-26 18:35:09] [data] Shuffling data
[2026-07-26 18:35:09] [data] Done reading 20,000 sentences
[2026-07-26 18:35:09] [data] Done shuffling 20,000 sentences to temp files
[2026-07-26 18:35:12] Seen 20,000 samples
[2026-07-26 18:35:12] Starting data epoch 1336 in logical epoch 1336
[2026-07-26 18:35:12] [data] Shuffling data
[2026-07-26 18:35:12] [data] Done reading 20,000 sentences
[2026-07-26 18:35:13] [data] Done shuffling 20,000 sentences to temp files
[2026-07-26 18:35:16] Seen 20,000 samples
[2026-07-26 18:35:16] Starting data epoch 1337 in logical epoch 1337
[2026-07-26 18:35:16] [data] Shuffling data
[2026-07-26 18:35:16] [data] Done reading 20,000 sentences
[2026-07-26 18:35:16] [data] Done shuffling 20,000 sentences to temp files
[2026-07-26 18:35:20] Seen 20,000 samples
[2026-07-26 18:35:20] Starting data epoch 1338 in logical epoch 1338
[2026-07-26 18:35:20] [data] Shuffling data
[2026-07-26 18:35:20] [data] Done reading 20,000 sentences
[2026-07-26 18:35:20] [data] Done shuffling 20,000 sentences to temp files
[2026-07-26 18:35:24] Seen 20,000 samples
[2026-07-26 18:35:24] Starting data epoch 1339 in logical epoch 1339
[2026-07-26 18:35:24] [data] Shuffling data
[2026-07-26 18:35:24] [data] Done reading 20,000 sentences
[2026-07-26 18:35:24] [data] Done shuffling 20,000 sentences to temp files
[2026-07-26 18:35:28] Seen 20,000 samples
[2026-07-26 18:35:28] Starting data epoch 1340 in logical epoch 1340
[2026-07-26 18:35:28] [data] Shuffling data
[2026-07-26 18:35:28] [data] Done reading 20,000 sentences
[2026-07-26 18:35:28] [data] Done shuffling 20,000 sentences to temp files
[2026-07-26 18:35:31] Seen 20,000 samples
[2026-07-26 18:35:31] Starting data epoch 1341 in logical epoch 1341
[2026-07-26 18:35:31] [data] Shuffling data
[2026-07-26 18:35:31] [data] Done reading 20,000 sentences
[2026-07-26 18:35:32] [data] Done shuffling 20,000 sentences to temp files
[2026-07-26 18:35:35] Seen 20,000 samples
[2026-07-26 18:35:35] Starting data epoch 1342 in logical epoch 1342
[2026-07-26 18:35:35] [data] Shuffling data
[2026-07-26 18:35:35] [data] Done reading 20,000 sentences
[2026-07-26 18:35:35] [data] Done shuffling 20,000 sentences to temp files
[2026-07-26 18:35:40] Seen 20,000 samples
[2026-07-26 18:35:40] Starting data epoch 1343 in logical epoch 1343
[2026-07-26 18:35:40] [data] Shuffling data
[2026-07-26 18:35:40] [data] Done reading 20,000 sentences
[2026-07-26 18:35:40] [data] Done shuffling 20,000 sentences to temp files
[2026-07-26 18:35:44] Seen 20,000 samples
[2026-07-26 18:35:44] Starting data epoch 1344 in logical epoch 1344
[2026-07-26 18:35:44] [data] Shuffling data
[2026-07-26 18:35:44] [data] Done reading 20,000 sentences
[2026-07-26 18:35:44] [data] Done shuffling 20,000 sentences to temp files
[2026-07-26 18:35:48] Seen 20,000 samples
[2026-07-26 18:35:48] Starting data epoch 1345 in logical epoch 1345
[2026-07-26 18:35:48] [data] Shuffling data
[2026-07-26 18:35:48] [data] Done reading 20,000 sentences
[2026-07-26 18:35:48] [data] Done shuffling 20,000 sentences to temp files
[2026-07-26 18:35:49] Ep. 1345 : Up. 33500 : Sen. 4,486 : Cost 1.16545939 * 1,564,105 @ 3,939 after 103,968,885 : Time 79.03s : 19791.23 words/s : gNorm 0.1479 : L.r. 2.0733e-04
[2026-07-26 18:35:52] Seen 20,000 samples
[2026-07-26 18:35:52] Starting data epoch 1346 in logical epoch 1346
[2026-07-26 18:35:52] [data] Shuffling data
[2026-07-26 18:35:52] [data] Done reading 20,000 sentences
[2026-07-26 18:35:52] [data] Done shuffling 20,000 sentences to temp files
[2026-07-26 18:35:56] Seen 20,000 samples
[2026-07-26 18:35:56] Starting data epoch 1347 in logical epoch 1347
[2026-07-26 18:35:56] [data] Shuffling data
[2026-07-26 18:35:56] [data] Done reading 20,000 sentences
[2026-07-26 18:35:56] [data] Done shuffling 20,000 sentences to temp files
[2026-07-26 18:36:01] Seen 20,000 samples
[2026-07-26 18:36:01] Starting data epoch 1348 in logical epoch 1348
[2026-07-26 18:36:01] [data] Shuffling data
[2026-07-26 18:36:01] [data] Done reading 20,000 sentences
[2026-07-26 18:36:01] [data] Done shuffling 20,000 sentences to temp files
[2026-07-26 18:36:05] Seen 20,000 samples
[2026-07-26 18:36:05] Starting data epoch 1349 in logical epoch 1349
[2026-07-26 18:36:05] [data] Shuffling data
[2026-07-26 18:36:05] [data] Done reading 20,000 sentences
[2026-07-26 18:36:05] [data] Done shuffling 20,000 sentences to temp files
[2026-07-26 18:36:09] Seen 20,000 samples
[2026-07-26 18:36:09] Starting data epoch 1350 in logical epoch 1350
[2026-07-26 18:36:09] [data] Shuffling data
[2026-07-26 18:36:09] [data] Done reading 20,000 sentences
[2026-07-26 18:36:09] [data] Done shuffling 20,000 sentences to temp files
[2026-07-26 18:36:13] Seen 20,000 samples
[2026-07-26 18:36:13] Starting data epoch 1351 in logical epoch 1351
[2026-07-26 18:36:13] [data] Shuffling data
[2026-07-26 18:36:13] [data] Done reading 20,000 sentences
[2026-07-26 18:36:13] [data] Done shuffling 20,000 sentences to temp files
[2026-07-26 18:36:17] Seen 20,000 samples
[2026-07-26 18:36:17] Starting data epoch 1352 in logical epoch 1352
[2026-07-26 18:36:17] [data] Shuffling data
[2026-07-26 18:36:17] [data] Done reading 20,000 sentences
[2026-07-26 18:36:17] [data] Done shuffling 20,000 sentences to temp files
[2026-07-26 18:36:21] Seen 20,000 samples
[2026-07-26 18:36:21] Starting data epoch 1353 in logical epoch 1353
[2026-07-26 18:36:21] [data] Shuffling data
[2026-07-26 18:36:21] [data] Done reading 20,000 sentences
[2026-07-26 18:36:21] [data] Done shuffling 20,000 sentences to temp files
[2026-07-26 18:36:25] Seen 20,000 samples
[2026-07-26 18:36:25] Starting data epoch 1354 in logical epoch 1354
[2026-07-26 18:36:25] [data] Shuffling data
[2026-07-26 18:36:25] [data] Done reading 20,000 sentences
[2026-07-26 18:36:25] [data] Done shuffling 20,000 sentences to temp files
[2026-07-26 18:36:29] Seen 20,000 samples
[2026-07-26 18:36:29] Starting data epoch 1355 in logical epoch 1355
[2026-07-26 18:36:29] [data] Shuffling data
[2026-07-26 18:36:29] [data] Done reading 20,000 sentences
[2026-07-26 18:36:29] [data] Done shuffling 20,000 sentences to temp files
[2026-07-26 18:36:32] Seen 20,000 samples
[2026-07-26 18:36:32] Starting data epoch 1356 in logical epoch 1356
[2026-07-26 18:36:32] [data] Shuffling data
[2026-07-26 18:36:33] [data] Done reading 20,000 sentences
[2026-07-26 18:36:33] [data] Done shuffling 20,000 sentences to temp files
[2026-07-26 18:36:36] Seen 20,000 samples
[2026-07-26 18:36:36] Starting data epoch 1357 in logical epoch 1357
[2026-07-26 18:36:36] [data] Shuffling data
[2026-07-26 18:36:36] [data] Done reading 20,000 sentences
[2026-07-26 18:36:37] [data] Done shuffling 20,000 sentences to temp files
[2026-07-26 18:36:40] Seen 20,000 samples
[2026-07-26 18:36:40] Starting data epoch 1358 in logical epoch 1358
[2026-07-26 18:36:40] [data] Shuffling data
[2026-07-26 18:36:40] [data] Done reading 20,000 sentences
[2026-07-26 18:36:40] [data] Done shuffling 20,000 sentences to temp files
[2026-07-26 18:36:44] Seen 20,000 samples
[2026-07-26 18:36:44] Starting data epoch 1359 in logical epoch 1359
[2026-07-26 18:36:44] [data] Shuffling data
[2026-07-26 18:36:44] [data] Done reading 20,000 sentences
[2026-07-26 18:36:44] [data] Done shuffling 20,000 sentences to temp files
[2026-07-26 18:36:48] Seen 20,000 samples
[2026-07-26 18:36:48] Starting data epoch 1360 in logical epoch 1360
[2026-07-26 18:36:48] [data] Shuffling data
[2026-07-26 18:36:48] [data] Done reading 20,000 sentences
[2026-07-26 18:36:48] [data] Done shuffling 20,000 sentences to temp files
[2026-07-26 18:36:52] Seen 20,000 samples
[2026-07-26 18:36:52] Starting data epoch 1361 in logical epoch 1361
[2026-07-26 18:36:52] [data] Shuffling data
[2026-07-26 18:36:52] [data] Done reading 20,000 sentences
[2026-07-26 18:36:52] [data] Done shuffling 20,000 sentences to temp files
[2026-07-26 18:36:56] Seen 20,000 samples
[2026-07-26 18:36:56] Starting data epoch 1362 in logical epoch 1362
[2026-07-26 18:36:56] [data] Shuffling data
[2026-07-26 18:36:56] [data] Done reading 20,000 sentences
[2026-07-26 18:36:56] [data] Done shuffling 20,000 sentences to temp files
[2026-07-26 18:37:00] Seen 20,000 samples
[2026-07-26 18:37:00] Starting data epoch 1363 in logical epoch 1363
[2026-07-26 18:37:00] [data] Shuffling data
[2026-07-26 18:37:00] [data] Done reading 20,000 sentences
[2026-07-26 18:37:00] [data] Done shuffling 20,000 sentences to temp files
[2026-07-26 18:37:04] Seen 20,000 samples
[2026-07-26 18:37:04] Starting data epoch 1364 in logical epoch 1364
[2026-07-26 18:37:04] [data] Shuffling data
[2026-07-26 18:37:04] [data] Done reading 20,000 sentences
[2026-07-26 18:37:04] [data] Done shuffling 20,000 sentences to temp files
[2026-07-26 18:37:07] Seen 20,000 samples
[2026-07-26 18:37:07] Starting data epoch 1365 in logical epoch 1365
[2026-07-26 18:37:07] [data] Shuffling data
[2026-07-26 18:37:08] [data] Done reading 20,000 sentences
[2026-07-26 18:37:08] [data] Done shuffling 20,000 sentences to temp files
[2026-07-26 18:37:09] Ep. 1365 : Up. 34000 : Sen. 4,486 : Cost 1.16545808 * 1,548,744 @ 3,894 after 105,517,629 : Time 79.48s : 19486.75 words/s : gNorm 0.0774 : L.r. 2.0580e-04
[2026-07-26 18:37:11] Seen 20,000 samples
[2026-07-26 18:37:11] Starting data epoch 1366 in logical epoch 1366
[2026-07-26 18:37:11] [data] Shuffling data
[2026-07-26 18:37:11] [data] Done reading 20,000 sentences
[2026-07-26 18:37:12] [data] Done shuffling 20,000 sentences to temp files
[2026-07-26 18:37:15] Seen 20,000 samples
[2026-07-26 18:37:15] Starting data epoch 1367 in logical epoch 1367
[2026-07-26 18:37:15] [data] Shuffling data
[2026-07-26 18:37:15] [data] Done reading 20,000 sentences
[2026-07-26 18:37:15] [data] Done shuffling 20,000 sentences to temp files
[2026-07-26 18:37:19] Seen 20,000 samples
[2026-07-26 18:37:19] Starting data epoch 1368 in logical epoch 1368
[2026-07-26 18:37:19] [data] Shuffling data
[2026-07-26 18:37:19] [data] Done reading 20,000 sentences
[2026-07-26 18:37:19] [data] Done shuffling 20,000 sentences to temp files
[2026-07-26 18:37:23] Seen 20,000 samples
[2026-07-26 18:37:23] Starting data epoch 1369 in logical epoch 1369
[2026-07-26 18:37:23] [data] Shuffling data
[2026-07-26 18:37:23] [data] Done reading 20,000 sentences
[2026-07-26 18:37:23] [data] Done shuffling 20,000 sentences to temp files
[2026-07-26 18:37:27] Seen 20,000 samples
[2026-07-26 18:37:27] Starting data epoch 1370 in logical epoch 1370
[2026-07-26 18:37:27] [data] Shuffling data
[2026-07-26 18:37:27] [data] Done reading 20,000 sentences
[2026-07-26 18:37:27] [data] Done shuffling 20,000 sentences to temp files
[2026-07-26 18:37:31] Seen 20,000 samples
[2026-07-26 18:37:31] Starting data epoch 1371 in logical epoch 1371
[2026-07-26 18:37:31] [data] Shuffling data
[2026-07-26 18:37:31] [data] Done reading 20,000 sentences
[2026-07-26 18:37:31] [data] Done shuffling 20,000 sentences to temp files
[2026-07-26 18:37:34] Seen 20,000 samples
[2026-07-26 18:37:34] Starting data epoch 1372 in logical epoch 1372
[2026-07-26 18:37:34] [data] Shuffling data
[2026-07-26 18:37:35] [data] Done reading 20,000 sentences
[2026-07-26 18:37:35] [data] Done shuffling 20,000 sentences to temp files
[2026-07-26 18:37:38] Seen 20,000 samples
[2026-07-26 18:37:38] Starting data epoch 1373 in logical epoch 1373
[2026-07-26 18:37:38] [data] Shuffling data
[2026-07-26 18:37:38] [data] Done reading 20,000 sentences
[2026-07-26 18:37:38] [data] Done shuffling 20,000 sentences to temp files
[2026-07-26 18:37:42] Seen 20,000 samples
[2026-07-26 18:37:42] Starting data epoch 1374 in logical epoch 1374
[2026-07-26 18:37:42] [data] Shuffling data
[2026-07-26 18:37:42] [data] Done reading 20,000 sentences
[2026-07-26 18:37:42] [data] Done shuffling 20,000 sentences to temp files
[2026-07-26 18:37:46] Seen 20,000 samples
[2026-07-26 18:37:46] Starting data epoch 1375 in logical epoch 1375
[2026-07-26 18:37:46] [data] Shuffling data
[2026-07-26 18:37:46] [data] Done reading 20,000 sentences
[2026-07-26 18:37:46] [data] Done shuffling 20,000 sentences to temp files
[2026-07-26 18:37:50] Seen 20,000 samples
[2026-07-26 18:37:50] Starting data epoch 1376 in logical epoch 1376
[2026-07-26 18:37:50] [data] Shuffling data
[2026-07-26 18:37:50] [data] Done reading 20,000 sentences
[2026-07-26 18:37:50] [data] Done shuffling 20,000 sentences to temp files
[2026-07-26 18:37:54] Seen 20,000 samples
[2026-07-26 18:37:54] Starting data epoch 1377 in logical epoch 1377
[2026-07-26 18:37:54] [data] Shuffling data
[2026-07-26 18:37:54] [data] Done reading 20,000 sentences
[2026-07-26 18:37:54] [data] Done shuffling 20,000 sentences to temp files
[2026-07-26 18:37:58] Seen 20,000 samples
[2026-07-26 18:37:58] Starting data epoch 1378 in logical epoch 1378
[2026-07-26 18:37:58] [data] Shuffling data
[2026-07-26 18:37:58] [data] Done reading 20,000 sentences
[2026-07-26 18:37:58] [data] Done shuffling 20,000 sentences to temp files
[2026-07-26 18:38:01] Seen 20,000 samples
[2026-07-26 18:38:01] Starting data epoch 1379 in logical epoch 1379
[2026-07-26 18:38:01] [data] Shuffling data
[2026-07-26 18:38:01] [data] Done reading 20,000 sentences
[2026-07-26 18:38:01] [data] Done shuffling 20,000 sentences to temp files
[2026-07-26 18:38:05] Seen 20,000 samples
[2026-07-26 18:38:05] Starting data epoch 1380 in logical epoch 1380
[2026-07-26 18:38:05] [data] Shuffling data
[2026-07-26 18:38:05] [data] Done reading 20,000 sentences
[2026-07-26 18:38:05] [data] Done shuffling 20,000 sentences to temp files
[2026-07-26 18:38:09] Seen 20,000 samples
[2026-07-26 18:38:09] Starting data epoch 1381 in logical epoch 1381
[2026-07-26 18:38:09] [data] Shuffling data
[2026-07-26 18:38:09] [data] Done reading 20,000 sentences
[2026-07-26 18:38:09] [data] Done shuffling 20,000 sentences to temp files
[2026-07-26 18:38:13] Seen 20,000 samples
[2026-07-26 18:38:13] Starting data epoch 1382 in logical epoch 1382
[2026-07-26 18:38:13] [data] Shuffling data
[2026-07-26 18:38:13] [data] Done reading 20,000 sentences
[2026-07-26 18:38:13] [data] Done shuffling 20,000 sentences to temp files
[2026-07-26 18:38:17] Seen 20,000 samples
[2026-07-26 18:38:17] Starting data epoch 1383 in logical epoch 1383
[2026-07-26 18:38:17] [data] Shuffling data
[2026-07-26 18:38:17] [data] Done reading 20,000 sentences
[2026-07-26 18:38:17] [data] Done shuffling 20,000 sentences to temp files
[2026-07-26 18:38:20] Seen 20,000 samples
[2026-07-26 18:38:20] Starting data epoch 1384 in logical epoch 1384
[2026-07-26 18:38:20] [data] Shuffling data
[2026-07-26 18:38:20] [data] Done reading 20,000 sentences
[2026-07-26 18:38:20] [data] Done shuffling 20,000 sentences to temp files
[2026-07-26 18:38:24] Seen 20,000 samples
[2026-07-26 18:38:24] Starting data epoch 1385 in logical epoch 1385
[2026-07-26 18:38:24] [data] Shuffling data
[2026-07-26 18:38:24] [data] Done reading 20,000 sentences
[2026-07-26 18:38:24] [data] Done shuffling 20,000 sentences to temp files
[2026-07-26 18:38:26] Ep. 1385 : Up. 34500 : Sen. 7,827 : Cost 1.16586602 * 1,558,463 @ 3,095 after 107,076,092 : Time 77.14s : 20203.91 words/s : gNorm 0.1071 : L.r. 2.0430e-04
[2026-07-26 18:38:28] Seen 20,000 samples
[2026-07-26 18:38:28] Starting data epoch 1386 in logical epoch 1386
[2026-07-26 18:38:28] [data] Shuffling data
[2026-07-26 18:38:28] [data] Done reading 20,000 sentences
[2026-07-26 18:38:28] [data] Done shuffling 20,000 sentences to temp files
[2026-07-26 18:38:32] Seen 20,000 samples
[2026-07-26 18:38:32] Starting data epoch 1387 in logical epoch 1387
[2026-07-26 18:38:32] [data] Shuffling data
[2026-07-26 18:38:32] [data] Done reading 20,000 sentences
[2026-07-26 18:38:32] [data] Done shuffling 20,000 sentences to temp files
[2026-07-26 18:38:35] Seen 20,000 samples
[2026-07-26 18:38:35] Starting data epoch 1388 in logical epoch 1388
[2026-07-26 18:38:35] [data] Shuffling data
[2026-07-26 18:38:36] [data] Done reading 20,000 sentences
[2026-07-26 18:38:36] [data] Done shuffling 20,000 sentences to temp files
[2026-07-26 18:38:39] Seen 20,000 samples
[2026-07-26 18:38:39] Starting data epoch 1389 in logical epoch 1389
[2026-07-26 18:38:39] [data] Shuffling data
[2026-07-26 18:38:39] [data] Done reading 20,000 sentences
[2026-07-26 18:38:39] [data] Done shuffling 20,000 sentences to temp files
[2026-07-26 18:38:43] Seen 20,000 samples
[2026-07-26 18:38:43] Starting data epoch 1390 in logical epoch 1390
[2026-07-26 18:38:43] [data] Shuffling data
[2026-07-26 18:38:43] [data] Done reading 20,000 sentences
[2026-07-26 18:38:43] [data] Done shuffling 20,000 sentences to temp files
[2026-07-26 18:38:47] Seen 20,000 samples
[2026-07-26 18:38:47] Starting data epoch 1391 in logical epoch 1391
[2026-07-26 18:38:47] [data] Shuffling data
[2026-07-26 18:38:47] [data] Done reading 20,000 sentences
[2026-07-26 18:38:47] [data] Done shuffling 20,000 sentences to temp files
[2026-07-26 18:38:51] Seen 20,000 samples
[2026-07-26 18:38:51] Starting data epoch 1392 in logical epoch 1392
[2026-07-26 18:38:51] [data] Shuffling data
[2026-07-26 18:38:51] [data] Done reading 20,000 sentences
[2026-07-26 18:38:51] [data] Done shuffling 20,000 sentences to temp files
[2026-07-26 18:38:55] Seen 20,000 samples
[2026-07-26 18:38:55] Starting data epoch 1393 in logical epoch 1393
[2026-07-26 18:38:55] [data] Shuffling data
[2026-07-26 18:38:55] [data] Done reading 20,000 sentences
[2026-07-26 18:38:55] [data] Done shuffling 20,000 sentences to temp files
[2026-07-26 18:38:58] Seen 20,000 samples
[2026-07-26 18:38:58] Starting data epoch 1394 in logical epoch 1394
[2026-07-26 18:38:58] [data] Shuffling data
[2026-07-26 18:38:59] [data] Done reading 20,000 sentences
[2026-07-26 18:38:59] [data] Done shuffling 20,000 sentences to temp files
[2026-07-26 18:39:02] Seen 20,000 samples
[2026-07-26 18:39:02] Starting data epoch 1395 in logical epoch 1395
[2026-07-26 18:39:02] [data] Shuffling data
[2026-07-26 18:39:02] [data] Done reading 20,000 sentences
[2026-07-26 18:39:02] [data] Done shuffling 20,000 sentences to temp files
[2026-07-26 18:39:06] Seen 20,000 samples
[2026-07-26 18:39:06] Starting data epoch 1396 in logical epoch 1396
[2026-07-26 18:39:06] [data] Shuffling data
[2026-07-26 18:39:06] [data] Done reading 20,000 sentences
[2026-07-26 18:39:06] [data] Done shuffling 20,000 sentences to temp files
[2026-07-26 18:39:10] Seen 20,000 samples
[2026-07-26 18:39:10] Starting data epoch 1397 in logical epoch 1397
[2026-07-26 18:39:10] [data] Shuffling data
[2026-07-26 18:39:10] [data] Done reading 20,000 sentences
[2026-07-26 18:39:10] [data] Done shuffling 20,000 sentences to temp files
[2026-07-26 18:39:14] Seen 20,000 samples
[2026-07-26 18:39:14] Starting data epoch 1398 in logical epoch 1398
[2026-07-26 18:39:14] [data] Shuffling data
[2026-07-26 18:39:14] [data] Done reading 20,000 sentences
[2026-07-26 18:39:14] [data] Done shuffling 20,000 sentences to temp files
[2026-07-26 18:39:18] Seen 20,000 samples
[2026-07-26 18:39:18] Starting data epoch 1399 in logical epoch 1399
[2026-07-26 18:39:18] [data] Shuffling data
[2026-07-26 18:39:18] [data] Done reading 20,000 sentences
[2026-07-26 18:39:18] [data] Done shuffling 20,000 sentences to temp files
[2026-07-26 18:39:21] Seen 20,000 samples
[2026-07-26 18:39:21] Starting data epoch 1400 in logical epoch 1400
[2026-07-26 18:39:21] [data] Shuffling data
[2026-07-26 18:39:22] [data] Done reading 20,000 sentences
[2026-07-26 18:39:22] [data] Done shuffling 20,000 sentences to temp files
[2026-07-26 18:39:25] Seen 20,000 samples
[2026-07-26 18:39:25] Starting data epoch 1401 in logical epoch 1401
[2026-07-26 18:39:25] [data] Shuffling data
[2026-07-26 18:39:25] [data] Done reading 20,000 sentences
[2026-07-26 18:39:25] [data] Done shuffling 20,000 sentences to temp files
[2026-07-26 18:39:29] Seen 20,000 samples
[2026-07-26 18:39:29] Starting data epoch 1402 in logical epoch 1402
[2026-07-26 18:39:29] [data] Shuffling data
[2026-07-26 18:39:29] [data] Done reading 20,000 sentences
[2026-07-26 18:39:29] [data] Done shuffling 20,000 sentences to temp files
[2026-07-26 18:39:33] Seen 20,000 samples
[2026-07-26 18:39:33] Starting data epoch 1403 in logical epoch 1403
[2026-07-26 18:39:33] [data] Shuffling data
[2026-07-26 18:39:33] [data] Done reading 20,000 sentences
[2026-07-26 18:39:33] [data] Done shuffling 20,000 sentences to temp files
[2026-07-26 18:39:37] Seen 20,000 samples
[2026-07-26 18:39:37] Starting data epoch 1404 in logical epoch 1404
[2026-07-26 18:39:37] [data] Shuffling data
[2026-07-26 18:39:37] [data] Done reading 20,000 sentences
[2026-07-26 18:39:37] [data] Done shuffling 20,000 sentences to temp files
[2026-07-26 18:39:41] Seen 20,000 samples
[2026-07-26 18:39:41] Starting data epoch 1405 in logical epoch 1405
[2026-07-26 18:39:41] [data] Shuffling data
[2026-07-26 18:39:41] [data] Done reading 20,000 sentences
[2026-07-26 18:39:41] [data] Done shuffling 20,000 sentences to temp files
[2026-07-26 18:39:42] Ep. 1405 : Up. 35000 : Sen. 7,357 : Cost 1.16530859 * 1,544,030 @ 3,104 after 108,620,122 : Time 76.42s : 20204.96 words/s : gNorm 0.0729 : L.r. 2.0284e-04
[2026-07-26 18:39:42] Saving model weights and runtime parameters to /d/Job_Requirements/PracticalProjectsFromDrYe/AIE-F/assignment-submission/class-22/TheinGiKyaw_Assignment7/model.transformer.warmup4000_dropout01.phmy/model.npz
[2026-07-26 18:39:43] Saving Adam parameters
[2026-07-26 18:39:44] [training] Saving training checkpoint to /d/Job_Requirements/PracticalProjectsFromDrYe/AIE-F/assignment-submission/class-22/TheinGiKyaw_Assignment7/model.transformer.warmup4000_dropout01.phmy/model.npz and /d/Job_Requirements/PracticalProjectsFromDrYe/AIE-F/assignment-submission/class-22/TheinGiKyaw_Assignment7/model.transformer.warmup4000_dropout01.phmy/model.npz.optimizer.npz
[2026-07-26 18:39:47] [valid] Ep. 1405 : Up. 35000 : cross-entropy : 3.20076 : stalled 6 times (last best: 2.17222)
[2026-07-26 18:39:48] [valid] Ep. 1405 : Up. 35000 : perplexity : 2.29969 : stalled 6 times (last best: 1.75974)
[2026-07-26 18:39:51] [valid] Ep. 1405 : Up. 35000 : bleu : 75.2567 : stalled 6 times (last best: 76.4125)
[2026-07-26 18:39:53] Seen 20,000 samples
[2026-07-26 18:39:53] Starting data epoch 1406 in logical epoch 1406
[2026-07-26 18:39:53] [data] Shuffling data
[2026-07-26 18:39:53] [data] Done reading 20,000 sentences
[2026-07-26 18:39:53] [data] Done shuffling 20,000 sentences to temp files
[2026-07-26 18:39:55] Seen 20,000 samples
[2026-07-26 18:39:55] Starting data epoch 1407 in logical epoch 1407
[2026-07-26 18:39:55] [data] Shuffling data
[2026-07-26 18:39:55] [data] Done reading 20,000 sentences
[2026-07-26 18:39:55] [data] Done shuffling 20,000 sentences to temp files
[2026-07-26 18:39:59] Seen 20,000 samples
[2026-07-26 18:39:59] Starting data epoch 1408 in logical epoch 1408
[2026-07-26 18:39:59] [data] Shuffling data
[2026-07-26 18:39:59] [data] Done reading 20,000 sentences
[2026-07-26 18:39:59] [data] Done shuffling 20,000 sentences to temp files
[2026-07-26 18:40:03] Seen 20,000 samples
[2026-07-26 18:40:03] Starting data epoch 1409 in logical epoch 1409
[2026-07-26 18:40:03] [data] Shuffling data
[2026-07-26 18:40:03] [data] Done reading 20,000 sentences
[2026-07-26 18:40:03] [data] Done shuffling 20,000 sentences to temp files
[2026-07-26 18:40:07] Seen 20,000 samples
[2026-07-26 18:40:07] Starting data epoch 1410 in logical epoch 1410
[2026-07-26 18:40:07] [data] Shuffling data
[2026-07-26 18:40:07] [data] Done reading 20,000 sentences
[2026-07-26 18:40:07] [data] Done shuffling 20,000 sentences to temp files
[2026-07-26 18:40:11] Seen 20,000 samples
[2026-07-26 18:40:11] Starting data epoch 1411 in logical epoch 1411
[2026-07-26 18:40:11] [data] Shuffling data
[2026-07-26 18:40:11] [data] Done reading 20,000 sentences
[2026-07-26 18:40:11] [data] Done shuffling 20,000 sentences to temp files
[2026-07-26 18:40:15] Seen 20,000 samples
[2026-07-26 18:40:15] Starting data epoch 1412 in logical epoch 1412
[2026-07-26 18:40:15] [data] Shuffling data
[2026-07-26 18:40:15] [data] Done reading 20,000 sentences
[2026-07-26 18:40:15] [data] Done shuffling 20,000 sentences to temp files
[2026-07-26 18:40:19] Seen 20,000 samples
[2026-07-26 18:40:19] Starting data epoch 1413 in logical epoch 1413
[2026-07-26 18:40:19] [data] Shuffling data
[2026-07-26 18:40:19] [data] Done reading 20,000 sentences
[2026-07-26 18:40:19] [data] Done shuffling 20,000 sentences to temp files
[2026-07-26 18:40:23] Seen 20,000 samples
[2026-07-26 18:40:23] Starting data epoch 1414 in logical epoch 1414
[2026-07-26 18:40:23] [data] Shuffling data
[2026-07-26 18:40:23] [data] Done reading 20,000 sentences
[2026-07-26 18:40:23] [data] Done shuffling 20,000 sentences to temp files
[2026-07-26 18:40:26] Seen 20,000 samples
[2026-07-26 18:40:26] Starting data epoch 1415 in logical epoch 1415
[2026-07-26 18:40:26] [data] Shuffling data
[2026-07-26 18:40:27] [data] Done reading 20,000 sentences
[2026-07-26 18:40:27] [data] Done shuffling 20,000 sentences to temp files
[2026-07-26 18:40:30] Seen 20,000 samples
[2026-07-26 18:40:30] Starting data epoch 1416 in logical epoch 1416
[2026-07-26 18:40:30] [data] Shuffling data
[2026-07-26 18:40:31] [data] Done reading 20,000 sentences
[2026-07-26 18:40:31] [data] Done shuffling 20,000 sentences to temp files
[2026-07-26 18:40:34] Seen 20,000 samples
[2026-07-26 18:40:34] Starting data epoch 1417 in logical epoch 1417
[2026-07-26 18:40:34] [data] Shuffling data
[2026-07-26 18:40:34] [data] Done reading 20,000 sentences
[2026-07-26 18:40:34] [data] Done shuffling 20,000 sentences to temp files
[2026-07-26 18:40:39] Seen 20,000 samples
[2026-07-26 18:40:39] Starting data epoch 1418 in logical epoch 1418
[2026-07-26 18:40:39] [data] Shuffling data
[2026-07-26 18:40:39] [data] Done reading 20,000 sentences
[2026-07-26 18:40:39] [data] Done shuffling 20,000 sentences to temp files
[2026-07-26 18:40:43] Seen 20,000 samples
[2026-07-26 18:40:43] Starting data epoch 1419 in logical epoch 1419
[2026-07-26 18:40:43] [data] Shuffling data
[2026-07-26 18:40:43] [data] Done reading 20,000 sentences
[2026-07-26 18:40:43] [data] Done shuffling 20,000 sentences to temp files
[2026-07-26 18:40:47] Seen 20,000 samples
[2026-07-26 18:40:47] Starting data epoch 1420 in logical epoch 1420
[2026-07-26 18:40:47] [data] Shuffling data
[2026-07-26 18:40:47] [data] Done reading 20,000 sentences
[2026-07-26 18:40:47] [data] Done shuffling 20,000 sentences to temp files
[2026-07-26 18:40:50] Seen 20,000 samples
[2026-07-26 18:40:50] Starting data epoch 1421 in logical epoch 1421
[2026-07-26 18:40:50] [data] Shuffling data
[2026-07-26 18:40:51] [data] Done reading 20,000 sentences
[2026-07-26 18:40:51] [data] Done shuffling 20,000 sentences to temp files
[2026-07-26 18:40:54] Seen 20,000 samples
[2026-07-26 18:40:54] Starting data epoch 1422 in logical epoch 1422
[2026-07-26 18:40:54] [data] Shuffling data
[2026-07-26 18:40:55] [data] Done reading 20,000 sentences
[2026-07-26 18:40:55] [data] Done shuffling 20,000 sentences to temp files
[2026-07-26 18:40:59] Seen 20,000 samples
[2026-07-26 18:40:59] Starting data epoch 1423 in logical epoch 1423
[2026-07-26 18:40:59] [data] Shuffling data
[2026-07-26 18:40:59] [data] Done reading 20,000 sentences
[2026-07-26 18:41:00] [data] Done shuffling 20,000 sentences to temp files
[2026-07-26 18:41:03] Seen 20,000 samples
[2026-07-26 18:41:03] Starting data epoch 1424 in logical epoch 1424
[2026-07-26 18:41:03] [data] Shuffling data
[2026-07-26 18:41:04] [data] Done reading 20,000 sentences
[2026-07-26 18:41:04] [data] Done shuffling 20,000 sentences to temp files
[2026-07-26 18:41:08] Seen 20,000 samples
[2026-07-26 18:41:08] Starting data epoch 1425 in logical epoch 1425
[2026-07-26 18:41:08] [data] Shuffling data
[2026-07-26 18:41:08] [data] Done reading 20,000 sentences
[2026-07-26 18:41:08] [data] Done shuffling 20,000 sentences to temp files
[2026-07-26 18:41:10] Ep. 1425 : Up. 35500 : Sen. 9,741 : Cost 1.16529167 * 1,556,365 @ 2,887 after 110,176,487 : Time 87.59s : 17769.72 words/s : gNorm 0.1136 : L.r. 2.0140e-04
[2026-07-26 18:41:13] Seen 20,000 samples
[2026-07-26 18:41:13] Starting data epoch 1426 in logical epoch 1426
[2026-07-26 18:41:13] [data] Shuffling data
[2026-07-26 18:41:13] [data] Done reading 20,000 sentences
[2026-07-26 18:41:13] [data] Done shuffling 20,000 sentences to temp files
[2026-07-26 18:41:17] Seen 20,000 samples
[2026-07-26 18:41:17] Starting data epoch 1427 in logical epoch 1427
[2026-07-26 18:41:17] [data] Shuffling data
[2026-07-26 18:41:17] [data] Done reading 20,000 sentences
[2026-07-26 18:41:17] [data] Done shuffling 20,000 sentences to temp files
[2026-07-26 18:41:21] Seen 20,000 samples
[2026-07-26 18:41:21] Starting data epoch 1428 in logical epoch 1428
[2026-07-26 18:41:21] [data] Shuffling data
[2026-07-26 18:41:21] [data] Done reading 20,000 sentences
[2026-07-26 18:41:21] [data] Done shuffling 20,000 sentences to temp files
[2026-07-26 18:41:25] Seen 20,000 samples
[2026-07-26 18:41:25] Starting data epoch 1429 in logical epoch 1429
[2026-07-26 18:41:25] [data] Shuffling data
[2026-07-26 18:41:25] [data] Done reading 20,000 sentences
[2026-07-26 18:41:25] [data] Done shuffling 20,000 sentences to temp files
[2026-07-26 18:41:28] Seen 20,000 samples
[2026-07-26 18:41:28] Starting data epoch 1430 in logical epoch 1430
[2026-07-26 18:41:28] [data] Shuffling data
[2026-07-26 18:41:29] [data] Done reading 20,000 sentences
[2026-07-26 18:41:29] [data] Done shuffling 20,000 sentences to temp files
[2026-07-26 18:41:32] Seen 20,000 samples
[2026-07-26 18:41:32] Starting data epoch 1431 in logical epoch 1431
[2026-07-26 18:41:32] [data] Shuffling data
[2026-07-26 18:41:32] [data] Done reading 20,000 sentences
[2026-07-26 18:41:32] [data] Done shuffling 20,000 sentences to temp files
[2026-07-26 18:41:36] Seen 20,000 samples
[2026-07-26 18:41:36] Starting data epoch 1432 in logical epoch 1432
[2026-07-26 18:41:36] [data] Shuffling data
[2026-07-26 18:41:36] [data] Done reading 20,000 sentences
[2026-07-26 18:41:36] [data] Done shuffling 20,000 sentences to temp files
[2026-07-26 18:41:40] Seen 20,000 samples
[2026-07-26 18:41:40] Starting data epoch 1433 in logical epoch 1433
[2026-07-26 18:41:40] [data] Shuffling data
[2026-07-26 18:41:40] [data] Done reading 20,000 sentences
[2026-07-26 18:41:40] [data] Done shuffling 20,000 sentences to temp files
[2026-07-26 18:41:44] Seen 20,000 samples
[2026-07-26 18:41:44] Starting data epoch 1434 in logical epoch 1434
[2026-07-26 18:41:44] [data] Shuffling data
[2026-07-26 18:41:44] [data] Done reading 20,000 sentences
[2026-07-26 18:41:44] [data] Done shuffling 20,000 sentences to temp files
[2026-07-26 18:41:48] Seen 20,000 samples
[2026-07-26 18:41:48] Starting data epoch 1435 in logical epoch 1435
[2026-07-26 18:41:48] [data] Shuffling data
[2026-07-26 18:41:48] [data] Done reading 20,000 sentences
[2026-07-26 18:41:48] [data] Done shuffling 20,000 sentences to temp files
[2026-07-26 18:41:52] Seen 20,000 samples
[2026-07-26 18:41:52] Starting data epoch 1436 in logical epoch 1436
[2026-07-26 18:41:52] [data] Shuffling data
[2026-07-26 18:41:52] [data] Done reading 20,000 sentences
[2026-07-26 18:41:52] [data] Done shuffling 20,000 sentences to temp files
[2026-07-26 18:41:55] Seen 20,000 samples
[2026-07-26 18:41:55] Starting data epoch 1437 in logical epoch 1437
[2026-07-26 18:41:55] [data] Shuffling data
[2026-07-26 18:41:55] [data] Done reading 20,000 sentences
[2026-07-26 18:41:55] [data] Done shuffling 20,000 sentences to temp files
[2026-07-26 18:41:59] Seen 20,000 samples
[2026-07-26 18:41:59] Starting data epoch 1438 in logical epoch 1438
[2026-07-26 18:41:59] [data] Shuffling data
[2026-07-26 18:41:59] [data] Done reading 20,000 sentences
[2026-07-26 18:41:59] [data] Done shuffling 20,000 sentences to temp files
[2026-07-26 18:42:03] Seen 20,000 samples
[2026-07-26 18:42:03] Starting data epoch 1439 in logical epoch 1439
[2026-07-26 18:42:03] [data] Shuffling data
[2026-07-26 18:42:03] [data] Done reading 20,000 sentences
[2026-07-26 18:42:03] [data] Done shuffling 20,000 sentences to temp files
[2026-07-26 18:42:07] Seen 20,000 samples
[2026-07-26 18:42:07] Starting data epoch 1440 in logical epoch 1440
[2026-07-26 18:42:07] [data] Shuffling data
[2026-07-26 18:42:07] [data] Done reading 20,000 sentences
[2026-07-26 18:42:07] [data] Done shuffling 20,000 sentences to temp files
[2026-07-26 18:42:11] Seen 20,000 samples
[2026-07-26 18:42:11] Starting data epoch 1441 in logical epoch 1441
[2026-07-26 18:42:11] [data] Shuffling data
[2026-07-26 18:42:11] [data] Done reading 20,000 sentences
[2026-07-26 18:42:11] [data] Done shuffling 20,000 sentences to temp files
[2026-07-26 18:42:15] Seen 20,000 samples
[2026-07-26 18:42:15] Starting data epoch 1442 in logical epoch 1442
[2026-07-26 18:42:15] [data] Shuffling data
[2026-07-26 18:42:15] [data] Done reading 20,000 sentences
[2026-07-26 18:42:15] [data] Done shuffling 20,000 sentences to temp files
[2026-07-26 18:42:19] Seen 20,000 samples
[2026-07-26 18:42:19] Starting data epoch 1443 in logical epoch 1443
[2026-07-26 18:42:19] [data] Shuffling data
[2026-07-26 18:42:19] [data] Done reading 20,000 sentences
[2026-07-26 18:42:19] [data] Done shuffling 20,000 sentences to temp files
[2026-07-26 18:42:22] Seen 20,000 samples
[2026-07-26 18:42:22] Starting data epoch 1444 in logical epoch 1444
[2026-07-26 18:42:22] [data] Shuffling data
[2026-07-26 18:42:22] [data] Done reading 20,000 sentences
[2026-07-26 18:42:22] [data] Done shuffling 20,000 sentences to temp files
[2026-07-26 18:42:26] Seen 20,000 samples
[2026-07-26 18:42:26] Starting data epoch 1445 in logical epoch 1445
[2026-07-26 18:42:26] [data] Shuffling data
[2026-07-26 18:42:26] [data] Done reading 20,000 sentences
[2026-07-26 18:42:26] [data] Done shuffling 20,000 sentences to temp files
[2026-07-26 18:42:28] Ep. 1445 : Up. 36000 : Sen. 10,416 : Cost 1.16512454 * 1,547,594 @ 3,828 after 111,724,081 : Time 78.23s : 19783.76 words/s : gNorm 0.0637 : L.r. 2.0000e-04
[2026-07-26 18:42:30] Seen 20,000 samples
[2026-07-26 18:42:30] Starting data epoch 1446 in logical epoch 1446
[2026-07-26 18:42:30] [data] Shuffling data
[2026-07-26 18:42:30] [data] Done reading 20,000 sentences
[2026-07-26 18:42:30] [data] Done shuffling 20,000 sentences to temp files
[2026-07-26 18:42:34] Seen 20,000 samples
[2026-07-26 18:42:34] Starting data epoch 1447 in logical epoch 1447
[2026-07-26 18:42:34] [data] Shuffling data
[2026-07-26 18:42:34] [data] Done reading 20,000 sentences
[2026-07-26 18:42:34] [data] Done shuffling 20,000 sentences to temp files
[2026-07-26 18:42:38] Seen 20,000 samples
[2026-07-26 18:42:38] Starting data epoch 1448 in logical epoch 1448
[2026-07-26 18:42:38] [data] Shuffling data
[2026-07-26 18:42:38] [data] Done reading 20,000 sentences
[2026-07-26 18:42:38] [data] Done shuffling 20,000 sentences to temp files
[2026-07-26 18:42:41] Seen 20,000 samples
[2026-07-26 18:42:41] Starting data epoch 1449 in logical epoch 1449
[2026-07-26 18:42:41] [data] Shuffling data
[2026-07-26 18:42:41] [data] Done reading 20,000 sentences
[2026-07-26 18:42:41] [data] Done shuffling 20,000 sentences to temp files
[2026-07-26 18:42:45] Seen 20,000 samples
[2026-07-26 18:42:45] Starting data epoch 1450 in logical epoch 1450
[2026-07-26 18:42:45] [data] Shuffling data
[2026-07-26 18:42:45] [data] Done reading 20,000 sentences
[2026-07-26 18:42:45] [data] Done shuffling 20,000 sentences to temp files
[2026-07-26 18:42:49] Seen 20,000 samples
[2026-07-26 18:42:49] Starting data epoch 1451 in logical epoch 1451
[2026-07-26 18:42:49] [data] Shuffling data
[2026-07-26 18:42:49] [data] Done reading 20,000 sentences
[2026-07-26 18:42:49] [data] Done shuffling 20,000 sentences to temp files
[2026-07-26 18:42:53] Seen 20,000 samples
[2026-07-26 18:42:53] Starting data epoch 1452 in logical epoch 1452
[2026-07-26 18:42:53] [data] Shuffling data
[2026-07-26 18:42:53] [data] Done reading 20,000 sentences
[2026-07-26 18:42:53] [data] Done shuffling 20,000 sentences to temp files
[2026-07-26 18:42:57] Seen 20,000 samples
[2026-07-26 18:42:57] Starting data epoch 1453 in logical epoch 1453
[2026-07-26 18:42:57] [data] Shuffling data
[2026-07-26 18:42:57] [data] Done reading 20,000 sentences
[2026-07-26 18:42:57] [data] Done shuffling 20,000 sentences to temp files
[2026-07-26 18:43:00] Seen 20,000 samples
[2026-07-26 18:43:00] Starting data epoch 1454 in logical epoch 1454
[2026-07-26 18:43:00] [data] Shuffling data
[2026-07-26 18:43:01] [data] Done reading 20,000 sentences
[2026-07-26 18:43:01] [data] Done shuffling 20,000 sentences to temp files
[2026-07-26 18:43:04] Seen 20,000 samples
[2026-07-26 18:43:04] Starting data epoch 1455 in logical epoch 1455
[2026-07-26 18:43:04] [data] Shuffling data
[2026-07-26 18:43:04] [data] Done reading 20,000 sentences
[2026-07-26 18:43:05] [data] Done shuffling 20,000 sentences to temp files
[2026-07-26 18:43:08] Seen 20,000 samples
[2026-07-26 18:43:08] Starting data epoch 1456 in logical epoch 1456
[2026-07-26 18:43:08] [data] Shuffling data
[2026-07-26 18:43:08] [data] Done reading 20,000 sentences
[2026-07-26 18:43:08] [data] Done shuffling 20,000 sentences to temp files
[2026-07-26 18:43:12] Seen 20,000 samples
[2026-07-26 18:43:12] Starting data epoch 1457 in logical epoch 1457
[2026-07-26 18:43:12] [data] Shuffling data
[2026-07-26 18:43:12] [data] Done reading 20,000 sentences
[2026-07-26 18:43:12] [data] Done shuffling 20,000 sentences to temp files
[2026-07-26 18:43:16] Seen 20,000 samples
[2026-07-26 18:43:16] Starting data epoch 1458 in logical epoch 1458
[2026-07-26 18:43:16] [data] Shuffling data
[2026-07-26 18:43:16] [data] Done reading 20,000 sentences
[2026-07-26 18:43:16] [data] Done shuffling 20,000 sentences to temp files
[2026-07-26 18:43:20] Seen 20,000 samples
[2026-07-26 18:43:20] Starting data epoch 1459 in logical epoch 1459
[2026-07-26 18:43:20] [data] Shuffling data
[2026-07-26 18:43:20] [data] Done reading 20,000 sentences
[2026-07-26 18:43:20] [data] Done shuffling 20,000 sentences to temp files
[2026-07-26 18:43:23] Seen 20,000 samples
[2026-07-26 18:43:23] Starting data epoch 1460 in logical epoch 1460
[2026-07-26 18:43:23] [data] Shuffling data
[2026-07-26 18:43:24] [data] Done reading 20,000 sentences
[2026-07-26 18:43:24] [data] Done shuffling 20,000 sentences to temp files
[2026-07-26 18:43:27] Seen 20,000 samples
[2026-07-26 18:43:27] Starting data epoch 1461 in logical epoch 1461
[2026-07-26 18:43:27] [data] Shuffling data
[2026-07-26 18:43:27] [data] Done reading 20,000 sentences
[2026-07-26 18:43:27] [data] Done shuffling 20,000 sentences to temp files
[2026-07-26 18:43:31] Seen 20,000 samples
[2026-07-26 18:43:31] Starting data epoch 1462 in logical epoch 1462
[2026-07-26 18:43:31] [data] Shuffling data
[2026-07-26 18:43:31] [data] Done reading 20,000 sentences
[2026-07-26 18:43:31] [data] Done shuffling 20,000 sentences to temp files
[2026-07-26 18:43:36] Seen 20,000 samples
[2026-07-26 18:43:36] Starting data epoch 1463 in logical epoch 1463
[2026-07-26 18:43:36] [data] Shuffling data
[2026-07-26 18:43:36] [data] Done reading 20,000 sentences
[2026-07-26 18:43:36] [data] Done shuffling 20,000 sentences to temp files
[2026-07-26 18:43:40] Seen 20,000 samples
[2026-07-26 18:43:40] Starting data epoch 1464 in logical epoch 1464
[2026-07-26 18:43:40] [data] Shuffling data
[2026-07-26 18:43:40] [data] Done reading 20,000 sentences
[2026-07-26 18:43:40] [data] Done shuffling 20,000 sentences to temp files
[2026-07-26 18:43:45] Seen 20,000 samples
[2026-07-26 18:43:45] Starting data epoch 1465 in logical epoch 1465
[2026-07-26 18:43:45] [data] Shuffling data
[2026-07-26 18:43:45] [data] Done reading 20,000 sentences
[2026-07-26 18:43:45] [data] Done shuffling 20,000 sentences to temp files
[2026-07-26 18:43:47] Ep. 1465 : Up. 36500 : Sen. 13,458 : Cost 1.16507065 * 1,560,571 @ 1,974 after 113,284,652 : Time 79.10s : 19728.19 words/s : gNorm 0.1213 : L.r. 1.9863e-04
[2026-07-26 18:43:48] Seen 20,000 samples
[2026-07-26 18:43:48] Starting data epoch 1466 in logical epoch 1466
[2026-07-26 18:43:48] [data] Shuffling data
[2026-07-26 18:43:49] [data] Done reading 20,000 sentences
[2026-07-26 18:43:49] [data] Done shuffling 20,000 sentences to temp files
[2026-07-26 18:43:52] Seen 20,000 samples
[2026-07-26 18:43:52] Starting data epoch 1467 in logical epoch 1467
[2026-07-26 18:43:52] [data] Shuffling data
[2026-07-26 18:43:52] [data] Done reading 20,000 sentences
[2026-07-26 18:43:52] [data] Done shuffling 20,000 sentences to temp files
[2026-07-26 18:43:56] Seen 20,000 samples
[2026-07-26 18:43:56] Starting data epoch 1468 in logical epoch 1468
[2026-07-26 18:43:56] [data] Shuffling data
[2026-07-26 18:43:56] [data] Done reading 20,000 sentences
[2026-07-26 18:43:56] [data] Done shuffling 20,000 sentences to temp files
[2026-07-26 18:44:00] Seen 20,000 samples
[2026-07-26 18:44:00] Starting data epoch 1469 in logical epoch 1469
[2026-07-26 18:44:00] [data] Shuffling data
[2026-07-26 18:44:00] [data] Done reading 20,000 sentences
[2026-07-26 18:44:00] [data] Done shuffling 20,000 sentences to temp files
[2026-07-26 18:44:04] Seen 20,000 samples
[2026-07-26 18:44:04] Starting data epoch 1470 in logical epoch 1470
[2026-07-26 18:44:04] [data] Shuffling data
[2026-07-26 18:44:04] [data] Done reading 20,000 sentences
[2026-07-26 18:44:04] [data] Done shuffling 20,000 sentences to temp files
[2026-07-26 18:44:08] Seen 20,000 samples
[2026-07-26 18:44:08] Starting data epoch 1471 in logical epoch 1471
[2026-07-26 18:44:08] [data] Shuffling data
[2026-07-26 18:44:08] [data] Done reading 20,000 sentences
[2026-07-26 18:44:08] [data] Done shuffling 20,000 sentences to temp files
[2026-07-26 18:44:12] Seen 20,000 samples
[2026-07-26 18:44:12] Starting data epoch 1472 in logical epoch 1472
[2026-07-26 18:44:12] [data] Shuffling data
[2026-07-26 18:44:12] [data] Done reading 20,000 sentences
[2026-07-26 18:44:12] [data] Done shuffling 20,000 sentences to temp files
[2026-07-26 18:44:15] Seen 20,000 samples
[2026-07-26 18:44:15] Starting data epoch 1473 in logical epoch 1473
[2026-07-26 18:44:15] [data] Shuffling data
[2026-07-26 18:44:15] [data] Done reading 20,000 sentences
[2026-07-26 18:44:16] [data] Done shuffling 20,000 sentences to temp files
[2026-07-26 18:44:19] Seen 20,000 samples
[2026-07-26 18:44:19] Starting data epoch 1474 in logical epoch 1474
[2026-07-26 18:44:19] [data] Shuffling data
[2026-07-26 18:44:19] [data] Done reading 20,000 sentences
[2026-07-26 18:44:19] [data] Done shuffling 20,000 sentences to temp files
[2026-07-26 18:44:23] Seen 20,000 samples
[2026-07-26 18:44:23] Starting data epoch 1475 in logical epoch 1475
[2026-07-26 18:44:23] [data] Shuffling data
[2026-07-26 18:44:23] [data] Done reading 20,000 sentences
[2026-07-26 18:44:23] [data] Done shuffling 20,000 sentences to temp files
[2026-07-26 18:44:27] Seen 20,000 samples
[2026-07-26 18:44:27] Starting data epoch 1476 in logical epoch 1476
[2026-07-26 18:44:27] [data] Shuffling data
[2026-07-26 18:44:27] [data] Done reading 20,000 sentences
[2026-07-26 18:44:27] [data] Done shuffling 20,000 sentences to temp files
[2026-07-26 18:44:31] Seen 20,000 samples
[2026-07-26 18:44:31] Starting data epoch 1477 in logical epoch 1477
[2026-07-26 18:44:31] [data] Shuffling data
[2026-07-26 18:44:31] [data] Done reading 20,000 sentences
[2026-07-26 18:44:31] [data] Done shuffling 20,000 sentences to temp files
[2026-07-26 18:44:34] Seen 20,000 samples
[2026-07-26 18:44:34] Starting data epoch 1478 in logical epoch 1478
[2026-07-26 18:44:34] [data] Shuffling data
[2026-07-26 18:44:34] [data] Done reading 20,000 sentences
[2026-07-26 18:44:34] [data] Done shuffling 20,000 sentences to temp files
[2026-07-26 18:44:38] Seen 20,000 samples
[2026-07-26 18:44:38] Starting data epoch 1479 in logical epoch 1479
[2026-07-26 18:44:38] [data] Shuffling data
[2026-07-26 18:44:38] [data] Done reading 20,000 sentences
[2026-07-26 18:44:38] [data] Done shuffling 20,000 sentences to temp files
[2026-07-26 18:44:42] Seen 20,000 samples
[2026-07-26 18:44:42] Starting data epoch 1480 in logical epoch 1480
[2026-07-26 18:44:42] [data] Shuffling data
[2026-07-26 18:44:42] [data] Done reading 20,000 sentences
[2026-07-26 18:44:42] [data] Done shuffling 20,000 sentences to temp files
[2026-07-26 18:44:46] Seen 20,000 samples
[2026-07-26 18:44:46] Starting data epoch 1481 in logical epoch 1481
[2026-07-26 18:44:46] [data] Shuffling data
[2026-07-26 18:44:46] [data] Done reading 20,000 sentences
[2026-07-26 18:44:46] [data] Done shuffling 20,000 sentences to temp files
[2026-07-26 18:44:48] Seen 20,000 samples
[2026-07-26 18:44:48] Starting data epoch 1482 in logical epoch 1482
[2026-07-26 18:44:48] [data] Shuffling data
[2026-07-26 18:44:48] [data] Done reading 20,000 sentences
[2026-07-26 18:44:48] [data] Done shuffling 20,000 sentences to temp files
[2026-07-26 18:44:50] Seen 20,000 samples
[2026-07-26 18:44:50] Starting data epoch 1483 in logical epoch 1483
[2026-07-26 18:44:50] [data] Shuffling data
[2026-07-26 18:44:50] [data] Done reading 20,000 sentences
[2026-07-26 18:44:51] [data] Done shuffling 20,000 sentences to temp files
[2026-07-26 18:44:53] Seen 20,000 samples
[2026-07-26 18:44:53] Starting data epoch 1484 in logical epoch 1484
[2026-07-26 18:44:53] [data] Shuffling data
[2026-07-26 18:44:53] [data] Done reading 20,000 sentences
[2026-07-26 18:44:53] [data] Done shuffling 20,000 sentences to temp files
[2026-07-26 18:44:55] Seen 20,000 samples
[2026-07-26 18:44:55] Starting data epoch 1485 in logical epoch 1485
[2026-07-26 18:44:55] [data] Shuffling data
[2026-07-26 18:44:55] [data] Done reading 20,000 sentences
[2026-07-26 18:44:55] [data] Done shuffling 20,000 sentences to temp files
[2026-07-26 18:44:57] Ep. 1485 : Up. 37000 : Sen. 15,859 : Cost 1.16538846 * 1,556,103 @ 3,152 after 114,840,755 : Time 69.36s : 22435.61 words/s : gNorm 0.0932 : L.r. 1.9728e-04
[2026-07-26 18:44:57] Seen 20,000 samples
[2026-07-26 18:44:57] Starting data epoch 1486 in logical epoch 1486
[2026-07-26 18:44:57] [data] Shuffling data
[2026-07-26 18:44:57] [data] Done reading 20,000 sentences
[2026-07-26 18:44:57] [data] Done shuffling 20,000 sentences to temp files
[2026-07-26 18:45:00] Seen 20,000 samples
[2026-07-26 18:45:00] Starting data epoch 1487 in logical epoch 1487
[2026-07-26 18:45:00] [data] Shuffling data
[2026-07-26 18:45:00] [data] Done reading 20,000 sentences
[2026-07-26 18:45:00] [data] Done shuffling 20,000 sentences to temp files
[2026-07-26 18:45:02] Seen 20,000 samples
[2026-07-26 18:45:02] Starting data epoch 1488 in logical epoch 1488
[2026-07-26 18:45:02] [data] Shuffling data
[2026-07-26 18:45:02] [data] Done reading 20,000 sentences
[2026-07-26 18:45:02] [data] Done shuffling 20,000 sentences to temp files
[2026-07-26 18:45:04] Seen 20,000 samples
[2026-07-26 18:45:04] Starting data epoch 1489 in logical epoch 1489
[2026-07-26 18:45:04] [data] Shuffling data
[2026-07-26 18:45:04] [data] Done reading 20,000 sentences
[2026-07-26 18:45:04] [data] Done shuffling 20,000 sentences to temp files
[2026-07-26 18:45:07] Seen 20,000 samples
[2026-07-26 18:45:07] Starting data epoch 1490 in logical epoch 1490
[2026-07-26 18:45:07] [data] Shuffling data
[2026-07-26 18:45:07] [data] Done reading 20,000 sentences
[2026-07-26 18:45:07] [data] Done shuffling 20,000 sentences to temp files
[2026-07-26 18:45:09] Seen 20,000 samples
[2026-07-26 18:45:09] Starting data epoch 1491 in logical epoch 1491
[2026-07-26 18:45:09] [data] Shuffling data
[2026-07-26 18:45:09] [data] Done reading 20,000 sentences
[2026-07-26 18:45:09] [data] Done shuffling 20,000 sentences to temp files
[2026-07-26 18:45:12] Seen 20,000 samples
[2026-07-26 18:45:12] Starting data epoch 1492 in logical epoch 1492
[2026-07-26 18:45:12] [data] Shuffling data
[2026-07-26 18:45:12] [data] Done reading 20,000 sentences
[2026-07-26 18:45:12] [data] Done shuffling 20,000 sentences to temp files
[2026-07-26 18:45:14] Seen 20,000 samples
[2026-07-26 18:45:14] Starting data epoch 1493 in logical epoch 1493
[2026-07-26 18:45:14] [data] Shuffling data
[2026-07-26 18:45:14] [data] Done reading 20,000 sentences
[2026-07-26 18:45:14] [data] Done shuffling 20,000 sentences to temp files
[2026-07-26 18:45:17] Seen 20,000 samples
[2026-07-26 18:45:17] Starting data epoch 1494 in logical epoch 1494
[2026-07-26 18:45:17] [data] Shuffling data
[2026-07-26 18:45:17] [data] Done reading 20,000 sentences
[2026-07-26 18:45:17] [data] Done shuffling 20,000 sentences to temp files
[2026-07-26 18:45:20] Seen 20,000 samples
[2026-07-26 18:45:20] Starting data epoch 1495 in logical epoch 1495
[2026-07-26 18:45:20] [data] Shuffling data
[2026-07-26 18:45:20] [data] Done reading 20,000 sentences
[2026-07-26 18:45:20] [data] Done shuffling 20,000 sentences to temp files
[2026-07-26 18:45:22] Seen 20,000 samples
[2026-07-26 18:45:22] Starting data epoch 1496 in logical epoch 1496
[2026-07-26 18:45:22] [data] Shuffling data
[2026-07-26 18:45:22] [data] Done reading 20,000 sentences
[2026-07-26 18:45:22] [data] Done shuffling 20,000 sentences to temp files
[2026-07-26 18:45:25] Seen 20,000 samples
[2026-07-26 18:45:25] Starting data epoch 1497 in logical epoch 1497
[2026-07-26 18:45:25] [data] Shuffling data
[2026-07-26 18:45:25] [data] Done reading 20,000 sentences
[2026-07-26 18:45:25] [data] Done shuffling 20,000 sentences to temp files
[2026-07-26 18:45:28] Seen 20,000 samples
[2026-07-26 18:45:28] Starting data epoch 1498 in logical epoch 1498
[2026-07-26 18:45:28] [data] Shuffling data
[2026-07-26 18:45:28] [data] Done reading 20,000 sentences
[2026-07-26 18:45:28] [data] Done shuffling 20,000 sentences to temp files
[2026-07-26 18:45:31] Seen 20,000 samples
[2026-07-26 18:45:31] Starting data epoch 1499 in logical epoch 1499
[2026-07-26 18:45:31] [data] Shuffling data
[2026-07-26 18:45:31] [data] Done reading 20,000 sentences
[2026-07-26 18:45:31] [data] Done shuffling 20,000 sentences to temp files
[2026-07-26 18:45:34] Seen 20,000 samples
[2026-07-26 18:45:34] Starting data epoch 1500 in logical epoch 1500
[2026-07-26 18:45:34] [data] Shuffling data
[2026-07-26 18:45:34] [data] Done reading 20,000 sentences
[2026-07-26 18:45:34] [data] Done shuffling 20,000 sentences to temp files
[2026-07-26 18:45:37] Seen 20,000 samples
[2026-07-26 18:45:37] Starting data epoch 1501 in logical epoch 1501
[2026-07-26 18:45:37] [data] Shuffling data
[2026-07-26 18:45:37] [data] Done reading 20,000 sentences
[2026-07-26 18:45:37] [data] Done shuffling 20,000 sentences to temp files
[2026-07-26 18:45:39] Seen 20,000 samples
[2026-07-26 18:45:39] Starting data epoch 1502 in logical epoch 1502
[2026-07-26 18:45:39] [data] Shuffling data
[2026-07-26 18:45:39] [data] Done reading 20,000 sentences
[2026-07-26 18:45:39] [data] Done shuffling 20,000 sentences to temp files
[2026-07-26 18:45:42] Seen 20,000 samples
[2026-07-26 18:45:42] Starting data epoch 1503 in logical epoch 1503
[2026-07-26 18:45:42] [data] Shuffling data
[2026-07-26 18:45:42] [data] Done reading 20,000 sentences
[2026-07-26 18:45:42] [data] Done shuffling 20,000 sentences to temp files
[2026-07-26 18:45:45] Seen 20,000 samples
[2026-07-26 18:45:45] Starting data epoch 1504 in logical epoch 1504
[2026-07-26 18:45:45] [data] Shuffling data
[2026-07-26 18:45:45] [data] Done reading 20,000 sentences
[2026-07-26 18:45:45] [data] Done shuffling 20,000 sentences to temp files
[2026-07-26 18:45:48] Seen 20,000 samples
[2026-07-26 18:45:48] Starting data epoch 1505 in logical epoch 1505
[2026-07-26 18:45:48] [data] Shuffling data
[2026-07-26 18:45:48] [data] Done reading 20,000 sentences
[2026-07-26 18:45:48] [data] Done shuffling 20,000 sentences to temp files
[2026-07-26 18:45:50] Ep. 1505 : Up. 37500 : Sen. 12,988 : Cost 1.16501832 * 1,536,161 @ 564 after 116,376,916 : Time 53.63s : 28644.28 words/s : gNorm 0.1202 : L.r. 1.9596e-04
[2026-07-26 18:45:51] Seen 20,000 samples
[2026-07-26 18:45:51] Starting data epoch 1506 in logical epoch 1506
[2026-07-26 18:45:51] [data] Shuffling data
[2026-07-26 18:45:51] [data] Done reading 20,000 sentences
[2026-07-26 18:45:51] [data] Done shuffling 20,000 sentences to temp files
[2026-07-26 18:45:54] Seen 20,000 samples
[2026-07-26 18:45:54] Starting data epoch 1507 in logical epoch 1507
[2026-07-26 18:45:54] [data] Shuffling data
[2026-07-26 18:45:54] [data] Done reading 20,000 sentences
[2026-07-26 18:45:54] [data] Done shuffling 20,000 sentences to temp files
[2026-07-26 18:45:57] Seen 20,000 samples
[2026-07-26 18:45:57] Starting data epoch 1508 in logical epoch 1508
[2026-07-26 18:45:57] [data] Shuffling data
[2026-07-26 18:45:57] [data] Done reading 20,000 sentences
[2026-07-26 18:45:57] [data] Done shuffling 20,000 sentences to temp files
[2026-07-26 18:46:00] Seen 20,000 samples
[2026-07-26 18:46:00] Starting data epoch 1509 in logical epoch 1509
[2026-07-26 18:46:00] [data] Shuffling data
[2026-07-26 18:46:00] [data] Done reading 20,000 sentences
[2026-07-26 18:46:00] [data] Done shuffling 20,000 sentences to temp files
[2026-07-26 18:46:03] Seen 20,000 samples
[2026-07-26 18:46:03] Starting data epoch 1510 in logical epoch 1510
[2026-07-26 18:46:03] [data] Shuffling data
[2026-07-26 18:46:03] [data] Done reading 20,000 sentences
[2026-07-26 18:46:03] [data] Done shuffling 20,000 sentences to temp files
[2026-07-26 18:46:06] Seen 20,000 samples
[2026-07-26 18:46:06] Starting data epoch 1511 in logical epoch 1511
[2026-07-26 18:46:06] [data] Shuffling data
[2026-07-26 18:46:06] [data] Done reading 20,000 sentences
[2026-07-26 18:46:06] [data] Done shuffling 20,000 sentences to temp files
[2026-07-26 18:46:09] Seen 20,000 samples
[2026-07-26 18:46:09] Starting data epoch 1512 in logical epoch 1512
[2026-07-26 18:46:09] [data] Shuffling data
[2026-07-26 18:46:09] [data] Done reading 20,000 sentences
[2026-07-26 18:46:09] [data] Done shuffling 20,000 sentences to temp files
[2026-07-26 18:46:12] Seen 20,000 samples
[2026-07-26 18:46:12] Starting data epoch 1513 in logical epoch 1513
[2026-07-26 18:46:12] [data] Shuffling data
[2026-07-26 18:46:12] [data] Done reading 20,000 sentences
[2026-07-26 18:46:12] [data] Done shuffling 20,000 sentences to temp files
[2026-07-26 18:46:15] Seen 20,000 samples
[2026-07-26 18:46:15] Starting data epoch 1514 in logical epoch 1514
[2026-07-26 18:46:15] [data] Shuffling data
[2026-07-26 18:46:15] [data] Done reading 20,000 sentences
[2026-07-26 18:46:15] [data] Done shuffling 20,000 sentences to temp files
[2026-07-26 18:46:18] Seen 20,000 samples
[2026-07-26 18:46:18] Starting data epoch 1515 in logical epoch 1515
[2026-07-26 18:46:18] [data] Shuffling data
[2026-07-26 18:46:18] [data] Done reading 20,000 sentences
[2026-07-26 18:46:18] [data] Done shuffling 20,000 sentences to temp files
[2026-07-26 18:46:21] Seen 20,000 samples
[2026-07-26 18:46:21] Starting data epoch 1516 in logical epoch 1516
[2026-07-26 18:46:21] [data] Shuffling data
[2026-07-26 18:46:21] [data] Done reading 20,000 sentences
[2026-07-26 18:46:21] [data] Done shuffling 20,000 sentences to temp files
[2026-07-26 18:46:24] Seen 20,000 samples
[2026-07-26 18:46:24] Starting data epoch 1517 in logical epoch 1517
[2026-07-26 18:46:24] [data] Shuffling data
[2026-07-26 18:46:24] [data] Done reading 20,000 sentences
[2026-07-26 18:46:24] [data] Done shuffling 20,000 sentences to temp files
[2026-07-26 18:46:27] Seen 20,000 samples
[2026-07-26 18:46:27] Starting data epoch 1518 in logical epoch 1518
[2026-07-26 18:46:27] [data] Shuffling data
[2026-07-26 18:46:27] [data] Done reading 20,000 sentences
[2026-07-26 18:46:27] [data] Done shuffling 20,000 sentences to temp files
[2026-07-26 18:46:30] Seen 20,000 samples
[2026-07-26 18:46:30] Starting data epoch 1519 in logical epoch 1519
[2026-07-26 18:46:30] [data] Shuffling data
[2026-07-26 18:46:30] [data] Done reading 20,000 sentences
[2026-07-26 18:46:30] [data] Done shuffling 20,000 sentences to temp files
[2026-07-26 18:46:33] Seen 20,000 samples
[2026-07-26 18:46:33] Starting data epoch 1520 in logical epoch 1520
[2026-07-26 18:46:33] [data] Shuffling data
[2026-07-26 18:46:33] [data] Done reading 20,000 sentences
[2026-07-26 18:46:33] [data] Done shuffling 20,000 sentences to temp files
[2026-07-26 18:46:36] Seen 20,000 samples
[2026-07-26 18:46:36] Starting data epoch 1521 in logical epoch 1521
[2026-07-26 18:46:36] [data] Shuffling data
[2026-07-26 18:46:36] [data] Done reading 20,000 sentences
[2026-07-26 18:46:36] [data] Done shuffling 20,000 sentences to temp files
[2026-07-26 18:46:39] Seen 20,000 samples
[2026-07-26 18:46:39] Starting data epoch 1522 in logical epoch 1522
[2026-07-26 18:46:39] [data] Shuffling data
[2026-07-26 18:46:39] [data] Done reading 20,000 sentences
[2026-07-26 18:46:39] [data] Done shuffling 20,000 sentences to temp files
[2026-07-26 18:46:42] Seen 20,000 samples
[2026-07-26 18:46:42] Starting data epoch 1523 in logical epoch 1523
[2026-07-26 18:46:42] [data] Shuffling data
[2026-07-26 18:46:42] [data] Done reading 20,000 sentences
[2026-07-26 18:46:42] [data] Done shuffling 20,000 sentences to temp files
[2026-07-26 18:46:45] Seen 20,000 samples
[2026-07-26 18:46:45] Starting data epoch 1524 in logical epoch 1524
[2026-07-26 18:46:45] [data] Shuffling data
[2026-07-26 18:46:45] [data] Done reading 20,000 sentences
[2026-07-26 18:46:45] [data] Done shuffling 20,000 sentences to temp files
[2026-07-26 18:46:49] Seen 20,000 samples
[2026-07-26 18:46:49] Starting data epoch 1525 in logical epoch 1525
[2026-07-26 18:46:49] [data] Shuffling data
[2026-07-26 18:46:49] [data] Done reading 20,000 sentences
[2026-07-26 18:46:49] [data] Done shuffling 20,000 sentences to temp files
[2026-07-26 18:46:51] Ep. 1525 : Up. 38000 : Sen. 16,329 : Cost 1.16519618 * 1,561,371 @ 2,871 after 117,938,287 : Time 60.73s : 25708.95 words/s : gNorm 0.2648 : L.r. 1.9467e-04
[2026-07-26 18:46:52] Seen 20,000 samples
[2026-07-26 18:46:52] Starting data epoch 1526 in logical epoch 1526
[2026-07-26 18:46:52] [data] Shuffling data
[2026-07-26 18:46:52] [data] Done reading 20,000 sentences
[2026-07-26 18:46:52] [data] Done shuffling 20,000 sentences to temp files
[2026-07-26 18:46:55] Seen 20,000 samples
[2026-07-26 18:46:55] Starting data epoch 1527 in logical epoch 1527
[2026-07-26 18:46:55] [data] Shuffling data
[2026-07-26 18:46:55] [data] Done reading 20,000 sentences
[2026-07-26 18:46:55] [data] Done shuffling 20,000 sentences to temp files
[2026-07-26 18:46:58] Seen 20,000 samples
[2026-07-26 18:46:58] Starting data epoch 1528 in logical epoch 1528
[2026-07-26 18:46:58] [data] Shuffling data
[2026-07-26 18:46:58] [data] Done reading 20,000 sentences
[2026-07-26 18:46:58] [data] Done shuffling 20,000 sentences to temp files
[2026-07-26 18:47:01] Seen 20,000 samples
[2026-07-26 18:47:01] Starting data epoch 1529 in logical epoch 1529
[2026-07-26 18:47:01] [data] Shuffling data
[2026-07-26 18:47:01] [data] Done reading 20,000 sentences
[2026-07-26 18:47:01] [data] Done shuffling 20,000 sentences to temp files
[2026-07-26 18:47:04] Seen 20,000 samples
[2026-07-26 18:47:04] Starting data epoch 1530 in logical epoch 1530
[2026-07-26 18:47:04] [data] Shuffling data
[2026-07-26 18:47:04] [data] Done reading 20,000 sentences
[2026-07-26 18:47:04] [data] Done shuffling 20,000 sentences to temp files
[2026-07-26 18:47:07] Seen 20,000 samples
[2026-07-26 18:47:07] Starting data epoch 1531 in logical epoch 1531
[2026-07-26 18:47:07] [data] Shuffling data
[2026-07-26 18:47:07] [data] Done reading 20,000 sentences
[2026-07-26 18:47:07] [data] Done shuffling 20,000 sentences to temp files
[2026-07-26 18:47:10] Seen 20,000 samples
[2026-07-26 18:47:10] Starting data epoch 1532 in logical epoch 1532
[2026-07-26 18:47:10] [data] Shuffling data
[2026-07-26 18:47:10] [data] Done reading 20,000 sentences
[2026-07-26 18:47:10] [data] Done shuffling 20,000 sentences to temp files
[2026-07-26 18:47:13] Seen 20,000 samples
[2026-07-26 18:47:13] Starting data epoch 1533 in logical epoch 1533
[2026-07-26 18:47:13] [data] Shuffling data
[2026-07-26 18:47:13] [data] Done reading 20,000 sentences
[2026-07-26 18:47:14] [data] Done shuffling 20,000 sentences to temp files
[2026-07-26 18:47:17] Seen 20,000 samples
[2026-07-26 18:47:17] Starting data epoch 1534 in logical epoch 1534
[2026-07-26 18:47:17] [data] Shuffling data
[2026-07-26 18:47:17] [data] Done reading 20,000 sentences
[2026-07-26 18:47:17] [data] Done shuffling 20,000 sentences to temp files
[2026-07-26 18:47:20] Seen 20,000 samples
[2026-07-26 18:47:20] Starting data epoch 1535 in logical epoch 1535
[2026-07-26 18:47:20] [data] Shuffling data
[2026-07-26 18:47:20] [data] Done reading 20,000 sentences
[2026-07-26 18:47:20] [data] Done shuffling 20,000 sentences to temp files
[2026-07-26 18:47:23] Seen 20,000 samples
[2026-07-26 18:47:23] Starting data epoch 1536 in logical epoch 1536
[2026-07-26 18:47:23] [data] Shuffling data
[2026-07-26 18:47:23] [data] Done reading 20,000 sentences
[2026-07-26 18:47:23] [data] Done shuffling 20,000 sentences to temp files
[2026-07-26 18:47:27] Seen 20,000 samples
[2026-07-26 18:47:27] Starting data epoch 1537 in logical epoch 1537
[2026-07-26 18:47:27] [data] Shuffling data
[2026-07-26 18:47:27] [data] Done reading 20,000 sentences
[2026-07-26 18:47:27] [data] Done shuffling 20,000 sentences to temp files
[2026-07-26 18:47:30] Seen 20,000 samples
[2026-07-26 18:47:30] Starting data epoch 1538 in logical epoch 1538
[2026-07-26 18:47:30] [data] Shuffling data
[2026-07-26 18:47:30] [data] Done reading 20,000 sentences
[2026-07-26 18:47:30] [data] Done shuffling 20,000 sentences to temp files
[2026-07-26 18:47:34] Seen 20,000 samples
[2026-07-26 18:47:34] Starting data epoch 1539 in logical epoch 1539
[2026-07-26 18:47:34] [data] Shuffling data
[2026-07-26 18:47:34] [data] Done reading 20,000 sentences
[2026-07-26 18:47:34] [data] Done shuffling 20,000 sentences to temp files
[2026-07-26 18:47:37] Seen 20,000 samples
[2026-07-26 18:47:37] Starting data epoch 1540 in logical epoch 1540
[2026-07-26 18:47:37] [data] Shuffling data
[2026-07-26 18:47:37] [data] Done reading 20,000 sentences
[2026-07-26 18:47:37] [data] Done shuffling 20,000 sentences to temp files
[2026-07-26 18:47:41] Seen 20,000 samples
[2026-07-26 18:47:41] Starting data epoch 1541 in logical epoch 1541
[2026-07-26 18:47:41] [data] Shuffling data
[2026-07-26 18:47:41] [data] Done reading 20,000 sentences
[2026-07-26 18:47:41] [data] Done shuffling 20,000 sentences to temp files
[2026-07-26 18:47:44] Seen 20,000 samples
[2026-07-26 18:47:44] Starting data epoch 1542 in logical epoch 1542
[2026-07-26 18:47:44] [data] Shuffling data
[2026-07-26 18:47:45] [data] Done reading 20,000 sentences
[2026-07-26 18:47:45] [data] Done shuffling 20,000 sentences to temp files
[2026-07-26 18:47:49] Seen 20,000 samples
[2026-07-26 18:47:49] Starting data epoch 1543 in logical epoch 1543
[2026-07-26 18:47:49] [data] Shuffling data
[2026-07-26 18:47:49] [data] Done reading 20,000 sentences
[2026-07-26 18:47:49] [data] Done shuffling 20,000 sentences to temp files
[2026-07-26 18:47:53] Seen 20,000 samples
[2026-07-26 18:47:53] Starting data epoch 1544 in logical epoch 1544
[2026-07-26 18:47:53] [data] Shuffling data
[2026-07-26 18:47:53] [data] Done reading 20,000 sentences
[2026-07-26 18:47:53] [data] Done shuffling 20,000 sentences to temp files
[2026-07-26 18:47:57] Seen 20,000 samples
[2026-07-26 18:47:57] Starting data epoch 1545 in logical epoch 1545
[2026-07-26 18:47:57] [data] Shuffling data
[2026-07-26 18:47:57] [data] Done reading 20,000 sentences
[2026-07-26 18:47:57] [data] Done shuffling 20,000 sentences to temp files
[2026-07-26 18:48:01] Ep. 1545 : Up. 38500 : Sen. 20,000 : Cost 1.16502094 * 1,559,738 @ 3,089 after 119,498,025 : Time 69.79s : 22350.04 words/s : gNorm 0.1019 : L.r. 1.9340e-04
[2026-07-26 18:48:01] Seen 20,000 samples
[2026-07-26 18:48:01] Starting data epoch 1546 in logical epoch 1546
[2026-07-26 18:48:01] [data] Shuffling data
[2026-07-26 18:48:01] [data] Done reading 20,000 sentences
[2026-07-26 18:48:01] [data] Done shuffling 20,000 sentences to temp files
[2026-07-26 18:48:05] Seen 20,000 samples
[2026-07-26 18:48:05] Starting data epoch 1547 in logical epoch 1547
[2026-07-26 18:48:05] [data] Shuffling data
[2026-07-26 18:48:05] [data] Done reading 20,000 sentences
[2026-07-26 18:48:05] [data] Done shuffling 20,000 sentences to temp files
[2026-07-26 18:48:09] Seen 20,000 samples
[2026-07-26 18:48:09] Starting data epoch 1548 in logical epoch 1548
[2026-07-26 18:48:09] [data] Shuffling data
[2026-07-26 18:48:09] [data] Done reading 20,000 sentences
[2026-07-26 18:48:09] [data] Done shuffling 20,000 sentences to temp files
[2026-07-26 18:48:14] Seen 20,000 samples
[2026-07-26 18:48:14] Starting data epoch 1549 in logical epoch 1549
[2026-07-26 18:48:14] [data] Shuffling data
[2026-07-26 18:48:14] [data] Done reading 20,000 sentences
[2026-07-26 18:48:14] [data] Done shuffling 20,000 sentences to temp files
[2026-07-26 18:48:17] Seen 20,000 samples
[2026-07-26 18:48:17] Starting data epoch 1550 in logical epoch 1550
[2026-07-26 18:48:17] [data] Shuffling data
[2026-07-26 18:48:17] [data] Done reading 20,000 sentences
[2026-07-26 18:48:17] [data] Done shuffling 20,000 sentences to temp files
[2026-07-26 18:48:21] Seen 20,000 samples
[2026-07-26 18:48:21] Starting data epoch 1551 in logical epoch 1551
[2026-07-26 18:48:21] [data] Shuffling data
[2026-07-26 18:48:21] [data] Done reading 20,000 sentences
[2026-07-26 18:48:21] [data] Done shuffling 20,000 sentences to temp files
[2026-07-26 18:48:25] Seen 20,000 samples
[2026-07-26 18:48:25] Starting data epoch 1552 in logical epoch 1552
[2026-07-26 18:48:25] [data] Shuffling data
[2026-07-26 18:48:25] [data] Done reading 20,000 sentences
[2026-07-26 18:48:25] [data] Done shuffling 20,000 sentences to temp files
[2026-07-26 18:48:30] Seen 20,000 samples
[2026-07-26 18:48:30] Starting data epoch 1553 in logical epoch 1553
[2026-07-26 18:48:30] [data] Shuffling data
[2026-07-26 18:48:30] [data] Done reading 20,000 sentences
[2026-07-26 18:48:30] [data] Done shuffling 20,000 sentences to temp files
[2026-07-26 18:48:34] Seen 20,000 samples
[2026-07-26 18:48:34] Starting data epoch 1554 in logical epoch 1554
[2026-07-26 18:48:34] [data] Shuffling data
[2026-07-26 18:48:34] [data] Done reading 20,000 sentences
[2026-07-26 18:48:34] [data] Done shuffling 20,000 sentences to temp files
[2026-07-26 18:48:38] Seen 20,000 samples
[2026-07-26 18:48:38] Starting data epoch 1555 in logical epoch 1555
[2026-07-26 18:48:38] [data] Shuffling data
[2026-07-26 18:48:38] [data] Done reading 20,000 sentences
[2026-07-26 18:48:38] [data] Done shuffling 20,000 sentences to temp files
[2026-07-26 18:48:42] Seen 20,000 samples
[2026-07-26 18:48:42] Starting data epoch 1556 in logical epoch 1556
[2026-07-26 18:48:42] [data] Shuffling data
[2026-07-26 18:48:42] [data] Done reading 20,000 sentences
[2026-07-26 18:48:42] [data] Done shuffling 20,000 sentences to temp files
[2026-07-26 18:48:47] Seen 20,000 samples
[2026-07-26 18:48:47] Starting data epoch 1557 in logical epoch 1557
[2026-07-26 18:48:47] [data] Shuffling data
[2026-07-26 18:48:47] [data] Done reading 20,000 sentences
[2026-07-26 18:48:47] [data] Done shuffling 20,000 sentences to temp files
[2026-07-26 18:48:50] Seen 20,000 samples
[2026-07-26 18:48:50] Starting data epoch 1558 in logical epoch 1558
[2026-07-26 18:48:50] [data] Shuffling data
[2026-07-26 18:48:50] [data] Done reading 20,000 sentences
[2026-07-26 18:48:50] [data] Done shuffling 20,000 sentences to temp files
[2026-07-26 18:48:55] Seen 20,000 samples
[2026-07-26 18:48:55] Starting data epoch 1559 in logical epoch 1559
[2026-07-26 18:48:55] [data] Shuffling data
[2026-07-26 18:48:55] [data] Done reading 20,000 sentences
[2026-07-26 18:48:55] [data] Done shuffling 20,000 sentences to temp files
[2026-07-26 18:48:59] Seen 20,000 samples
[2026-07-26 18:48:59] Starting data epoch 1560 in logical epoch 1560
[2026-07-26 18:48:59] [data] Shuffling data
[2026-07-26 18:48:59] [data] Done reading 20,000 sentences
[2026-07-26 18:48:59] [data] Done shuffling 20,000 sentences to temp files
[2026-07-26 18:49:03] Seen 20,000 samples
[2026-07-26 18:49:03] Starting data epoch 1561 in logical epoch 1561
[2026-07-26 18:49:03] [data] Shuffling data
[2026-07-26 18:49:03] [data] Done reading 20,000 sentences
[2026-07-26 18:49:03] [data] Done shuffling 20,000 sentences to temp files
[2026-07-26 18:49:07] Seen 20,000 samples
[2026-07-26 18:49:07] Starting data epoch 1562 in logical epoch 1562
[2026-07-26 18:49:07] [data] Shuffling data
[2026-07-26 18:49:07] [data] Done reading 20,000 sentences
[2026-07-26 18:49:07] [data] Done shuffling 20,000 sentences to temp files
[2026-07-26 18:49:12] Seen 20,000 samples
[2026-07-26 18:49:12] Starting data epoch 1563 in logical epoch 1563
[2026-07-26 18:49:12] [data] Shuffling data
[2026-07-26 18:49:12] [data] Done reading 20,000 sentences
[2026-07-26 18:49:12] [data] Done shuffling 20,000 sentences to temp files
[2026-07-26 18:49:16] Seen 20,000 samples
[2026-07-26 18:49:16] Starting data epoch 1564 in logical epoch 1564
[2026-07-26 18:49:16] [data] Shuffling data
[2026-07-26 18:49:16] [data] Done reading 20,000 sentences
[2026-07-26 18:49:16] [data] Done shuffling 20,000 sentences to temp files
[2026-07-26 18:49:20] Seen 20,000 samples
[2026-07-26 18:49:20] Starting data epoch 1565 in logical epoch 1565
[2026-07-26 18:49:20] [data] Shuffling data
[2026-07-26 18:49:20] [data] Done reading 20,000 sentences
[2026-07-26 18:49:20] [data] Done shuffling 20,000 sentences to temp files
[2026-07-26 18:49:24] Ep. 1565 : Up. 39000 : Sen. 20,000 : Cost 1.16495907 * 1,546,900 @ 3,109 after 121,044,925 : Time 83.56s : 18513.03 words/s : gNorm 0.0850 : L.r. 1.9215e-04
[2026-07-26 18:49:24] Seen 20,000 samples
[2026-07-26 18:49:24] Starting data epoch 1566 in logical epoch 1566
[2026-07-26 18:49:24] [data] Shuffling data
[2026-07-26 18:49:24] [data] Done reading 20,000 sentences
[2026-07-26 18:49:24] [data] Done shuffling 20,000 sentences to temp files
[2026-07-26 18:49:28] Seen 20,000 samples
[2026-07-26 18:49:28] Starting data epoch 1567 in logical epoch 1567
[2026-07-26 18:49:28] [data] Shuffling data
[2026-07-26 18:49:28] [data] Done reading 20,000 sentences
[2026-07-26 18:49:28] [data] Done shuffling 20,000 sentences to temp files
[2026-07-26 18:49:33] Seen 20,000 samples
[2026-07-26 18:49:33] Starting data epoch 1568 in logical epoch 1568
[2026-07-26 18:49:33] [data] Shuffling data
[2026-07-26 18:49:33] [data] Done reading 20,000 sentences
[2026-07-26 18:49:33] [data] Done shuffling 20,000 sentences to temp files
[2026-07-26 18:49:37] Seen 20,000 samples
[2026-07-26 18:49:37] Starting data epoch 1569 in logical epoch 1569
[2026-07-26 18:49:37] [data] Shuffling data
[2026-07-26 18:49:37] [data] Done reading 20,000 sentences
[2026-07-26 18:49:37] [data] Done shuffling 20,000 sentences to temp files
[2026-07-26 18:49:41] Seen 20,000 samples
[2026-07-26 18:49:41] Starting data epoch 1570 in logical epoch 1570
[2026-07-26 18:49:41] [data] Shuffling data
[2026-07-26 18:49:41] [data] Done reading 20,000 sentences
[2026-07-26 18:49:41] [data] Done shuffling 20,000 sentences to temp files
[2026-07-26 18:49:46] Seen 20,000 samples
[2026-07-26 18:49:46] Starting data epoch 1571 in logical epoch 1571
[2026-07-26 18:49:46] [data] Shuffling data
[2026-07-26 18:49:46] [data] Done reading 20,000 sentences
[2026-07-26 18:49:46] [data] Done shuffling 20,000 sentences to temp files
[2026-07-26 18:49:50] Seen 20,000 samples
[2026-07-26 18:49:50] Starting data epoch 1572 in logical epoch 1572
[2026-07-26 18:49:50] [data] Shuffling data
[2026-07-26 18:49:50] [data] Done reading 20,000 sentences
[2026-07-26 18:49:50] [data] Done shuffling 20,000 sentences to temp files
[2026-07-26 18:49:55] Seen 20,000 samples
[2026-07-26 18:49:55] Starting data epoch 1573 in logical epoch 1573
[2026-07-26 18:49:55] [data] Shuffling data
[2026-07-26 18:49:55] [data] Done reading 20,000 sentences
[2026-07-26 18:49:55] [data] Done shuffling 20,000 sentences to temp files
[2026-07-26 18:49:59] Seen 20,000 samples
[2026-07-26 18:49:59] Starting data epoch 1574 in logical epoch 1574
[2026-07-26 18:49:59] [data] Shuffling data
[2026-07-26 18:49:59] [data] Done reading 20,000 sentences
[2026-07-26 18:49:59] [data] Done shuffling 20,000 sentences to temp files
[2026-07-26 18:50:03] Seen 20,000 samples
[2026-07-26 18:50:03] Starting data epoch 1575 in logical epoch 1575
[2026-07-26 18:50:03] [data] Shuffling data
[2026-07-26 18:50:03] [data] Done reading 20,000 sentences
[2026-07-26 18:50:03] [data] Done shuffling 20,000 sentences to temp files
[2026-07-26 18:50:07] Seen 20,000 samples
[2026-07-26 18:50:07] Starting data epoch 1576 in logical epoch 1576
[2026-07-26 18:50:07] [data] Shuffling data
[2026-07-26 18:50:07] [data] Done reading 20,000 sentences
[2026-07-26 18:50:07] [data] Done shuffling 20,000 sentences to temp files
[2026-07-26 18:50:12] Seen 20,000 samples
[2026-07-26 18:50:12] Starting data epoch 1577 in logical epoch 1577
[2026-07-26 18:50:12] [data] Shuffling data
[2026-07-26 18:50:12] [data] Done reading 20,000 sentences
[2026-07-26 18:50:12] [data] Done shuffling 20,000 sentences to temp files
[2026-07-26 18:50:16] Seen 20,000 samples
[2026-07-26 18:50:16] Starting data epoch 1578 in logical epoch 1578
[2026-07-26 18:50:16] [data] Shuffling data
[2026-07-26 18:50:16] [data] Done reading 20,000 sentences
[2026-07-26 18:50:16] [data] Done shuffling 20,000 sentences to temp files
[2026-07-26 18:50:20] Seen 20,000 samples
[2026-07-26 18:50:20] Starting data epoch 1579 in logical epoch 1579
[2026-07-26 18:50:20] [data] Shuffling data
[2026-07-26 18:50:20] [data] Done reading 20,000 sentences
[2026-07-26 18:50:20] [data] Done shuffling 20,000 sentences to temp files
[2026-07-26 18:50:25] Seen 20,000 samples
[2026-07-26 18:50:25] Starting data epoch 1580 in logical epoch 1580
[2026-07-26 18:50:25] [data] Shuffling data
[2026-07-26 18:50:25] [data] Done reading 20,000 sentences
[2026-07-26 18:50:25] [data] Done shuffling 20,000 sentences to temp files
[2026-07-26 18:50:29] Seen 20,000 samples
[2026-07-26 18:50:29] Starting data epoch 1581 in logical epoch 1581
[2026-07-26 18:50:29] [data] Shuffling data
[2026-07-26 18:50:29] [data] Done reading 20,000 sentences
[2026-07-26 18:50:30] [data] Done shuffling 20,000 sentences to temp files
[2026-07-26 18:50:34] Seen 20,000 samples
[2026-07-26 18:50:34] Starting data epoch 1582 in logical epoch 1582
[2026-07-26 18:50:34] [data] Shuffling data
[2026-07-26 18:50:34] [data] Done reading 20,000 sentences
[2026-07-26 18:50:34] [data] Done shuffling 20,000 sentences to temp files
[2026-07-26 18:50:39] Seen 20,000 samples
[2026-07-26 18:50:39] Starting data epoch 1583 in logical epoch 1583
[2026-07-26 18:50:39] [data] Shuffling data
[2026-07-26 18:50:39] [data] Done reading 20,000 sentences
[2026-07-26 18:50:39] [data] Done shuffling 20,000 sentences to temp files
[2026-07-26 18:50:43] Seen 20,000 samples
[2026-07-26 18:50:43] Starting data epoch 1584 in logical epoch 1584
[2026-07-26 18:50:43] [data] Shuffling data
[2026-07-26 18:50:43] [data] Done reading 20,000 sentences
[2026-07-26 18:50:44] [data] Done shuffling 20,000 sentences to temp files
[2026-07-26 18:50:48] Seen 20,000 samples
[2026-07-26 18:50:48] Starting data epoch 1585 in logical epoch 1585
[2026-07-26 18:50:48] [data] Shuffling data
[2026-07-26 18:50:48] [data] Done reading 20,000 sentences
[2026-07-26 18:50:48] [data] Done shuffling 20,000 sentences to temp files
[2026-07-26 18:50:52] Seen 20,000 samples
[2026-07-26 18:50:52] Starting data epoch 1586 in logical epoch 1586
[2026-07-26 18:50:52] [data] Shuffling data
[2026-07-26 18:50:52] [data] Done reading 20,000 sentences
[2026-07-26 18:50:52] [data] Done shuffling 20,000 sentences to temp files
[2026-07-26 18:50:53] Ep. 1586 : Up. 39500 : Sen. 2,384 : Cost 1.16479075 * 1,556,542 @ 3,893 after 122,601,467 : Time 88.45s : 17597.81 words/s : gNorm 0.1541 : L.r. 1.9093e-04
[2026-07-26 18:50:57] Seen 20,000 samples
[2026-07-26 18:50:57] Starting data epoch 1587 in logical epoch 1587
[2026-07-26 18:50:57] [data] Shuffling data
[2026-07-26 18:50:57] [data] Done reading 20,000 sentences
[2026-07-26 18:50:57] [data] Done shuffling 20,000 sentences to temp files
[2026-07-26 18:51:01] Seen 20,000 samples
[2026-07-26 18:51:01] Starting data epoch 1588 in logical epoch 1588
[2026-07-26 18:51:01] [data] Shuffling data
[2026-07-26 18:51:01] [data] Done reading 20,000 sentences
[2026-07-26 18:51:02] [data] Done shuffling 20,000 sentences to temp files
[2026-07-26 18:51:06] Seen 20,000 samples
[2026-07-26 18:51:06] Starting data epoch 1589 in logical epoch 1589
[2026-07-26 18:51:06] [data] Shuffling data
[2026-07-26 18:51:06] [data] Done reading 20,000 sentences
[2026-07-26 18:51:06] [data] Done shuffling 20,000 sentences to temp files
[2026-07-26 18:51:11] Seen 20,000 samples
[2026-07-26 18:51:11] Starting data epoch 1590 in logical epoch 1590
[2026-07-26 18:51:11] [data] Shuffling data
[2026-07-26 18:51:11] [data] Done reading 20,000 sentences
[2026-07-26 18:51:11] [data] Done shuffling 20,000 sentences to temp files
[2026-07-26 18:51:16] Seen 20,000 samples
[2026-07-26 18:51:16] Starting data epoch 1591 in logical epoch 1591
[2026-07-26 18:51:16] [data] Shuffling data
[2026-07-26 18:51:16] [data] Done reading 20,000 sentences
[2026-07-26 18:51:16] [data] Done shuffling 20,000 sentences to temp files
[2026-07-26 18:51:21] Seen 20,000 samples
[2026-07-26 18:51:21] Starting data epoch 1592 in logical epoch 1592
[2026-07-26 18:51:21] [data] Shuffling data
[2026-07-26 18:51:21] [data] Done reading 20,000 sentences
[2026-07-26 18:51:21] [data] Done shuffling 20,000 sentences to temp files
[2026-07-26 18:51:26] Seen 20,000 samples
[2026-07-26 18:51:26] Starting data epoch 1593 in logical epoch 1593
[2026-07-26 18:51:26] [data] Shuffling data
[2026-07-26 18:51:26] [data] Done reading 20,000 sentences
[2026-07-26 18:51:26] [data] Done shuffling 20,000 sentences to temp files
[2026-07-26 18:51:30] Seen 20,000 samples
[2026-07-26 18:51:30] Starting data epoch 1594 in logical epoch 1594
[2026-07-26 18:51:30] [data] Shuffling data
[2026-07-26 18:51:30] [data] Done reading 20,000 sentences
[2026-07-26 18:51:30] [data] Done shuffling 20,000 sentences to temp files
[2026-07-26 18:51:35] Seen 20,000 samples
[2026-07-26 18:51:35] Starting data epoch 1595 in logical epoch 1595
[2026-07-26 18:51:35] [data] Shuffling data
[2026-07-26 18:51:35] [data] Done reading 20,000 sentences
[2026-07-26 18:51:35] [data] Done shuffling 20,000 sentences to temp files
[2026-07-26 18:51:40] Seen 20,000 samples
[2026-07-26 18:51:40] Starting data epoch 1596 in logical epoch 1596
[2026-07-26 18:51:40] [data] Shuffling data
[2026-07-26 18:51:40] [data] Done reading 20,000 sentences
[2026-07-26 18:51:40] [data] Done shuffling 20,000 sentences to temp files
[2026-07-26 18:51:44] Seen 20,000 samples
[2026-07-26 18:51:44] Starting data epoch 1597 in logical epoch 1597
[2026-07-26 18:51:44] [data] Shuffling data
[2026-07-26 18:51:44] [data] Done reading 20,000 sentences
[2026-07-26 18:51:44] [data] Done shuffling 20,000 sentences to temp files
[2026-07-26 18:51:48] Seen 20,000 samples
[2026-07-26 18:51:48] Starting data epoch 1598 in logical epoch 1598
[2026-07-26 18:51:48] [data] Shuffling data
[2026-07-26 18:51:48] [data] Done reading 20,000 sentences
[2026-07-26 18:51:48] [data] Done shuffling 20,000 sentences to temp files
[2026-07-26 18:51:53] Seen 20,000 samples
[2026-07-26 18:51:53] Starting data epoch 1599 in logical epoch 1599
[2026-07-26 18:51:53] [data] Shuffling data
[2026-07-26 18:51:53] [data] Done reading 20,000 sentences
[2026-07-26 18:51:53] [data] Done shuffling 20,000 sentences to temp files
[2026-07-26 18:51:57] Seen 20,000 samples
[2026-07-26 18:51:57] Starting data epoch 1600 in logical epoch 1600
[2026-07-26 18:51:57] [data] Shuffling data
[2026-07-26 18:51:57] [data] Done reading 20,000 sentences
[2026-07-26 18:51:57] [data] Done shuffling 20,000 sentences to temp files
[2026-07-26 18:52:02] Seen 20,000 samples
[2026-07-26 18:52:02] Starting data epoch 1601 in logical epoch 1601
[2026-07-26 18:52:02] [data] Shuffling data
[2026-07-26 18:52:02] [data] Done reading 20,000 sentences
[2026-07-26 18:52:02] [data] Done shuffling 20,000 sentences to temp files
[2026-07-26 18:52:06] Seen 20,000 samples
[2026-07-26 18:52:06] Starting data epoch 1602 in logical epoch 1602
[2026-07-26 18:52:06] [data] Shuffling data
[2026-07-26 18:52:06] [data] Done reading 20,000 sentences
[2026-07-26 18:52:06] [data] Done shuffling 20,000 sentences to temp files
[2026-07-26 18:52:10] Seen 20,000 samples
[2026-07-26 18:52:10] Starting data epoch 1603 in logical epoch 1603
[2026-07-26 18:52:10] [data] Shuffling data
[2026-07-26 18:52:10] [data] Done reading 20,000 sentences
[2026-07-26 18:52:10] [data] Done shuffling 20,000 sentences to temp files
[2026-07-26 18:52:15] Seen 20,000 samples
[2026-07-26 18:52:15] Starting data epoch 1604 in logical epoch 1604
[2026-07-26 18:52:15] [data] Shuffling data
[2026-07-26 18:52:15] [data] Done reading 20,000 sentences
[2026-07-26 18:52:15] [data] Done shuffling 20,000 sentences to temp files
[2026-07-26 18:52:19] Seen 20,000 samples
[2026-07-26 18:52:19] Starting data epoch 1605 in logical epoch 1605
[2026-07-26 18:52:19] [data] Shuffling data
[2026-07-26 18:52:19] [data] Done reading 20,000 sentences
[2026-07-26 18:52:19] [data] Done shuffling 20,000 sentences to temp files
[2026-07-26 18:52:24] Seen 20,000 samples
[2026-07-26 18:52:24] Starting data epoch 1606 in logical epoch 1606
[2026-07-26 18:52:24] [data] Shuffling data
[2026-07-26 18:52:24] [data] Done reading 20,000 sentences
[2026-07-26 18:52:24] [data] Done shuffling 20,000 sentences to temp files
[2026-07-26 18:52:24] Ep. 1606 : Up. 40000 : Sen. 2,102 : Cost 1.16460693 * 1,543,564 @ 2,871 after 124,145,031 : Time 91.39s : 16890.34 words/s : gNorm 0.1055 : L.r. 1.8974e-04
[2026-07-26 18:52:24] Saving model weights and runtime parameters to /d/Job_Requirements/PracticalProjectsFromDrYe/AIE-F/assignment-submission/class-22/TheinGiKyaw_Assignment7/model.transformer.warmup4000_dropout01.phmy/model.npz
[2026-07-26 18:52:25] Saving Adam parameters
[2026-07-26 18:52:25] [training] Saving training checkpoint to /d/Job_Requirements/PracticalProjectsFromDrYe/AIE-F/assignment-submission/class-22/TheinGiKyaw_Assignment7/model.transformer.warmup4000_dropout01.phmy/model.npz and /d/Job_Requirements/PracticalProjectsFromDrYe/AIE-F/assignment-submission/class-22/TheinGiKyaw_Assignment7/model.transformer.warmup4000_dropout01.phmy/model.npz.optimizer.npz
[2026-07-26 18:52:26] [valid] Ep. 1606 : Up. 40000 : cross-entropy : 3.29605 : stalled 7 times (last best: 2.17222)
[2026-07-26 18:52:27] [valid] Ep. 1606 : Up. 40000 : perplexity : 2.35741 : stalled 7 times (last best: 1.75974)
[2026-07-26 18:52:29] [valid] Ep. 1606 : Up. 40000 : bleu : 74.8022 : stalled 7 times (last best: 76.4125)
[2026-07-26 18:52:33] Seen 20,000 samples
[2026-07-26 18:52:33] Starting data epoch 1607 in logical epoch 1607
[2026-07-26 18:52:33] [data] Shuffling data
[2026-07-26 18:52:33] [data] Done reading 20,000 sentences
[2026-07-26 18:52:33] [data] Done shuffling 20,000 sentences to temp files
[2026-07-26 18:52:37] Seen 20,000 samples
[2026-07-26 18:52:37] Starting data epoch 1608 in logical epoch 1608
[2026-07-26 18:52:37] [data] Shuffling data
[2026-07-26 18:52:37] [data] Done reading 20,000 sentences
[2026-07-26 18:52:37] [data] Done shuffling 20,000 sentences to temp files
[2026-07-26 18:52:41] Seen 20,000 samples
[2026-07-26 18:52:41] Starting data epoch 1609 in logical epoch 1609
[2026-07-26 18:52:41] [data] Shuffling data
[2026-07-26 18:52:41] [data] Done reading 20,000 sentences
[2026-07-26 18:52:41] [data] Done shuffling 20,000 sentences to temp files
[2026-07-26 18:52:45] Seen 20,000 samples
[2026-07-26 18:52:45] Starting data epoch 1610 in logical epoch 1610
[2026-07-26 18:52:45] [data] Shuffling data
[2026-07-26 18:52:45] [data] Done reading 20,000 sentences
[2026-07-26 18:52:45] [data] Done shuffling 20,000 sentences to temp files
[2026-07-26 18:52:50] Seen 20,000 samples
[2026-07-26 18:52:50] Starting data epoch 1611 in logical epoch 1611
[2026-07-26 18:52:50] [data] Shuffling data
[2026-07-26 18:52:50] [data] Done reading 20,000 sentences
[2026-07-26 18:52:50] [data] Done shuffling 20,000 sentences to temp files
[2026-07-26 18:52:54] Seen 20,000 samples
[2026-07-26 18:52:54] Starting data epoch 1612 in logical epoch 1612
[2026-07-26 18:52:54] [data] Shuffling data
[2026-07-26 18:52:54] [data] Done reading 20,000 sentences
[2026-07-26 18:52:54] [data] Done shuffling 20,000 sentences to temp files
[2026-07-26 18:52:59] Seen 20,000 samples
[2026-07-26 18:52:59] Starting data epoch 1613 in logical epoch 1613
[2026-07-26 18:52:59] [data] Shuffling data
[2026-07-26 18:52:59] [data] Done reading 20,000 sentences
[2026-07-26 18:52:59] [data] Done shuffling 20,000 sentences to temp files
[2026-07-26 18:53:03] Seen 20,000 samples
[2026-07-26 18:53:03] Starting data epoch 1614 in logical epoch 1614
[2026-07-26 18:53:03] [data] Shuffling data
[2026-07-26 18:53:03] [data] Done reading 20,000 sentences
[2026-07-26 18:53:03] [data] Done shuffling 20,000 sentences to temp files
[2026-07-26 18:53:08] Seen 20,000 samples
[2026-07-26 18:53:08] Starting data epoch 1615 in logical epoch 1615
[2026-07-26 18:53:08] [data] Shuffling data
[2026-07-26 18:53:08] [data] Done reading 20,000 sentences
[2026-07-26 18:53:08] [data] Done shuffling 20,000 sentences to temp files
[2026-07-26 18:53:12] Seen 20,000 samples
[2026-07-26 18:53:12] Starting data epoch 1616 in logical epoch 1616
[2026-07-26 18:53:12] [data] Shuffling data
[2026-07-26 18:53:12] [data] Done reading 20,000 sentences
[2026-07-26 18:53:12] [data] Done shuffling 20,000 sentences to temp files
[2026-07-26 18:53:17] Seen 20,000 samples
[2026-07-26 18:53:17] Starting data epoch 1617 in logical epoch 1617
[2026-07-26 18:53:17] [data] Shuffling data
[2026-07-26 18:53:17] [data] Done reading 20,000 sentences
[2026-07-26 18:53:17] [data] Done shuffling 20,000 sentences to temp files
[2026-07-26 18:53:22] Seen 20,000 samples
[2026-07-26 18:53:22] Starting data epoch 1618 in logical epoch 1618
[2026-07-26 18:53:22] [data] Shuffling data
[2026-07-26 18:53:22] [data] Done reading 20,000 sentences
[2026-07-26 18:53:22] [data] Done shuffling 20,000 sentences to temp files
[2026-07-26 18:53:26] Seen 20,000 samples
[2026-07-26 18:53:26] Starting data epoch 1619 in logical epoch 1619
[2026-07-26 18:53:26] [data] Shuffling data
[2026-07-26 18:53:26] [data] Done reading 20,000 sentences
[2026-07-26 18:53:26] [data] Done shuffling 20,000 sentences to temp files
[2026-07-26 18:53:31] Seen 20,000 samples
[2026-07-26 18:53:31] Starting data epoch 1620 in logical epoch 1620
[2026-07-26 18:53:31] [data] Shuffling data
[2026-07-26 18:53:31] [data] Done reading 20,000 sentences
[2026-07-26 18:53:31] [data] Done shuffling 20,000 sentences to temp files
[2026-07-26 18:53:36] Seen 20,000 samples
[2026-07-26 18:53:36] Starting data epoch 1621 in logical epoch 1621
[2026-07-26 18:53:36] [data] Shuffling data
[2026-07-26 18:53:36] [data] Done reading 20,000 sentences
[2026-07-26 18:53:36] [data] Done shuffling 20,000 sentences to temp files
[2026-07-26 18:53:41] Seen 20,000 samples
[2026-07-26 18:53:41] Starting data epoch 1622 in logical epoch 1622
[2026-07-26 18:53:41] [data] Shuffling data
[2026-07-26 18:53:41] [data] Done reading 20,000 sentences
[2026-07-26 18:53:41] [data] Done shuffling 20,000 sentences to temp files
[2026-07-26 18:53:45] Seen 20,000 samples
[2026-07-26 18:53:45] Starting data epoch 1623 in logical epoch 1623
[2026-07-26 18:53:45] [data] Shuffling data
[2026-07-26 18:53:45] [data] Done reading 20,000 sentences
[2026-07-26 18:53:45] [data] Done shuffling 20,000 sentences to temp files
[2026-07-26 18:53:49] Seen 20,000 samples
[2026-07-26 18:53:49] Starting data epoch 1624 in logical epoch 1624
[2026-07-26 18:53:49] [data] Shuffling data
[2026-07-26 18:53:49] [data] Done reading 20,000 sentences
[2026-07-26 18:53:49] [data] Done shuffling 20,000 sentences to temp files
[2026-07-26 18:53:54] Seen 20,000 samples
[2026-07-26 18:53:54] Starting data epoch 1625 in logical epoch 1625
[2026-07-26 18:53:54] [data] Shuffling data
[2026-07-26 18:53:54] [data] Done reading 20,000 sentences
[2026-07-26 18:53:54] [data] Done shuffling 20,000 sentences to temp files
[2026-07-26 18:53:58] Seen 20,000 samples
[2026-07-26 18:53:58] Starting data epoch 1626 in logical epoch 1626
[2026-07-26 18:53:58] [data] Shuffling data
[2026-07-26 18:53:58] [data] Done reading 20,000 sentences
[2026-07-26 18:53:58] [data] Done shuffling 20,000 sentences to temp files
[2026-07-26 18:53:59] Ep. 1626 : Up. 40500 : Sen. 1,427 : Cost 1.16477549 * 1,548,279 @ 4,785 after 125,693,310 : Time 94.72s : 16345.67 words/s : gNorm 0.1207 : L.r. 1.8856e-04
[2026-07-26 18:54:03] Seen 20,000 samples
[2026-07-26 18:54:03] Starting data epoch 1627 in logical epoch 1627
[2026-07-26 18:54:03] [data] Shuffling data
[2026-07-26 18:54:03] [data] Done reading 20,000 sentences
[2026-07-26 18:54:03] [data] Done shuffling 20,000 sentences to temp files
[2026-07-26 18:54:08] Seen 20,000 samples
[2026-07-26 18:54:08] Starting data epoch 1628 in logical epoch 1628
[2026-07-26 18:54:08] [data] Shuffling data
[2026-07-26 18:54:08] [data] Done reading 20,000 sentences
[2026-07-26 18:54:08] [data] Done shuffling 20,000 sentences to temp files
[2026-07-26 18:54:13] Seen 20,000 samples
[2026-07-26 18:54:13] Starting data epoch 1629 in logical epoch 1629
[2026-07-26 18:54:13] [data] Shuffling data
[2026-07-26 18:54:13] [data] Done reading 20,000 sentences
[2026-07-26 18:54:13] [data] Done shuffling 20,000 sentences to temp files
[2026-07-26 18:54:17] Seen 20,000 samples
[2026-07-26 18:54:17] Starting data epoch 1630 in logical epoch 1630
[2026-07-26 18:54:17] [data] Shuffling data
[2026-07-26 18:54:17] [data] Done reading 20,000 sentences
[2026-07-26 18:54:17] [data] Done shuffling 20,000 sentences to temp files
[2026-07-26 18:54:22] Seen 20,000 samples
[2026-07-26 18:54:22] Starting data epoch 1631 in logical epoch 1631
[2026-07-26 18:54:22] [data] Shuffling data
[2026-07-26 18:54:22] [data] Done reading 20,000 sentences
[2026-07-26 18:54:22] [data] Done shuffling 20,000 sentences to temp files
[2026-07-26 18:54:26] Seen 20,000 samples
[2026-07-26 18:54:26] Starting data epoch 1632 in logical epoch 1632
[2026-07-26 18:54:26] [data] Shuffling data
[2026-07-26 18:54:26] [data] Done reading 20,000 sentences
[2026-07-26 18:54:26] [data] Done shuffling 20,000 sentences to temp files
[2026-07-26 18:54:31] Seen 20,000 samples
[2026-07-26 18:54:31] Starting data epoch 1633 in logical epoch 1633
[2026-07-26 18:54:31] [data] Shuffling data
[2026-07-26 18:54:31] [data] Done reading 20,000 sentences
[2026-07-26 18:54:31] [data] Done shuffling 20,000 sentences to temp files
[2026-07-26 18:54:36] Seen 20,000 samples
[2026-07-26 18:54:36] Starting data epoch 1634 in logical epoch 1634
[2026-07-26 18:54:36] [data] Shuffling data
[2026-07-26 18:54:36] [data] Done reading 20,000 sentences
[2026-07-26 18:54:36] [data] Done shuffling 20,000 sentences to temp files
[2026-07-26 18:54:41] Seen 20,000 samples
[2026-07-26 18:54:41] Starting data epoch 1635 in logical epoch 1635
[2026-07-26 18:54:41] [data] Shuffling data
[2026-07-26 18:54:41] [data] Done reading 20,000 sentences
[2026-07-26 18:54:41] [data] Done shuffling 20,000 sentences to temp files
[2026-07-26 18:54:46] Seen 20,000 samples
[2026-07-26 18:54:46] Starting data epoch 1636 in logical epoch 1636
[2026-07-26 18:54:46] [data] Shuffling data
[2026-07-26 18:54:46] [data] Done reading 20,000 sentences
[2026-07-26 18:54:46] [data] Done shuffling 20,000 sentences to temp files
[2026-07-26 18:54:50] Seen 20,000 samples
[2026-07-26 18:54:50] Starting data epoch 1637 in logical epoch 1637
[2026-07-26 18:54:50] [data] Shuffling data
[2026-07-26 18:54:50] [data] Done reading 20,000 sentences
[2026-07-26 18:54:50] [data] Done shuffling 20,000 sentences to temp files
[2026-07-26 18:54:55] Seen 20,000 samples
[2026-07-26 18:54:55] Starting data epoch 1638 in logical epoch 1638
[2026-07-26 18:54:55] [data] Shuffling data
[2026-07-26 18:54:55] [data] Done reading 20,000 sentences
[2026-07-26 18:54:55] [data] Done shuffling 20,000 sentences to temp files
[2026-07-26 18:54:59] Seen 20,000 samples
[2026-07-26 18:54:59] Starting data epoch 1639 in logical epoch 1639
[2026-07-26 18:54:59] [data] Shuffling data
[2026-07-26 18:54:59] [data] Done reading 20,000 sentences
[2026-07-26 18:54:59] [data] Done shuffling 20,000 sentences to temp files
[2026-07-26 18:55:04] Seen 20,000 samples
[2026-07-26 18:55:04] Starting data epoch 1640 in logical epoch 1640
[2026-07-26 18:55:04] [data] Shuffling data
[2026-07-26 18:55:04] [data] Done reading 20,000 sentences
[2026-07-26 18:55:04] [data] Done shuffling 20,000 sentences to temp files
[2026-07-26 18:55:09] Seen 20,000 samples
[2026-07-26 18:55:09] Starting data epoch 1641 in logical epoch 1641
[2026-07-26 18:55:09] [data] Shuffling data
[2026-07-26 18:55:09] [data] Done reading 20,000 sentences
[2026-07-26 18:55:09] [data] Done shuffling 20,000 sentences to temp files
[2026-07-26 18:55:13] Seen 20,000 samples
[2026-07-26 18:55:13] Starting data epoch 1642 in logical epoch 1642
[2026-07-26 18:55:13] [data] Shuffling data
[2026-07-26 18:55:13] [data] Done reading 20,000 sentences
[2026-07-26 18:55:13] [data] Done shuffling 20,000 sentences to temp files
[2026-07-26 18:55:18] Seen 20,000 samples
[2026-07-26 18:55:18] Starting data epoch 1643 in logical epoch 1643
[2026-07-26 18:55:18] [data] Shuffling data
[2026-07-26 18:55:18] [data] Done reading 20,000 sentences
[2026-07-26 18:55:18] [data] Done shuffling 20,000 sentences to temp files
[2026-07-26 18:55:23] Seen 20,000 samples
[2026-07-26 18:55:23] Starting data epoch 1644 in logical epoch 1644
[2026-07-26 18:55:23] [data] Shuffling data
[2026-07-26 18:55:23] [data] Done reading 20,000 sentences
[2026-07-26 18:55:23] [data] Done shuffling 20,000 sentences to temp files
[2026-07-26 18:55:28] Seen 20,000 samples
[2026-07-26 18:55:28] Starting data epoch 1645 in logical epoch 1645
[2026-07-26 18:55:28] [data] Shuffling data
[2026-07-26 18:55:28] [data] Done reading 20,000 sentences
[2026-07-26 18:55:28] [data] Done shuffling 20,000 sentences to temp files
[2026-07-26 18:55:32] Seen 20,000 samples
[2026-07-26 18:55:32] Starting data epoch 1646 in logical epoch 1646
[2026-07-26 18:55:32] [data] Shuffling data
[2026-07-26 18:55:32] [data] Done reading 20,000 sentences
[2026-07-26 18:55:32] [data] Done shuffling 20,000 sentences to temp files
[2026-07-26 18:55:33] Ep. 1646 : Up. 41000 : Sen. 1,145 : Cost 1.16486275 * 1,542,650 @ 564 after 127,235,960 : Time 93.66s : 16470.11 words/s : gNorm 0.0840 : L.r. 1.8741e-04
[2026-07-26 18:55:37] Seen 20,000 samples
[2026-07-26 18:55:37] Starting data epoch 1647 in logical epoch 1647
[2026-07-26 18:55:37] [data] Shuffling data
[2026-07-26 18:55:37] [data] Done reading 20,000 sentences
[2026-07-26 18:55:37] [data] Done shuffling 20,000 sentences to temp files
[2026-07-26 18:55:42] Seen 20,000 samples
[2026-07-26 18:55:42] Starting data epoch 1648 in logical epoch 1648
[2026-07-26 18:55:42] [data] Shuffling data
[2026-07-26 18:55:42] [data] Done reading 20,000 sentences
[2026-07-26 18:55:42] [data] Done shuffling 20,000 sentences to temp files
[2026-07-26 18:55:47] Seen 20,000 samples
[2026-07-26 18:55:47] Starting data epoch 1649 in logical epoch 1649
[2026-07-26 18:55:47] [data] Shuffling data
[2026-07-26 18:55:47] [data] Done reading 20,000 sentences
[2026-07-26 18:55:47] [data] Done shuffling 20,000 sentences to temp files
[2026-07-26 18:55:51] Seen 20,000 samples
[2026-07-26 18:55:51] Starting data epoch 1650 in logical epoch 1650
[2026-07-26 18:55:51] [data] Shuffling data
[2026-07-26 18:55:51] [data] Done reading 20,000 sentences
[2026-07-26 18:55:51] [data] Done shuffling 20,000 sentences to temp files
[2026-07-26 18:55:57] Seen 20,000 samples
[2026-07-26 18:55:57] Starting data epoch 1651 in logical epoch 1651
[2026-07-26 18:55:57] [data] Shuffling data
[2026-07-26 18:55:57] [data] Done reading 20,000 sentences
[2026-07-26 18:55:57] [data] Done shuffling 20,000 sentences to temp files
[2026-07-26 18:56:01] Seen 20,000 samples
[2026-07-26 18:56:01] Starting data epoch 1652 in logical epoch 1652
[2026-07-26 18:56:01] [data] Shuffling data
[2026-07-26 18:56:01] [data] Done reading 20,000 sentences
[2026-07-26 18:56:01] [data] Done shuffling 20,000 sentences to temp files
[2026-07-26 18:56:05] Seen 20,000 samples
[2026-07-26 18:56:05] Starting data epoch 1653 in logical epoch 1653
[2026-07-26 18:56:05] [data] Shuffling data
[2026-07-26 18:56:05] [data] Done reading 20,000 sentences
[2026-07-26 18:56:05] [data] Done shuffling 20,000 sentences to temp files
[2026-07-26 18:56:10] Seen 20,000 samples
[2026-07-26 18:56:10] Starting data epoch 1654 in logical epoch 1654
[2026-07-26 18:56:10] [data] Shuffling data
[2026-07-26 18:56:10] [data] Done reading 20,000 sentences
[2026-07-26 18:56:10] [data] Done shuffling 20,000 sentences to temp files
[2026-07-26 18:56:14] Seen 20,000 samples
[2026-07-26 18:56:14] Starting data epoch 1655 in logical epoch 1655
[2026-07-26 18:56:14] [data] Shuffling data
[2026-07-26 18:56:14] [data] Done reading 20,000 sentences
[2026-07-26 18:56:14] [data] Done shuffling 20,000 sentences to temp files
[2026-07-26 18:56:19] Seen 20,000 samples
[2026-07-26 18:56:19] Starting data epoch 1656 in logical epoch 1656
[2026-07-26 18:56:19] [data] Shuffling data
[2026-07-26 18:56:19] [data] Done reading 20,000 sentences
[2026-07-26 18:56:19] [data] Done shuffling 20,000 sentences to temp files
[2026-07-26 18:56:24] Seen 20,000 samples
[2026-07-26 18:56:24] Starting data epoch 1657 in logical epoch 1657
[2026-07-26 18:56:24] [data] Shuffling data
[2026-07-26 18:56:24] [data] Done reading 20,000 sentences
[2026-07-26 18:56:24] [data] Done shuffling 20,000 sentences to temp files
[2026-07-26 18:56:29] Seen 20,000 samples
[2026-07-26 18:56:29] Starting data epoch 1658 in logical epoch 1658
[2026-07-26 18:56:29] [data] Shuffling data
[2026-07-26 18:56:29] [data] Done reading 20,000 sentences
[2026-07-26 18:56:29] [data] Done shuffling 20,000 sentences to temp files
[2026-07-26 18:56:34] Seen 20,000 samples
[2026-07-26 18:56:34] Starting data epoch 1659 in logical epoch 1659
[2026-07-26 18:56:34] [data] Shuffling data
[2026-07-26 18:56:34] [data] Done reading 20,000 sentences
[2026-07-26 18:56:34] [data] Done shuffling 20,000 sentences to temp files
[2026-07-26 18:56:38] Seen 20,000 samples
[2026-07-26 18:56:38] Starting data epoch 1660 in logical epoch 1660
[2026-07-26 18:56:38] [data] Shuffling data
[2026-07-26 18:56:38] [data] Done reading 20,000 sentences
[2026-07-26 18:56:38] [data] Done shuffling 20,000 sentences to temp files
[2026-07-26 18:56:43] Seen 20,000 samples
[2026-07-26 18:56:43] Starting data epoch 1661 in logical epoch 1661
[2026-07-26 18:56:43] [data] Shuffling data
[2026-07-26 18:56:43] [data] Done reading 20,000 sentences
[2026-07-26 18:56:43] [data] Done shuffling 20,000 sentences to temp files
[2026-07-26 18:56:48] Seen 20,000 samples
[2026-07-26 18:56:48] Starting data epoch 1662 in logical epoch 1662
[2026-07-26 18:56:48] [data] Shuffling data
[2026-07-26 18:56:48] [data] Done reading 20,000 sentences
[2026-07-26 18:56:48] [data] Done shuffling 20,000 sentences to temp files
[2026-07-26 18:56:53] Seen 20,000 samples
[2026-07-26 18:56:53] Starting data epoch 1663 in logical epoch 1663
[2026-07-26 18:56:53] [data] Shuffling data
[2026-07-26 18:56:53] [data] Done reading 20,000 sentences
[2026-07-26 18:56:53] [data] Done shuffling 20,000 sentences to temp files
[2026-07-26 18:56:58] Seen 20,000 samples
[2026-07-26 18:56:58] Starting data epoch 1664 in logical epoch 1664
[2026-07-26 18:56:58] [data] Shuffling data
[2026-07-26 18:56:58] [data] Done reading 20,000 sentences
[2026-07-26 18:56:58] [data] Done shuffling 20,000 sentences to temp files
[2026-07-26 18:57:02] Seen 20,000 samples
[2026-07-26 18:57:02] Starting data epoch 1665 in logical epoch 1665
[2026-07-26 18:57:02] [data] Shuffling data
[2026-07-26 18:57:02] [data] Done reading 20,000 sentences
[2026-07-26 18:57:02] [data] Done shuffling 20,000 sentences to temp files
[2026-07-26 18:57:07] Seen 20,000 samples
[2026-07-26 18:57:07] Starting data epoch 1666 in logical epoch 1666
[2026-07-26 18:57:07] [data] Shuffling data
[2026-07-26 18:57:07] [data] Done reading 20,000 sentences
[2026-07-26 18:57:07] [data] Done shuffling 20,000 sentences to temp files
[2026-07-26 18:57:08] Ep. 1666 : Up. 41500 : Sen. 3,341 : Cost 1.16443825 * 1,556,115 @ 2,868 after 128,792,075 : Time 95.49s : 16295.93 words/s : gNorm 0.0574 : L.r. 1.8628e-04
[2026-07-26 18:57:12] Seen 20,000 samples
[2026-07-26 18:57:12] Starting data epoch 1667 in logical epoch 1667
[2026-07-26 18:57:12] [data] Shuffling data
[2026-07-26 18:57:12] [data] Done reading 20,000 sentences
[2026-07-26 18:57:12] [data] Done shuffling 20,000 sentences to temp files
[2026-07-26 18:57:17] Seen 20,000 samples
[2026-07-26 18:57:17] Starting data epoch 1668 in logical epoch 1668
[2026-07-26 18:57:17] [data] Shuffling data
[2026-07-26 18:57:17] [data] Done reading 20,000 sentences
[2026-07-26 18:57:17] [data] Done shuffling 20,000 sentences to temp files
[2026-07-26 18:57:22] Seen 20,000 samples
[2026-07-26 18:57:22] Starting data epoch 1669 in logical epoch 1669
[2026-07-26 18:57:22] [data] Shuffling data
[2026-07-26 18:57:22] [data] Done reading 20,000 sentences
[2026-07-26 18:57:22] [data] Done shuffling 20,000 sentences to temp files
[2026-07-26 18:57:27] Seen 20,000 samples
[2026-07-26 18:57:27] Starting data epoch 1670 in logical epoch 1670
[2026-07-26 18:57:27] [data] Shuffling data
[2026-07-26 18:57:27] [data] Done reading 20,000 sentences
[2026-07-26 18:57:27] [data] Done shuffling 20,000 sentences to temp files
[2026-07-26 18:57:32] Seen 20,000 samples
[2026-07-26 18:57:32] Starting data epoch 1671 in logical epoch 1671
[2026-07-26 18:57:32] [data] Shuffling data
[2026-07-26 18:57:32] [data] Done reading 20,000 sentences
[2026-07-26 18:57:32] [data] Done shuffling 20,000 sentences to temp files
[2026-07-26 18:57:36] Seen 20,000 samples
[2026-07-26 18:57:36] Starting data epoch 1672 in logical epoch 1672
[2026-07-26 18:57:36] [data] Shuffling data
[2026-07-26 18:57:36] [data] Done reading 20,000 sentences
[2026-07-26 18:57:36] [data] Done shuffling 20,000 sentences to temp files
[2026-07-26 18:57:41] Seen 20,000 samples
[2026-07-26 18:57:41] Starting data epoch 1673 in logical epoch 1673
[2026-07-26 18:57:41] [data] Shuffling data
[2026-07-26 18:57:41] [data] Done reading 20,000 sentences
[2026-07-26 18:57:41] [data] Done shuffling 20,000 sentences to temp files
[2026-07-26 18:57:47] Seen 20,000 samples
[2026-07-26 18:57:47] Starting data epoch 1674 in logical epoch 1674
[2026-07-26 18:57:47] [data] Shuffling data
[2026-07-26 18:57:47] [data] Done reading 20,000 sentences
[2026-07-26 18:57:47] [data] Done shuffling 20,000 sentences to temp files
[2026-07-26 18:57:52] Seen 20,000 samples
[2026-07-26 18:57:52] Starting data epoch 1675 in logical epoch 1675
[2026-07-26 18:57:52] [data] Shuffling data
[2026-07-26 18:57:52] [data] Done reading 20,000 sentences
[2026-07-26 18:57:52] [data] Done shuffling 20,000 sentences to temp files
[2026-07-26 18:57:57] Seen 20,000 samples
[2026-07-26 18:57:57] Starting data epoch 1676 in logical epoch 1676
[2026-07-26 18:57:57] [data] Shuffling data
[2026-07-26 18:57:57] [data] Done reading 20,000 sentences
[2026-07-26 18:57:57] [data] Done shuffling 20,000 sentences to temp files
[2026-07-26 18:58:02] Seen 20,000 samples
[2026-07-26 18:58:02] Starting data epoch 1677 in logical epoch 1677
[2026-07-26 18:58:02] [data] Shuffling data
[2026-07-26 18:58:02] [data] Done reading 20,000 sentences
[2026-07-26 18:58:02] [data] Done shuffling 20,000 sentences to temp files
[2026-07-26 18:58:07] Seen 20,000 samples
[2026-07-26 18:58:07] Starting data epoch 1678 in logical epoch 1678
[2026-07-26 18:58:07] [data] Shuffling data
[2026-07-26 18:58:07] [data] Done reading 20,000 sentences
[2026-07-26 18:58:07] [data] Done shuffling 20,000 sentences to temp files
[2026-07-26 18:58:11] Seen 20,000 samples
[2026-07-26 18:58:11] Starting data epoch 1679 in logical epoch 1679
[2026-07-26 18:58:11] [data] Shuffling data
[2026-07-26 18:58:11] [data] Done reading 20,000 sentences
[2026-07-26 18:58:11] [data] Done shuffling 20,000 sentences to temp files
[2026-07-26 18:58:16] Seen 20,000 samples
[2026-07-26 18:58:16] Starting data epoch 1680 in logical epoch 1680
[2026-07-26 18:58:16] [data] Shuffling data
[2026-07-26 18:58:16] [data] Done reading 20,000 sentences
[2026-07-26 18:58:16] [data] Done shuffling 20,000 sentences to temp files
[2026-07-26 18:58:21] Seen 20,000 samples
[2026-07-26 18:58:21] Starting data epoch 1681 in logical epoch 1681
[2026-07-26 18:58:21] [data] Shuffling data
[2026-07-26 18:58:21] [data] Done reading 20,000 sentences
[2026-07-26 18:58:21] [data] Done shuffling 20,000 sentences to temp files
[2026-07-26 18:58:26] Seen 20,000 samples
[2026-07-26 18:58:26] Starting data epoch 1682 in logical epoch 1682
[2026-07-26 18:58:26] [data] Shuffling data
[2026-07-26 18:58:26] [data] Done reading 20,000 sentences
[2026-07-26 18:58:26] [data] Done shuffling 20,000 sentences to temp files
[2026-07-26 18:58:30] Seen 20,000 samples
[2026-07-26 18:58:30] Starting data epoch 1683 in logical epoch 1683
[2026-07-26 18:58:30] [data] Shuffling data
[2026-07-26 18:58:30] [data] Done reading 20,000 sentences
[2026-07-26 18:58:30] [data] Done shuffling 20,000 sentences to temp files
[2026-07-26 18:58:35] Seen 20,000 samples
[2026-07-26 18:58:35] Starting data epoch 1684 in logical epoch 1684
[2026-07-26 18:58:35] [data] Shuffling data
[2026-07-26 18:58:35] [data] Done reading 20,000 sentences
[2026-07-26 18:58:35] [data] Done shuffling 20,000 sentences to temp files
[2026-07-26 18:58:39] Seen 20,000 samples
[2026-07-26 18:58:39] Starting data epoch 1685 in logical epoch 1685
[2026-07-26 18:58:39] [data] Shuffling data
[2026-07-26 18:58:39] [data] Done reading 20,000 sentences
[2026-07-26 18:58:39] [data] Done shuffling 20,000 sentences to temp files
[2026-07-26 18:58:43] Seen 20,000 samples
[2026-07-26 18:58:43] Starting data epoch 1686 in logical epoch 1686
[2026-07-26 18:58:43] [data] Shuffling data
[2026-07-26 18:58:43] [data] Done reading 20,000 sentences
[2026-07-26 18:58:43] [data] Done shuffling 20,000 sentences to temp files
[2026-07-26 18:58:44] Ep. 1686 : Up. 42000 : Sen. 4,486 : Cost 1.16450512 * 1,551,457 @ 3,101 after 130,343,532 : Time 95.91s : 16176.74 words/s : gNorm 0.1362 : L.r. 1.8516e-04
[2026-07-26 18:58:48] Seen 20,000 samples
[2026-07-26 18:58:48] Starting data epoch 1687 in logical epoch 1687
[2026-07-26 18:58:48] [data] Shuffling data
[2026-07-26 18:58:48] [data] Done reading 20,000 sentences
[2026-07-26 18:58:48] [data] Done shuffling 20,000 sentences to temp files
[2026-07-26 18:58:52] Seen 20,000 samples
[2026-07-26 18:58:52] Starting data epoch 1688 in logical epoch 1688
[2026-07-26 18:58:52] [data] Shuffling data
[2026-07-26 18:58:52] [data] Done reading 20,000 sentences
[2026-07-26 18:58:52] [data] Done shuffling 20,000 sentences to temp files
[2026-07-26 18:58:57] Seen 20,000 samples
[2026-07-26 18:58:57] Starting data epoch 1689 in logical epoch 1689
[2026-07-26 18:58:57] [data] Shuffling data
[2026-07-26 18:58:57] [data] Done reading 20,000 sentences
[2026-07-26 18:58:57] [data] Done shuffling 20,000 sentences to temp files
[2026-07-26 18:59:01] Seen 20,000 samples
[2026-07-26 18:59:01] Starting data epoch 1690 in logical epoch 1690
[2026-07-26 18:59:01] [data] Shuffling data
[2026-07-26 18:59:01] [data] Done reading 20,000 sentences
[2026-07-26 18:59:01] [data] Done shuffling 20,000 sentences to temp files
[2026-07-26 18:59:06] Seen 20,000 samples
[2026-07-26 18:59:06] Starting data epoch 1691 in logical epoch 1691
[2026-07-26 18:59:06] [data] Shuffling data
[2026-07-26 18:59:06] [data] Done reading 20,000 sentences
[2026-07-26 18:59:06] [data] Done shuffling 20,000 sentences to temp files
[2026-07-26 18:59:10] Seen 20,000 samples
[2026-07-26 18:59:10] Starting data epoch 1692 in logical epoch 1692
[2026-07-26 18:59:10] [data] Shuffling data
[2026-07-26 18:59:10] [data] Done reading 20,000 sentences
[2026-07-26 18:59:10] [data] Done shuffling 20,000 sentences to temp files
[2026-07-26 18:59:15] Seen 20,000 samples
[2026-07-26 18:59:15] Starting data epoch 1693 in logical epoch 1693
[2026-07-26 18:59:15] [data] Shuffling data
[2026-07-26 18:59:15] [data] Done reading 20,000 sentences
[2026-07-26 18:59:15] [data] Done shuffling 20,000 sentences to temp files
[2026-07-26 18:59:20] Seen 20,000 samples
[2026-07-26 18:59:20] Starting data epoch 1694 in logical epoch 1694
[2026-07-26 18:59:20] [data] Shuffling data
[2026-07-26 18:59:20] [data] Done reading 20,000 sentences
[2026-07-26 18:59:20] [data] Done shuffling 20,000 sentences to temp files
[2026-07-26 18:59:25] Seen 20,000 samples
[2026-07-26 18:59:25] Starting data epoch 1695 in logical epoch 1695
[2026-07-26 18:59:25] [data] Shuffling data
[2026-07-26 18:59:25] [data] Done reading 20,000 sentences
[2026-07-26 18:59:25] [data] Done shuffling 20,000 sentences to temp files
[2026-07-26 18:59:29] Seen 20,000 samples
[2026-07-26 18:59:29] Starting data epoch 1696 in logical epoch 1696
[2026-07-26 18:59:29] [data] Shuffling data
[2026-07-26 18:59:30] [data] Done reading 20,000 sentences
[2026-07-26 18:59:30] [data] Done shuffling 20,000 sentences to temp files
[2026-07-26 18:59:35] Seen 20,000 samples
[2026-07-26 18:59:35] Starting data epoch 1697 in logical epoch 1697
[2026-07-26 18:59:35] [data] Shuffling data
[2026-07-26 18:59:35] [data] Done reading 20,000 sentences
[2026-07-26 18:59:35] [data] Done shuffling 20,000 sentences to temp files
[2026-07-26 18:59:39] Seen 20,000 samples
[2026-07-26 18:59:39] Starting data epoch 1698 in logical epoch 1698
[2026-07-26 18:59:39] [data] Shuffling data
[2026-07-26 18:59:39] [data] Done reading 20,000 sentences
[2026-07-26 18:59:39] [data] Done shuffling 20,000 sentences to temp files
[2026-07-26 18:59:45] Seen 20,000 samples
[2026-07-26 18:59:45] Starting data epoch 1699 in logical epoch 1699
[2026-07-26 18:59:45] [data] Shuffling data
[2026-07-26 18:59:45] [data] Done reading 20,000 sentences
[2026-07-26 18:59:45] [data] Done shuffling 20,000 sentences to temp files
[2026-07-26 18:59:49] Seen 20,000 samples
[2026-07-26 18:59:49] Starting data epoch 1700 in logical epoch 1700
[2026-07-26 18:59:49] [data] Shuffling data
[2026-07-26 18:59:49] [data] Done reading 20,000 sentences
[2026-07-26 18:59:49] [data] Done shuffling 20,000 sentences to temp files
[2026-07-26 18:59:54] Seen 20,000 samples
[2026-07-26 18:59:54] Starting data epoch 1701 in logical epoch 1701
[2026-07-26 18:59:54] [data] Shuffling data
[2026-07-26 18:59:54] [data] Done reading 20,000 sentences
[2026-07-26 18:59:54] [data] Done shuffling 20,000 sentences to temp files
[2026-07-26 18:59:59] Seen 20,000 samples
[2026-07-26 18:59:59] Starting data epoch 1702 in logical epoch 1702
[2026-07-26 18:59:59] [data] Shuffling data
[2026-07-26 19:00:00] [data] Done reading 20,000 sentences
[2026-07-26 19:00:00] [data] Done shuffling 20,000 sentences to temp files
[2026-07-26 19:00:05] Seen 20,000 samples
[2026-07-26 19:00:05] Starting data epoch 1703 in logical epoch 1703
[2026-07-26 19:00:05] [data] Shuffling data
[2026-07-26 19:00:05] [data] Done reading 20,000 sentences
[2026-07-26 19:00:05] [data] Done shuffling 20,000 sentences to temp files
[2026-07-26 19:00:10] Seen 20,000 samples
[2026-07-26 19:00:10] Starting data epoch 1704 in logical epoch 1704
[2026-07-26 19:00:10] [data] Shuffling data
[2026-07-26 19:00:10] [data] Done reading 20,000 sentences
[2026-07-26 19:00:10] [data] Done shuffling 20,000 sentences to temp files
[2026-07-26 19:00:14] Seen 20,000 samples
[2026-07-26 19:00:14] Starting data epoch 1705 in logical epoch 1705
[2026-07-26 19:00:14] [data] Shuffling data
[2026-07-26 19:00:14] [data] Done reading 20,000 sentences
[2026-07-26 19:00:14] [data] Done shuffling 20,000 sentences to temp files
[2026-07-26 19:00:19] Seen 20,000 samples
[2026-07-26 19:00:19] Starting data epoch 1706 in logical epoch 1706
[2026-07-26 19:00:19] [data] Shuffling data
[2026-07-26 19:00:19] [data] Done reading 20,000 sentences
[2026-07-26 19:00:19] [data] Done shuffling 20,000 sentences to temp files
[2026-07-26 19:00:22] Ep. 1706 : Up. 42500 : Sen. 8,314 : Cost 1.16433525 * 1,564,019 @ 5,248 after 131,907,551 : Time 97.60s : 16025.08 words/s : gNorm 0.0806 : L.r. 1.8407e-04
[2026-07-26 19:00:24] Seen 20,000 samples
[2026-07-26 19:00:24] Starting data epoch 1707 in logical epoch 1707
[2026-07-26 19:00:24] [data] Shuffling data
[2026-07-26 19:00:24] [data] Done reading 20,000 sentences
[2026-07-26 19:00:24] [data] Done shuffling 20,000 sentences to temp files
[2026-07-26 19:00:28] Seen 20,000 samples
[2026-07-26 19:00:28] Starting data epoch 1708 in logical epoch 1708
[2026-07-26 19:00:28] [data] Shuffling data
[2026-07-26 19:00:28] [data] Done reading 20,000 sentences
[2026-07-26 19:00:28] [data] Done shuffling 20,000 sentences to temp files
[2026-07-26 19:00:33] Seen 20,000 samples
[2026-07-26 19:00:33] Starting data epoch 1709 in logical epoch 1709
[2026-07-26 19:00:33] [data] Shuffling data
[2026-07-26 19:00:33] [data] Done reading 20,000 sentences
[2026-07-26 19:00:33] [data] Done shuffling 20,000 sentences to temp files
[2026-07-26 19:00:37] Seen 20,000 samples
[2026-07-26 19:00:37] Starting data epoch 1710 in logical epoch 1710
[2026-07-26 19:00:37] [data] Shuffling data
[2026-07-26 19:00:37] [data] Done reading 20,000 sentences
[2026-07-26 19:00:37] [data] Done shuffling 20,000 sentences to temp files
[2026-07-26 19:00:42] Seen 20,000 samples
[2026-07-26 19:00:42] Starting data epoch 1711 in logical epoch 1711
[2026-07-26 19:00:42] [data] Shuffling data
[2026-07-26 19:00:42] [data] Done reading 20,000 sentences
[2026-07-26 19:00:42] [data] Done shuffling 20,000 sentences to temp files
[2026-07-26 19:00:46] Seen 20,000 samples
[2026-07-26 19:00:46] Starting data epoch 1712 in logical epoch 1712
[2026-07-26 19:00:46] [data] Shuffling data
[2026-07-26 19:00:46] [data] Done reading 20,000 sentences
[2026-07-26 19:00:46] [data] Done shuffling 20,000 sentences to temp files
[2026-07-26 19:00:51] Seen 20,000 samples
[2026-07-26 19:00:51] Starting data epoch 1713 in logical epoch 1713
[2026-07-26 19:00:51] [data] Shuffling data
[2026-07-26 19:00:51] [data] Done reading 20,000 sentences
[2026-07-26 19:00:51] [data] Done shuffling 20,000 sentences to temp files
[2026-07-26 19:00:55] Seen 20,000 samples
[2026-07-26 19:00:55] Starting data epoch 1714 in logical epoch 1714
[2026-07-26 19:00:55] [data] Shuffling data
[2026-07-26 19:00:55] [data] Done reading 20,000 sentences
[2026-07-26 19:00:55] [data] Done shuffling 20,000 sentences to temp files
[2026-07-26 19:01:00] Seen 20,000 samples
[2026-07-26 19:01:00] Starting data epoch 1715 in logical epoch 1715
[2026-07-26 19:01:00] [data] Shuffling data
[2026-07-26 19:01:00] [data] Done reading 20,000 sentences
[2026-07-26 19:01:00] [data] Done shuffling 20,000 sentences to temp files
[2026-07-26 19:01:04] Seen 20,000 samples
[2026-07-26 19:01:04] Starting data epoch 1716 in logical epoch 1716
[2026-07-26 19:01:04] [data] Shuffling data
[2026-07-26 19:01:04] [data] Done reading 20,000 sentences
[2026-07-26 19:01:04] [data] Done shuffling 20,000 sentences to temp files
[2026-07-26 19:01:09] Seen 20,000 samples
[2026-07-26 19:01:09] Starting data epoch 1717 in logical epoch 1717
[2026-07-26 19:01:09] [data] Shuffling data
[2026-07-26 19:01:09] [data] Done reading 20,000 sentences
[2026-07-26 19:01:09] [data] Done shuffling 20,000 sentences to temp files
[2026-07-26 19:01:14] Seen 20,000 samples
[2026-07-26 19:01:14] Starting data epoch 1718 in logical epoch 1718
[2026-07-26 19:01:14] [data] Shuffling data
[2026-07-26 19:01:14] [data] Done reading 20,000 sentences
[2026-07-26 19:01:14] [data] Done shuffling 20,000 sentences to temp files
[2026-07-26 19:01:20] Seen 20,000 samples
[2026-07-26 19:01:20] Starting data epoch 1719 in logical epoch 1719
[2026-07-26 19:01:20] [data] Shuffling data
[2026-07-26 19:01:20] [data] Done reading 20,000 sentences
[2026-07-26 19:01:20] [data] Done shuffling 20,000 sentences to temp files
[2026-07-26 19:01:25] Seen 20,000 samples
[2026-07-26 19:01:25] Starting data epoch 1720 in logical epoch 1720
[2026-07-26 19:01:25] [data] Shuffling data
[2026-07-26 19:01:25] [data] Done reading 20,000 sentences
[2026-07-26 19:01:25] [data] Done shuffling 20,000 sentences to temp files
[2026-07-26 19:01:31] Seen 20,000 samples
[2026-07-26 19:01:31] Starting data epoch 1721 in logical epoch 1721
[2026-07-26 19:01:31] [data] Shuffling data
[2026-07-26 19:01:31] [data] Done reading 20,000 sentences
[2026-07-26 19:01:31] [data] Done shuffling 20,000 sentences to temp files
[2026-07-26 19:01:36] Seen 20,000 samples
[2026-07-26 19:01:36] Starting data epoch 1722 in logical epoch 1722
[2026-07-26 19:01:36] [data] Shuffling data
[2026-07-26 19:01:36] [data] Done reading 20,000 sentences
[2026-07-26 19:01:36] [data] Done shuffling 20,000 sentences to temp files
[2026-07-26 19:01:46] Seen 20,000 samples
[2026-07-26 19:01:46] Starting data epoch 1723 in logical epoch 1723
[2026-07-26 19:01:46] [data] Shuffling data
[2026-07-26 19:01:47] [data] Done reading 20,000 sentences
[2026-07-26 19:01:47] [data] Done shuffling 20,000 sentences to temp files
[2026-07-26 19:01:52] Seen 20,000 samples
[2026-07-26 19:01:52] Starting data epoch 1724 in logical epoch 1724
[2026-07-26 19:01:52] [data] Shuffling data
[2026-07-26 19:01:52] [data] Done reading 20,000 sentences
[2026-07-26 19:01:52] [data] Done shuffling 20,000 sentences to temp files
[2026-07-26 19:01:57] Seen 20,000 samples
[2026-07-26 19:01:57] Starting data epoch 1725 in logical epoch 1725
[2026-07-26 19:01:57] [data] Shuffling data
[2026-07-26 19:01:57] [data] Done reading 20,000 sentences
[2026-07-26 19:01:57] [data] Done shuffling 20,000 sentences to temp files
[2026-07-26 19:02:02] Seen 20,000 samples
[2026-07-26 19:02:02] Starting data epoch 1726 in logical epoch 1726
[2026-07-26 19:02:02] [data] Shuffling data
[2026-07-26 19:02:02] [data] Done reading 20,000 sentences
[2026-07-26 19:02:02] [data] Done shuffling 20,000 sentences to temp files
[2026-07-26 19:02:04] Ep. 1726 : Up. 43000 : Sen. 9,459 : Cost 1.16470313 * 1,547,714 @ 3,055 after 133,455,265 : Time 102.78s : 15059.13 words/s : gNorm 0.0898 : L.r. 1.8300e-04
[2026-07-26 19:02:08] Seen 20,000 samples
[2026-07-26 19:02:08] Starting data epoch 1727 in logical epoch 1727
[2026-07-26 19:02:08] [data] Shuffling data
[2026-07-26 19:02:08] [data] Done reading 20,000 sentences
[2026-07-26 19:02:08] [data] Done shuffling 20,000 sentences to temp files
[2026-07-26 19:02:15] Seen 20,000 samples
[2026-07-26 19:02:15] Starting data epoch 1728 in logical epoch 1728
[2026-07-26 19:02:15] [data] Shuffling data
[2026-07-26 19:02:15] [data] Done reading 20,000 sentences
[2026-07-26 19:02:15] [data] Done shuffling 20,000 sentences to temp files
[2026-07-26 19:02:20] Seen 20,000 samples
[2026-07-26 19:02:20] Starting data epoch 1729 in logical epoch 1729
[2026-07-26 19:02:20] [data] Shuffling data
[2026-07-26 19:02:20] [data] Done reading 20,000 sentences
[2026-07-26 19:02:21] [data] Done shuffling 20,000 sentences to temp files
[2026-07-26 19:02:27] Seen 20,000 samples
[2026-07-26 19:02:27] Starting data epoch 1730 in logical epoch 1730
[2026-07-26 19:02:27] [data] Shuffling data
[2026-07-26 19:02:27] [data] Done reading 20,000 sentences
[2026-07-26 19:02:27] [data] Done shuffling 20,000 sentences to temp files
[2026-07-26 19:02:33] Seen 20,000 samples
[2026-07-26 19:02:33] Starting data epoch 1731 in logical epoch 1731
[2026-07-26 19:02:33] [data] Shuffling data
[2026-07-26 19:02:33] [data] Done reading 20,000 sentences
[2026-07-26 19:02:33] [data] Done shuffling 20,000 sentences to temp files
[2026-07-26 19:02:39] Seen 20,000 samples
[2026-07-26 19:02:39] Starting data epoch 1732 in logical epoch 1732
[2026-07-26 19:02:39] [data] Shuffling data
[2026-07-26 19:02:39] [data] Done reading 20,000 sentences
[2026-07-26 19:02:39] [data] Done shuffling 20,000 sentences to temp files
[2026-07-26 19:02:45] Seen 20,000 samples
[2026-07-26 19:02:45] Starting data epoch 1733 in logical epoch 1733
[2026-07-26 19:02:45] [data] Shuffling data
[2026-07-26 19:02:45] [data] Done reading 20,000 sentences
[2026-07-26 19:02:45] [data] Done shuffling 20,000 sentences to temp files
[2026-07-26 19:02:50] Seen 20,000 samples
[2026-07-26 19:02:50] Starting data epoch 1734 in logical epoch 1734
[2026-07-26 19:02:50] [data] Shuffling data
[2026-07-26 19:02:50] [data] Done reading 20,000 sentences
[2026-07-26 19:02:50] [data] Done shuffling 20,000 sentences to temp files
[2026-07-26 19:02:57] Seen 20,000 samples
[2026-07-26 19:02:57] Starting data epoch 1735 in logical epoch 1735
[2026-07-26 19:02:57] [data] Shuffling data
[2026-07-26 19:02:57] [data] Done reading 20,000 sentences
[2026-07-26 19:02:57] [data] Done shuffling 20,000 sentences to temp files
[2026-07-26 19:03:04] Seen 20,000 samples
[2026-07-26 19:03:04] Starting data epoch 1736 in logical epoch 1736
[2026-07-26 19:03:04] [data] Shuffling data
[2026-07-26 19:03:04] [data] Done reading 20,000 sentences
[2026-07-26 19:03:04] [data] Done shuffling 20,000 sentences to temp files
[2026-07-26 19:03:10] Seen 20,000 samples
[2026-07-26 19:03:10] Starting data epoch 1737 in logical epoch 1737
[2026-07-26 19:03:10] [data] Shuffling data
[2026-07-26 19:03:10] [data] Done reading 20,000 sentences
[2026-07-26 19:03:10] [data] Done shuffling 20,000 sentences to temp files
[2026-07-26 19:03:15] Seen 20,000 samples
[2026-07-26 19:03:15] Starting data epoch 1738 in logical epoch 1738
[2026-07-26 19:03:15] [data] Shuffling data
[2026-07-26 19:03:15] [data] Done reading 20,000 sentences
[2026-07-26 19:03:15] [data] Done shuffling 20,000 sentences to temp files
[2026-07-26 19:03:22] Seen 20,000 samples
[2026-07-26 19:03:22] Starting data epoch 1739 in logical epoch 1739
[2026-07-26 19:03:22] [data] Shuffling data
[2026-07-26 19:03:22] [data] Done reading 20,000 sentences
[2026-07-26 19:03:22] [data] Done shuffling 20,000 sentences to temp files
[2026-07-26 19:03:28] Seen 20,000 samples
[2026-07-26 19:03:28] Starting data epoch 1740 in logical epoch 1740
[2026-07-26 19:03:28] [data] Shuffling data
[2026-07-26 19:03:28] [data] Done reading 20,000 sentences
[2026-07-26 19:03:28] [data] Done shuffling 20,000 sentences to temp files
[2026-07-26 19:03:34] Seen 20,000 samples
[2026-07-26 19:03:34] Starting data epoch 1741 in logical epoch 1741
[2026-07-26 19:03:34] [data] Shuffling data
[2026-07-26 19:03:34] [data] Done reading 20,000 sentences
[2026-07-26 19:03:34] [data] Done shuffling 20,000 sentences to temp files
[2026-07-26 19:03:41] Seen 20,000 samples
[2026-07-26 19:03:41] Starting data epoch 1742 in logical epoch 1742
[2026-07-26 19:03:41] [data] Shuffling data
[2026-07-26 19:03:41] [data] Done reading 20,000 sentences
[2026-07-26 19:03:41] [data] Done shuffling 20,000 sentences to temp files
[2026-07-26 19:03:48] Seen 20,000 samples
[2026-07-26 19:03:48] Starting data epoch 1743 in logical epoch 1743
[2026-07-26 19:03:48] [data] Shuffling data
[2026-07-26 19:03:48] [data] Done reading 20,000 sentences
[2026-07-26 19:03:48] [data] Done shuffling 20,000 sentences to temp files
[2026-07-26 19:03:55] Seen 20,000 samples
[2026-07-26 19:03:55] Starting data epoch 1744 in logical epoch 1744
[2026-07-26 19:03:55] [data] Shuffling data
[2026-07-26 19:03:55] [data] Done reading 20,000 sentences
[2026-07-26 19:03:55] [data] Done shuffling 20,000 sentences to temp files
[2026-07-26 19:04:00] Seen 20,000 samples
[2026-07-26 19:04:00] Starting data epoch 1745 in logical epoch 1745
[2026-07-26 19:04:00] [data] Shuffling data
[2026-07-26 19:04:00] [data] Done reading 20,000 sentences
[2026-07-26 19:04:00] [data] Done shuffling 20,000 sentences to temp files
[2026-07-26 19:04:09] Seen 20,000 samples
[2026-07-26 19:04:09] Starting data epoch 1746 in logical epoch 1746
[2026-07-26 19:04:09] [data] Shuffling data
[2026-07-26 19:04:09] [data] Done reading 20,000 sentences
[2026-07-26 19:04:09] [data] Done shuffling 20,000 sentences to temp files
[2026-07-26 19:04:13] Ep. 1746 : Up. 43500 : Sen. 9,929 : Cost 1.16433656 * 1,552,489 @ 4,785 after 135,007,754 : Time 128.19s : 12110.82 words/s : gNorm 0.0954 : L.r. 1.8194e-04
[2026-07-26 19:04:16] Seen 20,000 samples
[2026-07-26 19:04:16] Starting data epoch 1747 in logical epoch 1747
[2026-07-26 19:04:16] [data] Shuffling data
[2026-07-26 19:04:16] [data] Done reading 20,000 sentences
[2026-07-26 19:04:16] [data] Done shuffling 20,000 sentences to temp files
[2026-07-26 19:04:23] Seen 20,000 samples
[2026-07-26 19:04:23] Starting data epoch 1748 in logical epoch 1748
[2026-07-26 19:04:23] [data] Shuffling data
[2026-07-26 19:04:23] [data] Done reading 20,000 sentences
[2026-07-26 19:04:23] [data] Done shuffling 20,000 sentences to temp files
[2026-07-26 19:04:30] Seen 20,000 samples
[2026-07-26 19:04:30] Starting data epoch 1749 in logical epoch 1749
[2026-07-26 19:04:30] [data] Shuffling data
[2026-07-26 19:04:30] [data] Done reading 20,000 sentences
[2026-07-26 19:04:30] [data] Done shuffling 20,000 sentences to temp files
[2026-07-26 19:04:35] Seen 20,000 samples
[2026-07-26 19:04:35] Starting data epoch 1750 in logical epoch 1750
[2026-07-26 19:04:35] [data] Shuffling data
[2026-07-26 19:04:35] [data] Done reading 20,000 sentences
[2026-07-26 19:04:35] [data] Done shuffling 20,000 sentences to temp files
[2026-07-26 19:04:41] Seen 20,000 samples
[2026-07-26 19:04:41] Starting data epoch 1751 in logical epoch 1751
[2026-07-26 19:04:41] [data] Shuffling data
[2026-07-26 19:04:41] [data] Done reading 20,000 sentences
[2026-07-26 19:04:41] [data] Done shuffling 20,000 sentences to temp files
[2026-07-26 19:04:47] Seen 20,000 samples
[2026-07-26 19:04:47] Starting data epoch 1752 in logical epoch 1752
[2026-07-26 19:04:47] [data] Shuffling data
[2026-07-26 19:04:47] [data] Done reading 20,000 sentences
[2026-07-26 19:04:47] [data] Done shuffling 20,000 sentences to temp files
[2026-07-26 19:04:52] Seen 20,000 samples
[2026-07-26 19:04:52] Starting data epoch 1753 in logical epoch 1753
[2026-07-26 19:04:52] [data] Shuffling data
[2026-07-26 19:04:52] [data] Done reading 20,000 sentences
[2026-07-26 19:04:52] [data] Done shuffling 20,000 sentences to temp files
[2026-07-26 19:04:56] Seen 20,000 samples
[2026-07-26 19:04:56] Starting data epoch 1754 in logical epoch 1754
[2026-07-26 19:04:56] [data] Shuffling data
[2026-07-26 19:04:56] [data] Done reading 20,000 sentences
[2026-07-26 19:04:56] [data] Done shuffling 20,000 sentences to temp files
[2026-07-26 19:05:01] Seen 20,000 samples
[2026-07-26 19:05:01] Starting data epoch 1755 in logical epoch 1755
[2026-07-26 19:05:01] [data] Shuffling data
[2026-07-26 19:05:01] [data] Done reading 20,000 sentences
[2026-07-26 19:05:02] [data] Done shuffling 20,000 sentences to temp files
[2026-07-26 19:05:07] Seen 20,000 samples
[2026-07-26 19:05:07] Starting data epoch 1756 in logical epoch 1756
[2026-07-26 19:05:07] [data] Shuffling data
[2026-07-26 19:05:07] [data] Done reading 20,000 sentences
[2026-07-26 19:05:07] [data] Done shuffling 20,000 sentences to temp files
[2026-07-26 19:05:13] Seen 20,000 samples
[2026-07-26 19:05:13] Starting data epoch 1757 in logical epoch 1757
[2026-07-26 19:05:13] [data] Shuffling data
[2026-07-26 19:05:13] [data] Done reading 20,000 sentences
[2026-07-26 19:05:13] [data] Done shuffling 20,000 sentences to temp files
[2026-07-26 19:05:18] Seen 20,000 samples
[2026-07-26 19:05:18] Starting data epoch 1758 in logical epoch 1758
[2026-07-26 19:05:18] [data] Shuffling data
[2026-07-26 19:05:18] [data] Done reading 20,000 sentences
[2026-07-26 19:05:18] [data] Done shuffling 20,000 sentences to temp files
[2026-07-26 19:05:23] Seen 20,000 samples
[2026-07-26 19:05:23] Starting data epoch 1759 in logical epoch 1759
[2026-07-26 19:05:23] [data] Shuffling data
[2026-07-26 19:05:23] [data] Done reading 20,000 sentences
[2026-07-26 19:05:23] [data] Done shuffling 20,000 sentences to temp files
